// Validating benchmarks:
// ***** BenchmarkRunner: Start   *****
// ***** Found 10 benchmark(s) in total *****
// ***** Building 1 exe(s) in Parallel: Start   *****
// start dotnet  restore --nodeReuse:false /p:UseSharedCompilation=false /p:Deterministic=true /p:Optimize=true /p:ArtifactsPath="/home/test/json-energy-bench/JsonBench/bin/Release/net10.0/JsonBench-Energy-1/" /p:OutDir="/home/test/json-energy-bench/JsonBench/bin/Release/net10.0/JsonBench-Energy-1/bin/Release/net10.0/" /p:OutputPath="/home/test/json-energy-bench/JsonBench/bin/Release/net10.0/JsonBench-Energy-1/bin/Release/net10.0/" /p:PublishDir="/home/test/json-energy-bench/JsonBench/bin/Release/net10.0/JsonBench-Energy-1/publish/" in /home/test/json-energy-bench/JsonBench/bin/Release/net10.0/JsonBench-Energy-1
// command took 1.42 sec and exited with 0
// start dotnet  build -c Release --no-restore --nodeReuse:false /p:UseSharedCompilation=false /p:Deterministic=true /p:Optimize=true /p:ArtifactsPath="/home/test/json-energy-bench/JsonBench/bin/Release/net10.0/JsonBench-Energy-1/" /p:OutDir="/home/test/json-energy-bench/JsonBench/bin/Release/net10.0/JsonBench-Energy-1/bin/Release/net10.0/" /p:OutputPath="/home/test/json-energy-bench/JsonBench/bin/Release/net10.0/JsonBench-Energy-1/bin/Release/net10.0/" /p:PublishDir="/home/test/json-energy-bench/JsonBench/bin/Release/net10.0/JsonBench-Energy-1/publish/" --output "/home/test/json-energy-bench/JsonBench/bin/Release/net10.0/JsonBench-Energy-1/bin/Release/net10.0/" in /home/test/json-energy-bench/JsonBench/bin/Release/net10.0/JsonBench-Energy-1
// command took 4.52 sec and exited with 0
// ***** Done, took 00:00:06 (6.01 sec)   *****
// Found 10 benchmarks:
//   SmokeBenchByte.STJRefGen_Deser: Energy(OutlierMode=DontRemove, IterationTime=1s)
//   SmokeBenchByte.STJSrcGen_Deser: Energy(OutlierMode=DontRemove, IterationTime=1s)
//   SmokeBenchByte.Newtonsoft_Deser: Energy(OutlierMode=DontRemove, IterationTime=1s)
//   SmokeBenchByte.SpanJson_Deser: Energy(OutlierMode=DontRemove, IterationTime=1s)
//   SmokeBenchByte.Utf8Json_Deser: Energy(OutlierMode=DontRemove, IterationTime=1s)
//   SmokeBenchByte.STJRefGen_Ser: Energy(OutlierMode=DontRemove, IterationTime=1s)
//   SmokeBenchByte.STJSrcGen_Ser: Energy(OutlierMode=DontRemove, IterationTime=1s)
//   SmokeBenchByte.Newtonsoft_Ser: Energy(OutlierMode=DontRemove, IterationTime=1s)
//   SmokeBenchByte.SpanJson_Ser: Energy(OutlierMode=DontRemove, IterationTime=1s)
//   SmokeBenchByte.Utf8Json_Ser: Energy(OutlierMode=DontRemove, IterationTime=1s)

// **************************
// Benchmark: SmokeBenchByte.STJRefGen_Deser: Energy(OutlierMode=DontRemove, IterationTime=1s)
// *** Execute ***
// Launch: 1 / 1
// Execute: dotnet JsonBench-Energy-1.dll --anonymousPipes 160 161 --benchmarkName JsonBench.Benchmarks.SmokeBenchByte.STJRefGen_Deser --job Energy --benchmarkId 0 in /home/test/json-energy-bench/JsonBench/bin/Release/net10.0/JsonBench-Energy-1/bin/Release/net10.0
// BeforeAnythingElse

// Benchmark Process Environment Information:
// BenchmarkDotNet v0.15.5-develop (2026-05-17)
// Runtime=.NET 10.0.7 (10.0.7, 10.0.726.21808), X64 RyuJIT x86-64-v3
// GC=Concurrent Workstation
// HardwareIntrinsics=AVX2+BMI1+BMI2+F16C+FMA+LZCNT+MOVBE,AVX,SSE3+SSSE3+SSE4.1+SSE4.2+POPCNT,X86Base+SSE+SSE2,AES+PCLMUL VectorSize=256
// Job: Energy(OutlierMode=DontRemove, IterationTime=1s)

OverheadJitting  1: 1 op, 188621.00 ns, 188.6210 us/op
WorkloadJitting  1: 1 op, 266842.00 ns, 266.8420 us/op

OverheadJitting  2: 16 op, 483817.00 ns, 30.2386 us/op
WorkloadJitting  2: 16 op, 838415.00 ns, 52.4009 us/op

WorkloadPilot    1: 16 op, 297585.00 ns, 18.5991 us/op
WorkloadPilot    2: 53776 op, 760356755.00 ns, 14.1393 us/op
WorkloadPilot    3: 70736 op, 718270924.00 ns, 10.1542 us/op
WorkloadPilot    4: 98496 op, 943606634.00 ns, 9.5802 us/op
WorkloadPilot    5: 104384 op, 1260021283.00 ns, 12.0710 us/op
WorkloadPilot    6: 82848 op, 904410091.00 ns, 10.9165 us/op
WorkloadPilot    7: 91616 op, 987981341.00 ns, 10.7839 us/op
WorkloadPilot    8: 92736 op, 982430340.00 ns, 10.5938 us/op
WorkloadPilot    9: 94400 op, 813532139.00 ns, 8.6179 us/op
WorkloadPilot   10: 116048 op, 974992361.00 ns, 8.4016 us/op
WorkloadPilot   11: 119040 op, 943207738.00 ns, 7.9235 us/op
WorkloadPilot   12: 126208 op, 1012409128.00 ns, 8.0218 us/op
WorkloadPilot   13: 124672 op, 1127097794.00 ns, 9.0405 us/op

OverheadWarmup   1: 124672 op, 429526.00 ns, 3.4452 ns/op
OverheadWarmup   2: 124672 op, 437526.00 ns, 3.5094 ns/op
OverheadWarmup   3: 124672 op, 563971.00 ns, 4.5236 ns/op
OverheadWarmup   4: 124672 op, 433656.00 ns, 3.4784 ns/op
OverheadWarmup   5: 124672 op, 440852.00 ns, 3.5361 ns/op
OverheadWarmup   6: 124672 op, 430368.00 ns, 3.4520 ns/op

OverheadActual   1: 124672 op, 426150.00 ns, 3.4182 ns/op
OverheadActual   2: 124672 op, 432194.00 ns, 3.4666 ns/op
OverheadActual   3: 124672 op, 422086.00 ns, 3.3856 ns/op
OverheadActual   4: 124672 op, 419145.00 ns, 3.3620 ns/op
OverheadActual   5: 124672 op, 441309.00 ns, 3.5398 ns/op
OverheadActual   6: 124672 op, 959557.00 ns, 7.6967 ns/op
OverheadActual   7: 124672 op, 431425.00 ns, 3.4605 ns/op
OverheadActual   8: 124672 op, 422116.00 ns, 3.3858 ns/op
OverheadActual   9: 124672 op, 430446.00 ns, 3.4526 ns/op
OverheadActual  10: 124672 op, 440953.00 ns, 3.5369 ns/op
OverheadActual  11: 124672 op, 436137.00 ns, 3.4983 ns/op
OverheadActual  12: 124672 op, 431416.00 ns, 3.4604 ns/op
OverheadActual  13: 124672 op, 440350.00 ns, 3.5321 ns/op
OverheadActual  14: 124672 op, 428660.00 ns, 3.4383 ns/op
OverheadActual  15: 124672 op, 439203.00 ns, 3.5229 ns/op
OverheadActual  16: 124672 op, 420350.00 ns, 3.3716 ns/op
OverheadActual  17: 124672 op, 423874.00 ns, 3.3999 ns/op
OverheadActual  18: 124672 op, 421829.00 ns, 3.3835 ns/op
OverheadActual  19: 124672 op, 426187.00 ns, 3.4185 ns/op
OverheadActual  20: 124672 op, 431373.00 ns, 3.4601 ns/op

WorkloadWarmup   1: 124672 op, 1221193480.00 ns, 9.7953 us/op
WorkloadWarmup   2: 124672 op, 1014459935.00 ns, 8.1370 us/op
WorkloadWarmup   3: 124672 op, 1005535110.00 ns, 8.0654 us/op
WorkloadWarmup   4: 124672 op, 1002747314.00 ns, 8.0431 us/op
WorkloadWarmup   5: 124672 op, 1180601839.00 ns, 9.4697 us/op
WorkloadWarmup   6: 124672 op, 988792727.00 ns, 7.9312 us/op
WorkloadWarmup   7: 124672 op, 975551757.00 ns, 7.8249 us/op
WorkloadWarmup   8: 124672 op, 979844036.00 ns, 7.8594 us/op
WorkloadWarmup   9: 124672 op, 982862858.00 ns, 7.8836 us/op
WorkloadWarmup  10: 124672 op, 1249748406.00 ns, 10.0243 us/op
WorkloadWarmup  11: 124672 op, 1009755198.00 ns, 8.0993 us/op

// BeforeActualRun
WorkloadActual   1: 124672 op, 969235221.00 ns, 7.7743 us/op
WorkloadActual   2: 124672 op, 979561017.00 ns, 7.8571 us/op
WorkloadActual   3: 124672 op, 987154719.00 ns, 7.9180 us/op
WorkloadActual   4: 124672 op, 989283626.00 ns, 7.9351 us/op
WorkloadActual   5: 124672 op, 1204639054.00 ns, 9.6625 us/op
WorkloadActual   6: 124672 op, 1102039560.00 ns, 8.8395 us/op
WorkloadActual   7: 124672 op, 1093879021.00 ns, 8.7741 us/op
WorkloadActual   8: 124672 op, 1190857314.00 ns, 9.5519 us/op
WorkloadActual   9: 124672 op, 1320501658.00 ns, 10.5918 us/op
WorkloadActual  10: 124672 op, 1093184025.00 ns, 8.7685 us/op
WorkloadActual  11: 124672 op, 1098326684.00 ns, 8.8097 us/op
WorkloadActual  12: 124672 op, 1149407925.00 ns, 9.2195 us/op
WorkloadActual  13: 124672 op, 1110672032.00 ns, 8.9088 us/op
WorkloadActual  14: 124672 op, 1097570939.00 ns, 8.8037 us/op
WorkloadActual  15: 124672 op, 961537251.00 ns, 7.7125 us/op
WorkloadActual  16: 124672 op, 963797853.00 ns, 7.7307 us/op
WorkloadActual  17: 124672 op, 1027547406.00 ns, 8.2420 us/op
WorkloadActual  18: 124672 op, 1096082753.00 ns, 8.7917 us/op
WorkloadActual  19: 124672 op, 1105527242.00 ns, 8.8675 us/op
WorkloadActual  20: 124672 op, 968309419.00 ns, 7.7669 us/op
WorkloadActual  21: 124672 op, 979891030.00 ns, 7.8598 us/op
WorkloadActual  22: 124672 op, 1021316966.00 ns, 8.1920 us/op
WorkloadActual  23: 124672 op, 983447101.00 ns, 7.8883 us/op
WorkloadActual  24: 124672 op, 1103262954.00 ns, 8.8493 us/op
WorkloadActual  25: 124672 op, 973064232.00 ns, 7.8050 us/op
WorkloadActual  26: 124672 op, 974071217.00 ns, 7.8131 us/op
WorkloadActual  27: 124672 op, 1210013676.00 ns, 9.7056 us/op
WorkloadActual  28: 124672 op, 1051479544.00 ns, 8.4340 us/op
WorkloadActual  29: 124672 op, 1204288071.00 ns, 9.6597 us/op
WorkloadActual  30: 124672 op, 1128798724.00 ns, 9.0541 us/op
WorkloadActual  31: 124672 op, 1007336337.00 ns, 8.0799 us/op
WorkloadActual  32: 124672 op, 993202873.00 ns, 7.9665 us/op
WorkloadActual  33: 124672 op, 998762502.00 ns, 8.0111 us/op
WorkloadActual  34: 124672 op, 1121457271.00 ns, 8.9953 us/op
WorkloadActual  35: 124672 op, 1113297286.00 ns, 8.9298 us/op
WorkloadActual  36: 124672 op, 1174912837.00 ns, 9.4240 us/op
WorkloadActual  37: 124672 op, 1198636373.00 ns, 9.6143 us/op
WorkloadActual  38: 124672 op, 1064729486.00 ns, 8.5402 us/op
WorkloadActual  39: 124672 op, 1153293764.00 ns, 9.2506 us/op
WorkloadActual  40: 124672 op, 1026220106.00 ns, 8.2314 us/op
WorkloadActual  41: 124672 op, 1076208602.00 ns, 8.6323 us/op
WorkloadActual  42: 124672 op, 1121716145.00 ns, 8.9973 us/op
WorkloadActual  43: 124672 op, 1104022143.00 ns, 8.8554 us/op
WorkloadActual  44: 124672 op, 1117560879.00 ns, 8.9640 us/op
WorkloadActual  45: 124672 op, 1005319591.00 ns, 8.0637 us/op
WorkloadActual  46: 124672 op, 1082890862.00 ns, 8.6859 us/op
WorkloadActual  47: 124672 op, 965609192.00 ns, 7.7452 us/op
WorkloadActual  48: 124672 op, 969396798.00 ns, 7.7756 us/op
WorkloadActual  49: 124672 op, 1120948009.00 ns, 8.9912 us/op
WorkloadActual  50: 124672 op, 995184519.00 ns, 7.9824 us/op
WorkloadActual  51: 124672 op, 980803657.00 ns, 7.8671 us/op
WorkloadActual  52: 124672 op, 979342718.00 ns, 7.8554 us/op
WorkloadActual  53: 124672 op, 982335755.00 ns, 7.8794 us/op
WorkloadActual  54: 124672 op, 1191615791.00 ns, 9.5580 us/op
WorkloadActual  55: 124672 op, 1099428028.00 ns, 8.8186 us/op
WorkloadActual  56: 124672 op, 1086870107.00 ns, 8.7178 us/op
WorkloadActual  57: 124672 op, 963809222.00 ns, 7.7308 us/op
WorkloadActual  58: 124672 op, 964533695.00 ns, 7.7366 us/op
WorkloadActual  59: 124672 op, 1110793845.00 ns, 8.9097 us/op
WorkloadActual  60: 124672 op, 967419107.00 ns, 7.7597 us/op
WorkloadActual  61: 124672 op, 979756242.00 ns, 7.8587 us/op
WorkloadActual  62: 124672 op, 1016155829.00 ns, 8.1506 us/op
WorkloadActual  63: 124672 op, 1097678315.00 ns, 8.8045 us/op
WorkloadActual  64: 124672 op, 1194576170.00 ns, 9.5818 us/op
WorkloadActual  65: 124672 op, 1242546164.00 ns, 9.9665 us/op
WorkloadActual  66: 124672 op, 1031860059.00 ns, 8.2766 us/op
WorkloadActual  67: 124672 op, 1062212182.00 ns, 8.5201 us/op
WorkloadActual  68: 124672 op, 976970337.00 ns, 7.8363 us/op
WorkloadActual  69: 124672 op, 1140034290.00 ns, 9.1443 us/op
WorkloadActual  70: 124672 op, 971905365.00 ns, 7.7957 us/op
WorkloadActual  71: 124672 op, 976268948.00 ns, 7.8307 us/op
WorkloadActual  72: 124672 op, 968231241.00 ns, 7.7662 us/op
WorkloadActual  73: 124672 op, 983135648.00 ns, 7.8858 us/op
WorkloadActual  74: 124672 op, 1118445440.00 ns, 8.9711 us/op
WorkloadActual  75: 124672 op, 1138335019.00 ns, 9.1306 us/op
WorkloadActual  76: 124672 op, 1048976333.00 ns, 8.4139 us/op
WorkloadActual  77: 124672 op, 989541538.00 ns, 7.9372 us/op
WorkloadActual  78: 124672 op, 991811089.00 ns, 7.9554 us/op
WorkloadActual  79: 124672 op, 1146054065.00 ns, 9.1926 us/op
WorkloadActual  80: 124672 op, 1080961645.00 ns, 8.6704 us/op
WorkloadActual  81: 124672 op, 1134138012.00 ns, 9.0970 us/op
WorkloadActual  82: 124672 op, 1125098598.00 ns, 9.0245 us/op
WorkloadActual  83: 124672 op, 1084290098.00 ns, 8.6971 us/op
WorkloadActual  84: 124672 op, 1128607460.00 ns, 9.0526 us/op
WorkloadActual  85: 124672 op, 1006806859.00 ns, 8.0756 us/op
WorkloadActual  86: 124672 op, 981549846.00 ns, 7.8731 us/op
WorkloadActual  87: 124672 op, 981394706.00 ns, 7.8718 us/op
WorkloadActual  88: 124672 op, 979948730.00 ns, 7.8602 us/op
WorkloadActual  89: 124672 op, 1080161921.00 ns, 8.6640 us/op
WorkloadActual  90: 124672 op, 968571882.00 ns, 7.7690 us/op
WorkloadActual  91: 124672 op, 964956424.00 ns, 7.7400 us/op
WorkloadActual  92: 124672 op, 977559282.00 ns, 7.8410 us/op
WorkloadActual  93: 124672 op, 1012048421.00 ns, 8.1177 us/op
WorkloadActual  94: 124672 op, 1329184384.00 ns, 10.6615 us/op
WorkloadActual  95: 124672 op, 996585478.00 ns, 7.9937 us/op
WorkloadActual  96: 124672 op, 995506124.00 ns, 7.9850 us/op
WorkloadActual  97: 124672 op, 991042920.00 ns, 7.9492 us/op
WorkloadActual  98: 124672 op, 994806150.00 ns, 7.9794 us/op
WorkloadActual  99: 124672 op, 1081953386.00 ns, 8.6784 us/op
WorkloadActual  100: 124672 op, 967563735.00 ns, 7.7609 us/op

// AfterActualRun
WorkloadResult   1: 124672 op, 968804311.50 ns, 7.7708 us/op
WorkloadResult   2: 124672 op, 979130107.50 ns, 7.8536 us/op
WorkloadResult   3: 124672 op, 986723809.50 ns, 7.9146 us/op
WorkloadResult   4: 124672 op, 988852716.50 ns, 7.9316 us/op
WorkloadResult   5: 124672 op, 1204208144.50 ns, 9.6590 us/op
WorkloadResult   6: 124672 op, 1101608650.50 ns, 8.8361 us/op
WorkloadResult   7: 124672 op, 1093448111.50 ns, 8.7706 us/op
WorkloadResult   8: 124672 op, 1190426404.50 ns, 9.5485 us/op
WorkloadResult   9: 124672 op, 1320070748.50 ns, 10.5883 us/op
WorkloadResult  10: 124672 op, 1092753115.50 ns, 8.7650 us/op
WorkloadResult  11: 124672 op, 1097895774.50 ns, 8.8063 us/op
WorkloadResult  12: 124672 op, 1148977015.50 ns, 9.2160 us/op
WorkloadResult  13: 124672 op, 1110241122.50 ns, 8.9053 us/op
WorkloadResult  14: 124672 op, 1097140029.50 ns, 8.8002 us/op
WorkloadResult  15: 124672 op, 961106341.50 ns, 7.7091 us/op
WorkloadResult  16: 124672 op, 963366943.50 ns, 7.7272 us/op
WorkloadResult  17: 124672 op, 1027116496.50 ns, 8.2385 us/op
WorkloadResult  18: 124672 op, 1095651843.50 ns, 8.7883 us/op
WorkloadResult  19: 124672 op, 1105096332.50 ns, 8.8640 us/op
WorkloadResult  20: 124672 op, 967878509.50 ns, 7.7634 us/op
WorkloadResult  21: 124672 op, 979460120.50 ns, 7.8563 us/op
WorkloadResult  22: 124672 op, 1020886056.50 ns, 8.1886 us/op
WorkloadResult  23: 124672 op, 983016191.50 ns, 7.8848 us/op
WorkloadResult  24: 124672 op, 1102832044.50 ns, 8.8459 us/op
WorkloadResult  25: 124672 op, 972633322.50 ns, 7.8015 us/op
WorkloadResult  26: 124672 op, 973640307.50 ns, 7.8096 us/op
WorkloadResult  27: 124672 op, 1209582766.50 ns, 9.7021 us/op
WorkloadResult  28: 124672 op, 1051048634.50 ns, 8.4305 us/op
WorkloadResult  29: 124672 op, 1203857161.50 ns, 9.6562 us/op
WorkloadResult  30: 124672 op, 1128367814.50 ns, 9.0507 us/op
WorkloadResult  31: 124672 op, 1006905427.50 ns, 8.0764 us/op
WorkloadResult  32: 124672 op, 992771963.50 ns, 7.9631 us/op
WorkloadResult  33: 124672 op, 998331592.50 ns, 8.0077 us/op
WorkloadResult  34: 124672 op, 1121026361.50 ns, 8.9918 us/op
WorkloadResult  35: 124672 op, 1112866376.50 ns, 8.9264 us/op
WorkloadResult  36: 124672 op, 1174481927.50 ns, 9.4206 us/op
WorkloadResult  37: 124672 op, 1198205463.50 ns, 9.6109 us/op
WorkloadResult  38: 124672 op, 1064298576.50 ns, 8.5368 us/op
WorkloadResult  39: 124672 op, 1152862854.50 ns, 9.2472 us/op
WorkloadResult  40: 124672 op, 1025789196.50 ns, 8.2279 us/op
WorkloadResult  41: 124672 op, 1075777692.50 ns, 8.6289 us/op
WorkloadResult  42: 124672 op, 1121285235.50 ns, 8.9939 us/op
WorkloadResult  43: 124672 op, 1103591233.50 ns, 8.8520 us/op
WorkloadResult  44: 124672 op, 1117129969.50 ns, 8.9606 us/op
WorkloadResult  45: 124672 op, 1004888681.50 ns, 8.0603 us/op
WorkloadResult  46: 124672 op, 1082459952.50 ns, 8.6825 us/op
WorkloadResult  47: 124672 op, 965178282.50 ns, 7.7417 us/op
WorkloadResult  48: 124672 op, 968965888.50 ns, 7.7721 us/op
WorkloadResult  49: 124672 op, 1120517099.50 ns, 8.9877 us/op
WorkloadResult  50: 124672 op, 994753609.50 ns, 7.9790 us/op
WorkloadResult  51: 124672 op, 980372747.50 ns, 7.8636 us/op
WorkloadResult  52: 124672 op, 978911808.50 ns, 7.8519 us/op
WorkloadResult  53: 124672 op, 981904845.50 ns, 7.8759 us/op
WorkloadResult  54: 124672 op, 1191184881.50 ns, 9.5546 us/op
WorkloadResult  55: 124672 op, 1098997118.50 ns, 8.8151 us/op
WorkloadResult  56: 124672 op, 1086439197.50 ns, 8.7144 us/op
WorkloadResult  57: 124672 op, 963378312.50 ns, 7.7273 us/op
WorkloadResult  58: 124672 op, 964102785.50 ns, 7.7331 us/op
WorkloadResult  59: 124672 op, 1110362935.50 ns, 8.9063 us/op
WorkloadResult  60: 124672 op, 966988197.50 ns, 7.7563 us/op
WorkloadResult  61: 124672 op, 979325332.50 ns, 7.8552 us/op
WorkloadResult  62: 124672 op, 1015724919.50 ns, 8.1472 us/op
WorkloadResult  63: 124672 op, 1097247405.50 ns, 8.8011 us/op
WorkloadResult  64: 124672 op, 1194145260.50 ns, 9.5783 us/op
WorkloadResult  65: 124672 op, 1242115254.50 ns, 9.9631 us/op
WorkloadResult  66: 124672 op, 1031429149.50 ns, 8.2731 us/op
WorkloadResult  67: 124672 op, 1061781272.50 ns, 8.5166 us/op
WorkloadResult  68: 124672 op, 976539427.50 ns, 7.8329 us/op
WorkloadResult  69: 124672 op, 1139603380.50 ns, 9.1408 us/op
WorkloadResult  70: 124672 op, 971474455.50 ns, 7.7922 us/op
WorkloadResult  71: 124672 op, 975838038.50 ns, 7.8272 us/op
WorkloadResult  72: 124672 op, 967800331.50 ns, 7.7628 us/op
WorkloadResult  73: 124672 op, 982704738.50 ns, 7.8823 us/op
WorkloadResult  74: 124672 op, 1118014530.50 ns, 8.9676 us/op
WorkloadResult  75: 124672 op, 1137904109.50 ns, 9.1272 us/op
WorkloadResult  76: 124672 op, 1048545423.50 ns, 8.4104 us/op
WorkloadResult  77: 124672 op, 989110628.50 ns, 7.9337 us/op
WorkloadResult  78: 124672 op, 991380179.50 ns, 7.9519 us/op
WorkloadResult  79: 124672 op, 1145623155.50 ns, 9.1891 us/op
WorkloadResult  80: 124672 op, 1080530735.50 ns, 8.6670 us/op
WorkloadResult  81: 124672 op, 1133707102.50 ns, 9.0935 us/op
WorkloadResult  82: 124672 op, 1124667688.50 ns, 9.0210 us/op
WorkloadResult  83: 124672 op, 1083859188.50 ns, 8.6937 us/op
WorkloadResult  84: 124672 op, 1128176550.50 ns, 9.0492 us/op
WorkloadResult  85: 124672 op, 1006375949.50 ns, 8.0722 us/op
WorkloadResult  86: 124672 op, 981118936.50 ns, 7.8696 us/op
WorkloadResult  87: 124672 op, 980963796.50 ns, 7.8684 us/op
WorkloadResult  88: 124672 op, 979517820.50 ns, 7.8568 us/op
WorkloadResult  89: 124672 op, 1079731011.50 ns, 8.6606 us/op
WorkloadResult  90: 124672 op, 968140972.50 ns, 7.7655 us/op
WorkloadResult  91: 124672 op, 964525514.50 ns, 7.7365 us/op
WorkloadResult  92: 124672 op, 977128372.50 ns, 7.8376 us/op
WorkloadResult  93: 124672 op, 1011617511.50 ns, 8.1142 us/op
WorkloadResult  94: 124672 op, 1328753474.50 ns, 10.6580 us/op
WorkloadResult  95: 124672 op, 996154568.50 ns, 7.9902 us/op
WorkloadResult  96: 124672 op, 995075214.50 ns, 7.9815 us/op
WorkloadResult  97: 124672 op, 990612010.50 ns, 7.9457 us/op
WorkloadResult  98: 124672 op, 994375240.50 ns, 7.9759 us/op
WorkloadResult  99: 124672 op, 1081522476.50 ns, 8.6749 us/op
WorkloadResult  100: 124672 op, 967132825.50 ns, 7.7574 us/op

// AfterAll
// Benchmark Process 1008876 has exited with code 0.

Mean = 8.484 μs, StdErr = 0.068 μs (0.81%), N = 100, StdDev = 0.683 μs
Min = 7.709 μs, Q1 = 7.867 μs, Median = 8.342 μs, Q3 = 8.935 μs, Max = 10.658 μs
IQR = 1.068 μs, LowerFence = 6.266 μs, UpperFence = 10.537 μs
ConfidenceInterval = [8.252 μs; 8.716 μs] (CI 99.9%), Margin = 0.232 μs (2.73% of Mean)
Skewness = 0.82, Kurtosis = 3.17, MValue = 3.02

// ** Remained 9 (90.0 %) benchmark(s) to run. Estimated finish 2026-05-17 16:10 (0h 21m from now) **
// **************************
// Benchmark: SmokeBenchByte.STJSrcGen_Deser: Energy(OutlierMode=DontRemove, IterationTime=1s)
// *** Execute ***
// Launch: 1 / 1
// Execute: dotnet JsonBench-Energy-1.dll --anonymousPipes 123 124 --benchmarkName JsonBench.Benchmarks.SmokeBenchByte.STJSrcGen_Deser --job Energy --benchmarkId 1 in /home/test/json-energy-bench/JsonBench/bin/Release/net10.0/JsonBench-Energy-1/bin/Release/net10.0
// BeforeAnythingElse

// Benchmark Process Environment Information:
// BenchmarkDotNet v0.15.5-develop (2026-05-17)
// Runtime=.NET 10.0.7 (10.0.7, 10.0.726.21808), X64 RyuJIT x86-64-v3
// GC=Concurrent Workstation
// HardwareIntrinsics=AVX2+BMI1+BMI2+F16C+FMA+LZCNT+MOVBE,AVX,SSE3+SSSE3+SSE4.1+SSE4.2+POPCNT,X86Base+SSE+SSE2,AES+PCLMUL VectorSize=256
// Job: Energy(OutlierMode=DontRemove, IterationTime=1s)

OverheadJitting  1: 1 op, 187798.00 ns, 187.7980 us/op
WorkloadJitting  1: 1 op, 8513014.00 ns, 8.5130 ms/op

OverheadJitting  2: 16 op, 499161.00 ns, 31.1976 us/op
WorkloadJitting  2: 16 op, 837392.00 ns, 52.3370 us/op

WorkloadPilot    1: 16 op, 339746.00 ns, 21.2341 us/op
WorkloadPilot    2: 47104 op, 714405095.00 ns, 15.1665 us/op
WorkloadPilot    3: 65936 op, 620508526.00 ns, 9.4108 us/op
WorkloadPilot    4: 106272 op, 961841415.00 ns, 9.0508 us/op
WorkloadPilot    5: 110496 op, 1283020287.00 ns, 11.6115 us/op
WorkloadPilot    6: 86128 op, 950158399.00 ns, 11.0319 us/op
WorkloadPilot    7: 90656 op, 1036720162.00 ns, 11.4358 us/op
WorkloadPilot    8: 87456 op, 969930984.00 ns, 11.0905 us/op
WorkloadPilot    9: 90176 op, 696327809.00 ns, 7.7219 us/op
WorkloadPilot   10: 129504 op, 994076042.00 ns, 7.6760 us/op
WorkloadPilot   11: 130288 op, 1013430647.00 ns, 7.7784 us/op

OverheadWarmup   1: 130288 op, 1011028.00 ns, 7.7599 ns/op
OverheadWarmup   2: 130288 op, 986778.00 ns, 7.5738 ns/op
OverheadWarmup   3: 130288 op, 1000798.00 ns, 7.6814 ns/op
OverheadWarmup   4: 130288 op, 996210.00 ns, 7.6462 ns/op
OverheadWarmup   5: 130288 op, 1006473.00 ns, 7.7250 ns/op
OverheadWarmup   6: 130288 op, 999027.00 ns, 7.6678 ns/op

OverheadActual   1: 130288 op, 999436.00 ns, 7.6710 ns/op
OverheadActual   2: 130288 op, 994036.00 ns, 7.6295 ns/op
OverheadActual   3: 130288 op, 1009253.00 ns, 7.7463 ns/op
OverheadActual   4: 130288 op, 1001160.00 ns, 7.6842 ns/op
OverheadActual   5: 130288 op, 996840.00 ns, 7.6510 ns/op
OverheadActual   6: 130288 op, 1001363.00 ns, 7.6858 ns/op
OverheadActual   7: 130288 op, 993703.00 ns, 7.6270 ns/op
OverheadActual   8: 130288 op, 1000418.00 ns, 7.6785 ns/op
OverheadActual   9: 130288 op, 996764.00 ns, 7.6505 ns/op
OverheadActual  10: 130288 op, 999231.00 ns, 7.6694 ns/op
OverheadActual  11: 130288 op, 997343.00 ns, 7.6549 ns/op
OverheadActual  12: 130288 op, 1000199.00 ns, 7.6768 ns/op
OverheadActual  13: 130288 op, 985800.00 ns, 7.5663 ns/op
OverheadActual  14: 130288 op, 998796.00 ns, 7.6661 ns/op
OverheadActual  15: 130288 op, 998994.00 ns, 7.6676 ns/op

WorkloadWarmup   1: 130288 op, 1079694986.00 ns, 8.2870 us/op
WorkloadWarmup   2: 130288 op, 1251017802.00 ns, 9.6019 us/op
WorkloadWarmup   3: 130288 op, 1147047904.00 ns, 8.8039 us/op
WorkloadWarmup   4: 130288 op, 1029722079.00 ns, 7.9034 us/op
WorkloadWarmup   5: 130288 op, 1023672835.00 ns, 7.8570 us/op
WorkloadWarmup   6: 130288 op, 1008033346.00 ns, 7.7370 us/op
WorkloadWarmup   7: 130288 op, 1224624198.00 ns, 9.3994 us/op
WorkloadWarmup   8: 130288 op, 1067825631.00 ns, 8.1959 us/op

// BeforeActualRun
WorkloadActual   1: 130288 op, 1051535320.00 ns, 8.0709 us/op
WorkloadActual   2: 130288 op, 1009942059.00 ns, 7.7516 us/op
WorkloadActual   3: 130288 op, 1146539540.00 ns, 8.8000 us/op
WorkloadActual   4: 130288 op, 1342372595.00 ns, 10.3031 us/op
WorkloadActual   5: 130288 op, 1013852307.00 ns, 7.7816 us/op
WorkloadActual   6: 130288 op, 1024923492.00 ns, 7.8666 us/op
WorkloadActual   7: 130288 op, 1018671872.00 ns, 7.8186 us/op
WorkloadActual   8: 130288 op, 1024973839.00 ns, 7.8670 us/op
WorkloadActual   9: 130288 op, 1199621077.00 ns, 9.2075 us/op
WorkloadActual  10: 130288 op, 1012177700.00 ns, 7.7688 us/op
WorkloadActual  11: 130288 op, 1001579269.00 ns, 7.6874 us/op
WorkloadActual  12: 130288 op, 1007760372.00 ns, 7.7349 us/op
WorkloadActual  13: 130288 op, 1228691656.00 ns, 9.4306 us/op
WorkloadActual  14: 130288 op, 1234132037.00 ns, 9.4723 us/op
WorkloadActual  15: 130288 op, 994280064.00 ns, 7.6314 us/op
WorkloadActual  16: 130288 op, 998906642.00 ns, 7.6669 us/op
WorkloadActual  17: 130288 op, 1011598359.00 ns, 7.7643 us/op
WorkloadActual  18: 130288 op, 1165060361.00 ns, 8.9422 us/op
WorkloadActual  19: 130288 op, 1215953138.00 ns, 9.3328 us/op
WorkloadActual  20: 130288 op, 1111520172.00 ns, 8.5313 us/op
WorkloadActual  21: 130288 op, 1127738324.00 ns, 8.6557 us/op
WorkloadActual  22: 130288 op, 1339641911.00 ns, 10.2822 us/op
WorkloadActual  23: 130288 op, 1214653990.00 ns, 9.3228 us/op
WorkloadActual  24: 130288 op, 1014924337.00 ns, 7.7899 us/op
WorkloadActual  25: 130288 op, 1012635806.00 ns, 7.7723 us/op
WorkloadActual  26: 130288 op, 1012572743.00 ns, 7.7718 us/op
WorkloadActual  27: 130288 op, 1018328205.00 ns, 7.8160 us/op
WorkloadActual  28: 130288 op, 1113630628.00 ns, 8.5475 us/op
WorkloadActual  29: 130288 op, 1009713815.00 ns, 7.7499 us/op
WorkloadActual  30: 130288 op, 1085815642.00 ns, 8.3340 us/op
WorkloadActual  31: 130288 op, 1192088646.00 ns, 9.1496 us/op
WorkloadActual  32: 130288 op, 1019689035.00 ns, 7.8264 us/op
WorkloadActual  33: 130288 op, 1193606666.00 ns, 9.1613 us/op
WorkloadActual  34: 130288 op, 1156419992.00 ns, 8.8759 us/op
WorkloadActual  35: 130288 op, 1069462834.00 ns, 8.2085 us/op
WorkloadActual  36: 130288 op, 999236053.00 ns, 7.6694 us/op
WorkloadActual  37: 130288 op, 1005416456.00 ns, 7.7169 us/op
WorkloadActual  38: 130288 op, 1226302011.00 ns, 9.4122 us/op
WorkloadActual  39: 130288 op, 1111478706.00 ns, 8.5309 us/op
WorkloadActual  40: 130288 op, 1289141501.00 ns, 9.8946 us/op
WorkloadActual  41: 130288 op, 1074526275.00 ns, 8.2473 us/op
WorkloadActual  42: 130288 op, 1193168219.00 ns, 9.1579 us/op
WorkloadActual  43: 130288 op, 1058925448.00 ns, 8.1276 us/op
WorkloadActual  44: 130288 op, 1064132458.00 ns, 8.1675 us/op
WorkloadActual  45: 130288 op, 1057332408.00 ns, 8.1153 us/op
WorkloadActual  46: 130288 op, 1025508457.00 ns, 7.8711 us/op
WorkloadActual  47: 130288 op, 1124252147.00 ns, 8.6290 us/op
WorkloadActual  48: 130288 op, 1064087105.00 ns, 8.1672 us/op
WorkloadActual  49: 130288 op, 1202059929.00 ns, 9.2262 us/op
WorkloadActual  50: 130288 op, 1089556348.00 ns, 8.3627 us/op
WorkloadActual  51: 130288 op, 1048603039.00 ns, 8.0483 us/op
WorkloadActual  52: 130288 op, 1121439655.00 ns, 8.6074 us/op
WorkloadActual  53: 130288 op, 1009964408.00 ns, 7.7518 us/op
WorkloadActual  54: 130288 op, 1011384055.00 ns, 7.7627 us/op
WorkloadActual  55: 130288 op, 1012177440.00 ns, 7.7688 us/op
WorkloadActual  56: 130288 op, 996651482.00 ns, 7.6496 us/op
WorkloadActual  57: 130288 op, 1133323261.00 ns, 8.6986 us/op
WorkloadActual  58: 130288 op, 1018415520.00 ns, 7.8166 us/op
WorkloadActual  59: 130288 op, 1192763922.00 ns, 9.1548 us/op
WorkloadActual  60: 130288 op, 1002513028.00 ns, 7.6946 us/op
WorkloadActual  61: 130288 op, 1008595574.00 ns, 7.7413 us/op
WorkloadActual  62: 130288 op, 1107045574.00 ns, 8.4969 us/op
WorkloadActual  63: 130288 op, 998845373.00 ns, 7.6664 us/op
WorkloadActual  64: 130288 op, 994609080.00 ns, 7.6339 us/op
WorkloadActual  65: 130288 op, 1041057384.00 ns, 7.9904 us/op
WorkloadActual  66: 130288 op, 1014404854.00 ns, 7.7859 us/op
WorkloadActual  67: 130288 op, 1136795170.00 ns, 8.7252 us/op
WorkloadActual  68: 130288 op, 1194802254.00 ns, 9.1705 us/op
WorkloadActual  69: 130288 op, 1053788411.00 ns, 8.0881 us/op
WorkloadActual  70: 130288 op, 1002621281.00 ns, 7.6954 us/op
WorkloadActual  71: 130288 op, 1003089806.00 ns, 7.6990 us/op
WorkloadActual  72: 130288 op, 1131704191.00 ns, 8.6862 us/op
WorkloadActual  73: 130288 op, 1046575704.00 ns, 8.0328 us/op
WorkloadActual  74: 130288 op, 999073794.00 ns, 7.6682 us/op
WorkloadActual  75: 130288 op, 997013826.00 ns, 7.6524 us/op
WorkloadActual  76: 130288 op, 998187430.00 ns, 7.6614 us/op
WorkloadActual  77: 130288 op, 1117045747.00 ns, 8.5737 us/op
WorkloadActual  78: 130288 op, 1157499248.00 ns, 8.8842 us/op
WorkloadActual  79: 130288 op, 1138208486.00 ns, 8.7361 us/op
WorkloadActual  80: 130288 op, 1005259871.00 ns, 7.7157 us/op
WorkloadActual  81: 130288 op, 1013530525.00 ns, 7.7792 us/op
WorkloadActual  82: 130288 op, 1114602977.00 ns, 8.5549 us/op
WorkloadActual  83: 130288 op, 1004763052.00 ns, 7.7119 us/op
WorkloadActual  84: 130288 op, 996474105.00 ns, 7.6482 us/op
WorkloadActual  85: 130288 op, 992928479.00 ns, 7.6210 us/op
WorkloadActual  86: 130288 op, 1005963731.00 ns, 7.7211 us/op
WorkloadActual  87: 130288 op, 1242596413.00 ns, 9.5373 us/op
WorkloadActual  88: 130288 op, 1084576997.00 ns, 8.3245 us/op
WorkloadActual  89: 130288 op, 996432147.00 ns, 7.6479 us/op
WorkloadActual  90: 130288 op, 999133797.00 ns, 7.6687 us/op
WorkloadActual  91: 130288 op, 997659134.00 ns, 7.6573 us/op
WorkloadActual  92: 130288 op, 1098334367.00 ns, 8.4301 us/op
WorkloadActual  93: 130288 op, 1000836491.00 ns, 7.6817 us/op
WorkloadActual  94: 130288 op, 1002005256.00 ns, 7.6907 us/op
WorkloadActual  95: 130288 op, 1005698483.00 ns, 7.7190 us/op
WorkloadActual  96: 130288 op, 1035234147.00 ns, 7.9457 us/op
WorkloadActual  97: 130288 op, 1316883937.00 ns, 10.1075 us/op
WorkloadActual  98: 130288 op, 1003218415.00 ns, 7.7000 us/op
WorkloadActual  99: 130288 op, 992865524.00 ns, 7.6205 us/op
WorkloadActual  100: 130288 op, 1002036200.00 ns, 7.6909 us/op

// AfterActualRun
WorkloadResult   1: 130288 op, 1050536326.00 ns, 8.0632 us/op
WorkloadResult   2: 130288 op, 1008943065.00 ns, 7.7439 us/op
WorkloadResult   3: 130288 op, 1145540546.00 ns, 8.7924 us/op
WorkloadResult   4: 130288 op, 1341373601.00 ns, 10.2955 us/op
WorkloadResult   5: 130288 op, 1012853313.00 ns, 7.7740 us/op
WorkloadResult   6: 130288 op, 1023924498.00 ns, 7.8589 us/op
WorkloadResult   7: 130288 op, 1017672878.00 ns, 7.8109 us/op
WorkloadResult   8: 130288 op, 1023974845.00 ns, 7.8593 us/op
WorkloadResult   9: 130288 op, 1198622083.00 ns, 9.1998 us/op
WorkloadResult  10: 130288 op, 1011178706.00 ns, 7.7611 us/op
WorkloadResult  11: 130288 op, 1000580275.00 ns, 7.6798 us/op
WorkloadResult  12: 130288 op, 1006761378.00 ns, 7.7272 us/op
WorkloadResult  13: 130288 op, 1227692662.00 ns, 9.4229 us/op
WorkloadResult  14: 130288 op, 1233133043.00 ns, 9.4647 us/op
WorkloadResult  15: 130288 op, 993281070.00 ns, 7.6237 us/op
WorkloadResult  16: 130288 op, 997907648.00 ns, 7.6592 us/op
WorkloadResult  17: 130288 op, 1010599365.00 ns, 7.7567 us/op
WorkloadResult  18: 130288 op, 1164061367.00 ns, 8.9345 us/op
WorkloadResult  19: 130288 op, 1214954144.00 ns, 9.3251 us/op
WorkloadResult  20: 130288 op, 1110521178.00 ns, 8.5236 us/op
WorkloadResult  21: 130288 op, 1126739330.00 ns, 8.6481 us/op
WorkloadResult  22: 130288 op, 1338642917.00 ns, 10.2745 us/op
WorkloadResult  23: 130288 op, 1213654996.00 ns, 9.3152 us/op
WorkloadResult  24: 130288 op, 1013925343.00 ns, 7.7822 us/op
WorkloadResult  25: 130288 op, 1011636812.00 ns, 7.7646 us/op
WorkloadResult  26: 130288 op, 1011573749.00 ns, 7.7641 us/op
WorkloadResult  27: 130288 op, 1017329211.00 ns, 7.8083 us/op
WorkloadResult  28: 130288 op, 1112631634.00 ns, 8.5398 us/op
WorkloadResult  29: 130288 op, 1008714821.00 ns, 7.7422 us/op
WorkloadResult  30: 130288 op, 1084816648.00 ns, 8.3263 us/op
WorkloadResult  31: 130288 op, 1191089652.00 ns, 9.1420 us/op
WorkloadResult  32: 130288 op, 1018690041.00 ns, 7.8188 us/op
WorkloadResult  33: 130288 op, 1192607672.00 ns, 9.1536 us/op
WorkloadResult  34: 130288 op, 1155420998.00 ns, 8.8682 us/op
WorkloadResult  35: 130288 op, 1068463840.00 ns, 8.2008 us/op
WorkloadResult  36: 130288 op, 998237059.00 ns, 7.6618 us/op
WorkloadResult  37: 130288 op, 1004417462.00 ns, 7.7092 us/op
WorkloadResult  38: 130288 op, 1225303017.00 ns, 9.4046 us/op
WorkloadResult  39: 130288 op, 1110479712.00 ns, 8.5233 us/op
WorkloadResult  40: 130288 op, 1288142507.00 ns, 9.8869 us/op
WorkloadResult  41: 130288 op, 1073527281.00 ns, 8.2396 us/op
WorkloadResult  42: 130288 op, 1192169225.00 ns, 9.1503 us/op
WorkloadResult  43: 130288 op, 1057926454.00 ns, 8.1199 us/op
WorkloadResult  44: 130288 op, 1063133464.00 ns, 8.1599 us/op
WorkloadResult  45: 130288 op, 1056333414.00 ns, 8.1077 us/op
WorkloadResult  46: 130288 op, 1024509463.00 ns, 7.8634 us/op
WorkloadResult  47: 130288 op, 1123253153.00 ns, 8.6213 us/op
WorkloadResult  48: 130288 op, 1063088111.00 ns, 8.1595 us/op
WorkloadResult  49: 130288 op, 1201060935.00 ns, 9.2185 us/op
WorkloadResult  50: 130288 op, 1088557354.00 ns, 8.3550 us/op
WorkloadResult  51: 130288 op, 1047604045.00 ns, 8.0407 us/op
WorkloadResult  52: 130288 op, 1120440661.00 ns, 8.5997 us/op
WorkloadResult  53: 130288 op, 1008965414.00 ns, 7.7441 us/op
WorkloadResult  54: 130288 op, 1010385061.00 ns, 7.7550 us/op
WorkloadResult  55: 130288 op, 1011178446.00 ns, 7.7611 us/op
WorkloadResult  56: 130288 op, 995652488.00 ns, 7.6419 us/op
WorkloadResult  57: 130288 op, 1132324267.00 ns, 8.6909 us/op
WorkloadResult  58: 130288 op, 1017416526.00 ns, 7.8090 us/op
WorkloadResult  59: 130288 op, 1191764928.00 ns, 9.1472 us/op
WorkloadResult  60: 130288 op, 1001514034.00 ns, 7.6869 us/op
WorkloadResult  61: 130288 op, 1007596580.00 ns, 7.7336 us/op
WorkloadResult  62: 130288 op, 1106046580.00 ns, 8.4892 us/op
WorkloadResult  63: 130288 op, 997846379.00 ns, 7.6588 us/op
WorkloadResult  64: 130288 op, 993610086.00 ns, 7.6263 us/op
WorkloadResult  65: 130288 op, 1040058390.00 ns, 7.9828 us/op
WorkloadResult  66: 130288 op, 1013405860.00 ns, 7.7782 us/op
WorkloadResult  67: 130288 op, 1135796176.00 ns, 8.7176 us/op
WorkloadResult  68: 130288 op, 1193803260.00 ns, 9.1628 us/op
WorkloadResult  69: 130288 op, 1052789417.00 ns, 8.0805 us/op
WorkloadResult  70: 130288 op, 1001622287.00 ns, 7.6878 us/op
WorkloadResult  71: 130288 op, 1002090812.00 ns, 7.6914 us/op
WorkloadResult  72: 130288 op, 1130705197.00 ns, 8.6785 us/op
WorkloadResult  73: 130288 op, 1045576710.00 ns, 8.0251 us/op
WorkloadResult  74: 130288 op, 998074800.00 ns, 7.6605 us/op
WorkloadResult  75: 130288 op, 996014832.00 ns, 7.6447 us/op
WorkloadResult  76: 130288 op, 997188436.00 ns, 7.6537 us/op
WorkloadResult  77: 130288 op, 1116046753.00 ns, 8.5660 us/op
WorkloadResult  78: 130288 op, 1156500254.00 ns, 8.8765 us/op
WorkloadResult  79: 130288 op, 1137209492.00 ns, 8.7284 us/op
WorkloadResult  80: 130288 op, 1004260877.00 ns, 7.7080 us/op
WorkloadResult  81: 130288 op, 1012531531.00 ns, 7.7715 us/op
WorkloadResult  82: 130288 op, 1113603983.00 ns, 8.5472 us/op
WorkloadResult  83: 130288 op, 1003764058.00 ns, 7.7042 us/op
WorkloadResult  84: 130288 op, 995475111.00 ns, 7.6406 us/op
WorkloadResult  85: 130288 op, 991929485.00 ns, 7.6134 us/op
WorkloadResult  86: 130288 op, 1004964737.00 ns, 7.7134 us/op
WorkloadResult  87: 130288 op, 1241597419.00 ns, 9.5296 us/op
WorkloadResult  88: 130288 op, 1083578003.00 ns, 8.3168 us/op
WorkloadResult  89: 130288 op, 995433153.00 ns, 7.6403 us/op
WorkloadResult  90: 130288 op, 998134803.00 ns, 7.6610 us/op
WorkloadResult  91: 130288 op, 996660140.00 ns, 7.6497 us/op
WorkloadResult  92: 130288 op, 1097335373.00 ns, 8.4224 us/op
WorkloadResult  93: 130288 op, 999837497.00 ns, 7.6741 us/op
WorkloadResult  94: 130288 op, 1001006262.00 ns, 7.6830 us/op
WorkloadResult  95: 130288 op, 1004699489.00 ns, 7.7114 us/op
WorkloadResult  96: 130288 op, 1034235153.00 ns, 7.9381 us/op
WorkloadResult  97: 130288 op, 1315884943.00 ns, 10.0998 us/op
WorkloadResult  98: 130288 op, 1002219421.00 ns, 7.6923 us/op
WorkloadResult  99: 130288 op, 991866530.00 ns, 7.6129 us/op
WorkloadResult  100: 130288 op, 1001037206.00 ns, 7.6833 us/op

// AfterAll
// Benchmark Process 1009653 has exited with code 0.

Mean = 8.249 μs, StdErr = 0.069 μs (0.83%), N = 100, StdDev = 0.685 μs
Min = 7.613 μs, Q1 = 7.709 μs, Median = 7.901 μs, Q3 = 8.656 μs, Max = 10.295 μs
IQR = 0.947 μs, LowerFence = 6.289 μs, UpperFence = 10.076 μs
ConfidenceInterval = [8.017 μs; 8.482 μs] (CI 99.9%), Margin = 0.232 μs (2.82% of Mean)
Skewness = 1.12, Kurtosis = 3.39, MValue = 2.39

// ** Remained 8 (80.0 %) benchmark(s) to run. Estimated finish 2026-05-17 16:10 (0h 19m from now) **
// **************************
// Benchmark: SmokeBenchByte.Newtonsoft_Deser: Energy(OutlierMode=DontRemove, IterationTime=1s)
// *** Execute ***
// Launch: 1 / 1
// Execute: dotnet JsonBench-Energy-1.dll --anonymousPipes 125 126 --benchmarkName JsonBench.Benchmarks.SmokeBenchByte.Newtonsoft_Deser --job Energy --benchmarkId 2 in /home/test/json-energy-bench/JsonBench/bin/Release/net10.0/JsonBench-Energy-1/bin/Release/net10.0
// BeforeAnythingElse

// Benchmark Process Environment Information:
// BenchmarkDotNet v0.15.5-develop (2026-05-17)
// Runtime=.NET 10.0.7 (10.0.7, 10.0.726.21808), X64 RyuJIT x86-64-v3
// GC=Concurrent Workstation
// HardwareIntrinsics=AVX2+BMI1+BMI2+F16C+FMA+LZCNT+MOVBE,AVX,SSE3+SSSE3+SSE4.1+SSE4.2+POPCNT,X86Base+SSE+SSE2,AES+PCLMUL VectorSize=256
// Job: Energy(OutlierMode=DontRemove, IterationTime=1s)

OverheadJitting  1: 1 op, 186086.00 ns, 186.0860 us/op
WorkloadJitting  1: 1 op, 54934252.00 ns, 54.9343 ms/op

OverheadJitting  2: 16 op, 513223.00 ns, 32.0764 us/op
WorkloadJitting  2: 16 op, 1905499.00 ns, 119.0937 us/op

WorkloadPilot    1: 16 op, 1302355.00 ns, 81.3972 us/op
WorkloadPilot    2: 12288 op, 589507741.00 ns, 47.9743 us/op
WorkloadPilot    3: 20848 op, 367579882.00 ns, 17.6314 us/op
WorkloadPilot    4: 56720 op, 1093144336.00 ns, 19.2726 us/op
WorkloadPilot    5: 51888 op, 1088048652.00 ns, 20.9692 us/op
WorkloadPilot    6: 47696 op, 1076550288.00 ns, 22.5711 us/op

OverheadWarmup   1: 47696 op, 301479.00 ns, 6.3208 ns/op
OverheadWarmup   2: 47696 op, 167709.00 ns, 3.5162 ns/op
OverheadWarmup   3: 47696 op, 191233.00 ns, 4.0094 ns/op
OverheadWarmup   4: 47696 op, 179691.00 ns, 3.7674 ns/op
OverheadWarmup   5: 47696 op, 347507.00 ns, 7.2859 ns/op
OverheadWarmup   6: 47696 op, 166980.00 ns, 3.5009 ns/op

OverheadActual   1: 47696 op, 328168.00 ns, 6.8804 ns/op
OverheadActual   2: 47696 op, 597175.00 ns, 12.5204 ns/op
OverheadActual   3: 47696 op, 179293.00 ns, 3.7591 ns/op
OverheadActual   4: 47696 op, 434438.00 ns, 9.1085 ns/op
OverheadActual   5: 47696 op, 167953.00 ns, 3.5213 ns/op
OverheadActual   6: 47696 op, 166955.00 ns, 3.5004 ns/op
OverheadActual   7: 47696 op, 167548.00 ns, 3.5128 ns/op
OverheadActual   8: 47696 op, 285356.00 ns, 5.9828 ns/op
OverheadActual   9: 47696 op, 167127.00 ns, 3.5040 ns/op
OverheadActual  10: 47696 op, 167830.00 ns, 3.5187 ns/op
OverheadActual  11: 47696 op, 167468.00 ns, 3.5112 ns/op
OverheadActual  12: 47696 op, 257248.00 ns, 5.3935 ns/op
OverheadActual  13: 47696 op, 167098.00 ns, 3.5034 ns/op
OverheadActual  14: 47696 op, 167506.00 ns, 3.5120 ns/op
OverheadActual  15: 47696 op, 266869.00 ns, 5.5952 ns/op
OverheadActual  16: 47696 op, 166867.00 ns, 3.4986 ns/op
OverheadActual  17: 47696 op, 167024.00 ns, 3.5018 ns/op
OverheadActual  18: 47696 op, 276210.00 ns, 5.7911 ns/op
OverheadActual  19: 47696 op, 751441.00 ns, 15.7548 ns/op
OverheadActual  20: 47696 op, 677807.00 ns, 14.2110 ns/op

WorkloadWarmup   1: 47696 op, 1044677860.00 ns, 21.9028 us/op
WorkloadWarmup   2: 47696 op, 1076741821.00 ns, 22.5751 us/op
WorkloadWarmup   3: 47696 op, 781982456.00 ns, 16.3951 us/op
WorkloadWarmup   4: 47696 op, 729639285.00 ns, 15.2977 us/op
WorkloadWarmup   5: 47696 op, 723349913.00 ns, 15.1658 us/op
WorkloadWarmup   6: 47696 op, 735311933.00 ns, 15.4166 us/op
WorkloadWarmup   7: 47696 op, 732469332.00 ns, 15.3570 us/op

// BeforeActualRun
WorkloadActual   1: 47696 op, 733444483.00 ns, 15.3775 us/op
WorkloadActual   2: 47696 op, 1027635347.00 ns, 21.5455 us/op
WorkloadActual   3: 47696 op, 865224440.00 ns, 18.1404 us/op
WorkloadActual   4: 47696 op, 736467104.00 ns, 15.4409 us/op
WorkloadActual   5: 47696 op, 803839530.00 ns, 16.8534 us/op
WorkloadActual   6: 47696 op, 735868974.00 ns, 15.4283 us/op
WorkloadActual   7: 47696 op, 732064370.00 ns, 15.3485 us/op
WorkloadActual   8: 47696 op, 801871705.00 ns, 16.8121 us/op
WorkloadActual   9: 47696 op, 810433629.00 ns, 16.9916 us/op
WorkloadActual  10: 47696 op, 738459530.00 ns, 15.4826 us/op
WorkloadActual  11: 47696 op, 730383513.00 ns, 15.3133 us/op
WorkloadActual  12: 47696 op, 730237572.00 ns, 15.3102 us/op
WorkloadActual  13: 47696 op, 756110475.00 ns, 15.8527 us/op
WorkloadActual  14: 47696 op, 813062468.00 ns, 17.0468 us/op
WorkloadActual  15: 47696 op, 968562515.00 ns, 20.3070 us/op
WorkloadActual  16: 47696 op, 761695748.00 ns, 15.9698 us/op
WorkloadActual  17: 47696 op, 730772249.00 ns, 15.3215 us/op
WorkloadActual  18: 47696 op, 774053859.00 ns, 16.2289 us/op
WorkloadActual  19: 47696 op, 737726238.00 ns, 15.4673 us/op
WorkloadActual  20: 47696 op, 734626341.00 ns, 15.4023 us/op
WorkloadActual  21: 47696 op, 741062206.00 ns, 15.5372 us/op
WorkloadActual  22: 47696 op, 891117823.00 ns, 18.6833 us/op
WorkloadActual  23: 47696 op, 810466644.00 ns, 16.9923 us/op
WorkloadActual  24: 47696 op, 725291555.00 ns, 15.2065 us/op
WorkloadActual  25: 47696 op, 724342284.00 ns, 15.1866 us/op
WorkloadActual  26: 47696 op, 727783499.00 ns, 15.2588 us/op
WorkloadActual  27: 47696 op, 842119429.00 ns, 17.6560 us/op
WorkloadActual  28: 47696 op, 918680812.00 ns, 19.2612 us/op
WorkloadActual  29: 47696 op, 888044308.00 ns, 18.6188 us/op
WorkloadActual  30: 47696 op, 723762231.00 ns, 15.1745 us/op
WorkloadActual  31: 47696 op, 729585477.00 ns, 15.2966 us/op
WorkloadActual  32: 47696 op, 723983607.00 ns, 15.1791 us/op
WorkloadActual  33: 47696 op, 737105077.00 ns, 15.4542 us/op
WorkloadActual  34: 47696 op, 738909889.00 ns, 15.4921 us/op
WorkloadActual  35: 47696 op, 741230443.00 ns, 15.5407 us/op
WorkloadActual  36: 47696 op, 894532338.00 ns, 18.7549 us/op
WorkloadActual  37: 47696 op, 820024709.00 ns, 17.1927 us/op
WorkloadActual  38: 47696 op, 851335441.00 ns, 17.8492 us/op
WorkloadActual  39: 47696 op, 858074766.00 ns, 17.9905 us/op
WorkloadActual  40: 47696 op, 980675994.00 ns, 20.5610 us/op
WorkloadActual  41: 47696 op, 916813601.00 ns, 19.2220 us/op
WorkloadActual  42: 47696 op, 882625954.00 ns, 18.5052 us/op
WorkloadActual  43: 47696 op, 811481361.00 ns, 17.0136 us/op
WorkloadActual  44: 47696 op, 871412631.00 ns, 18.2701 us/op
WorkloadActual  45: 47696 op, 832091307.00 ns, 17.4457 us/op
WorkloadActual  46: 47696 op, 866775680.00 ns, 18.1729 us/op
WorkloadActual  47: 47696 op, 727480347.00 ns, 15.2524 us/op
WorkloadActual  48: 47696 op, 864740407.00 ns, 18.1303 us/op
WorkloadActual  49: 47696 op, 766299897.00 ns, 16.0663 us/op
WorkloadActual  50: 47696 op, 809781562.00 ns, 16.9780 us/op
WorkloadActual  51: 47696 op, 832921491.00 ns, 17.4631 us/op
WorkloadActual  52: 47696 op, 979780555.00 ns, 20.5422 us/op
WorkloadActual  53: 47696 op, 813695926.00 ns, 17.0600 us/op
WorkloadActual  54: 47696 op, 907277788.00 ns, 19.0221 us/op
WorkloadActual  55: 47696 op, 805723777.00 ns, 16.8929 us/op
WorkloadActual  56: 47696 op, 765632744.00 ns, 16.0523 us/op
WorkloadActual  57: 47696 op, 837056459.00 ns, 17.5498 us/op
WorkloadActual  58: 47696 op, 809831976.00 ns, 16.9790 us/op
WorkloadActual  59: 47696 op, 852600669.00 ns, 17.8757 us/op
WorkloadActual  60: 47696 op, 834232652.00 ns, 17.4906 us/op
WorkloadActual  61: 47696 op, 843950224.00 ns, 17.6944 us/op
WorkloadActual  62: 47696 op, 861532364.00 ns, 18.0630 us/op
WorkloadActual  63: 47696 op, 724401324.00 ns, 15.1879 us/op
WorkloadActual  64: 47696 op, 816576790.00 ns, 17.1204 us/op
WorkloadActual  65: 47696 op, 835580616.00 ns, 17.5189 us/op
WorkloadActual  66: 47696 op, 727014378.00 ns, 15.2427 us/op
WorkloadActual  67: 47696 op, 855987011.00 ns, 17.9467 us/op
WorkloadActual  68: 47696 op, 745726407.00 ns, 15.6350 us/op
WorkloadActual  69: 47696 op, 727706349.00 ns, 15.2572 us/op
WorkloadActual  70: 47696 op, 749138617.00 ns, 15.7065 us/op
WorkloadActual  71: 47696 op, 745400341.00 ns, 15.6282 us/op
WorkloadActual  72: 47696 op, 761431068.00 ns, 15.9643 us/op
WorkloadActual  73: 47696 op, 738594924.00 ns, 15.4855 us/op
WorkloadActual  74: 47696 op, 869447142.00 ns, 18.2289 us/op
WorkloadActual  75: 47696 op, 807652485.00 ns, 16.9333 us/op
WorkloadActual  76: 47696 op, 772545574.00 ns, 16.1973 us/op
WorkloadActual  77: 47696 op, 843328107.00 ns, 17.6813 us/op
WorkloadActual  78: 47696 op, 841770687.00 ns, 17.6487 us/op
WorkloadActual  79: 47696 op, 803614752.00 ns, 16.8487 us/op
WorkloadActual  80: 47696 op, 732523583.00 ns, 15.3582 us/op
WorkloadActual  81: 47696 op, 894923339.00 ns, 18.7631 us/op
WorkloadActual  82: 47696 op, 723639757.00 ns, 15.1719 us/op
WorkloadActual  83: 47696 op, 724385244.00 ns, 15.1875 us/op
WorkloadActual  84: 47696 op, 729203468.00 ns, 15.2886 us/op
WorkloadActual  85: 47696 op, 725519572.00 ns, 15.2113 us/op
WorkloadActual  86: 47696 op, 729660204.00 ns, 15.2981 us/op
WorkloadActual  87: 47696 op, 733360377.00 ns, 15.3757 us/op
WorkloadActual  88: 47696 op, 851696784.00 ns, 17.8568 us/op
WorkloadActual  89: 47696 op, 723856122.00 ns, 15.1765 us/op
WorkloadActual  90: 47696 op, 817265122.00 ns, 17.1349 us/op
WorkloadActual  91: 47696 op, 852911838.00 ns, 17.8823 us/op
WorkloadActual  92: 47696 op, 755905924.00 ns, 15.8484 us/op
WorkloadActual  93: 47696 op, 762411145.00 ns, 15.9848 us/op
WorkloadActual  94: 47696 op, 835100558.00 ns, 17.5088 us/op
WorkloadActual  95: 47696 op, 735574164.00 ns, 15.4221 us/op
WorkloadActual  96: 47696 op, 777457812.00 ns, 16.3003 us/op
WorkloadActual  97: 47696 op, 742659098.00 ns, 15.5707 us/op
WorkloadActual  98: 47696 op, 908092441.00 ns, 19.0392 us/op
WorkloadActual  99: 47696 op, 741252205.00 ns, 15.5412 us/op
WorkloadActual  100: 47696 op, 728611981.00 ns, 15.2762 us/op

// AfterActualRun
WorkloadResult   1: 47696 op, 733270860.00 ns, 15.3738 us/op
WorkloadResult   2: 47696 op, 1027461724.00 ns, 21.5419 us/op
WorkloadResult   3: 47696 op, 865050817.00 ns, 18.1368 us/op
WorkloadResult   4: 47696 op, 736293481.00 ns, 15.4372 us/op
WorkloadResult   5: 47696 op, 803665907.00 ns, 16.8498 us/op
WorkloadResult   6: 47696 op, 735695351.00 ns, 15.4247 us/op
WorkloadResult   7: 47696 op, 731890747.00 ns, 15.3449 us/op
WorkloadResult   8: 47696 op, 801698082.00 ns, 16.8085 us/op
WorkloadResult   9: 47696 op, 810260006.00 ns, 16.9880 us/op
WorkloadResult  10: 47696 op, 738285907.00 ns, 15.4790 us/op
WorkloadResult  11: 47696 op, 730209890.00 ns, 15.3097 us/op
WorkloadResult  12: 47696 op, 730063949.00 ns, 15.3066 us/op
WorkloadResult  13: 47696 op, 755936852.00 ns, 15.8491 us/op
WorkloadResult  14: 47696 op, 812888845.00 ns, 17.0431 us/op
WorkloadResult  15: 47696 op, 968388892.00 ns, 20.3034 us/op
WorkloadResult  16: 47696 op, 761522125.00 ns, 15.9662 us/op
WorkloadResult  17: 47696 op, 730598626.00 ns, 15.3178 us/op
WorkloadResult  18: 47696 op, 773880236.00 ns, 16.2253 us/op
WorkloadResult  19: 47696 op, 737552615.00 ns, 15.4636 us/op
WorkloadResult  20: 47696 op, 734452718.00 ns, 15.3986 us/op
WorkloadResult  21: 47696 op, 740888583.00 ns, 15.5336 us/op
WorkloadResult  22: 47696 op, 890944200.00 ns, 18.6796 us/op
WorkloadResult  23: 47696 op, 810293021.00 ns, 16.9887 us/op
WorkloadResult  24: 47696 op, 725117932.00 ns, 15.2029 us/op
WorkloadResult  25: 47696 op, 724168661.00 ns, 15.1830 us/op
WorkloadResult  26: 47696 op, 727609876.00 ns, 15.2552 us/op
WorkloadResult  27: 47696 op, 841945806.00 ns, 17.6523 us/op
WorkloadResult  28: 47696 op, 918507189.00 ns, 19.2575 us/op
WorkloadResult  29: 47696 op, 887870685.00 ns, 18.6152 us/op
WorkloadResult  30: 47696 op, 723588608.00 ns, 15.1708 us/op
WorkloadResult  31: 47696 op, 729411854.00 ns, 15.2929 us/op
WorkloadResult  32: 47696 op, 723809984.00 ns, 15.1755 us/op
WorkloadResult  33: 47696 op, 736931454.00 ns, 15.4506 us/op
WorkloadResult  34: 47696 op, 738736266.00 ns, 15.4884 us/op
WorkloadResult  35: 47696 op, 741056820.00 ns, 15.5371 us/op
WorkloadResult  36: 47696 op, 894358715.00 ns, 18.7512 us/op
WorkloadResult  37: 47696 op, 819851086.00 ns, 17.1891 us/op
WorkloadResult  38: 47696 op, 851161818.00 ns, 17.8456 us/op
WorkloadResult  39: 47696 op, 857901143.00 ns, 17.9869 us/op
WorkloadResult  40: 47696 op, 980502371.00 ns, 20.5573 us/op
WorkloadResult  41: 47696 op, 916639978.00 ns, 19.2184 us/op
WorkloadResult  42: 47696 op, 882452331.00 ns, 18.5016 us/op
WorkloadResult  43: 47696 op, 811307738.00 ns, 17.0100 us/op
WorkloadResult  44: 47696 op, 871239008.00 ns, 18.2665 us/op
WorkloadResult  45: 47696 op, 831917684.00 ns, 17.4421 us/op
WorkloadResult  46: 47696 op, 866602057.00 ns, 18.1693 us/op
WorkloadResult  47: 47696 op, 727306724.00 ns, 15.2488 us/op
WorkloadResult  48: 47696 op, 864566784.00 ns, 18.1266 us/op
WorkloadResult  49: 47696 op, 766126274.00 ns, 16.0627 us/op
WorkloadResult  50: 47696 op, 809607939.00 ns, 16.9743 us/op
WorkloadResult  51: 47696 op, 832747868.00 ns, 17.4595 us/op
WorkloadResult  52: 47696 op, 979606932.00 ns, 20.5386 us/op
WorkloadResult  53: 47696 op, 813522303.00 ns, 17.0564 us/op
WorkloadResult  54: 47696 op, 907104165.00 ns, 19.0185 us/op
WorkloadResult  55: 47696 op, 805550154.00 ns, 16.8893 us/op
WorkloadResult  56: 47696 op, 765459121.00 ns, 16.0487 us/op
WorkloadResult  57: 47696 op, 836882836.00 ns, 17.5462 us/op
WorkloadResult  58: 47696 op, 809658353.00 ns, 16.9754 us/op
WorkloadResult  59: 47696 op, 852427046.00 ns, 17.8721 us/op
WorkloadResult  60: 47696 op, 834059029.00 ns, 17.4870 us/op
WorkloadResult  61: 47696 op, 843776601.00 ns, 17.6907 us/op
WorkloadResult  62: 47696 op, 861358741.00 ns, 18.0593 us/op
WorkloadResult  63: 47696 op, 724227701.00 ns, 15.1842 us/op
WorkloadResult  64: 47696 op, 816403167.00 ns, 17.1168 us/op
WorkloadResult  65: 47696 op, 835406993.00 ns, 17.5152 us/op
WorkloadResult  66: 47696 op, 726840755.00 ns, 15.2390 us/op
WorkloadResult  67: 47696 op, 855813388.00 ns, 17.9431 us/op
WorkloadResult  68: 47696 op, 745552784.00 ns, 15.6313 us/op
WorkloadResult  69: 47696 op, 727532726.00 ns, 15.2535 us/op
WorkloadResult  70: 47696 op, 748964994.00 ns, 15.7029 us/op
WorkloadResult  71: 47696 op, 745226718.00 ns, 15.6245 us/op
WorkloadResult  72: 47696 op, 761257445.00 ns, 15.9606 us/op
WorkloadResult  73: 47696 op, 738421301.00 ns, 15.4818 us/op
WorkloadResult  74: 47696 op, 869273519.00 ns, 18.2253 us/op
WorkloadResult  75: 47696 op, 807478862.00 ns, 16.9297 us/op
WorkloadResult  76: 47696 op, 772371951.00 ns, 16.1936 us/op
WorkloadResult  77: 47696 op, 843154484.00 ns, 17.6777 us/op
WorkloadResult  78: 47696 op, 841597064.00 ns, 17.6450 us/op
WorkloadResult  79: 47696 op, 803441129.00 ns, 16.8450 us/op
WorkloadResult  80: 47696 op, 732349960.00 ns, 15.3545 us/op
WorkloadResult  81: 47696 op, 894749716.00 ns, 18.7594 us/op
WorkloadResult  82: 47696 op, 723466134.00 ns, 15.1683 us/op
WorkloadResult  83: 47696 op, 724211621.00 ns, 15.1839 us/op
WorkloadResult  84: 47696 op, 729029845.00 ns, 15.2849 us/op
WorkloadResult  85: 47696 op, 725345949.00 ns, 15.2077 us/op
WorkloadResult  86: 47696 op, 729486581.00 ns, 15.2945 us/op
WorkloadResult  87: 47696 op, 733186754.00 ns, 15.3721 us/op
WorkloadResult  88: 47696 op, 851523161.00 ns, 17.8531 us/op
WorkloadResult  89: 47696 op, 723682499.00 ns, 15.1728 us/op
WorkloadResult  90: 47696 op, 817091499.00 ns, 17.1312 us/op
WorkloadResult  91: 47696 op, 852738215.00 ns, 17.8786 us/op
WorkloadResult  92: 47696 op, 755732301.00 ns, 15.8448 us/op
WorkloadResult  93: 47696 op, 762237522.00 ns, 15.9812 us/op
WorkloadResult  94: 47696 op, 834926935.00 ns, 17.5052 us/op
WorkloadResult  95: 47696 op, 735400541.00 ns, 15.4185 us/op
WorkloadResult  96: 47696 op, 777284189.00 ns, 16.2966 us/op
WorkloadResult  97: 47696 op, 742485475.00 ns, 15.5670 us/op
WorkloadResult  98: 47696 op, 907918818.00 ns, 19.0355 us/op
WorkloadResult  99: 47696 op, 741078582.00 ns, 15.5375 us/op
WorkloadResult  100: 47696 op, 728438358.00 ns, 15.2725 us/op

// AfterAll
// Benchmark Process 1010426 has exited with code 0.

Mean = 16.743 μs, StdErr = 0.148 μs (0.88%), N = 100, StdDev = 1.479 μs
Min = 15.168 μs, Q1 = 15.414 μs, Median = 16.553 μs, Q3 = 17.729 μs, Max = 21.542 μs
IQR = 2.316 μs, LowerFence = 11.940 μs, UpperFence = 21.203 μs
ConfidenceInterval = [16.242 μs; 17.245 μs] (CI 99.9%), Margin = 0.502 μs (3.00% of Mean)
Skewness = 0.85, Kurtosis = 3.16, MValue = 2.79

// ** Remained 7 (70.0 %) benchmark(s) to run. Estimated finish 2026-05-17 16:08 (0h 15m from now) **
// **************************
// Benchmark: SmokeBenchByte.SpanJson_Deser: Energy(OutlierMode=DontRemove, IterationTime=1s)
// *** Execute ***
// Launch: 1 / 1
// Execute: dotnet JsonBench-Energy-1.dll --anonymousPipes 125 126 --benchmarkName JsonBench.Benchmarks.SmokeBenchByte.SpanJson_Deser --job Energy --benchmarkId 3 in /home/test/json-energy-bench/JsonBench/bin/Release/net10.0/JsonBench-Energy-1/bin/Release/net10.0
// BeforeAnythingElse

// Benchmark Process Environment Information:
// BenchmarkDotNet v0.15.5-develop (2026-05-17)
// Runtime=.NET 10.0.7 (10.0.7, 10.0.726.21808), X64 RyuJIT x86-64-v3
// GC=Concurrent Workstation
// HardwareIntrinsics=AVX2+BMI1+BMI2+F16C+FMA+LZCNT+MOVBE,AVX,SSE3+SSSE3+SSE4.1+SSE4.2+POPCNT,X86Base+SSE+SSE2,AES+PCLMUL VectorSize=256
// Job: Energy(OutlierMode=DontRemove, IterationTime=1s)

OverheadJitting  1: 1 op, 199309.00 ns, 199.3090 us/op
WorkloadJitting  1: 1 op, 66683737.00 ns, 66.6837 ms/op

WorkloadPilot    1: 4 op, 88018.00 ns, 22.0045 us/op
WorkloadPilot    2: 45445 op, 590195000.00 ns, 12.9870 us/op
WorkloadPilot    3: 77000 op, 583476479.00 ns, 7.5776 us/op
WorkloadPilot    4: 131968 op, 974679546.00 ns, 7.3857 us/op
WorkloadPilot    5: 135396 op, 1101859296.00 ns, 8.1380 us/op
WorkloadPilot    6: 122880 op, 1060063213.00 ns, 8.6268 us/op
WorkloadPilot    7: 115918 op, 978347481.00 ns, 8.4400 us/op
WorkloadPilot    8: 118483 op, 936572442.00 ns, 7.9047 us/op
WorkloadPilot    9: 126507 op, 832696434.00 ns, 6.5822 us/op
WorkloadPilot   10: 151925 op, 884588566.00 ns, 5.8225 us/op
WorkloadPilot   11: 171747 op, 1078891362.00 ns, 6.2819 us/op

WorkloadWarmup   1: 171747 op, 1061276418.00 ns, 6.1793 us/op
WorkloadWarmup   2: 171747 op, 1074479048.00 ns, 6.2562 us/op
WorkloadWarmup   3: 171747 op, 1294801939.00 ns, 7.5390 us/op
WorkloadWarmup   4: 171747 op, 1133569248.00 ns, 6.6002 us/op
WorkloadWarmup   5: 171747 op, 1095447439.00 ns, 6.3783 us/op
WorkloadWarmup   6: 171747 op, 982389635.00 ns, 5.7200 us/op
WorkloadWarmup   7: 171747 op, 1165537918.00 ns, 6.7864 us/op
WorkloadWarmup   8: 171747 op, 1032568133.00 ns, 6.0121 us/op

// BeforeActualRun
WorkloadActual   1: 171747 op, 1030633819.00 ns, 6.0009 us/op
WorkloadActual   2: 171747 op, 990852568.00 ns, 5.7693 us/op
WorkloadActual   3: 171747 op, 989136210.00 ns, 5.7593 us/op
WorkloadActual   4: 171747 op, 1295148697.00 ns, 7.5410 us/op
WorkloadActual   5: 171747 op, 1127042308.00 ns, 6.5622 us/op
WorkloadActual   6: 171747 op, 999133888.00 ns, 5.8175 us/op
WorkloadActual   7: 171747 op, 1000430116.00 ns, 5.8250 us/op
WorkloadActual   8: 171747 op, 999758115.00 ns, 5.8211 us/op
WorkloadActual   9: 171747 op, 1128838866.00 ns, 6.5727 us/op
WorkloadActual  10: 171747 op, 1003406734.00 ns, 5.8424 us/op
WorkloadActual  11: 171747 op, 1005602623.00 ns, 5.8551 us/op
WorkloadActual  12: 171747 op, 1002292410.00 ns, 5.8359 us/op
WorkloadActual  13: 171747 op, 1118671769.00 ns, 6.5135 us/op
WorkloadActual  14: 171747 op, 1253873024.00 ns, 7.3007 us/op
WorkloadActual  15: 171747 op, 1033792108.00 ns, 6.0193 us/op
WorkloadActual  16: 171747 op, 991994564.00 ns, 5.7759 us/op
WorkloadActual  17: 171747 op, 994771237.00 ns, 5.7921 us/op
WorkloadActual  18: 171747 op, 1004413623.00 ns, 5.8482 us/op
WorkloadActual  19: 171747 op, 1151118868.00 ns, 6.7024 us/op
WorkloadActual  20: 171747 op, 1085132677.00 ns, 6.3182 us/op
WorkloadActual  21: 171747 op, 996845083.00 ns, 5.8041 us/op
WorkloadActual  22: 171747 op, 998171193.00 ns, 5.8119 us/op
WorkloadActual  23: 171747 op, 1199435287.00 ns, 6.9837 us/op
WorkloadActual  24: 171747 op, 1250471683.00 ns, 7.2809 us/op
WorkloadActual  25: 171747 op, 1078330939.00 ns, 6.2786 us/op
WorkloadActual  26: 171747 op, 1121122408.00 ns, 6.5278 us/op
WorkloadActual  27: 171747 op, 1045980293.00 ns, 6.0902 us/op
WorkloadActual  28: 171747 op, 1067662758.00 ns, 6.2165 us/op
WorkloadActual  29: 171747 op, 1152046755.00 ns, 6.7078 us/op
WorkloadActual  30: 171747 op, 1102476034.00 ns, 6.4192 us/op
WorkloadActual  31: 171747 op, 1125958014.00 ns, 6.5559 us/op
WorkloadActual  32: 171747 op, 1156540836.00 ns, 6.7340 us/op
WorkloadActual  33: 171747 op, 1217724017.00 ns, 7.0902 us/op
WorkloadActual  34: 171747 op, 1144714752.00 ns, 6.6651 us/op
WorkloadActual  35: 171747 op, 1243533770.00 ns, 7.2405 us/op
WorkloadActual  36: 171747 op, 1106740806.00 ns, 6.4440 us/op
WorkloadActual  37: 171747 op, 1113702794.00 ns, 6.4846 us/op
WorkloadActual  38: 171747 op, 1114811680.00 ns, 6.4910 us/op
WorkloadActual  39: 171747 op, 982789307.00 ns, 5.7223 us/op
WorkloadActual  40: 171747 op, 1035097399.00 ns, 6.0269 us/op
WorkloadActual  41: 171747 op, 1241680416.00 ns, 7.2297 us/op
WorkloadActual  42: 171747 op, 1114670476.00 ns, 6.4902 us/op
WorkloadActual  43: 171747 op, 1097493958.00 ns, 6.3902 us/op
WorkloadActual  44: 171747 op, 980347627.00 ns, 5.7081 us/op
WorkloadActual  45: 171747 op, 988485235.00 ns, 5.7555 us/op
WorkloadActual  46: 171747 op, 991652948.00 ns, 5.7739 us/op
WorkloadActual  47: 171747 op, 1008358623.00 ns, 5.8712 us/op
WorkloadActual  48: 171747 op, 1067588064.00 ns, 6.2161 us/op
WorkloadActual  49: 171747 op, 995542448.00 ns, 5.7966 us/op
WorkloadActual  50: 171747 op, 1133467767.00 ns, 6.5996 us/op
WorkloadActual  51: 171747 op, 1008450026.00 ns, 5.8717 us/op
WorkloadActual  52: 171747 op, 1107773724.00 ns, 6.4500 us/op
WorkloadActual  53: 171747 op, 1204248560.00 ns, 7.0118 us/op
WorkloadActual  54: 171747 op, 1111817506.00 ns, 6.4736 us/op
WorkloadActual  55: 171747 op, 1108032596.00 ns, 6.4515 us/op
WorkloadActual  56: 171747 op, 1123616828.00 ns, 6.5423 us/op
WorkloadActual  57: 171747 op, 1227279684.00 ns, 7.1459 us/op
WorkloadActual  58: 171747 op, 1096357718.00 ns, 6.3836 us/op
WorkloadActual  59: 171747 op, 1245854237.00 ns, 7.2540 us/op
WorkloadActual  60: 171747 op, 985336532.00 ns, 5.7371 us/op
WorkloadActual  61: 171747 op, 983417711.00 ns, 5.7260 us/op
WorkloadActual  62: 171747 op, 1135348086.00 ns, 6.6106 us/op
WorkloadActual  63: 171747 op, 995343670.00 ns, 5.7954 us/op
WorkloadActual  64: 171747 op, 996800204.00 ns, 5.8039 us/op
WorkloadActual  65: 171747 op, 1002921185.00 ns, 5.8395 us/op
WorkloadActual  66: 171747 op, 1051299986.00 ns, 6.1212 us/op
WorkloadActual  67: 171747 op, 1191493163.00 ns, 6.9375 us/op
WorkloadActual  68: 171747 op, 1115716347.00 ns, 6.4963 us/op
WorkloadActual  69: 171747 op, 1180857064.00 ns, 6.8756 us/op
WorkloadActual  70: 171747 op, 988840101.00 ns, 5.7575 us/op
WorkloadActual  71: 171747 op, 994089298.00 ns, 5.7881 us/op
WorkloadActual  72: 171747 op, 1080977239.00 ns, 6.2940 us/op
WorkloadActual  73: 171747 op, 1017066236.00 ns, 5.9219 us/op
WorkloadActual  74: 171747 op, 1094905502.00 ns, 6.3751 us/op
WorkloadActual  75: 171747 op, 1005215169.00 ns, 5.8529 us/op
WorkloadActual  76: 171747 op, 991578075.00 ns, 5.7735 us/op
WorkloadActual  77: 171747 op, 1086911565.00 ns, 6.3286 us/op
WorkloadActual  78: 171747 op, 1157085797.00 ns, 6.7372 us/op
WorkloadActual  79: 171747 op, 1019096149.00 ns, 5.9337 us/op
WorkloadActual  80: 171747 op, 1107486552.00 ns, 6.4484 us/op
WorkloadActual  81: 171747 op, 1001635734.00 ns, 5.8320 us/op
WorkloadActual  82: 171747 op, 1093460357.00 ns, 6.3667 us/op
WorkloadActual  83: 171747 op, 1010680097.00 ns, 5.8847 us/op
WorkloadActual  84: 171747 op, 997298563.00 ns, 5.8068 us/op
WorkloadActual  85: 171747 op, 998373716.00 ns, 5.8130 us/op
WorkloadActual  86: 171747 op, 1004785441.00 ns, 5.8504 us/op
WorkloadActual  87: 171747 op, 1099348318.00 ns, 6.4010 us/op
WorkloadActual  88: 171747 op, 1201480283.00 ns, 6.9956 us/op
WorkloadActual  89: 171747 op, 1108297723.00 ns, 6.4531 us/op
WorkloadActual  90: 171747 op, 1007851139.00 ns, 5.8682 us/op
WorkloadActual  91: 171747 op, 1034539272.00 ns, 6.0236 us/op
WorkloadActual  92: 171747 op, 1086504010.00 ns, 6.3262 us/op
WorkloadActual  93: 171747 op, 1003045178.00 ns, 5.8402 us/op
WorkloadActual  94: 171747 op, 991768313.00 ns, 5.7746 us/op
WorkloadActual  95: 171747 op, 988711410.00 ns, 5.7568 us/op
WorkloadActual  96: 171747 op, 993052762.00 ns, 5.7821 us/op
WorkloadActual  97: 171747 op, 1129075440.00 ns, 6.5741 us/op
WorkloadActual  98: 171747 op, 1189459401.00 ns, 6.9256 us/op
WorkloadActual  99: 171747 op, 993554212.00 ns, 5.7850 us/op
WorkloadActual  100: 171747 op, 1001955543.00 ns, 5.8339 us/op

// AfterActualRun
WorkloadResult   1: 171747 op, 1030633819.00 ns, 6.0009 us/op
WorkloadResult   2: 171747 op, 990852568.00 ns, 5.7693 us/op
WorkloadResult   3: 171747 op, 989136210.00 ns, 5.7593 us/op
WorkloadResult   4: 171747 op, 1295148697.00 ns, 7.5410 us/op
WorkloadResult   5: 171747 op, 1127042308.00 ns, 6.5622 us/op
WorkloadResult   6: 171747 op, 999133888.00 ns, 5.8175 us/op
WorkloadResult   7: 171747 op, 1000430116.00 ns, 5.8250 us/op
WorkloadResult   8: 171747 op, 999758115.00 ns, 5.8211 us/op
WorkloadResult   9: 171747 op, 1128838866.00 ns, 6.5727 us/op
WorkloadResult  10: 171747 op, 1003406734.00 ns, 5.8424 us/op
WorkloadResult  11: 171747 op, 1005602623.00 ns, 5.8551 us/op
WorkloadResult  12: 171747 op, 1002292410.00 ns, 5.8359 us/op
WorkloadResult  13: 171747 op, 1118671769.00 ns, 6.5135 us/op
WorkloadResult  14: 171747 op, 1253873024.00 ns, 7.3007 us/op
WorkloadResult  15: 171747 op, 1033792108.00 ns, 6.0193 us/op
WorkloadResult  16: 171747 op, 991994564.00 ns, 5.7759 us/op
WorkloadResult  17: 171747 op, 994771237.00 ns, 5.7921 us/op
WorkloadResult  18: 171747 op, 1004413623.00 ns, 5.8482 us/op
WorkloadResult  19: 171747 op, 1151118868.00 ns, 6.7024 us/op
WorkloadResult  20: 171747 op, 1085132677.00 ns, 6.3182 us/op
WorkloadResult  21: 171747 op, 996845083.00 ns, 5.8041 us/op
WorkloadResult  22: 171747 op, 998171193.00 ns, 5.8119 us/op
WorkloadResult  23: 171747 op, 1199435287.00 ns, 6.9837 us/op
WorkloadResult  24: 171747 op, 1250471683.00 ns, 7.2809 us/op
WorkloadResult  25: 171747 op, 1078330939.00 ns, 6.2786 us/op
WorkloadResult  26: 171747 op, 1121122408.00 ns, 6.5278 us/op
WorkloadResult  27: 171747 op, 1045980293.00 ns, 6.0902 us/op
WorkloadResult  28: 171747 op, 1067662758.00 ns, 6.2165 us/op
WorkloadResult  29: 171747 op, 1152046755.00 ns, 6.7078 us/op
WorkloadResult  30: 171747 op, 1102476034.00 ns, 6.4192 us/op
WorkloadResult  31: 171747 op, 1125958014.00 ns, 6.5559 us/op
WorkloadResult  32: 171747 op, 1156540836.00 ns, 6.7340 us/op
WorkloadResult  33: 171747 op, 1217724017.00 ns, 7.0902 us/op
WorkloadResult  34: 171747 op, 1144714752.00 ns, 6.6651 us/op
WorkloadResult  35: 171747 op, 1243533770.00 ns, 7.2405 us/op
WorkloadResult  36: 171747 op, 1106740806.00 ns, 6.4440 us/op
WorkloadResult  37: 171747 op, 1113702794.00 ns, 6.4846 us/op
WorkloadResult  38: 171747 op, 1114811680.00 ns, 6.4910 us/op
WorkloadResult  39: 171747 op, 982789307.00 ns, 5.7223 us/op
WorkloadResult  40: 171747 op, 1035097399.00 ns, 6.0269 us/op
WorkloadResult  41: 171747 op, 1241680416.00 ns, 7.2297 us/op
WorkloadResult  42: 171747 op, 1114670476.00 ns, 6.4902 us/op
WorkloadResult  43: 171747 op, 1097493958.00 ns, 6.3902 us/op
WorkloadResult  44: 171747 op, 980347627.00 ns, 5.7081 us/op
WorkloadResult  45: 171747 op, 988485235.00 ns, 5.7555 us/op
WorkloadResult  46: 171747 op, 991652948.00 ns, 5.7739 us/op
WorkloadResult  47: 171747 op, 1008358623.00 ns, 5.8712 us/op
WorkloadResult  48: 171747 op, 1067588064.00 ns, 6.2161 us/op
WorkloadResult  49: 171747 op, 995542448.00 ns, 5.7966 us/op
WorkloadResult  50: 171747 op, 1133467767.00 ns, 6.5996 us/op
WorkloadResult  51: 171747 op, 1008450026.00 ns, 5.8717 us/op
WorkloadResult  52: 171747 op, 1107773724.00 ns, 6.4500 us/op
WorkloadResult  53: 171747 op, 1204248560.00 ns, 7.0118 us/op
WorkloadResult  54: 171747 op, 1111817506.00 ns, 6.4736 us/op
WorkloadResult  55: 171747 op, 1108032596.00 ns, 6.4515 us/op
WorkloadResult  56: 171747 op, 1123616828.00 ns, 6.5423 us/op
WorkloadResult  57: 171747 op, 1227279684.00 ns, 7.1459 us/op
WorkloadResult  58: 171747 op, 1096357718.00 ns, 6.3836 us/op
WorkloadResult  59: 171747 op, 1245854237.00 ns, 7.2540 us/op
WorkloadResult  60: 171747 op, 985336532.00 ns, 5.7371 us/op
WorkloadResult  61: 171747 op, 983417711.00 ns, 5.7260 us/op
WorkloadResult  62: 171747 op, 1135348086.00 ns, 6.6106 us/op
WorkloadResult  63: 171747 op, 995343670.00 ns, 5.7954 us/op
WorkloadResult  64: 171747 op, 996800204.00 ns, 5.8039 us/op
WorkloadResult  65: 171747 op, 1002921185.00 ns, 5.8395 us/op
WorkloadResult  66: 171747 op, 1051299986.00 ns, 6.1212 us/op
WorkloadResult  67: 171747 op, 1191493163.00 ns, 6.9375 us/op
WorkloadResult  68: 171747 op, 1115716347.00 ns, 6.4963 us/op
WorkloadResult  69: 171747 op, 1180857064.00 ns, 6.8756 us/op
WorkloadResult  70: 171747 op, 988840101.00 ns, 5.7575 us/op
WorkloadResult  71: 171747 op, 994089298.00 ns, 5.7881 us/op
WorkloadResult  72: 171747 op, 1080977239.00 ns, 6.2940 us/op
WorkloadResult  73: 171747 op, 1017066236.00 ns, 5.9219 us/op
WorkloadResult  74: 171747 op, 1094905502.00 ns, 6.3751 us/op
WorkloadResult  75: 171747 op, 1005215169.00 ns, 5.8529 us/op
WorkloadResult  76: 171747 op, 991578075.00 ns, 5.7735 us/op
WorkloadResult  77: 171747 op, 1086911565.00 ns, 6.3286 us/op
WorkloadResult  78: 171747 op, 1157085797.00 ns, 6.7372 us/op
WorkloadResult  79: 171747 op, 1019096149.00 ns, 5.9337 us/op
WorkloadResult  80: 171747 op, 1107486552.00 ns, 6.4484 us/op
WorkloadResult  81: 171747 op, 1001635734.00 ns, 5.8320 us/op
WorkloadResult  82: 171747 op, 1093460357.00 ns, 6.3667 us/op
WorkloadResult  83: 171747 op, 1010680097.00 ns, 5.8847 us/op
WorkloadResult  84: 171747 op, 997298563.00 ns, 5.8068 us/op
WorkloadResult  85: 171747 op, 998373716.00 ns, 5.8130 us/op
WorkloadResult  86: 171747 op, 1004785441.00 ns, 5.8504 us/op
WorkloadResult  87: 171747 op, 1099348318.00 ns, 6.4010 us/op
WorkloadResult  88: 171747 op, 1201480283.00 ns, 6.9956 us/op
WorkloadResult  89: 171747 op, 1108297723.00 ns, 6.4531 us/op
WorkloadResult  90: 171747 op, 1007851139.00 ns, 5.8682 us/op
WorkloadResult  91: 171747 op, 1034539272.00 ns, 6.0236 us/op
WorkloadResult  92: 171747 op, 1086504010.00 ns, 6.3262 us/op
WorkloadResult  93: 171747 op, 1003045178.00 ns, 5.8402 us/op
WorkloadResult  94: 171747 op, 991768313.00 ns, 5.7746 us/op
WorkloadResult  95: 171747 op, 988711410.00 ns, 5.7568 us/op
WorkloadResult  96: 171747 op, 993052762.00 ns, 5.7821 us/op
WorkloadResult  97: 171747 op, 1129075440.00 ns, 6.5741 us/op
WorkloadResult  98: 171747 op, 1189459401.00 ns, 6.9256 us/op
WorkloadResult  99: 171747 op, 993554212.00 ns, 5.7850 us/op
WorkloadResult  100: 171747 op, 1001955543.00 ns, 5.8339 us/op

// AfterAll
// Benchmark Process 1011178 has exited with code 0.

Mean = 6.255 μs, StdErr = 0.048 μs (0.76%), N = 100, StdDev = 0.477 μs
Min = 5.708 μs, Q1 = 5.820 μs, Median = 6.216 μs, Q3 = 6.546 μs, Max = 7.541 μs
IQR = 0.725 μs, LowerFence = 4.732 μs, UpperFence = 7.634 μs
ConfidenceInterval = [6.093 μs; 6.417 μs] (CI 99.9%), Margin = 0.162 μs (2.59% of Mean)
Skewness = 0.69, Kurtosis = 2.43, MValue = 2.98

// ** Remained 6 (60.0 %) benchmark(s) to run. Estimated finish 2026-05-17 16:08 (0h 13m from now) **
// **************************
// Benchmark: SmokeBenchByte.Utf8Json_Deser: Energy(OutlierMode=DontRemove, IterationTime=1s)
// *** Execute ***
// Launch: 1 / 1
// Execute: dotnet JsonBench-Energy-1.dll --anonymousPipes 125 126 --benchmarkName JsonBench.Benchmarks.SmokeBenchByte.Utf8Json_Deser --job Energy --benchmarkId 4 in /home/test/json-energy-bench/JsonBench/bin/Release/net10.0/JsonBench-Energy-1/bin/Release/net10.0
// BeforeAnythingElse

// Benchmark Process Environment Information:
// BenchmarkDotNet v0.15.5-develop (2026-05-17)
// Runtime=.NET 10.0.7 (10.0.7, 10.0.726.21808), X64 RyuJIT x86-64-v3
// GC=Concurrent Workstation
// HardwareIntrinsics=AVX2+BMI1+BMI2+F16C+FMA+LZCNT+MOVBE,AVX,SSE3+SSSE3+SSE4.1+SSE4.2+POPCNT,X86Base+SSE+SSE2,AES+PCLMUL VectorSize=256
// Job: Energy(OutlierMode=DontRemove, IterationTime=1s)

OverheadJitting  1: 1 op, 186754.00 ns, 186.7540 us/op
WorkloadJitting  1: 1 op, 67469995.00 ns, 67.4700 ms/op

WorkloadPilot    1: 4 op, 218977.00 ns, 54.7443 us/op
WorkloadPilot    2: 18267 op, 482825686.00 ns, 26.4316 us/op
WorkloadPilot    3: 37834 op, 337687915.00 ns, 8.9255 us/op
WorkloadPilot    4: 112038 op, 1188488220.00 ns, 10.6079 us/op
WorkloadPilot    5: 94269 op, 1092039751.00 ns, 11.5843 us/op
WorkloadPilot    6: 86324 op, 1072413774.00 ns, 12.4231 us/op

WorkloadWarmup   1: 86324 op, 1063153945.00 ns, 12.3159 us/op
WorkloadWarmup   2: 86324 op, 1054693542.00 ns, 12.2178 us/op
WorkloadWarmup   3: 86324 op, 866618552.00 ns, 10.0391 us/op
WorkloadWarmup   4: 86324 op, 814376315.00 ns, 9.4340 us/op
WorkloadWarmup   5: 86324 op, 804977628.00 ns, 9.3251 us/op
WorkloadWarmup   6: 86324 op, 743907620.00 ns, 8.6176 us/op
WorkloadWarmup   7: 86324 op, 749285939.00 ns, 8.6799 us/op
WorkloadWarmup   8: 86324 op, 761187690.00 ns, 8.8178 us/op
WorkloadWarmup   9: 86324 op, 976792058.00 ns, 11.3154 us/op
WorkloadWarmup  10: 86324 op, 886151994.00 ns, 10.2654 us/op
WorkloadWarmup  11: 86324 op, 765079855.00 ns, 8.8629 us/op
WorkloadWarmup  12: 86324 op, 736649257.00 ns, 8.5335 us/op
WorkloadWarmup  13: 86324 op, 739359226.00 ns, 8.5649 us/op
WorkloadWarmup  14: 86324 op, 736799751.00 ns, 8.5353 us/op

// BeforeActualRun
WorkloadActual   1: 86324 op, 871362328.00 ns, 10.0941 us/op
WorkloadActual   2: 86324 op, 786819961.00 ns, 9.1147 us/op
WorkloadActual   3: 86324 op, 738367501.00 ns, 8.5534 us/op
WorkloadActual   4: 86324 op, 853552883.00 ns, 9.8878 us/op
WorkloadActual   5: 86324 op, 782889260.00 ns, 9.0692 us/op
WorkloadActual   6: 86324 op, 817908105.00 ns, 9.4749 us/op
WorkloadActual   7: 86324 op, 886690042.00 ns, 10.2717 us/op
WorkloadActual   8: 86324 op, 922692286.00 ns, 10.6887 us/op
WorkloadActual   9: 86324 op, 834600683.00 ns, 9.6682 us/op
WorkloadActual  10: 86324 op, 864063441.00 ns, 10.0095 us/op
WorkloadActual  11: 86324 op, 809987735.00 ns, 9.3831 us/op
WorkloadActual  12: 86324 op, 826124306.00 ns, 9.5700 us/op
WorkloadActual  13: 86324 op, 831956866.00 ns, 9.6376 us/op
WorkloadActual  14: 86324 op, 989204327.00 ns, 11.4592 us/op
WorkloadActual  15: 86324 op, 834013074.00 ns, 9.6614 us/op
WorkloadActual  16: 86324 op, 827859777.00 ns, 9.5901 us/op
WorkloadActual  17: 86324 op, 844401967.00 ns, 9.7818 us/op
WorkloadActual  18: 86324 op, 833063298.00 ns, 9.6504 us/op
WorkloadActual  19: 86324 op, 1018483366.00 ns, 11.7984 us/op
WorkloadActual  20: 86324 op, 889117721.00 ns, 10.2998 us/op
WorkloadActual  21: 86324 op, 927406008.00 ns, 10.7433 us/op
WorkloadActual  22: 86324 op, 734651059.00 ns, 8.5104 us/op
WorkloadActual  23: 86324 op, 736283488.00 ns, 8.5293 us/op
WorkloadActual  24: 86324 op, 734688494.00 ns, 8.5108 us/op
WorkloadActual  25: 86324 op, 737204215.00 ns, 8.5400 us/op
WorkloadActual  26: 86324 op, 781567877.00 ns, 9.0539 us/op
WorkloadActual  27: 86324 op, 764974579.00 ns, 8.8617 us/op
WorkloadActual  28: 86324 op, 795894874.00 ns, 9.2199 us/op
WorkloadActual  29: 86324 op, 737810284.00 ns, 8.5470 us/op
WorkloadActual  30: 86324 op, 753892182.00 ns, 8.7333 us/op
WorkloadActual  31: 86324 op, 910367371.00 ns, 10.5459 us/op
WorkloadActual  32: 86324 op, 895213312.00 ns, 10.3704 us/op
WorkloadActual  33: 86324 op, 948183837.00 ns, 10.9840 us/op
WorkloadActual  34: 86324 op, 748958234.00 ns, 8.6761 us/op
WorkloadActual  35: 86324 op, 802652021.00 ns, 9.2981 us/op
WorkloadActual  36: 86324 op, 819883732.00 ns, 9.4977 us/op
WorkloadActual  37: 86324 op, 830807362.00 ns, 9.6243 us/op
WorkloadActual  38: 86324 op, 812469657.00 ns, 9.4119 us/op
WorkloadActual  39: 86324 op, 858082804.00 ns, 9.9403 us/op
WorkloadActual  40: 86324 op, 735817238.00 ns, 8.5239 us/op
WorkloadActual  41: 86324 op, 728358331.00 ns, 8.4375 us/op
WorkloadActual  42: 86324 op, 728125861.00 ns, 8.4348 us/op
WorkloadActual  43: 86324 op, 730746447.00 ns, 8.4652 us/op
WorkloadActual  44: 86324 op, 957498271.00 ns, 11.0919 us/op
WorkloadActual  45: 86324 op, 817781660.00 ns, 9.4734 us/op
WorkloadActual  46: 86324 op, 948400155.00 ns, 10.9865 us/op
WorkloadActual  47: 86324 op, 852486503.00 ns, 9.8754 us/op
WorkloadActual  48: 86324 op, 770747371.00 ns, 8.9285 us/op
WorkloadActual  49: 86324 op, 858843221.00 ns, 9.9491 us/op
WorkloadActual  50: 86324 op, 858176098.00 ns, 9.9413 us/op
WorkloadActual  51: 86324 op, 755239118.00 ns, 8.7489 us/op
WorkloadActual  52: 86324 op, 854358100.00 ns, 9.8971 us/op
WorkloadActual  53: 86324 op, 737435909.00 ns, 8.5427 us/op
WorkloadActual  54: 86324 op, 740860620.00 ns, 8.5823 us/op
WorkloadActual  55: 86324 op, 777742639.00 ns, 9.0096 us/op
WorkloadActual  56: 86324 op, 938561922.00 ns, 10.8725 us/op
WorkloadActual  57: 86324 op, 759965170.00 ns, 8.8036 us/op
WorkloadActual  58: 86324 op, 738661427.00 ns, 8.5568 us/op
WorkloadActual  59: 86324 op, 832158341.00 ns, 9.6399 us/op
WorkloadActual  60: 86324 op, 738040371.00 ns, 8.5497 us/op
WorkloadActual  61: 86324 op, 752438758.00 ns, 8.7164 us/op
WorkloadActual  62: 86324 op, 742771169.00 ns, 8.6045 us/op
WorkloadActual  63: 86324 op, 791859554.00 ns, 9.1731 us/op
WorkloadActual  64: 86324 op, 736074524.00 ns, 8.5269 us/op
WorkloadActual  65: 86324 op, 730136474.00 ns, 8.4581 us/op
WorkloadActual  66: 86324 op, 868076620.00 ns, 10.0560 us/op
WorkloadActual  67: 86324 op, 761495598.00 ns, 8.8214 us/op
WorkloadActual  68: 86324 op, 820120079.00 ns, 9.5005 us/op
WorkloadActual  69: 86324 op, 942401759.00 ns, 10.9170 us/op
WorkloadActual  70: 86324 op, 764007701.00 ns, 8.8505 us/op
WorkloadActual  71: 86324 op, 733993622.00 ns, 8.5028 us/op
WorkloadActual  72: 86324 op, 837393519.00 ns, 9.7006 us/op
WorkloadActual  73: 86324 op, 824056041.00 ns, 9.5461 us/op
WorkloadActual  74: 86324 op, 781944105.00 ns, 9.0582 us/op
WorkloadActual  75: 86324 op, 748165410.00 ns, 8.6669 us/op
WorkloadActual  76: 86324 op, 727883812.00 ns, 8.4320 us/op
WorkloadActual  77: 86324 op, 732296955.00 ns, 8.4831 us/op
WorkloadActual  78: 86324 op, 733509793.00 ns, 8.4972 us/op
WorkloadActual  79: 86324 op, 838687090.00 ns, 9.7156 us/op
WorkloadActual  80: 86324 op, 738100451.00 ns, 8.5504 us/op
WorkloadActual  81: 86324 op, 808361889.00 ns, 9.3643 us/op
WorkloadActual  82: 86324 op, 889787718.00 ns, 10.3075 us/op
WorkloadActual  83: 86324 op, 735237039.00 ns, 8.5172 us/op
WorkloadActual  84: 86324 op, 732701970.00 ns, 8.4878 us/op
WorkloadActual  85: 86324 op, 730277667.00 ns, 8.4597 us/op
WorkloadActual  86: 86324 op, 851059824.00 ns, 9.8589 us/op
WorkloadActual  87: 86324 op, 737919205.00 ns, 8.5483 us/op
WorkloadActual  88: 86324 op, 738823161.00 ns, 8.5587 us/op
WorkloadActual  89: 86324 op, 739521308.00 ns, 8.5668 us/op
WorkloadActual  90: 86324 op, 767204102.00 ns, 8.8875 us/op
WorkloadActual  91: 86324 op, 732496156.00 ns, 8.4854 us/op
WorkloadActual  92: 86324 op, 736135058.00 ns, 8.5276 us/op
WorkloadActual  93: 86324 op, 908567673.00 ns, 10.5251 us/op
WorkloadActual  94: 86324 op, 885069367.00 ns, 10.2529 us/op
WorkloadActual  95: 86324 op, 917338424.00 ns, 10.6267 us/op
WorkloadActual  96: 86324 op, 806664601.00 ns, 9.3446 us/op
WorkloadActual  97: 86324 op, 743330307.00 ns, 8.6109 us/op
WorkloadActual  98: 86324 op, 761428884.00 ns, 8.8206 us/op
WorkloadActual  99: 86324 op, 830636982.00 ns, 9.6223 us/op
WorkloadActual  100: 86324 op, 824913877.00 ns, 9.5560 us/op

// AfterActualRun
WorkloadResult   1: 86324 op, 871362328.00 ns, 10.0941 us/op
WorkloadResult   2: 86324 op, 786819961.00 ns, 9.1147 us/op
WorkloadResult   3: 86324 op, 738367501.00 ns, 8.5534 us/op
WorkloadResult   4: 86324 op, 853552883.00 ns, 9.8878 us/op
WorkloadResult   5: 86324 op, 782889260.00 ns, 9.0692 us/op
WorkloadResult   6: 86324 op, 817908105.00 ns, 9.4749 us/op
WorkloadResult   7: 86324 op, 886690042.00 ns, 10.2717 us/op
WorkloadResult   8: 86324 op, 922692286.00 ns, 10.6887 us/op
WorkloadResult   9: 86324 op, 834600683.00 ns, 9.6682 us/op
WorkloadResult  10: 86324 op, 864063441.00 ns, 10.0095 us/op
WorkloadResult  11: 86324 op, 809987735.00 ns, 9.3831 us/op
WorkloadResult  12: 86324 op, 826124306.00 ns, 9.5700 us/op
WorkloadResult  13: 86324 op, 831956866.00 ns, 9.6376 us/op
WorkloadResult  14: 86324 op, 989204327.00 ns, 11.4592 us/op
WorkloadResult  15: 86324 op, 834013074.00 ns, 9.6614 us/op
WorkloadResult  16: 86324 op, 827859777.00 ns, 9.5901 us/op
WorkloadResult  17: 86324 op, 844401967.00 ns, 9.7818 us/op
WorkloadResult  18: 86324 op, 833063298.00 ns, 9.6504 us/op
WorkloadResult  19: 86324 op, 1018483366.00 ns, 11.7984 us/op
WorkloadResult  20: 86324 op, 889117721.00 ns, 10.2998 us/op
WorkloadResult  21: 86324 op, 927406008.00 ns, 10.7433 us/op
WorkloadResult  22: 86324 op, 734651059.00 ns, 8.5104 us/op
WorkloadResult  23: 86324 op, 736283488.00 ns, 8.5293 us/op
WorkloadResult  24: 86324 op, 734688494.00 ns, 8.5108 us/op
WorkloadResult  25: 86324 op, 737204215.00 ns, 8.5400 us/op
WorkloadResult  26: 86324 op, 781567877.00 ns, 9.0539 us/op
WorkloadResult  27: 86324 op, 764974579.00 ns, 8.8617 us/op
WorkloadResult  28: 86324 op, 795894874.00 ns, 9.2199 us/op
WorkloadResult  29: 86324 op, 737810284.00 ns, 8.5470 us/op
WorkloadResult  30: 86324 op, 753892182.00 ns, 8.7333 us/op
WorkloadResult  31: 86324 op, 910367371.00 ns, 10.5459 us/op
WorkloadResult  32: 86324 op, 895213312.00 ns, 10.3704 us/op
WorkloadResult  33: 86324 op, 948183837.00 ns, 10.9840 us/op
WorkloadResult  34: 86324 op, 748958234.00 ns, 8.6761 us/op
WorkloadResult  35: 86324 op, 802652021.00 ns, 9.2981 us/op
WorkloadResult  36: 86324 op, 819883732.00 ns, 9.4977 us/op
WorkloadResult  37: 86324 op, 830807362.00 ns, 9.6243 us/op
WorkloadResult  38: 86324 op, 812469657.00 ns, 9.4119 us/op
WorkloadResult  39: 86324 op, 858082804.00 ns, 9.9403 us/op
WorkloadResult  40: 86324 op, 735817238.00 ns, 8.5239 us/op
WorkloadResult  41: 86324 op, 728358331.00 ns, 8.4375 us/op
WorkloadResult  42: 86324 op, 728125861.00 ns, 8.4348 us/op
WorkloadResult  43: 86324 op, 730746447.00 ns, 8.4652 us/op
WorkloadResult  44: 86324 op, 957498271.00 ns, 11.0919 us/op
WorkloadResult  45: 86324 op, 817781660.00 ns, 9.4734 us/op
WorkloadResult  46: 86324 op, 948400155.00 ns, 10.9865 us/op
WorkloadResult  47: 86324 op, 852486503.00 ns, 9.8754 us/op
WorkloadResult  48: 86324 op, 770747371.00 ns, 8.9285 us/op
WorkloadResult  49: 86324 op, 858843221.00 ns, 9.9491 us/op
WorkloadResult  50: 86324 op, 858176098.00 ns, 9.9413 us/op
WorkloadResult  51: 86324 op, 755239118.00 ns, 8.7489 us/op
WorkloadResult  52: 86324 op, 854358100.00 ns, 9.8971 us/op
WorkloadResult  53: 86324 op, 737435909.00 ns, 8.5427 us/op
WorkloadResult  54: 86324 op, 740860620.00 ns, 8.5823 us/op
WorkloadResult  55: 86324 op, 777742639.00 ns, 9.0096 us/op
WorkloadResult  56: 86324 op, 938561922.00 ns, 10.8725 us/op
WorkloadResult  57: 86324 op, 759965170.00 ns, 8.8036 us/op
WorkloadResult  58: 86324 op, 738661427.00 ns, 8.5568 us/op
WorkloadResult  59: 86324 op, 832158341.00 ns, 9.6399 us/op
WorkloadResult  60: 86324 op, 738040371.00 ns, 8.5497 us/op
WorkloadResult  61: 86324 op, 752438758.00 ns, 8.7164 us/op
WorkloadResult  62: 86324 op, 742771169.00 ns, 8.6045 us/op
WorkloadResult  63: 86324 op, 791859554.00 ns, 9.1731 us/op
WorkloadResult  64: 86324 op, 736074524.00 ns, 8.5269 us/op
WorkloadResult  65: 86324 op, 730136474.00 ns, 8.4581 us/op
WorkloadResult  66: 86324 op, 868076620.00 ns, 10.0560 us/op
WorkloadResult  67: 86324 op, 761495598.00 ns, 8.8214 us/op
WorkloadResult  68: 86324 op, 820120079.00 ns, 9.5005 us/op
WorkloadResult  69: 86324 op, 942401759.00 ns, 10.9170 us/op
WorkloadResult  70: 86324 op, 764007701.00 ns, 8.8505 us/op
WorkloadResult  71: 86324 op, 733993622.00 ns, 8.5028 us/op
WorkloadResult  72: 86324 op, 837393519.00 ns, 9.7006 us/op
WorkloadResult  73: 86324 op, 824056041.00 ns, 9.5461 us/op
WorkloadResult  74: 86324 op, 781944105.00 ns, 9.0582 us/op
WorkloadResult  75: 86324 op, 748165410.00 ns, 8.6669 us/op
WorkloadResult  76: 86324 op, 727883812.00 ns, 8.4320 us/op
WorkloadResult  77: 86324 op, 732296955.00 ns, 8.4831 us/op
WorkloadResult  78: 86324 op, 733509793.00 ns, 8.4972 us/op
WorkloadResult  79: 86324 op, 838687090.00 ns, 9.7156 us/op
WorkloadResult  80: 86324 op, 738100451.00 ns, 8.5504 us/op
WorkloadResult  81: 86324 op, 808361889.00 ns, 9.3643 us/op
WorkloadResult  82: 86324 op, 889787718.00 ns, 10.3075 us/op
WorkloadResult  83: 86324 op, 735237039.00 ns, 8.5172 us/op
WorkloadResult  84: 86324 op, 732701970.00 ns, 8.4878 us/op
WorkloadResult  85: 86324 op, 730277667.00 ns, 8.4597 us/op
WorkloadResult  86: 86324 op, 851059824.00 ns, 9.8589 us/op
WorkloadResult  87: 86324 op, 737919205.00 ns, 8.5483 us/op
WorkloadResult  88: 86324 op, 738823161.00 ns, 8.5587 us/op
WorkloadResult  89: 86324 op, 739521308.00 ns, 8.5668 us/op
WorkloadResult  90: 86324 op, 767204102.00 ns, 8.8875 us/op
WorkloadResult  91: 86324 op, 732496156.00 ns, 8.4854 us/op
WorkloadResult  92: 86324 op, 736135058.00 ns, 8.5276 us/op
WorkloadResult  93: 86324 op, 908567673.00 ns, 10.5251 us/op
WorkloadResult  94: 86324 op, 885069367.00 ns, 10.2529 us/op
WorkloadResult  95: 86324 op, 917338424.00 ns, 10.6267 us/op
WorkloadResult  96: 86324 op, 806664601.00 ns, 9.3446 us/op
WorkloadResult  97: 86324 op, 743330307.00 ns, 8.6109 us/op
WorkloadResult  98: 86324 op, 761428884.00 ns, 8.8206 us/op
WorkloadResult  99: 86324 op, 830636982.00 ns, 9.6223 us/op
WorkloadResult  100: 86324 op, 824913877.00 ns, 9.5560 us/op

// AfterAll
// Benchmark Process 1011944 has exited with code 0.

Mean = 9.353 μs, StdErr = 0.082 μs (0.88%), N = 100, StdDev = 0.823 μs
Min = 8.432 μs, Q1 = 8.556 μs, Median = 9.259 μs, Q3 = 9.879 μs, Max = 11.798 μs
IQR = 1.323 μs, LowerFence = 6.572 μs, UpperFence = 11.862 μs
ConfidenceInterval = [9.074 μs; 9.632 μs] (CI 99.9%), Margin = 0.279 μs (2.98% of Mean)
Skewness = 0.76, Kurtosis = 2.75, MValue = 2.76

// ** Remained 5 (50.0 %) benchmark(s) to run. Estimated finish 2026-05-17 16:08 (0h 10m from now) **
// **************************
// Benchmark: SmokeBenchByte.STJRefGen_Ser: Energy(OutlierMode=DontRemove, IterationTime=1s)
// *** Execute ***
// Launch: 1 / 1
// Execute: dotnet JsonBench-Energy-1.dll --anonymousPipes 125 126 --benchmarkName JsonBench.Benchmarks.SmokeBenchByte.STJRefGen_Ser --job Energy --benchmarkId 5 in /home/test/json-energy-bench/JsonBench/bin/Release/net10.0/JsonBench-Energy-1/bin/Release/net10.0
// BeforeAnythingElse

// Benchmark Process Environment Information:
// BenchmarkDotNet v0.15.5-develop (2026-05-17)
// Runtime=.NET 10.0.7 (10.0.7, 10.0.726.21808), X64 RyuJIT x86-64-v3
// GC=Concurrent Workstation
// HardwareIntrinsics=AVX2+BMI1+BMI2+F16C+FMA+LZCNT+MOVBE,AVX,SSE3+SSSE3+SSE4.1+SSE4.2+POPCNT,X86Base+SSE+SSE2,AES+PCLMUL VectorSize=256
// Job: Energy(OutlierMode=DontRemove, IterationTime=1s)

OverheadJitting  1: 1 op, 238012.00 ns, 238.0120 us/op
WorkloadJitting  1: 1 op, 3726787.00 ns, 3.7268 ms/op

OverheadJitting  2: 16 op, 789754.00 ns, 49.3596 us/op
WorkloadJitting  2: 16 op, 1138503.00 ns, 71.1564 us/op

WorkloadPilot    1: 16 op, 393311.00 ns, 24.5819 us/op
WorkloadPilot    2: 40688 op, 496604765.00 ns, 12.2052 us/op
WorkloadPilot    3: 81936 op, 380097902.00 ns, 4.6390 us/op
WorkloadPilot    4: 215568 op, 1110092984.00 ns, 5.1496 us/op
WorkloadPilot    5: 194192 op, 1137193054.00 ns, 5.8560 us/op
WorkloadPilot    6: 170768 op, 1051558449.00 ns, 6.1578 us/op

OverheadWarmup   1: 170768 op, 4830858.00 ns, 28.2890 ns/op
OverheadWarmup   2: 170768 op, 4812810.00 ns, 28.1833 ns/op
OverheadWarmup   3: 170768 op, 4819579.00 ns, 28.2230 ns/op
OverheadWarmup   4: 170768 op, 4811890.00 ns, 28.1779 ns/op
OverheadWarmup   5: 170768 op, 4716521.00 ns, 27.6195 ns/op
OverheadWarmup   6: 170768 op, 4714672.00 ns, 27.6086 ns/op
OverheadWarmup   7: 170768 op, 4705618.00 ns, 27.5556 ns/op
OverheadWarmup   8: 170768 op, 4667268.00 ns, 27.3310 ns/op
OverheadWarmup   9: 170768 op, 4635071.00 ns, 27.1425 ns/op
OverheadWarmup  10: 170768 op, 4576180.00 ns, 26.7976 ns/op

OverheadActual   1: 170768 op, 4681644.00 ns, 27.4152 ns/op
OverheadActual   2: 170768 op, 4720464.00 ns, 27.6426 ns/op
OverheadActual   3: 170768 op, 4262928.00 ns, 24.9633 ns/op
OverheadActual   4: 170768 op, 4303391.00 ns, 25.2002 ns/op
OverheadActual   5: 170768 op, 4600254.00 ns, 26.9386 ns/op
OverheadActual   6: 170768 op, 1159553.00 ns, 6.7902 ns/op
OverheadActual   7: 170768 op, 613178.00 ns, 3.5907 ns/op
OverheadActual   8: 170768 op, 571074.00 ns, 3.3442 ns/op
OverheadActual   9: 170768 op, 590574.00 ns, 3.4583 ns/op
OverheadActual  10: 170768 op, 1102145.00 ns, 6.4540 ns/op
OverheadActual  11: 170768 op, 774746.00 ns, 4.5368 ns/op
OverheadActual  12: 170768 op, 598535.00 ns, 3.5050 ns/op
OverheadActual  13: 170768 op, 1193090.00 ns, 6.9866 ns/op
OverheadActual  14: 170768 op, 806037.00 ns, 4.7201 ns/op
OverheadActual  15: 170768 op, 640772.00 ns, 3.7523 ns/op
OverheadActual  16: 170768 op, 599817.00 ns, 3.5125 ns/op
OverheadActual  17: 170768 op, 1140872.00 ns, 6.6808 ns/op
OverheadActual  18: 170768 op, 2138626.00 ns, 12.5236 ns/op
OverheadActual  19: 170768 op, 1268705.00 ns, 7.4294 ns/op
OverheadActual  20: 170768 op, 1108626.00 ns, 6.4920 ns/op

WorkloadWarmup   1: 170768 op, 1078692440.00 ns, 6.3167 us/op
WorkloadWarmup   2: 170768 op, 978327032.00 ns, 5.7290 us/op
WorkloadWarmup   3: 170768 op, 798158242.00 ns, 4.6739 us/op
WorkloadWarmup   4: 170768 op, 701630322.00 ns, 4.1087 us/op
WorkloadWarmup   5: 170768 op, 770716987.00 ns, 4.5132 us/op
WorkloadWarmup   6: 170768 op, 772534466.00 ns, 4.5239 us/op
WorkloadWarmup   7: 170768 op, 696212083.00 ns, 4.0769 us/op
WorkloadWarmup   8: 170768 op, 718895862.00 ns, 4.2098 us/op
WorkloadWarmup   9: 170768 op, 998056338.00 ns, 5.8445 us/op
WorkloadWarmup  10: 170768 op, 813846734.00 ns, 4.7658 us/op

// BeforeActualRun
WorkloadActual   1: 170768 op, 698938832.00 ns, 4.0929 us/op
WorkloadActual   2: 170768 op, 700458631.00 ns, 4.1018 us/op
WorkloadActual   3: 170768 op, 696231408.00 ns, 4.0771 us/op
WorkloadActual   4: 170768 op, 697273913.00 ns, 4.0832 us/op
WorkloadActual   5: 170768 op, 698164021.00 ns, 4.0884 us/op
WorkloadActual   6: 170768 op, 876850256.00 ns, 5.1347 us/op
WorkloadActual   7: 170768 op, 773219336.00 ns, 4.5279 us/op
WorkloadActual   8: 170768 op, 771879687.00 ns, 4.5200 us/op
WorkloadActual   9: 170768 op, 713875685.00 ns, 4.1804 us/op
WorkloadActual  10: 170768 op, 728171319.00 ns, 4.2641 us/op
WorkloadActual  11: 170768 op, 720334231.00 ns, 4.2182 us/op
WorkloadActual  12: 170768 op, 819929251.00 ns, 4.8014 us/op
WorkloadActual  13: 170768 op, 946488761.00 ns, 5.5425 us/op
WorkloadActual  14: 170768 op, 837847929.00 ns, 4.9064 us/op
WorkloadActual  15: 170768 op, 725263180.00 ns, 4.2471 us/op
WorkloadActual  16: 170768 op, 686366110.00 ns, 4.0193 us/op
WorkloadActual  17: 170768 op, 818416328.00 ns, 4.7926 us/op
WorkloadActual  18: 170768 op, 692119475.00 ns, 4.0530 us/op
WorkloadActual  19: 170768 op, 690269491.00 ns, 4.0421 us/op
WorkloadActual  20: 170768 op, 799643262.00 ns, 4.6826 us/op
WorkloadActual  21: 170768 op, 690493161.00 ns, 4.0435 us/op
WorkloadActual  22: 170768 op, 689978606.00 ns, 4.0404 us/op
WorkloadActual  23: 170768 op, 762278925.00 ns, 4.4638 us/op
WorkloadActual  24: 170768 op, 776147735.00 ns, 4.5450 us/op
WorkloadActual  25: 170768 op, 806805579.00 ns, 4.7246 us/op
WorkloadActual  26: 170768 op, 781742867.00 ns, 4.5778 us/op
WorkloadActual  27: 170768 op, 847547788.00 ns, 4.9632 us/op
WorkloadActual  28: 170768 op, 697137268.00 ns, 4.0824 us/op
WorkloadActual  29: 170768 op, 738932639.00 ns, 4.3271 us/op
WorkloadActual  30: 170768 op, 764514014.00 ns, 4.4769 us/op
WorkloadActual  31: 170768 op, 784388379.00 ns, 4.5933 us/op
WorkloadActual  32: 170768 op, 783119612.00 ns, 4.5859 us/op
WorkloadActual  33: 170768 op, 819842404.00 ns, 4.8009 us/op
WorkloadActual  34: 170768 op, 789123105.00 ns, 4.6210 us/op
WorkloadActual  35: 170768 op, 688332024.00 ns, 4.0308 us/op
WorkloadActual  36: 170768 op, 690010425.00 ns, 4.0406 us/op
WorkloadActual  37: 170768 op, 688871546.00 ns, 4.0340 us/op
WorkloadActual  38: 170768 op, 745445087.00 ns, 4.3653 us/op
WorkloadActual  39: 170768 op, 786417542.00 ns, 4.6052 us/op
WorkloadActual  40: 170768 op, 1014202056.00 ns, 5.9391 us/op
WorkloadActual  41: 170768 op, 824083065.00 ns, 4.8257 us/op
WorkloadActual  42: 170768 op, 763047918.00 ns, 4.4683 us/op
WorkloadActual  43: 170768 op, 689520376.00 ns, 4.0378 us/op
WorkloadActual  44: 170768 op, 692472513.00 ns, 4.0550 us/op
WorkloadActual  45: 170768 op, 692030479.00 ns, 4.0525 us/op
WorkloadActual  46: 170768 op, 693836487.00 ns, 4.0630 us/op
WorkloadActual  47: 170768 op, 755280832.00 ns, 4.4228 us/op
WorkloadActual  48: 170768 op, 734458958.00 ns, 4.3009 us/op
WorkloadActual  49: 170768 op, 692432059.00 ns, 4.0548 us/op
WorkloadActual  50: 170768 op, 695505532.00 ns, 4.0728 us/op
WorkloadActual  51: 170768 op, 690972019.00 ns, 4.0463 us/op
WorkloadActual  52: 170768 op, 802993310.00 ns, 4.7022 us/op
WorkloadActual  53: 170768 op, 789470252.00 ns, 4.6231 us/op
WorkloadActual  54: 170768 op, 698543618.00 ns, 4.0906 us/op
WorkloadActual  55: 170768 op, 816970412.00 ns, 4.7841 us/op
WorkloadActual  56: 170768 op, 691664702.00 ns, 4.0503 us/op
WorkloadActual  57: 170768 op, 708033080.00 ns, 4.1462 us/op
WorkloadActual  58: 170768 op, 739483577.00 ns, 4.3303 us/op
WorkloadActual  59: 170768 op, 699332715.00 ns, 4.0952 us/op
WorkloadActual  60: 170768 op, 698417322.00 ns, 4.0899 us/op
WorkloadActual  61: 170768 op, 697392213.00 ns, 4.0839 us/op
WorkloadActual  62: 170768 op, 806243786.00 ns, 4.7213 us/op
WorkloadActual  63: 170768 op, 735446159.00 ns, 4.3067 us/op
WorkloadActual  64: 170768 op, 688710183.00 ns, 4.0330 us/op
WorkloadActual  65: 170768 op, 690985572.00 ns, 4.0463 us/op
WorkloadActual  66: 170768 op, 830535483.00 ns, 4.8635 us/op
WorkloadActual  67: 170768 op, 694065584.00 ns, 4.0644 us/op
WorkloadActual  68: 170768 op, 692390765.00 ns, 4.0546 us/op
WorkloadActual  69: 170768 op, 812422359.00 ns, 4.7575 us/op
WorkloadActual  70: 170768 op, 695148142.00 ns, 4.0707 us/op
WorkloadActual  71: 170768 op, 697269823.00 ns, 4.0831 us/op
WorkloadActual  72: 170768 op, 708178498.00 ns, 4.1470 us/op
WorkloadActual  73: 170768 op, 700334359.00 ns, 4.1011 us/op
WorkloadActual  74: 170768 op, 711532129.00 ns, 4.1667 us/op
WorkloadActual  75: 170768 op, 731376037.00 ns, 4.2829 us/op
WorkloadActual  76: 170768 op, 783155888.00 ns, 4.5861 us/op
WorkloadActual  77: 170768 op, 792254996.00 ns, 4.6394 us/op
WorkloadActual  78: 170768 op, 761615449.00 ns, 4.4599 us/op
WorkloadActual  79: 170768 op, 857685417.00 ns, 5.0225 us/op
WorkloadActual  80: 170768 op, 758846373.00 ns, 4.4437 us/op
WorkloadActual  81: 170768 op, 691801235.00 ns, 4.0511 us/op
WorkloadActual  82: 170768 op, 691579048.00 ns, 4.0498 us/op
WorkloadActual  83: 170768 op, 763981508.00 ns, 4.4738 us/op
WorkloadActual  84: 170768 op, 766159482.00 ns, 4.4866 us/op
WorkloadActual  85: 170768 op, 713869257.00 ns, 4.1803 us/op
WorkloadActual  86: 170768 op, 731779034.00 ns, 4.2852 us/op
WorkloadActual  87: 170768 op, 690636174.00 ns, 4.0443 us/op
WorkloadActual  88: 170768 op, 693888118.00 ns, 4.0633 us/op
WorkloadActual  89: 170768 op, 695407757.00 ns, 4.0722 us/op
WorkloadActual  90: 170768 op, 760240296.00 ns, 4.4519 us/op
WorkloadActual  91: 170768 op, 880375141.00 ns, 5.1554 us/op
WorkloadActual  92: 170768 op, 696395814.00 ns, 4.0780 us/op
WorkloadActual  93: 170768 op, 857188712.00 ns, 5.0196 us/op
WorkloadActual  94: 170768 op, 780971103.00 ns, 4.5733 us/op
WorkloadActual  95: 170768 op, 717052501.00 ns, 4.1990 us/op
WorkloadActual  96: 170768 op, 759480057.00 ns, 4.4474 us/op
WorkloadActual  97: 170768 op, 747871375.00 ns, 4.3795 us/op
WorkloadActual  98: 170768 op, 846607291.00 ns, 4.9576 us/op
WorkloadActual  99: 170768 op, 767606329.00 ns, 4.4950 us/op
WorkloadActual  100: 170768 op, 743645463.00 ns, 4.3547 us/op

// AfterActualRun
WorkloadResult   1: 170768 op, 697814083.00 ns, 4.0863 us/op
WorkloadResult   2: 170768 op, 699333882.00 ns, 4.0952 us/op
WorkloadResult   3: 170768 op, 695106659.00 ns, 4.0705 us/op
WorkloadResult   4: 170768 op, 696149164.00 ns, 4.0766 us/op
WorkloadResult   5: 170768 op, 697039272.00 ns, 4.0818 us/op
WorkloadResult   6: 170768 op, 875725507.00 ns, 5.1282 us/op
WorkloadResult   7: 170768 op, 772094587.00 ns, 4.5213 us/op
WorkloadResult   8: 170768 op, 770754938.00 ns, 4.5135 us/op
WorkloadResult   9: 170768 op, 712750936.00 ns, 4.1738 us/op
WorkloadResult  10: 170768 op, 727046570.00 ns, 4.2575 us/op
WorkloadResult  11: 170768 op, 719209482.00 ns, 4.2116 us/op
WorkloadResult  12: 170768 op, 818804502.00 ns, 4.7948 us/op
WorkloadResult  13: 170768 op, 945364012.00 ns, 5.5360 us/op
WorkloadResult  14: 170768 op, 836723180.00 ns, 4.8998 us/op
WorkloadResult  15: 170768 op, 724138431.00 ns, 4.2405 us/op
WorkloadResult  16: 170768 op, 685241361.00 ns, 4.0127 us/op
WorkloadResult  17: 170768 op, 817291579.00 ns, 4.7860 us/op
WorkloadResult  18: 170768 op, 690994726.00 ns, 4.0464 us/op
WorkloadResult  19: 170768 op, 689144742.00 ns, 4.0356 us/op
WorkloadResult  20: 170768 op, 798518513.00 ns, 4.6760 us/op
WorkloadResult  21: 170768 op, 689368412.00 ns, 4.0369 us/op
WorkloadResult  22: 170768 op, 688853857.00 ns, 4.0339 us/op
WorkloadResult  23: 170768 op, 761154176.00 ns, 4.4572 us/op
WorkloadResult  24: 170768 op, 775022986.00 ns, 4.5385 us/op
WorkloadResult  25: 170768 op, 805680830.00 ns, 4.7180 us/op
WorkloadResult  26: 170768 op, 780618118.00 ns, 4.5712 us/op
WorkloadResult  27: 170768 op, 846423039.00 ns, 4.9566 us/op
WorkloadResult  28: 170768 op, 696012519.00 ns, 4.0758 us/op
WorkloadResult  29: 170768 op, 737807890.00 ns, 4.3205 us/op
WorkloadResult  30: 170768 op, 763389265.00 ns, 4.4703 us/op
WorkloadResult  31: 170768 op, 783263630.00 ns, 4.5867 us/op
WorkloadResult  32: 170768 op, 781994863.00 ns, 4.5793 us/op
WorkloadResult  33: 170768 op, 818717655.00 ns, 4.7943 us/op
WorkloadResult  34: 170768 op, 787998356.00 ns, 4.6144 us/op
WorkloadResult  35: 170768 op, 687207275.00 ns, 4.0242 us/op
WorkloadResult  36: 170768 op, 688885676.00 ns, 4.0340 us/op
WorkloadResult  37: 170768 op, 687746797.00 ns, 4.0274 us/op
WorkloadResult  38: 170768 op, 744320338.00 ns, 4.3587 us/op
WorkloadResult  39: 170768 op, 785292793.00 ns, 4.5986 us/op
WorkloadResult  40: 170768 op, 1013077307.00 ns, 5.9325 us/op
WorkloadResult  41: 170768 op, 822958316.00 ns, 4.8192 us/op
WorkloadResult  42: 170768 op, 761923169.00 ns, 4.4617 us/op
WorkloadResult  43: 170768 op, 688395627.00 ns, 4.0312 us/op
WorkloadResult  44: 170768 op, 691347764.00 ns, 4.0485 us/op
WorkloadResult  45: 170768 op, 690905730.00 ns, 4.0459 us/op
WorkloadResult  46: 170768 op, 692711738.00 ns, 4.0564 us/op
WorkloadResult  47: 170768 op, 754156083.00 ns, 4.4163 us/op
WorkloadResult  48: 170768 op, 733334209.00 ns, 4.2943 us/op
WorkloadResult  49: 170768 op, 691307310.00 ns, 4.0482 us/op
WorkloadResult  50: 170768 op, 694380783.00 ns, 4.0662 us/op
WorkloadResult  51: 170768 op, 689847270.00 ns, 4.0397 us/op
WorkloadResult  52: 170768 op, 801868561.00 ns, 4.6957 us/op
WorkloadResult  53: 170768 op, 788345503.00 ns, 4.6165 us/op
WorkloadResult  54: 170768 op, 697418869.00 ns, 4.0840 us/op
WorkloadResult  55: 170768 op, 815845663.00 ns, 4.7775 us/op
WorkloadResult  56: 170768 op, 690539953.00 ns, 4.0437 us/op
WorkloadResult  57: 170768 op, 706908331.00 ns, 4.1396 us/op
WorkloadResult  58: 170768 op, 738358828.00 ns, 4.3238 us/op
WorkloadResult  59: 170768 op, 698207966.00 ns, 4.0886 us/op
WorkloadResult  60: 170768 op, 697292573.00 ns, 4.0833 us/op
WorkloadResult  61: 170768 op, 696267464.00 ns, 4.0773 us/op
WorkloadResult  62: 170768 op, 805119037.00 ns, 4.7147 us/op
WorkloadResult  63: 170768 op, 734321410.00 ns, 4.3001 us/op
WorkloadResult  64: 170768 op, 687585434.00 ns, 4.0264 us/op
WorkloadResult  65: 170768 op, 689860823.00 ns, 4.0398 us/op
WorkloadResult  66: 170768 op, 829410734.00 ns, 4.8569 us/op
WorkloadResult  67: 170768 op, 692940835.00 ns, 4.0578 us/op
WorkloadResult  68: 170768 op, 691266016.00 ns, 4.0480 us/op
WorkloadResult  69: 170768 op, 811297610.00 ns, 4.7509 us/op
WorkloadResult  70: 170768 op, 694023393.00 ns, 4.0641 us/op
WorkloadResult  71: 170768 op, 696145074.00 ns, 4.0766 us/op
WorkloadResult  72: 170768 op, 707053749.00 ns, 4.1404 us/op
WorkloadResult  73: 170768 op, 699209610.00 ns, 4.0945 us/op
WorkloadResult  74: 170768 op, 710407380.00 ns, 4.1601 us/op
WorkloadResult  75: 170768 op, 730251288.00 ns, 4.2763 us/op
WorkloadResult  76: 170768 op, 782031139.00 ns, 4.5795 us/op
WorkloadResult  77: 170768 op, 791130247.00 ns, 4.6328 us/op
WorkloadResult  78: 170768 op, 760490700.00 ns, 4.4534 us/op
WorkloadResult  79: 170768 op, 856560668.00 ns, 5.0159 us/op
WorkloadResult  80: 170768 op, 757721624.00 ns, 4.4371 us/op
WorkloadResult  81: 170768 op, 690676486.00 ns, 4.0445 us/op
WorkloadResult  82: 170768 op, 690454299.00 ns, 4.0432 us/op
WorkloadResult  83: 170768 op, 762856759.00 ns, 4.4672 us/op
WorkloadResult  84: 170768 op, 765034733.00 ns, 4.4800 us/op
WorkloadResult  85: 170768 op, 712744508.00 ns, 4.1738 us/op
WorkloadResult  86: 170768 op, 730654285.00 ns, 4.2786 us/op
WorkloadResult  87: 170768 op, 689511425.00 ns, 4.0377 us/op
WorkloadResult  88: 170768 op, 692763369.00 ns, 4.0568 us/op
WorkloadResult  89: 170768 op, 694283008.00 ns, 4.0657 us/op
WorkloadResult  90: 170768 op, 759115547.00 ns, 4.4453 us/op
WorkloadResult  91: 170768 op, 879250392.00 ns, 5.1488 us/op
WorkloadResult  92: 170768 op, 695271065.00 ns, 4.0714 us/op
WorkloadResult  93: 170768 op, 856063963.00 ns, 5.0130 us/op
WorkloadResult  94: 170768 op, 779846354.00 ns, 4.5667 us/op
WorkloadResult  95: 170768 op, 715927752.00 ns, 4.1924 us/op
WorkloadResult  96: 170768 op, 758355308.00 ns, 4.4409 us/op
WorkloadResult  97: 170768 op, 746746626.00 ns, 4.3729 us/op
WorkloadResult  98: 170768 op, 845482542.00 ns, 4.9511 us/op
WorkloadResult  99: 170768 op, 766481580.00 ns, 4.4884 us/op
WorkloadResult  100: 170768 op, 742520714.00 ns, 4.3481 us/op

// AfterAll
// Benchmark Process 1012697 has exited with code 0.

Mean = 4.376 μs, StdErr = 0.037 μs (0.84%), N = 100, StdDev = 0.367 μs
Min = 4.013 μs, Q1 = 4.066 μs, Median = 4.286 μs, Q3 = 4.581 μs, Max = 5.932 μs
IQR = 0.515 μs, LowerFence = 3.293 μs, UpperFence = 5.354 μs
ConfidenceInterval = [4.252 μs; 4.501 μs] (CI 99.9%), Margin = 0.124 μs (2.84% of Mean)
Skewness = 1.35, Kurtosis = 5.36, MValue = 2.44

// ** Remained 4 (40.0 %) benchmark(s) to run. Estimated finish 2026-05-17 16:07 (0h 8m from now) **
// **************************
// Benchmark: SmokeBenchByte.STJSrcGen_Ser: Energy(OutlierMode=DontRemove, IterationTime=1s)
// *** Execute ***
// Launch: 1 / 1
// Execute: dotnet JsonBench-Energy-1.dll --anonymousPipes 125 126 --benchmarkName JsonBench.Benchmarks.SmokeBenchByte.STJSrcGen_Ser --job Energy --benchmarkId 6 in /home/test/json-energy-bench/JsonBench/bin/Release/net10.0/JsonBench-Energy-1/bin/Release/net10.0
// BeforeAnythingElse

// Benchmark Process Environment Information:
// BenchmarkDotNet v0.15.5-develop (2026-05-17)
// Runtime=.NET 10.0.7 (10.0.7, 10.0.726.21808), X64 RyuJIT x86-64-v3
// GC=Concurrent Workstation
// HardwareIntrinsics=AVX2+BMI1+BMI2+F16C+FMA+LZCNT+MOVBE,AVX,SSE3+SSSE3+SSE4.1+SSE4.2+POPCNT,X86Base+SSE+SSE2,AES+PCLMUL VectorSize=256
// Job: Energy(OutlierMode=DontRemove, IterationTime=1s)

OverheadJitting  1: 1 op, 191967.00 ns, 191.9670 us/op
WorkloadJitting  1: 1 op, 9196406.00 ns, 9.1964 ms/op

OverheadJitting  2: 16 op, 508236.00 ns, 31.7648 us/op
WorkloadJitting  2: 16 op, 700214.00 ns, 43.7634 us/op

WorkloadPilot    1: 16 op, 170844.00 ns, 10.6778 us/op
WorkloadPilot    2: 93664 op, 521182595.00 ns, 5.5644 us/op
WorkloadPilot    3: 179728 op, 574473744.00 ns, 3.1964 us/op
WorkloadPilot    4: 312864 op, 1158251188.00 ns, 3.7021 us/op
WorkloadPilot    5: 270128 op, 1114200462.00 ns, 4.1247 us/op
WorkloadPilot    6: 242448 op, 944061868.00 ns, 3.8939 us/op
WorkloadPilot    7: 256816 op, 1028672053.00 ns, 4.0055 us/op

OverheadWarmup   1: 256816 op, 1269678.00 ns, 4.9439 ns/op
OverheadWarmup   2: 256816 op, 1098914.00 ns, 4.2790 ns/op
OverheadWarmup   3: 256816 op, 3085530.00 ns, 12.0146 ns/op
OverheadWarmup   4: 256816 op, 3233443.00 ns, 12.5905 ns/op
OverheadWarmup   5: 256816 op, 3145728.00 ns, 12.2490 ns/op
OverheadWarmup   6: 256816 op, 2715656.00 ns, 10.5743 ns/op
OverheadWarmup   7: 256816 op, 2680377.00 ns, 10.4370 ns/op
OverheadWarmup   8: 256816 op, 2646069.00 ns, 10.3034 ns/op
OverheadWarmup   9: 256816 op, 2700904.00 ns, 10.5169 ns/op
OverheadWarmup  10: 256816 op, 3409801.00 ns, 13.2772 ns/op

OverheadActual   1: 256816 op, 2029750.00 ns, 7.9035 ns/op
OverheadActual   2: 256816 op, 1654049.00 ns, 6.4406 ns/op
OverheadActual   3: 256816 op, 2536177.00 ns, 9.8755 ns/op
OverheadActual   4: 256816 op, 3208229.00 ns, 12.4923 ns/op
OverheadActual   5: 256816 op, 2516246.00 ns, 9.7979 ns/op
OverheadActual   6: 256816 op, 1042321.00 ns, 4.0586 ns/op
OverheadActual   7: 256816 op, 958146.00 ns, 3.7309 ns/op
OverheadActual   8: 256816 op, 1000154.00 ns, 3.8944 ns/op
OverheadActual   9: 256816 op, 1197374.00 ns, 4.6624 ns/op
OverheadActual  10: 256816 op, 963825.00 ns, 3.7530 ns/op
OverheadActual  11: 256816 op, 1321262.00 ns, 5.1448 ns/op
OverheadActual  12: 256816 op, 1195527.00 ns, 4.6552 ns/op
OverheadActual  13: 256816 op, 957861.00 ns, 3.7298 ns/op
OverheadActual  14: 256816 op, 1253391.00 ns, 4.8805 ns/op
OverheadActual  15: 256816 op, 940568.00 ns, 3.6624 ns/op
OverheadActual  16: 256816 op, 1123654.00 ns, 4.3753 ns/op
OverheadActual  17: 256816 op, 1798960.00 ns, 7.0049 ns/op
OverheadActual  18: 256816 op, 1963061.00 ns, 7.6438 ns/op
OverheadActual  19: 256816 op, 1920834.00 ns, 7.4794 ns/op
OverheadActual  20: 256816 op, 1913195.00 ns, 7.4497 ns/op

WorkloadWarmup   1: 256816 op, 1065998786.00 ns, 4.1508 us/op
WorkloadWarmup   2: 256816 op, 829113075.00 ns, 3.2284 us/op
WorkloadWarmup   3: 256816 op, 812017320.00 ns, 3.1619 us/op
WorkloadWarmup   4: 256816 op, 814392240.00 ns, 3.1711 us/op
WorkloadWarmup   5: 256816 op, 826275977.00 ns, 3.2174 us/op
WorkloadWarmup   6: 256816 op, 834874618.00 ns, 3.2509 us/op
WorkloadWarmup   7: 256816 op, 1056237698.00 ns, 4.1128 us/op
WorkloadWarmup   8: 256816 op, 901031452.00 ns, 3.5085 us/op
WorkloadWarmup   9: 256816 op, 795328586.00 ns, 3.0969 us/op
WorkloadWarmup  10: 256816 op, 840448019.00 ns, 3.2726 us/op
WorkloadWarmup  11: 256816 op, 864893868.00 ns, 3.3678 us/op
WorkloadWarmup  12: 256816 op, 812820432.00 ns, 3.1650 us/op

// BeforeActualRun
WorkloadActual   1: 256816 op, 923235387.00 ns, 3.5949 us/op
WorkloadActual   2: 256816 op, 746234564.00 ns, 2.9057 us/op
WorkloadActual   3: 256816 op, 780781054.00 ns, 3.0402 us/op
WorkloadActual   4: 256816 op, 801577923.00 ns, 3.1212 us/op
WorkloadActual   5: 256816 op, 802032969.00 ns, 3.1230 us/op
WorkloadActual   6: 256816 op, 853885331.00 ns, 3.3249 us/op
WorkloadActual   7: 256816 op, 874201127.00 ns, 3.4040 us/op
WorkloadActual   8: 256816 op, 985725052.00 ns, 3.8383 us/op
WorkloadActual   9: 256816 op, 728624622.00 ns, 2.8371 us/op
WorkloadActual  10: 256816 op, 722711735.00 ns, 2.8141 us/op
WorkloadActual  11: 256816 op, 729627849.00 ns, 2.8411 us/op
WorkloadActual  12: 256816 op, 716902657.00 ns, 2.7915 us/op
WorkloadActual  13: 256816 op, 799501042.00 ns, 3.1131 us/op
WorkloadActual  14: 256816 op, 736736256.00 ns, 2.8687 us/op
WorkloadActual  15: 256816 op, 831615842.00 ns, 3.2382 us/op
WorkloadActual  16: 256816 op, 733887827.00 ns, 2.8576 us/op
WorkloadActual  17: 256816 op, 716815435.00 ns, 2.7912 us/op
WorkloadActual  18: 256816 op, 717123890.00 ns, 2.7924 us/op
WorkloadActual  19: 256816 op, 771812919.00 ns, 3.0053 us/op
WorkloadActual  20: 256816 op, 831549941.00 ns, 3.2379 us/op
WorkloadActual  21: 256816 op, 1020249355.00 ns, 3.9727 us/op
WorkloadActual  22: 256816 op, 788281903.00 ns, 3.0694 us/op
WorkloadActual  23: 256816 op, 721117073.00 ns, 2.8079 us/op
WorkloadActual  24: 256816 op, 738253247.00 ns, 2.8746 us/op
WorkloadActual  25: 256816 op, 812614278.00 ns, 3.1642 us/op
WorkloadActual  26: 256816 op, 797568785.00 ns, 3.1056 us/op
WorkloadActual  27: 256816 op, 733369919.00 ns, 2.8556 us/op
WorkloadActual  28: 256816 op, 867267087.00 ns, 3.3770 us/op
WorkloadActual  29: 256816 op, 809193868.00 ns, 3.1509 us/op
WorkloadActual  30: 256816 op, 733893469.00 ns, 2.8577 us/op
WorkloadActual  31: 256816 op, 726773538.00 ns, 2.8299 us/op
WorkloadActual  32: 256816 op, 803972156.00 ns, 3.1305 us/op
WorkloadActual  33: 256816 op, 934109266.00 ns, 3.6373 us/op
WorkloadActual  34: 256816 op, 807026024.00 ns, 3.1424 us/op
WorkloadActual  35: 256816 op, 897576072.00 ns, 3.4950 us/op
WorkloadActual  36: 256816 op, 758374792.00 ns, 2.9530 us/op
WorkloadActual  37: 256816 op, 725191623.00 ns, 2.8238 us/op
WorkloadActual  38: 256816 op, 730235878.00 ns, 2.8434 us/op
WorkloadActual  39: 256816 op, 716752370.00 ns, 2.7909 us/op
WorkloadActual  40: 256816 op, 721481343.00 ns, 2.8093 us/op
WorkloadActual  41: 256816 op, 734790388.00 ns, 2.8612 us/op
WorkloadActual  42: 256816 op, 814734479.00 ns, 3.1724 us/op
WorkloadActual  43: 256816 op, 740977991.00 ns, 2.8852 us/op
WorkloadActual  44: 256816 op, 726449532.00 ns, 2.8287 us/op
WorkloadActual  45: 256816 op, 740748107.00 ns, 2.8844 us/op
WorkloadActual  46: 256816 op, 858235536.00 ns, 3.3418 us/op
WorkloadActual  47: 256816 op, 804693389.00 ns, 3.1333 us/op
WorkloadActual  48: 256816 op, 905886534.00 ns, 3.5274 us/op
WorkloadActual  49: 256816 op, 833185024.00 ns, 3.2443 us/op
WorkloadActual  50: 256816 op, 821136247.00 ns, 3.1974 us/op
WorkloadActual  51: 256816 op, 744434602.00 ns, 2.8987 us/op
WorkloadActual  52: 256816 op, 807739020.00 ns, 3.1452 us/op
WorkloadActual  53: 256816 op, 788937320.00 ns, 3.0720 us/op
WorkloadActual  54: 256816 op, 782455491.00 ns, 3.0468 us/op
WorkloadActual  55: 256816 op, 898002817.00 ns, 3.4967 us/op
WorkloadActual  56: 256816 op, 772914830.00 ns, 3.0096 us/op
WorkloadActual  57: 256816 op, 725877799.00 ns, 2.8265 us/op
WorkloadActual  58: 256816 op, 965677324.00 ns, 3.7602 us/op
WorkloadActual  59: 256816 op, 729015255.00 ns, 2.8387 us/op
WorkloadActual  60: 256816 op, 723808180.00 ns, 2.8184 us/op
WorkloadActual  61: 256816 op, 734418708.00 ns, 2.8597 us/op
WorkloadActual  62: 256816 op, 925840369.00 ns, 3.6051 us/op
WorkloadActual  63: 256816 op, 720450807.00 ns, 2.8053 us/op
WorkloadActual  64: 256816 op, 738032561.00 ns, 2.8738 us/op
WorkloadActual  65: 256816 op, 794529976.00 ns, 3.0938 us/op
WorkloadActual  66: 256816 op, 766397421.00 ns, 2.9842 us/op
WorkloadActual  67: 256816 op, 718701396.00 ns, 2.7985 us/op
WorkloadActual  68: 256816 op, 896664198.00 ns, 3.4915 us/op
WorkloadActual  69: 256816 op, 804989497.00 ns, 3.1345 us/op
WorkloadActual  70: 256816 op, 824087038.00 ns, 3.2089 us/op
WorkloadActual  71: 256816 op, 909584596.00 ns, 3.5418 us/op
WorkloadActual  72: 256816 op, 800568291.00 ns, 3.1173 us/op
WorkloadActual  73: 256816 op, 805725812.00 ns, 3.1374 us/op
WorkloadActual  74: 256816 op, 872937784.00 ns, 3.3991 us/op
WorkloadActual  75: 256816 op, 907331851.00 ns, 3.5330 us/op
WorkloadActual  76: 256816 op, 726174604.00 ns, 2.8276 us/op
WorkloadActual  77: 256816 op, 775681289.00 ns, 3.0204 us/op
WorkloadActual  78: 256816 op, 803257869.00 ns, 3.1278 us/op
WorkloadActual  79: 256816 op, 765330130.00 ns, 2.9801 us/op
WorkloadActual  80: 256816 op, 744776675.00 ns, 2.9000 us/op
WorkloadActual  81: 256816 op, 880269991.00 ns, 3.4276 us/op
WorkloadActual  82: 256816 op, 730927193.00 ns, 2.8461 us/op
WorkloadActual  83: 256816 op, 777832142.00 ns, 3.0288 us/op
WorkloadActual  84: 256816 op, 885777106.00 ns, 3.4491 us/op
WorkloadActual  85: 256816 op, 726387742.00 ns, 2.8284 us/op
WorkloadActual  86: 256816 op, 731446141.00 ns, 2.8481 us/op
WorkloadActual  87: 256816 op, 743832923.00 ns, 2.8964 us/op
WorkloadActual  88: 256816 op, 879900462.00 ns, 3.4262 us/op
WorkloadActual  89: 256816 op, 762587434.00 ns, 2.9694 us/op
WorkloadActual  90: 256816 op, 722015366.00 ns, 2.8114 us/op
WorkloadActual  91: 256816 op, 726658571.00 ns, 2.8295 us/op
WorkloadActual  92: 256816 op, 727672169.00 ns, 2.8334 us/op
WorkloadActual  93: 256816 op, 742351650.00 ns, 2.8906 us/op
WorkloadActual  94: 256816 op, 728345162.00 ns, 2.8361 us/op
WorkloadActual  95: 256816 op, 889648414.00 ns, 3.4641 us/op
WorkloadActual  96: 256816 op, 861018335.00 ns, 3.3527 us/op
WorkloadActual  97: 256816 op, 745217209.00 ns, 2.9018 us/op
WorkloadActual  98: 256816 op, 759217174.00 ns, 2.9563 us/op
WorkloadActual  99: 256816 op, 808680398.00 ns, 3.1489 us/op
WorkloadActual  100: 256816 op, 781075026.00 ns, 3.0414 us/op

// AfterActualRun
WorkloadResult   1: 256816 op, 921948060.50 ns, 3.5899 us/op
WorkloadResult   2: 256816 op, 744947237.50 ns, 2.9007 us/op
WorkloadResult   3: 256816 op, 779493727.50 ns, 3.0352 us/op
WorkloadResult   4: 256816 op, 800290596.50 ns, 3.1162 us/op
WorkloadResult   5: 256816 op, 800745642.50 ns, 3.1180 us/op
WorkloadResult   6: 256816 op, 852598004.50 ns, 3.3199 us/op
WorkloadResult   7: 256816 op, 872913800.50 ns, 3.3990 us/op
WorkloadResult   8: 256816 op, 984437725.50 ns, 3.8332 us/op
WorkloadResult   9: 256816 op, 727337295.50 ns, 2.8321 us/op
WorkloadResult  10: 256816 op, 721424408.50 ns, 2.8091 us/op
WorkloadResult  11: 256816 op, 728340522.50 ns, 2.8360 us/op
WorkloadResult  12: 256816 op, 715615330.50 ns, 2.7865 us/op
WorkloadResult  13: 256816 op, 798213715.50 ns, 3.1081 us/op
WorkloadResult  14: 256816 op, 735448929.50 ns, 2.8637 us/op
WorkloadResult  15: 256816 op, 830328515.50 ns, 3.2332 us/op
WorkloadResult  16: 256816 op, 732600500.50 ns, 2.8526 us/op
WorkloadResult  17: 256816 op, 715528108.50 ns, 2.7862 us/op
WorkloadResult  18: 256816 op, 715836563.50 ns, 2.7874 us/op
WorkloadResult  19: 256816 op, 770525592.50 ns, 3.0003 us/op
WorkloadResult  20: 256816 op, 830262614.50 ns, 3.2329 us/op
WorkloadResult  21: 256816 op, 1018962028.50 ns, 3.9677 us/op
WorkloadResult  22: 256816 op, 786994576.50 ns, 3.0644 us/op
WorkloadResult  23: 256816 op, 719829746.50 ns, 2.8029 us/op
WorkloadResult  24: 256816 op, 736965920.50 ns, 2.8696 us/op
WorkloadResult  25: 256816 op, 811326951.50 ns, 3.1592 us/op
WorkloadResult  26: 256816 op, 796281458.50 ns, 3.1006 us/op
WorkloadResult  27: 256816 op, 732082592.50 ns, 2.8506 us/op
WorkloadResult  28: 256816 op, 865979760.50 ns, 3.3720 us/op
WorkloadResult  29: 256816 op, 807906541.50 ns, 3.1459 us/op
WorkloadResult  30: 256816 op, 732606142.50 ns, 2.8526 us/op
WorkloadResult  31: 256816 op, 725486211.50 ns, 2.8249 us/op
WorkloadResult  32: 256816 op, 802684829.50 ns, 3.1255 us/op
WorkloadResult  33: 256816 op, 932821939.50 ns, 3.6323 us/op
WorkloadResult  34: 256816 op, 805738697.50 ns, 3.1374 us/op
WorkloadResult  35: 256816 op, 896288745.50 ns, 3.4900 us/op
WorkloadResult  36: 256816 op, 757087465.50 ns, 2.9480 us/op
WorkloadResult  37: 256816 op, 723904296.50 ns, 2.8188 us/op
WorkloadResult  38: 256816 op, 728948551.50 ns, 2.8384 us/op
WorkloadResult  39: 256816 op, 715465043.50 ns, 2.7859 us/op
WorkloadResult  40: 256816 op, 720194016.50 ns, 2.8043 us/op
WorkloadResult  41: 256816 op, 733503061.50 ns, 2.8561 us/op
WorkloadResult  42: 256816 op, 813447152.50 ns, 3.1674 us/op
WorkloadResult  43: 256816 op, 739690664.50 ns, 2.8802 us/op
WorkloadResult  44: 256816 op, 725162205.50 ns, 2.8237 us/op
WorkloadResult  45: 256816 op, 739460780.50 ns, 2.8793 us/op
WorkloadResult  46: 256816 op, 856948209.50 ns, 3.3368 us/op
WorkloadResult  47: 256816 op, 803406062.50 ns, 3.1283 us/op
WorkloadResult  48: 256816 op, 904599207.50 ns, 3.5224 us/op
WorkloadResult  49: 256816 op, 831897697.50 ns, 3.2393 us/op
WorkloadResult  50: 256816 op, 819848920.50 ns, 3.1924 us/op
WorkloadResult  51: 256816 op, 743147275.50 ns, 2.8937 us/op
WorkloadResult  52: 256816 op, 806451693.50 ns, 3.1402 us/op
WorkloadResult  53: 256816 op, 787649993.50 ns, 3.0670 us/op
WorkloadResult  54: 256816 op, 781168164.50 ns, 3.0417 us/op
WorkloadResult  55: 256816 op, 896715490.50 ns, 3.4917 us/op
WorkloadResult  56: 256816 op, 771627503.50 ns, 3.0046 us/op
WorkloadResult  57: 256816 op, 724590472.50 ns, 2.8214 us/op
WorkloadResult  58: 256816 op, 964389997.50 ns, 3.7552 us/op
WorkloadResult  59: 256816 op, 727727928.50 ns, 2.8337 us/op
WorkloadResult  60: 256816 op, 722520853.50 ns, 2.8134 us/op
WorkloadResult  61: 256816 op, 733131381.50 ns, 2.8547 us/op
WorkloadResult  62: 256816 op, 924553042.50 ns, 3.6001 us/op
WorkloadResult  63: 256816 op, 719163480.50 ns, 2.8003 us/op
WorkloadResult  64: 256816 op, 736745234.50 ns, 2.8688 us/op
WorkloadResult  65: 256816 op, 793242649.50 ns, 3.0888 us/op
WorkloadResult  66: 256816 op, 765110094.50 ns, 2.9792 us/op
WorkloadResult  67: 256816 op, 717414069.50 ns, 2.7935 us/op
WorkloadResult  68: 256816 op, 895376871.50 ns, 3.4865 us/op
WorkloadResult  69: 256816 op, 803702170.50 ns, 3.1295 us/op
WorkloadResult  70: 256816 op, 822799711.50 ns, 3.2038 us/op
WorkloadResult  71: 256816 op, 908297269.50 ns, 3.5368 us/op
WorkloadResult  72: 256816 op, 799280964.50 ns, 3.1123 us/op
WorkloadResult  73: 256816 op, 804438485.50 ns, 3.1324 us/op
WorkloadResult  74: 256816 op, 871650457.50 ns, 3.3941 us/op
WorkloadResult  75: 256816 op, 906044524.50 ns, 3.5280 us/op
WorkloadResult  76: 256816 op, 724887277.50 ns, 2.8226 us/op
WorkloadResult  77: 256816 op, 774393962.50 ns, 3.0154 us/op
WorkloadResult  78: 256816 op, 801970542.50 ns, 3.1227 us/op
WorkloadResult  79: 256816 op, 764042803.50 ns, 2.9751 us/op
WorkloadResult  80: 256816 op, 743489348.50 ns, 2.8950 us/op
WorkloadResult  81: 256816 op, 878982664.50 ns, 3.4226 us/op
WorkloadResult  82: 256816 op, 729639866.50 ns, 2.8411 us/op
WorkloadResult  83: 256816 op, 776544815.50 ns, 3.0237 us/op
WorkloadResult  84: 256816 op, 884489779.50 ns, 3.4441 us/op
WorkloadResult  85: 256816 op, 725100415.50 ns, 2.8234 us/op
WorkloadResult  86: 256816 op, 730158814.50 ns, 2.8431 us/op
WorkloadResult  87: 256816 op, 742545596.50 ns, 2.8914 us/op
WorkloadResult  88: 256816 op, 878613135.50 ns, 3.4212 us/op
WorkloadResult  89: 256816 op, 761300107.50 ns, 2.9644 us/op
WorkloadResult  90: 256816 op, 720728039.50 ns, 2.8064 us/op
WorkloadResult  91: 256816 op, 725371244.50 ns, 2.8245 us/op
WorkloadResult  92: 256816 op, 726384842.50 ns, 2.8284 us/op
WorkloadResult  93: 256816 op, 741064323.50 ns, 2.8856 us/op
WorkloadResult  94: 256816 op, 727057835.50 ns, 2.8310 us/op
WorkloadResult  95: 256816 op, 888361087.50 ns, 3.4591 us/op
WorkloadResult  96: 256816 op, 859731008.50 ns, 3.3477 us/op
WorkloadResult  97: 256816 op, 743929882.50 ns, 2.8967 us/op
WorkloadResult  98: 256816 op, 757929847.50 ns, 2.9513 us/op
WorkloadResult  99: 256816 op, 807393071.50 ns, 3.1439 us/op
WorkloadResult  100: 256816 op, 779787699.50 ns, 3.0364 us/op

// AfterAll
// Benchmark Process 1013447 has exited with code 0.

Mean = 3.079 μs, StdErr = 0.027 μs (0.89%), N = 100, StdDev = 0.275 μs
Min = 2.786 μs, Q1 = 2.843 μs, Median = 3.020 μs, Q3 = 3.211 μs, Max = 3.968 μs
IQR = 0.368 μs, LowerFence = 2.290 μs, UpperFence = 3.764 μs
ConfidenceInterval = [2.986 μs; 3.173 μs] (CI 99.9%), Margin = 0.093 μs (3.03% of Mean)
Skewness = 1, Kurtosis = 3.26, MValue = 3.19

// ** Remained 3 (30.0 %) benchmark(s) to run. Estimated finish 2026-05-17 16:06 (0h 6m from now) **
// **************************
// Benchmark: SmokeBenchByte.Newtonsoft_Ser: Energy(OutlierMode=DontRemove, IterationTime=1s)
// *** Execute ***
// Launch: 1 / 1
// Execute: dotnet JsonBench-Energy-1.dll --anonymousPipes 125 126 --benchmarkName JsonBench.Benchmarks.SmokeBenchByte.Newtonsoft_Ser --job Energy --benchmarkId 7 in /home/test/json-energy-bench/JsonBench/bin/Release/net10.0/JsonBench-Energy-1/bin/Release/net10.0
// BeforeAnythingElse

// Benchmark Process Environment Information:
// BenchmarkDotNet v0.15.5-develop (2026-05-17)
// Runtime=.NET 10.0.7 (10.0.7, 10.0.726.21808), X64 RyuJIT x86-64-v3
// GC=Concurrent Workstation
// HardwareIntrinsics=AVX2+BMI1+BMI2+F16C+FMA+LZCNT+MOVBE,AVX,SSE3+SSSE3+SSE4.1+SSE4.2+POPCNT,X86Base+SSE+SSE2,AES+PCLMUL VectorSize=256
// Job: Energy(OutlierMode=DontRemove, IterationTime=1s)

OverheadJitting  1: 1 op, 187159.00 ns, 187.1590 us/op
WorkloadJitting  1: 1 op, 47657028.00 ns, 47.6570 ms/op

OverheadJitting  2: 16 op, 813104.00 ns, 50.8190 us/op
WorkloadJitting  2: 16 op, 2044630.00 ns, 127.7894 us/op

WorkloadPilot    1: 16 op, 823445.00 ns, 51.4653 us/op
WorkloadPilot    2: 19440 op, 520766150.00 ns, 26.7884 us/op
WorkloadPilot    3: 37344 op, 340441721.00 ns, 9.1164 us/op
WorkloadPilot    4: 109696 op, 1300946739.00 ns, 11.8596 us/op
WorkloadPilot    5: 84320 op, 1088189949.00 ns, 12.9055 us/op
WorkloadPilot    6: 77488 op, 989048831.00 ns, 12.7639 us/op
WorkloadPilot    7: 78352 op, 1006568866.00 ns, 12.8468 us/op

OverheadWarmup   1: 78352 op, 299159.00 ns, 3.8181 ns/op
OverheadWarmup   2: 78352 op, 262999.00 ns, 3.3566 ns/op
OverheadWarmup   3: 78352 op, 263289.00 ns, 3.3603 ns/op
OverheadWarmup   4: 78352 op, 428750.00 ns, 5.4721 ns/op
OverheadWarmup   5: 78352 op, 415755.00 ns, 5.3062 ns/op
OverheadWarmup   6: 78352 op, 454219.00 ns, 5.7972 ns/op
OverheadWarmup   7: 78352 op, 423290.00 ns, 5.4024 ns/op

OverheadActual   1: 78352 op, 460523.00 ns, 5.8776 ns/op
OverheadActual   2: 78352 op, 263412.00 ns, 3.3619 ns/op
OverheadActual   3: 78352 op, 269988.00 ns, 3.4458 ns/op
OverheadActual   4: 78352 op, 266322.00 ns, 3.3990 ns/op
OverheadActual   5: 78352 op, 441377.00 ns, 5.6333 ns/op
OverheadActual   6: 78352 op, 267836.00 ns, 3.4184 ns/op
OverheadActual   7: 78352 op, 269297.00 ns, 3.4370 ns/op
OverheadActual   8: 78352 op, 430034.00 ns, 5.4885 ns/op
OverheadActual   9: 78352 op, 275534.00 ns, 3.5166 ns/op
OverheadActual  10: 78352 op, 268293.00 ns, 3.4242 ns/op
OverheadActual  11: 78352 op, 479397.00 ns, 6.1185 ns/op
OverheadActual  12: 78352 op, 269854.00 ns, 3.4441 ns/op
OverheadActual  13: 78352 op, 412861.00 ns, 5.2693 ns/op
OverheadActual  14: 78352 op, 268197.00 ns, 3.4230 ns/op
OverheadActual  15: 78352 op, 297497.00 ns, 3.7969 ns/op
OverheadActual  16: 78352 op, 267014.00 ns, 3.4079 ns/op
OverheadActual  17: 78352 op, 269343.00 ns, 3.4376 ns/op
OverheadActual  18: 78352 op, 519653.00 ns, 6.6323 ns/op
OverheadActual  19: 78352 op, 269051.00 ns, 3.4339 ns/op
OverheadActual  20: 78352 op, 552031.00 ns, 7.0455 ns/op

WorkloadWarmup   1: 78352 op, 1063980600.00 ns, 13.5795 us/op
WorkloadWarmup   2: 78352 op, 829813708.00 ns, 10.5908 us/op
WorkloadWarmup   3: 78352 op, 746358798.00 ns, 9.5257 us/op
WorkloadWarmup   4: 78352 op, 714911565.00 ns, 9.1244 us/op
WorkloadWarmup   5: 78352 op, 716330769.00 ns, 9.1425 us/op
WorkloadWarmup   6: 78352 op, 746521120.00 ns, 9.5278 us/op
WorkloadWarmup   7: 78352 op, 720649554.00 ns, 9.1976 us/op
WorkloadWarmup   8: 78352 op, 956033961.00 ns, 12.2018 us/op
WorkloadWarmup   9: 78352 op, 889083459.00 ns, 11.3473 us/op

// BeforeActualRun
WorkloadActual   1: 78352 op, 788620978.00 ns, 10.0651 us/op
WorkloadActual   2: 78352 op, 822020909.00 ns, 10.4914 us/op
WorkloadActual   3: 78352 op, 789430691.00 ns, 10.0754 us/op
WorkloadActual   4: 78352 op, 825399695.00 ns, 10.5345 us/op
WorkloadActual   5: 78352 op, 904983706.00 ns, 11.5502 us/op
WorkloadActual   6: 78352 op, 798811579.00 ns, 10.1952 us/op
WorkloadActual   7: 78352 op, 836076611.00 ns, 10.6708 us/op
WorkloadActual   8: 78352 op, 721520004.00 ns, 9.2087 us/op
WorkloadActual   9: 78352 op, 720957226.00 ns, 9.2015 us/op
WorkloadActual  10: 78352 op, 749329498.00 ns, 9.5636 us/op
WorkloadActual  11: 78352 op, 722880364.00 ns, 9.2261 us/op
WorkloadActual  12: 78352 op, 973211628.00 ns, 12.4210 us/op
WorkloadActual  13: 78352 op, 784231790.00 ns, 10.0091 us/op
WorkloadActual  14: 78352 op, 777691160.00 ns, 9.9256 us/op
WorkloadActual  15: 78352 op, 727676100.00 ns, 9.2873 us/op
WorkloadActual  16: 78352 op, 772686201.00 ns, 9.8617 us/op
WorkloadActual  17: 78352 op, 803139051.00 ns, 10.2504 us/op
WorkloadActual  18: 78352 op, 797379045.00 ns, 10.1769 us/op
WorkloadActual  19: 78352 op, 854285065.00 ns, 10.9032 us/op
WorkloadActual  20: 78352 op, 716942530.00 ns, 9.1503 us/op
WorkloadActual  21: 78352 op, 787331485.00 ns, 10.0486 us/op
WorkloadActual  22: 78352 op, 711294620.00 ns, 9.0782 us/op
WorkloadActual  23: 78352 op, 716105129.00 ns, 9.1396 us/op
WorkloadActual  24: 78352 op, 850071249.00 ns, 10.8494 us/op
WorkloadActual  25: 78352 op, 774798747.00 ns, 9.8887 us/op
WorkloadActual  26: 78352 op, 788607387.00 ns, 10.0649 us/op
WorkloadActual  27: 78352 op, 726530403.00 ns, 9.2726 us/op
WorkloadActual  28: 78352 op, 718966796.00 ns, 9.1761 us/op
WorkloadActual  29: 78352 op, 718298540.00 ns, 9.1676 us/op
WorkloadActual  30: 78352 op, 720506835.00 ns, 9.1958 us/op
WorkloadActual  31: 78352 op, 721250834.00 ns, 9.2053 us/op
WorkloadActual  32: 78352 op, 709618177.00 ns, 9.0568 us/op
WorkloadActual  33: 78352 op, 841911881.00 ns, 10.7453 us/op
WorkloadActual  34: 78352 op, 790128070.00 ns, 10.0843 us/op
WorkloadActual  35: 78352 op, 787775167.00 ns, 10.0543 us/op
WorkloadActual  36: 78352 op, 789395932.00 ns, 10.0750 us/op
WorkloadActual  37: 78352 op, 861338255.00 ns, 10.9932 us/op
WorkloadActual  38: 78352 op, 896955489.00 ns, 11.4478 us/op
WorkloadActual  39: 78352 op, 902868712.00 ns, 11.5232 us/op
WorkloadActual  40: 78352 op, 753413011.00 ns, 9.6157 us/op
WorkloadActual  41: 78352 op, 786999652.00 ns, 10.0444 us/op
WorkloadActual  42: 78352 op, 771991267.00 ns, 9.8529 us/op
WorkloadActual  43: 78352 op, 719656448.00 ns, 9.1849 us/op
WorkloadActual  44: 78352 op, 718690322.00 ns, 9.1726 us/op
WorkloadActual  45: 78352 op, 759522041.00 ns, 9.6937 us/op
WorkloadActual  46: 78352 op, 850509836.00 ns, 10.8550 us/op
WorkloadActual  47: 78352 op, 763382389.00 ns, 9.7430 us/op
WorkloadActual  48: 78352 op, 796828101.00 ns, 10.1699 us/op
WorkloadActual  49: 78352 op, 790043677.00 ns, 10.0833 us/op
WorkloadActual  50: 78352 op, 895919418.00 ns, 11.4345 us/op
WorkloadActual  51: 78352 op, 832418828.00 ns, 10.6241 us/op
WorkloadActual  52: 78352 op, 812713557.00 ns, 10.3726 us/op
WorkloadActual  53: 78352 op, 744333123.00 ns, 9.4999 us/op
WorkloadActual  54: 78352 op, 715645742.00 ns, 9.1337 us/op
WorkloadActual  55: 78352 op, 726920934.00 ns, 9.2776 us/op
WorkloadActual  56: 78352 op, 720962168.00 ns, 9.2016 us/op
WorkloadActual  57: 78352 op, 732604679.00 ns, 9.3502 us/op
WorkloadActual  58: 78352 op, 727495053.00 ns, 9.2850 us/op
WorkloadActual  59: 78352 op, 726315868.00 ns, 9.2699 us/op
WorkloadActual  60: 78352 op, 906498011.00 ns, 11.5696 us/op
WorkloadActual  61: 78352 op, 795359671.00 ns, 10.1511 us/op
WorkloadActual  62: 78352 op, 721649951.00 ns, 9.2104 us/op
WorkloadActual  63: 78352 op, 746240757.00 ns, 9.5242 us/op
WorkloadActual  64: 78352 op, 716552353.00 ns, 9.1453 us/op
WorkloadActual  65: 78352 op, 709520687.00 ns, 9.0556 us/op
WorkloadActual  66: 78352 op, 748965994.00 ns, 9.5590 us/op
WorkloadActual  67: 78352 op, 798102399.00 ns, 10.1861 us/op
WorkloadActual  68: 78352 op, 713171753.00 ns, 9.1022 us/op
WorkloadActual  69: 78352 op, 718550189.00 ns, 9.1708 us/op
WorkloadActual  70: 78352 op, 714930807.00 ns, 9.1246 us/op
WorkloadActual  71: 78352 op, 714406901.00 ns, 9.1179 us/op
WorkloadActual  72: 78352 op, 712197210.00 ns, 9.0897 us/op
WorkloadActual  73: 78352 op, 711799622.00 ns, 9.0846 us/op
WorkloadActual  74: 78352 op, 896216995.00 ns, 11.4383 us/op
WorkloadActual  75: 78352 op, 715865056.00 ns, 9.1365 us/op
WorkloadActual  76: 78352 op, 840865038.00 ns, 10.7319 us/op
WorkloadActual  77: 78352 op, 824283266.00 ns, 10.5203 us/op
WorkloadActual  78: 78352 op, 779031479.00 ns, 9.9427 us/op
WorkloadActual  79: 78352 op, 780000293.00 ns, 9.9551 us/op
WorkloadActual  80: 78352 op, 848538793.00 ns, 10.8298 us/op
WorkloadActual  81: 78352 op, 776623706.00 ns, 9.9120 us/op
WorkloadActual  82: 78352 op, 733123227.00 ns, 9.3568 us/op
WorkloadActual  83: 78352 op, 711202680.00 ns, 9.0770 us/op
WorkloadActual  84: 78352 op, 723342389.00 ns, 9.2320 us/op
WorkloadActual  85: 78352 op, 709269723.00 ns, 9.0523 us/op
WorkloadActual  86: 78352 op, 707627122.00 ns, 9.0314 us/op
WorkloadActual  87: 78352 op, 773228247.00 ns, 9.8686 us/op
WorkloadActual  88: 78352 op, 787711537.00 ns, 10.0535 us/op
WorkloadActual  89: 78352 op, 736182975.00 ns, 9.3958 us/op
WorkloadActual  90: 78352 op, 841982076.00 ns, 10.7461 us/op
WorkloadActual  91: 78352 op, 725102358.00 ns, 9.2544 us/op
WorkloadActual  92: 78352 op, 717623669.00 ns, 9.1590 us/op
WorkloadActual  93: 78352 op, 717402217.00 ns, 9.1561 us/op
WorkloadActual  94: 78352 op, 810911865.00 ns, 10.3496 us/op
WorkloadActual  95: 78352 op, 820565116.00 ns, 10.4728 us/op
WorkloadActual  96: 78352 op, 739138018.00 ns, 9.4336 us/op
WorkloadActual  97: 78352 op, 779532768.00 ns, 9.9491 us/op
WorkloadActual  98: 78352 op, 719244492.00 ns, 9.1797 us/op
WorkloadActual  99: 78352 op, 719471981.00 ns, 9.1826 us/op
WorkloadActual  100: 78352 op, 723903384.00 ns, 9.2391 us/op

// AfterActualRun
WorkloadResult   1: 78352 op, 788351057.00 ns, 10.0617 us/op
WorkloadResult   2: 78352 op, 821750988.00 ns, 10.4879 us/op
WorkloadResult   3: 78352 op, 789160770.00 ns, 10.0720 us/op
WorkloadResult   4: 78352 op, 825129774.00 ns, 10.5311 us/op
WorkloadResult   5: 78352 op, 904713785.00 ns, 11.5468 us/op
WorkloadResult   6: 78352 op, 798541658.00 ns, 10.1917 us/op
WorkloadResult   7: 78352 op, 835806690.00 ns, 10.6673 us/op
WorkloadResult   8: 78352 op, 721250083.00 ns, 9.2053 us/op
WorkloadResult   9: 78352 op, 720687305.00 ns, 9.1981 us/op
WorkloadResult  10: 78352 op, 749059577.00 ns, 9.5602 us/op
WorkloadResult  11: 78352 op, 722610443.00 ns, 9.2226 us/op
WorkloadResult  12: 78352 op, 972941707.00 ns, 12.4176 us/op
WorkloadResult  13: 78352 op, 783961869.00 ns, 10.0056 us/op
WorkloadResult  14: 78352 op, 777421239.00 ns, 9.9222 us/op
WorkloadResult  15: 78352 op, 727406179.00 ns, 9.2838 us/op
WorkloadResult  16: 78352 op, 772416280.00 ns, 9.8583 us/op
WorkloadResult  17: 78352 op, 802869130.00 ns, 10.2470 us/op
WorkloadResult  18: 78352 op, 797109124.00 ns, 10.1734 us/op
WorkloadResult  19: 78352 op, 854015144.00 ns, 10.8997 us/op
WorkloadResult  20: 78352 op, 716672609.00 ns, 9.1468 us/op
WorkloadResult  21: 78352 op, 787061564.00 ns, 10.0452 us/op
WorkloadResult  22: 78352 op, 711024699.00 ns, 9.0747 us/op
WorkloadResult  23: 78352 op, 715835208.00 ns, 9.1361 us/op
WorkloadResult  24: 78352 op, 849801328.00 ns, 10.8459 us/op
WorkloadResult  25: 78352 op, 774528826.00 ns, 9.8852 us/op
WorkloadResult  26: 78352 op, 788337466.00 ns, 10.0615 us/op
WorkloadResult  27: 78352 op, 726260482.00 ns, 9.2692 us/op
WorkloadResult  28: 78352 op, 718696875.00 ns, 9.1727 us/op
WorkloadResult  29: 78352 op, 718028619.00 ns, 9.1641 us/op
WorkloadResult  30: 78352 op, 720236914.00 ns, 9.1923 us/op
WorkloadResult  31: 78352 op, 720980913.00 ns, 9.2018 us/op
WorkloadResult  32: 78352 op, 709348256.00 ns, 9.0534 us/op
WorkloadResult  33: 78352 op, 841641960.00 ns, 10.7418 us/op
WorkloadResult  34: 78352 op, 789858149.00 ns, 10.0809 us/op
WorkloadResult  35: 78352 op, 787505246.00 ns, 10.0509 us/op
WorkloadResult  36: 78352 op, 789126011.00 ns, 10.0715 us/op
WorkloadResult  37: 78352 op, 861068334.00 ns, 10.9897 us/op
WorkloadResult  38: 78352 op, 896685568.00 ns, 11.4443 us/op
WorkloadResult  39: 78352 op, 902598791.00 ns, 11.5198 us/op
WorkloadResult  40: 78352 op, 753143090.00 ns, 9.6123 us/op
WorkloadResult  41: 78352 op, 786729731.00 ns, 10.0410 us/op
WorkloadResult  42: 78352 op, 771721346.00 ns, 9.8494 us/op
WorkloadResult  43: 78352 op, 719386527.00 ns, 9.1815 us/op
WorkloadResult  44: 78352 op, 718420401.00 ns, 9.1691 us/op
WorkloadResult  45: 78352 op, 759252120.00 ns, 9.6903 us/op
WorkloadResult  46: 78352 op, 850239915.00 ns, 10.8515 us/op
WorkloadResult  47: 78352 op, 763112468.00 ns, 9.7395 us/op
WorkloadResult  48: 78352 op, 796558180.00 ns, 10.1664 us/op
WorkloadResult  49: 78352 op, 789773756.00 ns, 10.0798 us/op
WorkloadResult  50: 78352 op, 895649497.00 ns, 11.4311 us/op
WorkloadResult  51: 78352 op, 832148907.00 ns, 10.6206 us/op
WorkloadResult  52: 78352 op, 812443636.00 ns, 10.3691 us/op
WorkloadResult  53: 78352 op, 744063202.00 ns, 9.4964 us/op
WorkloadResult  54: 78352 op, 715375821.00 ns, 9.1303 us/op
WorkloadResult  55: 78352 op, 726651013.00 ns, 9.2742 us/op
WorkloadResult  56: 78352 op, 720692247.00 ns, 9.1981 us/op
WorkloadResult  57: 78352 op, 732334758.00 ns, 9.3467 us/op
WorkloadResult  58: 78352 op, 727225132.00 ns, 9.2815 us/op
WorkloadResult  59: 78352 op, 726045947.00 ns, 9.2665 us/op
WorkloadResult  60: 78352 op, 906228090.00 ns, 11.5661 us/op
WorkloadResult  61: 78352 op, 795089750.00 ns, 10.1477 us/op
WorkloadResult  62: 78352 op, 721380030.00 ns, 9.2069 us/op
WorkloadResult  63: 78352 op, 745970836.00 ns, 9.5208 us/op
WorkloadResult  64: 78352 op, 716282432.00 ns, 9.1419 us/op
WorkloadResult  65: 78352 op, 709250766.00 ns, 9.0521 us/op
WorkloadResult  66: 78352 op, 748696073.00 ns, 9.5555 us/op
WorkloadResult  67: 78352 op, 797832478.00 ns, 10.1827 us/op
WorkloadResult  68: 78352 op, 712901832.00 ns, 9.0987 us/op
WorkloadResult  69: 78352 op, 718280268.00 ns, 9.1674 us/op
WorkloadResult  70: 78352 op, 714660886.00 ns, 9.1212 us/op
WorkloadResult  71: 78352 op, 714136980.00 ns, 9.1145 us/op
WorkloadResult  72: 78352 op, 711927289.00 ns, 9.0863 us/op
WorkloadResult  73: 78352 op, 711529701.00 ns, 9.0812 us/op
WorkloadResult  74: 78352 op, 895947074.00 ns, 11.4349 us/op
WorkloadResult  75: 78352 op, 715595135.00 ns, 9.1331 us/op
WorkloadResult  76: 78352 op, 840595117.00 ns, 10.7284 us/op
WorkloadResult  77: 78352 op, 824013345.00 ns, 10.5168 us/op
WorkloadResult  78: 78352 op, 778761558.00 ns, 9.9393 us/op
WorkloadResult  79: 78352 op, 779730372.00 ns, 9.9516 us/op
WorkloadResult  80: 78352 op, 848268872.00 ns, 10.8264 us/op
WorkloadResult  81: 78352 op, 776353785.00 ns, 9.9085 us/op
WorkloadResult  82: 78352 op, 732853306.00 ns, 9.3533 us/op
WorkloadResult  83: 78352 op, 710932759.00 ns, 9.0736 us/op
WorkloadResult  84: 78352 op, 723072468.00 ns, 9.2285 us/op
WorkloadResult  85: 78352 op, 708999802.00 ns, 9.0489 us/op
WorkloadResult  86: 78352 op, 707357201.00 ns, 9.0279 us/op
WorkloadResult  87: 78352 op, 772958326.00 ns, 9.8652 us/op
WorkloadResult  88: 78352 op, 787441616.00 ns, 10.0501 us/op
WorkloadResult  89: 78352 op, 735913054.00 ns, 9.3924 us/op
WorkloadResult  90: 78352 op, 841712155.00 ns, 10.7427 us/op
WorkloadResult  91: 78352 op, 724832437.00 ns, 9.2510 us/op
WorkloadResult  92: 78352 op, 717353748.00 ns, 9.1555 us/op
WorkloadResult  93: 78352 op, 717132296.00 ns, 9.1527 us/op
WorkloadResult  94: 78352 op, 810641944.00 ns, 10.3462 us/op
WorkloadResult  95: 78352 op, 820295195.00 ns, 10.4694 us/op
WorkloadResult  96: 78352 op, 738868097.00 ns, 9.4301 us/op
WorkloadResult  97: 78352 op, 779262847.00 ns, 9.9457 us/op
WorkloadResult  98: 78352 op, 718974571.00 ns, 9.1762 us/op
WorkloadResult  99: 78352 op, 719202060.00 ns, 9.1791 us/op
WorkloadResult  100: 78352 op, 723633463.00 ns, 9.2357 us/op

// AfterAll
// Benchmark Process 1014204 has exited with code 0.

Mean = 9.841 μs, StdErr = 0.075 μs (0.76%), N = 100, StdDev = 0.749 μs
Min = 9.028 μs, Q1 = 9.190 μs, Median = 9.715 μs, Q3 = 10.185 μs, Max = 12.418 μs
IQR = 0.995 μs, LowerFence = 7.697 μs, UpperFence = 11.678 μs
ConfidenceInterval = [9.587 μs; 10.095 μs] (CI 99.9%), Margin = 0.254 μs (2.58% of Mean)
Skewness = 0.99, Kurtosis = 3.42, MValue = 3.49

// ** Remained 2 (20.0 %) benchmark(s) to run. Estimated finish 2026-05-17 16:06 (0h 4m from now) **
// **************************
// Benchmark: SmokeBenchByte.SpanJson_Ser: Energy(OutlierMode=DontRemove, IterationTime=1s)
// *** Execute ***
// Launch: 1 / 1
// Execute: dotnet JsonBench-Energy-1.dll --anonymousPipes 125 126 --benchmarkName JsonBench.Benchmarks.SmokeBenchByte.SpanJson_Ser --job Energy --benchmarkId 8 in /home/test/json-energy-bench/JsonBench/bin/Release/net10.0/JsonBench-Energy-1/bin/Release/net10.0
// BeforeAnythingElse

// Benchmark Process Environment Information:
// BenchmarkDotNet v0.15.5-develop (2026-05-17)
// Runtime=.NET 10.0.7 (10.0.7, 10.0.726.21808), X64 RyuJIT x86-64-v3
// GC=Concurrent Workstation
// HardwareIntrinsics=AVX2+BMI1+BMI2+F16C+FMA+LZCNT+MOVBE,AVX,SSE3+SSSE3+SSE4.1+SSE4.2+POPCNT,X86Base+SSE+SSE2,AES+PCLMUL VectorSize=256
// Job: Energy(OutlierMode=DontRemove, IterationTime=1s)

OverheadJitting  1: 1 op, 190483.00 ns, 190.4830 us/op
WorkloadJitting  1: 1 op, 61707171.00 ns, 61.7072 ms/op

OverheadJitting  2: 16 op, 475700.00 ns, 29.7313 us/op
WorkloadJitting  2: 16 op, 1359312.00 ns, 84.9570 us/op

WorkloadPilot    1: 16 op, 716139.00 ns, 44.7587 us/op
WorkloadPilot    2: 22352 op, 303663363.00 ns, 13.5855 us/op
WorkloadPilot    3: 73616 op, 342799193.00 ns, 4.6566 us/op
WorkloadPilot    4: 214752 op, 1089046763.00 ns, 5.0712 us/op
WorkloadPilot    5: 197200 op, 1046088783.00 ns, 5.3047 us/op
WorkloadPilot    6: 188512 op, 1119786476.00 ns, 5.9401 us/op

OverheadWarmup   1: 188512 op, 1020860.00 ns, 5.4154 ns/op
OverheadWarmup   2: 188512 op, 713043.00 ns, 3.7825 ns/op
OverheadWarmup   3: 188512 op, 869974.00 ns, 4.6150 ns/op
OverheadWarmup   4: 188512 op, 707923.00 ns, 3.7553 ns/op
OverheadWarmup   5: 188512 op, 706259.00 ns, 3.7465 ns/op
OverheadWarmup   6: 188512 op, 695477.00 ns, 3.6893 ns/op
OverheadWarmup   7: 188512 op, 713304.00 ns, 3.7839 ns/op
OverheadWarmup   8: 188512 op, 702955.00 ns, 3.7290 ns/op

OverheadActual   1: 188512 op, 686106.00 ns, 3.6396 ns/op
OverheadActual   2: 188512 op, 1024857.00 ns, 5.4366 ns/op
OverheadActual   3: 188512 op, 702280.00 ns, 3.7254 ns/op
OverheadActual   4: 188512 op, 1035556.00 ns, 5.4933 ns/op
OverheadActual   5: 188512 op, 690860.00 ns, 3.6648 ns/op
OverheadActual   6: 188512 op, 694816.00 ns, 3.6858 ns/op
OverheadActual   7: 188512 op, 1320181.00 ns, 7.0032 ns/op
OverheadActual   8: 188512 op, 2302231.00 ns, 12.2126 ns/op
OverheadActual   9: 188512 op, 697693.00 ns, 3.7011 ns/op
OverheadActual  10: 188512 op, 759010.00 ns, 4.0263 ns/op
OverheadActual  11: 188512 op, 769418.00 ns, 4.0815 ns/op
OverheadActual  12: 188512 op, 1260105.00 ns, 6.6845 ns/op
OverheadActual  13: 188512 op, 1274760.00 ns, 6.7622 ns/op
OverheadActual  14: 188512 op, 726044.00 ns, 3.8514 ns/op
OverheadActual  15: 188512 op, 714246.00 ns, 3.7889 ns/op
OverheadActual  16: 188512 op, 1258604.00 ns, 6.6765 ns/op
OverheadActual  17: 188512 op, 1130158.00 ns, 5.9952 ns/op
OverheadActual  18: 188512 op, 982459.00 ns, 5.2117 ns/op
OverheadActual  19: 188512 op, 1022461.00 ns, 5.4239 ns/op
OverheadActual  20: 188512 op, 1045412.00 ns, 5.5456 ns/op

WorkloadWarmup   1: 188512 op, 1157591441.00 ns, 6.1407 us/op
WorkloadWarmup   2: 188512 op, 1074159565.00 ns, 5.6981 us/op
WorkloadWarmup   3: 188512 op, 818872491.00 ns, 4.3439 us/op
WorkloadWarmup   4: 188512 op, 820600353.00 ns, 4.3530 us/op
WorkloadWarmup   5: 188512 op, 800794213.00 ns, 4.2480 us/op
WorkloadWarmup   6: 188512 op, 810764631.00 ns, 4.3009 us/op
WorkloadWarmup   7: 188512 op, 898614782.00 ns, 4.7669 us/op
WorkloadWarmup   8: 188512 op, 1032771256.00 ns, 5.4785 us/op
WorkloadWarmup   9: 188512 op, 1024930805.00 ns, 5.4370 us/op

// BeforeActualRun
WorkloadActual   1: 188512 op, 901742383.00 ns, 4.7835 us/op
WorkloadActual   2: 188512 op, 912697131.00 ns, 4.8416 us/op
WorkloadActual   3: 188512 op, 1029915497.00 ns, 5.4634 us/op
WorkloadActual   4: 188512 op, 884231598.00 ns, 4.6906 us/op
WorkloadActual   5: 188512 op, 958947375.00 ns, 5.0869 us/op
WorkloadActual   6: 188512 op, 814376980.00 ns, 4.3200 us/op
WorkloadActual   7: 188512 op, 856588987.00 ns, 4.5439 us/op
WorkloadActual   8: 188512 op, 927658202.00 ns, 4.9210 us/op
WorkloadActual   9: 188512 op, 912828197.00 ns, 4.8423 us/op
WorkloadActual  10: 188512 op, 960878456.00 ns, 5.0972 us/op
WorkloadActual  11: 188512 op, 1062608937.00 ns, 5.6368 us/op
WorkloadActual  12: 188512 op, 957961529.00 ns, 5.0817 us/op
WorkloadActual  13: 188512 op, 877289076.00 ns, 4.6538 us/op
WorkloadActual  14: 188512 op, 819497447.00 ns, 4.3472 us/op
WorkloadActual  15: 188512 op, 845895596.00 ns, 4.4872 us/op
WorkloadActual  16: 188512 op, 924448892.00 ns, 4.9039 us/op
WorkloadActual  17: 188512 op, 844148985.00 ns, 4.4780 us/op
WorkloadActual  18: 188512 op, 813637096.00 ns, 4.3161 us/op
WorkloadActual  19: 188512 op, 816795833.00 ns, 4.3329 us/op
WorkloadActual  20: 188512 op, 831277581.00 ns, 4.4097 us/op
WorkloadActual  21: 188512 op, 923684260.00 ns, 4.8999 us/op
WorkloadActual  22: 188512 op, 992019644.00 ns, 5.2624 us/op
WorkloadActual  23: 188512 op, 1004339142.00 ns, 5.3277 us/op
WorkloadActual  24: 188512 op, 813547580.00 ns, 4.3156 us/op
WorkloadActual  25: 188512 op, 848401942.00 ns, 4.5005 us/op
WorkloadActual  26: 188512 op, 806288045.00 ns, 4.2771 us/op
WorkloadActual  27: 188512 op, 805961125.00 ns, 4.2754 us/op
WorkloadActual  28: 188512 op, 814832735.00 ns, 4.3224 us/op
WorkloadActual  29: 188512 op, 1004396742.00 ns, 5.3280 us/op
WorkloadActual  30: 188512 op, 955276255.00 ns, 5.0675 us/op
WorkloadActual  31: 188512 op, 927669822.00 ns, 4.9210 us/op
WorkloadActual  32: 188512 op, 919956245.00 ns, 4.8801 us/op
WorkloadActual  33: 188512 op, 1011860119.00 ns, 5.3676 us/op
WorkloadActual  34: 188512 op, 930711869.00 ns, 4.9371 us/op
WorkloadActual  35: 188512 op, 820889174.00 ns, 4.3546 us/op
WorkloadActual  36: 188512 op, 813617491.00 ns, 4.3160 us/op
WorkloadActual  37: 188512 op, 818268526.00 ns, 4.3407 us/op
WorkloadActual  38: 188512 op, 851299961.00 ns, 4.5159 us/op
WorkloadActual  39: 188512 op, 861001523.00 ns, 4.5674 us/op
WorkloadActual  40: 188512 op, 870201043.00 ns, 4.6162 us/op
WorkloadActual  41: 188512 op, 859679605.00 ns, 4.5603 us/op
WorkloadActual  42: 188512 op, 872637806.00 ns, 4.6291 us/op
WorkloadActual  43: 188512 op, 922834600.00 ns, 4.8954 us/op
WorkloadActual  44: 188512 op, 1050354038.00 ns, 5.5718 us/op
WorkloadActual  45: 188512 op, 930625907.00 ns, 4.9367 us/op
WorkloadActual  46: 188512 op, 1034095131.00 ns, 5.4856 us/op
WorkloadActual  47: 188512 op, 817481800.00 ns, 4.3365 us/op
WorkloadActual  48: 188512 op, 816083714.00 ns, 4.3291 us/op
WorkloadActual  49: 188512 op, 833481347.00 ns, 4.4214 us/op
WorkloadActual  50: 188512 op, 812237462.00 ns, 4.3087 us/op
WorkloadActual  51: 188512 op, 816839781.00 ns, 4.3331 us/op
WorkloadActual  52: 188512 op, 952618128.00 ns, 5.0534 us/op
WorkloadActual  53: 188512 op, 878866482.00 ns, 4.6621 us/op
WorkloadActual  54: 188512 op, 918887516.00 ns, 4.8744 us/op
WorkloadActual  55: 188512 op, 912908503.00 ns, 4.8427 us/op
WorkloadActual  56: 188512 op, 952871936.00 ns, 5.0547 us/op
WorkloadActual  57: 188512 op, 830823529.00 ns, 4.4073 us/op
WorkloadActual  58: 188512 op, 973283658.00 ns, 5.1630 us/op
WorkloadActual  59: 188512 op, 907478998.00 ns, 4.8139 us/op
WorkloadActual  60: 188512 op, 906404145.00 ns, 4.8082 us/op
WorkloadActual  61: 188512 op, 859162889.00 ns, 4.5576 us/op
WorkloadActual  62: 188512 op, 852665915.00 ns, 4.5231 us/op
WorkloadActual  63: 188512 op, 805413827.00 ns, 4.2725 us/op
WorkloadActual  64: 188512 op, 957030916.00 ns, 5.0768 us/op
WorkloadActual  65: 188512 op, 1018644929.00 ns, 5.4036 us/op
WorkloadActual  66: 188512 op, 1107171960.00 ns, 5.8732 us/op
WorkloadActual  67: 188512 op, 979498997.00 ns, 5.1960 us/op
WorkloadActual  68: 188512 op, 825081389.00 ns, 4.3768 us/op
WorkloadActual  69: 188512 op, 817692178.00 ns, 4.3376 us/op
WorkloadActual  70: 188512 op, 988783256.00 ns, 5.2452 us/op
WorkloadActual  71: 188512 op, 838073865.00 ns, 4.4457 us/op
WorkloadActual  72: 188512 op, 910705057.00 ns, 4.8310 us/op
WorkloadActual  73: 188512 op, 828508916.00 ns, 4.3950 us/op
WorkloadActual  74: 188512 op, 958516790.00 ns, 5.0846 us/op
WorkloadActual  75: 188512 op, 901549311.00 ns, 4.7825 us/op
WorkloadActual  76: 188512 op, 899594982.00 ns, 4.7721 us/op
WorkloadActual  77: 188512 op, 873403466.00 ns, 4.6331 us/op
WorkloadActual  78: 188512 op, 885871910.00 ns, 4.6993 us/op
WorkloadActual  79: 188512 op, 826569258.00 ns, 4.3847 us/op
WorkloadActual  80: 188512 op, 818268928.00 ns, 4.3407 us/op
WorkloadActual  81: 188512 op, 810959501.00 ns, 4.3019 us/op
WorkloadActual  82: 188512 op, 902716580.00 ns, 4.7886 us/op
WorkloadActual  83: 188512 op, 875285229.00 ns, 4.6431 us/op
WorkloadActual  84: 188512 op, 867785700.00 ns, 4.6033 us/op
WorkloadActual  85: 188512 op, 890404922.00 ns, 4.7233 us/op
WorkloadActual  86: 188512 op, 815799731.00 ns, 4.3276 us/op
WorkloadActual  87: 188512 op, 856668216.00 ns, 4.5444 us/op
WorkloadActual  88: 188512 op, 991896242.00 ns, 5.2617 us/op
WorkloadActual  89: 188512 op, 1007449431.00 ns, 5.3442 us/op
WorkloadActual  90: 188512 op, 971680820.00 ns, 5.1545 us/op
WorkloadActual  91: 188512 op, 835043983.00 ns, 4.4297 us/op
WorkloadActual  92: 188512 op, 808597445.00 ns, 4.2894 us/op
WorkloadActual  93: 188512 op, 849836895.00 ns, 4.5081 us/op
WorkloadActual  94: 188512 op, 873123113.00 ns, 4.6317 us/op
WorkloadActual  95: 188512 op, 812585448.00 ns, 4.3105 us/op
WorkloadActual  96: 188512 op, 889606756.00 ns, 4.7191 us/op
WorkloadActual  97: 188512 op, 846964429.00 ns, 4.4929 us/op
WorkloadActual  98: 188512 op, 815547795.00 ns, 4.3262 us/op
WorkloadActual  99: 188512 op, 810317950.00 ns, 4.2985 us/op
WorkloadActual  100: 188512 op, 928374828.00 ns, 4.9248 us/op

// AfterActualRun
WorkloadResult   1: 188512 op, 900739923.00 ns, 4.7782 us/op
WorkloadResult   2: 188512 op, 911694671.00 ns, 4.8363 us/op
WorkloadResult   3: 188512 op, 1028913037.00 ns, 5.4581 us/op
WorkloadResult   4: 188512 op, 883229138.00 ns, 4.6853 us/op
WorkloadResult   5: 188512 op, 957944915.00 ns, 5.0816 us/op
WorkloadResult   6: 188512 op, 813374520.00 ns, 4.3147 us/op
WorkloadResult   7: 188512 op, 855586527.00 ns, 4.5386 us/op
WorkloadResult   8: 188512 op, 926655742.00 ns, 4.9156 us/op
WorkloadResult   9: 188512 op, 911825737.00 ns, 4.8370 us/op
WorkloadResult  10: 188512 op, 959875996.00 ns, 5.0919 us/op
WorkloadResult  11: 188512 op, 1061606477.00 ns, 5.6315 us/op
WorkloadResult  12: 188512 op, 956959069.00 ns, 5.0764 us/op
WorkloadResult  13: 188512 op, 876286616.00 ns, 4.6484 us/op
WorkloadResult  14: 188512 op, 818494987.00 ns, 4.3419 us/op
WorkloadResult  15: 188512 op, 844893136.00 ns, 4.4819 us/op
WorkloadResult  16: 188512 op, 923446432.00 ns, 4.8986 us/op
WorkloadResult  17: 188512 op, 843146525.00 ns, 4.4726 us/op
WorkloadResult  18: 188512 op, 812634636.00 ns, 4.3108 us/op
WorkloadResult  19: 188512 op, 815793373.00 ns, 4.3275 us/op
WorkloadResult  20: 188512 op, 830275121.00 ns, 4.4044 us/op
WorkloadResult  21: 188512 op, 922681800.00 ns, 4.8946 us/op
WorkloadResult  22: 188512 op, 991017184.00 ns, 5.2571 us/op
WorkloadResult  23: 188512 op, 1003336682.00 ns, 5.3224 us/op
WorkloadResult  24: 188512 op, 812545120.00 ns, 4.3103 us/op
WorkloadResult  25: 188512 op, 847399482.00 ns, 4.4952 us/op
WorkloadResult  26: 188512 op, 805285585.00 ns, 4.2718 us/op
WorkloadResult  27: 188512 op, 804958665.00 ns, 4.2701 us/op
WorkloadResult  28: 188512 op, 813830275.00 ns, 4.3171 us/op
WorkloadResult  29: 188512 op, 1003394282.00 ns, 5.3227 us/op
WorkloadResult  30: 188512 op, 954273795.00 ns, 5.0621 us/op
WorkloadResult  31: 188512 op, 926667362.00 ns, 4.9157 us/op
WorkloadResult  32: 188512 op, 918953785.00 ns, 4.8748 us/op
WorkloadResult  33: 188512 op, 1010857659.00 ns, 5.3623 us/op
WorkloadResult  34: 188512 op, 929709409.00 ns, 4.9318 us/op
WorkloadResult  35: 188512 op, 819886714.00 ns, 4.3493 us/op
WorkloadResult  36: 188512 op, 812615031.00 ns, 4.3107 us/op
WorkloadResult  37: 188512 op, 817266066.00 ns, 4.3354 us/op
WorkloadResult  38: 188512 op, 850297501.00 ns, 4.5106 us/op
WorkloadResult  39: 188512 op, 859999063.00 ns, 4.5620 us/op
WorkloadResult  40: 188512 op, 869198583.00 ns, 4.6108 us/op
WorkloadResult  41: 188512 op, 858677145.00 ns, 4.5550 us/op
WorkloadResult  42: 188512 op, 871635346.00 ns, 4.6238 us/op
WorkloadResult  43: 188512 op, 921832140.00 ns, 4.8900 us/op
WorkloadResult  44: 188512 op, 1049351578.00 ns, 5.5665 us/op
WorkloadResult  45: 188512 op, 929623447.00 ns, 4.9314 us/op
WorkloadResult  46: 188512 op, 1033092671.00 ns, 5.4802 us/op
WorkloadResult  47: 188512 op, 816479340.00 ns, 4.3312 us/op
WorkloadResult  48: 188512 op, 815081254.00 ns, 4.3238 us/op
WorkloadResult  49: 188512 op, 832478887.00 ns, 4.4161 us/op
WorkloadResult  50: 188512 op, 811235002.00 ns, 4.3034 us/op
WorkloadResult  51: 188512 op, 815837321.00 ns, 4.3278 us/op
WorkloadResult  52: 188512 op, 951615668.00 ns, 5.0480 us/op
WorkloadResult  53: 188512 op, 877864022.00 ns, 4.6568 us/op
WorkloadResult  54: 188512 op, 917885056.00 ns, 4.8691 us/op
WorkloadResult  55: 188512 op, 911906043.00 ns, 4.8374 us/op
WorkloadResult  56: 188512 op, 951869476.00 ns, 5.0494 us/op
WorkloadResult  57: 188512 op, 829821069.00 ns, 4.4020 us/op
WorkloadResult  58: 188512 op, 972281198.00 ns, 5.1577 us/op
WorkloadResult  59: 188512 op, 906476538.00 ns, 4.8086 us/op
WorkloadResult  60: 188512 op, 905401685.00 ns, 4.8029 us/op
WorkloadResult  61: 188512 op, 858160429.00 ns, 4.5523 us/op
WorkloadResult  62: 188512 op, 851663455.00 ns, 4.5178 us/op
WorkloadResult  63: 188512 op, 804411367.00 ns, 4.2672 us/op
WorkloadResult  64: 188512 op, 956028456.00 ns, 5.0714 us/op
WorkloadResult  65: 188512 op, 1017642469.00 ns, 5.3983 us/op
WorkloadResult  66: 188512 op, 1106169500.00 ns, 5.8679 us/op
WorkloadResult  67: 188512 op, 978496537.00 ns, 5.1906 us/op
WorkloadResult  68: 188512 op, 824078929.00 ns, 4.3715 us/op
WorkloadResult  69: 188512 op, 816689718.00 ns, 4.3323 us/op
WorkloadResult  70: 188512 op, 987780796.00 ns, 5.2399 us/op
WorkloadResult  71: 188512 op, 837071405.00 ns, 4.4404 us/op
WorkloadResult  72: 188512 op, 909702597.00 ns, 4.8257 us/op
WorkloadResult  73: 188512 op, 827506456.00 ns, 4.3897 us/op
WorkloadResult  74: 188512 op, 957514330.00 ns, 5.0793 us/op
WorkloadResult  75: 188512 op, 900546851.00 ns, 4.7771 us/op
WorkloadResult  76: 188512 op, 898592522.00 ns, 4.7668 us/op
WorkloadResult  77: 188512 op, 872401006.00 ns, 4.6278 us/op
WorkloadResult  78: 188512 op, 884869450.00 ns, 4.6940 us/op
WorkloadResult  79: 188512 op, 825566798.00 ns, 4.3794 us/op
WorkloadResult  80: 188512 op, 817266468.00 ns, 4.3354 us/op
WorkloadResult  81: 188512 op, 809957041.00 ns, 4.2966 us/op
WorkloadResult  82: 188512 op, 901714120.00 ns, 4.7833 us/op
WorkloadResult  83: 188512 op, 874282769.00 ns, 4.6378 us/op
WorkloadResult  84: 188512 op, 866783240.00 ns, 4.5980 us/op
WorkloadResult  85: 188512 op, 889402462.00 ns, 4.7180 us/op
WorkloadResult  86: 188512 op, 814797271.00 ns, 4.3223 us/op
WorkloadResult  87: 188512 op, 855665756.00 ns, 4.5391 us/op
WorkloadResult  88: 188512 op, 990893782.00 ns, 5.2564 us/op
WorkloadResult  89: 188512 op, 1006446971.00 ns, 5.3389 us/op
WorkloadResult  90: 188512 op, 970678360.00 ns, 5.1492 us/op
WorkloadResult  91: 188512 op, 834041523.00 ns, 4.4243 us/op
WorkloadResult  92: 188512 op, 807594985.00 ns, 4.2841 us/op
WorkloadResult  93: 188512 op, 848834435.00 ns, 4.5028 us/op
WorkloadResult  94: 188512 op, 872120653.00 ns, 4.6263 us/op
WorkloadResult  95: 188512 op, 811582988.00 ns, 4.3052 us/op
WorkloadResult  96: 188512 op, 888604296.00 ns, 4.7138 us/op
WorkloadResult  97: 188512 op, 845961969.00 ns, 4.4876 us/op
WorkloadResult  98: 188512 op, 814545335.00 ns, 4.3209 us/op
WorkloadResult  99: 188512 op, 809315490.00 ns, 4.2932 us/op
WorkloadResult  100: 188512 op, 927372368.00 ns, 4.9194 us/op

// AfterAll
// Benchmark Process 1014969 has exited with code 0.

Mean = 4.724 μs, StdErr = 0.038 μs (0.80%), N = 100, StdDev = 0.379 μs
Min = 4.267 μs, Q1 = 4.377 μs, Median = 4.643 μs, Q3 = 4.931 μs, Max = 5.868 μs
IQR = 0.554 μs, LowerFence = 3.546 μs, UpperFence = 5.763 μs
ConfidenceInterval = [4.596 μs; 4.853 μs] (CI 99.9%), Margin = 0.128 μs (2.72% of Mean)
Skewness = 0.72, Kurtosis = 2.71, MValue = 2.18

// ** Remained 1 (10.0 %) benchmark(s) to run. Estimated finish 2026-05-17 16:06 (0h 2m from now) **
// **************************
// Benchmark: SmokeBenchByte.Utf8Json_Ser: Energy(OutlierMode=DontRemove, IterationTime=1s)
// *** Execute ***
// Launch: 1 / 1
// Execute: dotnet JsonBench-Energy-1.dll --anonymousPipes 125 126 --benchmarkName JsonBench.Benchmarks.SmokeBenchByte.Utf8Json_Ser --job Energy --benchmarkId 9 in /home/test/json-energy-bench/JsonBench/bin/Release/net10.0/JsonBench-Energy-1/bin/Release/net10.0
// BeforeAnythingElse

// Benchmark Process Environment Information:
// BenchmarkDotNet v0.15.5-develop (2026-05-17)
// Runtime=.NET 10.0.7 (10.0.7, 10.0.726.21808), X64 RyuJIT x86-64-v3
// GC=Concurrent Workstation
// HardwareIntrinsics=AVX2+BMI1+BMI2+F16C+FMA+LZCNT+MOVBE,AVX,SSE3+SSSE3+SSE4.1+SSE4.2+POPCNT,X86Base+SSE+SSE2,AES+PCLMUL VectorSize=256
// Job: Energy(OutlierMode=DontRemove, IterationTime=1s)

OverheadJitting  1: 1 op, 189702.00 ns, 189.7020 us/op
WorkloadJitting  1: 1 op, 66867349.00 ns, 66.8673 ms/op

WorkloadPilot    1: 4 op, 123702.00 ns, 30.9255 us/op
WorkloadPilot    2: 32336 op, 292226209.00 ns, 9.0372 us/op
WorkloadPilot    3: 110654 op, 585610262.00 ns, 5.2923 us/op
WorkloadPilot    4: 188955 op, 1171698553.00 ns, 6.2009 us/op
WorkloadPilot    5: 161266 op, 1155818155.00 ns, 7.1672 us/op
WorkloadPilot    6: 139525 op, 1065896983.00 ns, 7.6395 us/op

WorkloadWarmup   1: 139525 op, 1160847952.00 ns, 8.3200 us/op
WorkloadWarmup   2: 139525 op, 1022916503.00 ns, 7.3314 us/op
WorkloadWarmup   3: 139525 op, 837733583.00 ns, 6.0042 us/op
WorkloadWarmup   4: 139525 op, 865424572.00 ns, 6.2026 us/op
WorkloadWarmup   5: 139525 op, 854688136.00 ns, 6.1257 us/op
WorkloadWarmup   6: 139525 op, 846792449.00 ns, 6.0691 us/op
WorkloadWarmup   7: 139525 op, 853063027.00 ns, 6.1141 us/op
WorkloadWarmup   8: 139525 op, 1019573558.00 ns, 7.3075 us/op
WorkloadWarmup   9: 139525 op, 980261300.00 ns, 7.0257 us/op

// BeforeActualRun
WorkloadActual   1: 139525 op, 857828181.00 ns, 6.1482 us/op
WorkloadActual   2: 139525 op, 822463585.00 ns, 5.8947 us/op
WorkloadActual   3: 139525 op, 769291779.00 ns, 5.5136 us/op
WorkloadActual   4: 139525 op, 740743400.00 ns, 5.3090 us/op
WorkloadActual   5: 139525 op, 872582598.00 ns, 6.2540 us/op
WorkloadActual   6: 139525 op, 742002466.00 ns, 5.3181 us/op
WorkloadActual   7: 139525 op, 736809749.00 ns, 5.2808 us/op
WorkloadActual   8: 139525 op, 789994493.00 ns, 5.6620 us/op
WorkloadActual   9: 139525 op, 818245881.00 ns, 5.8645 us/op
WorkloadActual  10: 139525 op, 842379183.00 ns, 6.0375 us/op
WorkloadActual  11: 139525 op, 867490032.00 ns, 6.2175 us/op
WorkloadActual  12: 139525 op, 914425618.00 ns, 6.5538 us/op
WorkloadActual  13: 139525 op, 840460403.00 ns, 6.0237 us/op
WorkloadActual  14: 139525 op, 829110508.00 ns, 5.9424 us/op
WorkloadActual  15: 139525 op, 838922894.00 ns, 6.0127 us/op
WorkloadActual  16: 139525 op, 807869872.00 ns, 5.7901 us/op
WorkloadActual  17: 139525 op, 833110229.00 ns, 5.9710 us/op
WorkloadActual  18: 139525 op, 884801686.00 ns, 6.3415 us/op
WorkloadActual  19: 139525 op, 831044567.00 ns, 5.9562 us/op
WorkloadActual  20: 139525 op, 816886398.00 ns, 5.8548 us/op
WorkloadActual  21: 139525 op, 832520671.00 ns, 5.9668 us/op
WorkloadActual  22: 139525 op, 814623947.00 ns, 5.8386 us/op
WorkloadActual  23: 139525 op, 947666061.00 ns, 6.7921 us/op
WorkloadActual  24: 139525 op, 918598738.00 ns, 6.5838 us/op
WorkloadActual  25: 139525 op, 814269483.00 ns, 5.8360 us/op
WorkloadActual  26: 139525 op, 744405902.00 ns, 5.3353 us/op
WorkloadActual  27: 139525 op, 863954586.00 ns, 6.1921 us/op
WorkloadActual  28: 139525 op, 831123836.00 ns, 5.9568 us/op
WorkloadActual  29: 139525 op, 835594135.00 ns, 5.9888 us/op
WorkloadActual  30: 139525 op, 868657232.00 ns, 6.2258 us/op
WorkloadActual  31: 139525 op, 897857074.00 ns, 6.4351 us/op
WorkloadActual  32: 139525 op, 806949453.00 ns, 5.7835 us/op
WorkloadActual  33: 139525 op, 733220246.00 ns, 5.2551 us/op
WorkloadActual  34: 139525 op, 731250694.00 ns, 5.2410 us/op
WorkloadActual  35: 139525 op, 875177939.00 ns, 6.2726 us/op
WorkloadActual  36: 139525 op, 899953904.00 ns, 6.4501 us/op
WorkloadActual  37: 139525 op, 826473171.00 ns, 5.9235 us/op
WorkloadActual  38: 139525 op, 736428503.00 ns, 5.2781 us/op
WorkloadActual  39: 139525 op, 813984597.00 ns, 5.8340 us/op
WorkloadActual  40: 139525 op, 825218828.00 ns, 5.9145 us/op
WorkloadActual  41: 139525 op, 824250397.00 ns, 5.9075 us/op
WorkloadActual  42: 139525 op, 802691703.00 ns, 5.7530 us/op
WorkloadActual  43: 139525 op, 873667542.00 ns, 6.2617 us/op
WorkloadActual  44: 139525 op, 808105434.00 ns, 5.7918 us/op
WorkloadActual  45: 139525 op, 734155825.00 ns, 5.2618 us/op
WorkloadActual  46: 139525 op, 758874209.00 ns, 5.4390 us/op
WorkloadActual  47: 139525 op, 776951431.00 ns, 5.5685 us/op
WorkloadActual  48: 139525 op, 931612266.00 ns, 6.6770 us/op
WorkloadActual  49: 139525 op, 817627553.00 ns, 5.8601 us/op
WorkloadActual  50: 139525 op, 829411298.00 ns, 5.9445 us/op
WorkloadActual  51: 139525 op, 732213030.00 ns, 5.2479 us/op
WorkloadActual  52: 139525 op, 733054813.00 ns, 5.2539 us/op
WorkloadActual  53: 139525 op, 738024140.00 ns, 5.2895 us/op
WorkloadActual  54: 139525 op, 743317780.00 ns, 5.3275 us/op
WorkloadActual  55: 139525 op, 737074976.00 ns, 5.2827 us/op
WorkloadActual  56: 139525 op, 731060862.00 ns, 5.2396 us/op
WorkloadActual  57: 139525 op, 812449446.00 ns, 5.8230 us/op
WorkloadActual  58: 139525 op, 737223281.00 ns, 5.2838 us/op
WorkloadActual  59: 139525 op, 753084613.00 ns, 5.3975 us/op
WorkloadActual  60: 139525 op, 790722225.00 ns, 5.6672 us/op
WorkloadActual  61: 139525 op, 911500109.00 ns, 6.5329 us/op
WorkloadActual  62: 139525 op, 735269139.00 ns, 5.2698 us/op
WorkloadActual  63: 139525 op, 735936686.00 ns, 5.2746 us/op
WorkloadActual  64: 139525 op, 954919707.00 ns, 6.8441 us/op
WorkloadActual  65: 139525 op, 838817202.00 ns, 6.0119 us/op
WorkloadActual  66: 139525 op, 824925685.00 ns, 5.9124 us/op
WorkloadActual  67: 139525 op, 832523228.00 ns, 5.9668 us/op
WorkloadActual  68: 139525 op, 836978697.00 ns, 5.9988 us/op
WorkloadActual  69: 139525 op, 829243489.00 ns, 5.9433 us/op
WorkloadActual  70: 139525 op, 905531742.00 ns, 6.4901 us/op
WorkloadActual  71: 139525 op, 842547655.00 ns, 6.0387 us/op
WorkloadActual  72: 139525 op, 926165825.00 ns, 6.6380 us/op
WorkloadActual  73: 139525 op, 857541809.00 ns, 6.1462 us/op
WorkloadActual  74: 139525 op, 859754049.00 ns, 6.1620 us/op
WorkloadActual  75: 139525 op, 862171490.00 ns, 6.1793 us/op
WorkloadActual  76: 139525 op, 829832777.00 ns, 5.9476 us/op
WorkloadActual  77: 139525 op, 772769425.00 ns, 5.5386 us/op
WorkloadActual  78: 139525 op, 743443713.00 ns, 5.3284 us/op
WorkloadActual  79: 139525 op, 743288964.00 ns, 5.3273 us/op
WorkloadActual  80: 139525 op, 737294335.00 ns, 5.2843 us/op
WorkloadActual  81: 139525 op, 742555611.00 ns, 5.3220 us/op
WorkloadActual  82: 139525 op, 750807074.00 ns, 5.3812 us/op
WorkloadActual  83: 139525 op, 861517451.00 ns, 6.1746 us/op
WorkloadActual  84: 139525 op, 824478776.00 ns, 5.9092 us/op
WorkloadActual  85: 139525 op, 876919177.00 ns, 6.2850 us/op
WorkloadActual  86: 139525 op, 773997181.00 ns, 5.5474 us/op
WorkloadActual  87: 139525 op, 738199992.00 ns, 5.2908 us/op
WorkloadActual  88: 139525 op, 746307311.00 ns, 5.3489 us/op
WorkloadActual  89: 139525 op, 738929671.00 ns, 5.2960 us/op
WorkloadActual  90: 139525 op, 867693062.00 ns, 6.2189 us/op
WorkloadActual  91: 139525 op, 739925057.00 ns, 5.3032 us/op
WorkloadActual  92: 139525 op, 741373460.00 ns, 5.3136 us/op
WorkloadActual  93: 139525 op, 742161895.00 ns, 5.3192 us/op
WorkloadActual  94: 139525 op, 758147206.00 ns, 5.4338 us/op
WorkloadActual  95: 139525 op, 744286232.00 ns, 5.3344 us/op
WorkloadActual  96: 139525 op, 787156133.00 ns, 5.6417 us/op
WorkloadActual  97: 139525 op, 796852429.00 ns, 5.7112 us/op
WorkloadActual  98: 139525 op, 937871900.00 ns, 6.7219 us/op
WorkloadActual  99: 139525 op, 757024930.00 ns, 5.4257 us/op
WorkloadActual  100: 139525 op, 737698621.00 ns, 5.2872 us/op

// AfterActualRun
WorkloadResult   1: 139525 op, 857828181.00 ns, 6.1482 us/op
WorkloadResult   2: 139525 op, 822463585.00 ns, 5.8947 us/op
WorkloadResult   3: 139525 op, 769291779.00 ns, 5.5136 us/op
WorkloadResult   4: 139525 op, 740743400.00 ns, 5.3090 us/op
WorkloadResult   5: 139525 op, 872582598.00 ns, 6.2540 us/op
WorkloadResult   6: 139525 op, 742002466.00 ns, 5.3181 us/op
WorkloadResult   7: 139525 op, 736809749.00 ns, 5.2808 us/op
WorkloadResult   8: 139525 op, 789994493.00 ns, 5.6620 us/op
WorkloadResult   9: 139525 op, 818245881.00 ns, 5.8645 us/op
WorkloadResult  10: 139525 op, 842379183.00 ns, 6.0375 us/op
WorkloadResult  11: 139525 op, 867490032.00 ns, 6.2175 us/op
WorkloadResult  12: 139525 op, 914425618.00 ns, 6.5538 us/op
WorkloadResult  13: 139525 op, 840460403.00 ns, 6.0237 us/op
WorkloadResult  14: 139525 op, 829110508.00 ns, 5.9424 us/op
WorkloadResult  15: 139525 op, 838922894.00 ns, 6.0127 us/op
WorkloadResult  16: 139525 op, 807869872.00 ns, 5.7901 us/op
WorkloadResult  17: 139525 op, 833110229.00 ns, 5.9710 us/op
WorkloadResult  18: 139525 op, 884801686.00 ns, 6.3415 us/op
WorkloadResult  19: 139525 op, 831044567.00 ns, 5.9562 us/op
WorkloadResult  20: 139525 op, 816886398.00 ns, 5.8548 us/op
WorkloadResult  21: 139525 op, 832520671.00 ns, 5.9668 us/op
WorkloadResult  22: 139525 op, 814623947.00 ns, 5.8386 us/op
WorkloadResult  23: 139525 op, 947666061.00 ns, 6.7921 us/op
WorkloadResult  24: 139525 op, 918598738.00 ns, 6.5838 us/op
WorkloadResult  25: 139525 op, 814269483.00 ns, 5.8360 us/op
WorkloadResult  26: 139525 op, 744405902.00 ns, 5.3353 us/op
WorkloadResult  27: 139525 op, 863954586.00 ns, 6.1921 us/op
WorkloadResult  28: 139525 op, 831123836.00 ns, 5.9568 us/op
WorkloadResult  29: 139525 op, 835594135.00 ns, 5.9888 us/op
WorkloadResult  30: 139525 op, 868657232.00 ns, 6.2258 us/op
WorkloadResult  31: 139525 op, 897857074.00 ns, 6.4351 us/op
WorkloadResult  32: 139525 op, 806949453.00 ns, 5.7835 us/op
WorkloadResult  33: 139525 op, 733220246.00 ns, 5.2551 us/op
WorkloadResult  34: 139525 op, 731250694.00 ns, 5.2410 us/op
WorkloadResult  35: 139525 op, 875177939.00 ns, 6.2726 us/op
WorkloadResult  36: 139525 op, 899953904.00 ns, 6.4501 us/op
WorkloadResult  37: 139525 op, 826473171.00 ns, 5.9235 us/op
WorkloadResult  38: 139525 op, 736428503.00 ns, 5.2781 us/op
WorkloadResult  39: 139525 op, 813984597.00 ns, 5.8340 us/op
WorkloadResult  40: 139525 op, 825218828.00 ns, 5.9145 us/op
WorkloadResult  41: 139525 op, 824250397.00 ns, 5.9075 us/op
WorkloadResult  42: 139525 op, 802691703.00 ns, 5.7530 us/op
WorkloadResult  43: 139525 op, 873667542.00 ns, 6.2617 us/op
WorkloadResult  44: 139525 op, 808105434.00 ns, 5.7918 us/op
WorkloadResult  45: 139525 op, 734155825.00 ns, 5.2618 us/op
WorkloadResult  46: 139525 op, 758874209.00 ns, 5.4390 us/op
WorkloadResult  47: 139525 op, 776951431.00 ns, 5.5685 us/op
WorkloadResult  48: 139525 op, 931612266.00 ns, 6.6770 us/op
WorkloadResult  49: 139525 op, 817627553.00 ns, 5.8601 us/op
WorkloadResult  50: 139525 op, 829411298.00 ns, 5.9445 us/op
WorkloadResult  51: 139525 op, 732213030.00 ns, 5.2479 us/op
WorkloadResult  52: 139525 op, 733054813.00 ns, 5.2539 us/op
WorkloadResult  53: 139525 op, 738024140.00 ns, 5.2895 us/op
WorkloadResult  54: 139525 op, 743317780.00 ns, 5.3275 us/op
WorkloadResult  55: 139525 op, 737074976.00 ns, 5.2827 us/op
WorkloadResult  56: 139525 op, 731060862.00 ns, 5.2396 us/op
WorkloadResult  57: 139525 op, 812449446.00 ns, 5.8230 us/op
WorkloadResult  58: 139525 op, 737223281.00 ns, 5.2838 us/op
WorkloadResult  59: 139525 op, 753084613.00 ns, 5.3975 us/op
WorkloadResult  60: 139525 op, 790722225.00 ns, 5.6672 us/op
WorkloadResult  61: 139525 op, 911500109.00 ns, 6.5329 us/op
WorkloadResult  62: 139525 op, 735269139.00 ns, 5.2698 us/op
WorkloadResult  63: 139525 op, 735936686.00 ns, 5.2746 us/op
WorkloadResult  64: 139525 op, 954919707.00 ns, 6.8441 us/op
WorkloadResult  65: 139525 op, 838817202.00 ns, 6.0119 us/op
WorkloadResult  66: 139525 op, 824925685.00 ns, 5.9124 us/op
WorkloadResult  67: 139525 op, 832523228.00 ns, 5.9668 us/op
WorkloadResult  68: 139525 op, 836978697.00 ns, 5.9988 us/op
WorkloadResult  69: 139525 op, 829243489.00 ns, 5.9433 us/op
WorkloadResult  70: 139525 op, 905531742.00 ns, 6.4901 us/op
WorkloadResult  71: 139525 op, 842547655.00 ns, 6.0387 us/op
WorkloadResult  72: 139525 op, 926165825.00 ns, 6.6380 us/op
WorkloadResult  73: 139525 op, 857541809.00 ns, 6.1462 us/op
WorkloadResult  74: 139525 op, 859754049.00 ns, 6.1620 us/op
WorkloadResult  75: 139525 op, 862171490.00 ns, 6.1793 us/op
WorkloadResult  76: 139525 op, 829832777.00 ns, 5.9476 us/op
WorkloadResult  77: 139525 op, 772769425.00 ns, 5.5386 us/op
WorkloadResult  78: 139525 op, 743443713.00 ns, 5.3284 us/op
WorkloadResult  79: 139525 op, 743288964.00 ns, 5.3273 us/op
WorkloadResult  80: 139525 op, 737294335.00 ns, 5.2843 us/op
WorkloadResult  81: 139525 op, 742555611.00 ns, 5.3220 us/op
WorkloadResult  82: 139525 op, 750807074.00 ns, 5.3812 us/op
WorkloadResult  83: 139525 op, 861517451.00 ns, 6.1746 us/op
WorkloadResult  84: 139525 op, 824478776.00 ns, 5.9092 us/op
WorkloadResult  85: 139525 op, 876919177.00 ns, 6.2850 us/op
WorkloadResult  86: 139525 op, 773997181.00 ns, 5.5474 us/op
WorkloadResult  87: 139525 op, 738199992.00 ns, 5.2908 us/op
WorkloadResult  88: 139525 op, 746307311.00 ns, 5.3489 us/op
WorkloadResult  89: 139525 op, 738929671.00 ns, 5.2960 us/op
WorkloadResult  90: 139525 op, 867693062.00 ns, 6.2189 us/op
WorkloadResult  91: 139525 op, 739925057.00 ns, 5.3032 us/op
WorkloadResult  92: 139525 op, 741373460.00 ns, 5.3136 us/op
WorkloadResult  93: 139525 op, 742161895.00 ns, 5.3192 us/op
WorkloadResult  94: 139525 op, 758147206.00 ns, 5.4338 us/op
WorkloadResult  95: 139525 op, 744286232.00 ns, 5.3344 us/op
WorkloadResult  96: 139525 op, 787156133.00 ns, 5.6417 us/op
WorkloadResult  97: 139525 op, 796852429.00 ns, 5.7112 us/op
WorkloadResult  98: 139525 op, 937871900.00 ns, 6.7219 us/op
WorkloadResult  99: 139525 op, 757024930.00 ns, 5.4257 us/op
WorkloadResult  100: 139525 op, 737698621.00 ns, 5.2872 us/op

// AfterAll
// Benchmark Process 1015726 has exited with code 0.

Mean = 5.804 μs, StdErr = 0.044 μs (0.76%), N = 100, StdDev = 0.439 μs
Min = 5.240 μs, Q1 = 5.328 μs, Median = 5.847 μs, Q3 = 6.066 μs, Max = 6.844 μs
IQR = 0.737 μs, LowerFence = 4.222 μs, UpperFence = 7.172 μs
ConfidenceInterval = [5.655 μs; 5.953 μs] (CI 99.9%), Margin = 0.149 μs (2.57% of Mean)
Skewness = 0.37, Kurtosis = 2.16, MValue = 3.65

// ** Remained 0 (0.0 %) benchmark(s) to run. Estimated finish 2026-05-17 16:06 (0h 0m from now) **
// ***** BenchmarkRunner: Finish  *****

// * Export *
  BenchmarkArtifacts/results/JsonBench.Benchmarks.SmokeBenchByte-report.csv
  BenchmarkArtifacts/results/JsonBench.Benchmarks.SmokeBenchByte-report-github.md
  BenchmarkArtifacts/results/JsonBench.Benchmarks.SmokeBenchByte-report.html
  BenchmarkArtifacts/results/JsonBench.Benchmarks.SmokeBenchByte-measurements.csv

// * Detailed results *
SmokeBenchByte.SpanJson_Deser: Energy(OutlierMode=DontRemove, IterationTime=1s)
Runtime = .NET 10.0.7 (10.0.7, 10.0.726.21808), X64 RyuJIT x86-64-v3; GC = Concurrent Workstation
Mean = 6.255 μs, StdErr = 0.048 μs (0.76%), N = 100, StdDev = 0.477 μs
Min = 5.708 μs, Q1 = 5.820 μs, Median = 6.216 μs, Q3 = 6.546 μs, Max = 7.541 μs
IQR = 0.725 μs, LowerFence = 4.732 μs, UpperFence = 7.634 μs
ConfidenceInterval = [6.093 μs; 6.417 μs] (CI 99.9%), Margin = 0.162 μs (2.59% of Mean)
Skewness = 0.69, Kurtosis = 2.43, MValue = 2.98
-------------------- Histogram --------------------
[5.686 μs ; 5.956 μs) | @@@@@@@@@@@@@@@@@@@@@@@@@@@@@@@@@@@@@@@@@@@
[5.956 μs ; 6.244 μs) | @@@@@@@@
[6.244 μs ; 6.581 μs) | @@@@@@@@@@@@@@@@@@@@@@@@@@@@
[6.581 μs ; 6.803 μs) | @@@@@@@
[6.803 μs ; 7.061 μs) | @@@@@@
[7.061 μs ; 7.406 μs) | @@@@@@@
[7.406 μs ; 7.676 μs) | @
---------------------------------------------------

SmokeBenchByte.STJSrcGen_Deser: Energy(OutlierMode=DontRemove, IterationTime=1s)
Runtime = .NET 10.0.7 (10.0.7, 10.0.726.21808), X64 RyuJIT x86-64-v3; GC = Concurrent Workstation
Mean = 8.249 μs, StdErr = 0.069 μs (0.83%), N = 100, StdDev = 0.685 μs
Min = 7.613 μs, Q1 = 7.709 μs, Median = 7.901 μs, Q3 = 8.656 μs, Max = 10.295 μs
IQR = 0.947 μs, LowerFence = 6.289 μs, UpperFence = 10.076 μs
ConfidenceInterval = [8.017 μs; 8.482 μs] (CI 99.9%), Margin = 0.232 μs (2.82% of Mean)
Skewness = 1.12, Kurtosis = 3.39, MValue = 2.39
-------------------- Histogram --------------------
[7.604 μs ;  7.992 μs) | @@@@@@@@@@@@@@@@@@@@@@@@@@@@@@@@@@@@@@@@@@@@@@@@@@@@
[7.992 μs ;  8.384 μs) | @@@@@@@@@@@@@
[8.384 μs ;  8.877 μs) | @@@@@@@@@@@@@@@@@
[8.877 μs ;  9.110 μs) | @
[9.110 μs ;  9.497 μs) | @@@@@@@@@@@@
[9.497 μs ;  9.902 μs) | @@
[9.902 μs ; 10.391 μs) | @@@
---------------------------------------------------

SmokeBenchByte.STJRefGen_Deser: Energy(OutlierMode=DontRemove, IterationTime=1s)
Runtime = .NET 10.0.7 (10.0.7, 10.0.726.21808), X64 RyuJIT x86-64-v3; GC = Concurrent Workstation
Mean = 8.484 μs, StdErr = 0.068 μs (0.81%), N = 100, StdDev = 0.683 μs
Min = 7.709 μs, Q1 = 7.867 μs, Median = 8.342 μs, Q3 = 8.935 μs, Max = 10.658 μs
IQR = 1.068 μs, LowerFence = 6.266 μs, UpperFence = 10.537 μs
ConfidenceInterval = [8.252 μs; 8.716 μs] (CI 99.9%), Margin = 0.232 μs (2.73% of Mean)
Skewness = 0.82, Kurtosis = 3.17, MValue = 3.02
-------------------- Histogram --------------------
[ 7.700 μs ;  8.086 μs) | @@@@@@@@@@@@@@@@@@@@@@@@@@@@@@@@@@@@@@@@@@@@
[ 8.086 μs ;  8.466 μs) | @@@@@@@@
[ 8.466 μs ;  8.666 μs) | @@@@
[ 8.666 μs ;  9.052 μs) | @@@@@@@@@@@@@@@@@@@@@@@@@@@
[ 9.052 μs ;  9.368 μs) | @@@@@@
[ 9.368 μs ;  9.754 μs) | @@@@@@@@
[ 9.754 μs ; 10.156 μs) | @
[10.156 μs ; 10.430 μs) | 
[10.430 μs ; 10.851 μs) | @@
---------------------------------------------------

SmokeBenchByte.Utf8Json_Deser: Energy(OutlierMode=DontRemove, IterationTime=1s)
Runtime = .NET 10.0.7 (10.0.7, 10.0.726.21808), X64 RyuJIT x86-64-v3; GC = Concurrent Workstation
Mean = 9.353 μs, StdErr = 0.082 μs (0.88%), N = 100, StdDev = 0.823 μs
Min = 8.432 μs, Q1 = 8.556 μs, Median = 9.259 μs, Q3 = 9.879 μs, Max = 11.798 μs
IQR = 1.323 μs, LowerFence = 6.572 μs, UpperFence = 11.862 μs
ConfidenceInterval = [9.074 μs; 9.632 μs] (CI 99.9%), Margin = 0.279 μs (2.98% of Mean)
Skewness = 0.76, Kurtosis = 2.75, MValue = 2.76
-------------------- Histogram --------------------
[ 8.427 μs ;  8.892 μs) | @@@@@@@@@@@@@@@@@@@@@@@@@@@@@@@@@@@@@@@@@@
[ 8.892 μs ;  9.491 μs) | @@@@@@@@@@@@@@@
[ 9.491 μs ;  9.956 μs) | @@@@@@@@@@@@@@@@@@@@@@@
[ 9.956 μs ; 10.238 μs) | @@@
[10.238 μs ; 10.703 μs) | @@@@@@@@@
[10.703 μs ; 11.150 μs) | @@@@@@
[11.150 μs ; 11.396 μs) | 
[11.396 μs ; 11.861 μs) | @@
---------------------------------------------------

SmokeBenchByte.Newtonsoft_Deser: Energy(OutlierMode=DontRemove, IterationTime=1s)
Runtime = .NET 10.0.7 (10.0.7, 10.0.726.21808), X64 RyuJIT x86-64-v3; GC = Concurrent Workstation
Mean = 16.743 μs, StdErr = 0.148 μs (0.88%), N = 100, StdDev = 1.479 μs
Min = 15.168 μs, Q1 = 15.414 μs, Median = 16.553 μs, Q3 = 17.729 μs, Max = 21.542 μs
IQR = 2.316 μs, LowerFence = 11.940 μs, UpperFence = 21.203 μs
ConfidenceInterval = [16.242 μs; 17.245 μs] (CI 99.9%), Margin = 0.502 μs (3.00% of Mean)
Skewness = 0.85, Kurtosis = 3.16, MValue = 2.79
-------------------- Histogram --------------------
[15.156 μs ; 15.993 μs) | @@@@@@@@@@@@@@@@@@@@@@@@@@@@@@@@@@@@@@@@@@@@@
[15.993 μs ; 16.843 μs) | @@@@@@
[16.843 μs ; 17.680 μs) | @@@@@@@@@@@@@@@@@@@@@@@
[17.680 μs ; 18.681 μs) | @@@@@@@@@@@@@@@@
[18.681 μs ; 19.423 μs) | @@@@@@
[19.423 μs ; 20.012 μs) | 
[20.012 μs ; 21.124 μs) | @@@
[21.124 μs ; 21.960 μs) | @
---------------------------------------------------

SmokeBenchByte.STJSrcGen_Ser: Energy(OutlierMode=DontRemove, IterationTime=1s)
Runtime = .NET 10.0.7 (10.0.7, 10.0.726.21808), X64 RyuJIT x86-64-v3; GC = Concurrent Workstation
Mean = 3.079 μs, StdErr = 0.027 μs (0.89%), N = 100, StdDev = 0.275 μs
Min = 2.786 μs, Q1 = 2.843 μs, Median = 3.020 μs, Q3 = 3.211 μs, Max = 3.968 μs
IQR = 0.368 μs, LowerFence = 2.290 μs, UpperFence = 3.764 μs
ConfidenceInterval = [2.986 μs; 3.173 μs] (CI 99.9%), Margin = 0.093 μs (3.03% of Mean)
Skewness = 1, Kurtosis = 3.26, MValue = 3.19
-------------------- Histogram --------------------
[2.766 μs ; 2.921 μs) | @@@@@@@@@@@@@@@@@@@@@@@@@@@@@@@@@@@@@@@@@@
[2.921 μs ; 2.995 μs) | @@@@@
[2.995 μs ; 3.151 μs) | @@@@@@@@@@@@@@@@@@@@@@@@
[3.151 μs ; 3.348 μs) | @@@@@@@@@@
[3.348 μs ; 3.543 μs) | @@@@@@@@@@@@@
[3.543 μs ; 3.716 μs) | @@@
[3.716 μs ; 3.872 μs) | @@
[3.872 μs ; 4.045 μs) | @
---------------------------------------------------

SmokeBenchByte.STJRefGen_Ser: Energy(OutlierMode=DontRemove, IterationTime=1s)
Runtime = .NET 10.0.7 (10.0.7, 10.0.726.21808), X64 RyuJIT x86-64-v3; GC = Concurrent Workstation
Mean = 4.376 μs, StdErr = 0.037 μs (0.84%), N = 100, StdDev = 0.367 μs
Min = 4.013 μs, Q1 = 4.066 μs, Median = 4.286 μs, Q3 = 4.581 μs, Max = 5.932 μs
IQR = 0.515 μs, LowerFence = 3.293 μs, UpperFence = 5.354 μs
ConfidenceInterval = [4.252 μs; 4.501 μs] (CI 99.9%), Margin = 0.124 μs (2.84% of Mean)
Skewness = 1.35, Kurtosis = 5.36, MValue = 2.44
-------------------- Histogram --------------------
[4.008 μs ; 4.216 μs) | @@@@@@@@@@@@@@@@@@@@@@@@@@@@@@@@@@@@@@@@@@@@@@
[4.216 μs ; 4.431 μs) | @@@@@@@@@@@@
[4.431 μs ; 4.639 μs) | @@@@@@@@@@@@@@@@@@@@@@
[4.639 μs ; 4.870 μs) | @@@@@@@@@@@
[4.870 μs ; 5.154 μs) | @@@@@@@
[5.154 μs ; 5.361 μs) | 
[5.361 μs ; 5.640 μs) | @
[5.640 μs ; 5.829 μs) | 
[5.829 μs ; 6.036 μs) | @
---------------------------------------------------

SmokeBenchByte.SpanJson_Ser: Energy(OutlierMode=DontRemove, IterationTime=1s)
Runtime = .NET 10.0.7 (10.0.7, 10.0.726.21808), X64 RyuJIT x86-64-v3; GC = Concurrent Workstation
Mean = 4.724 μs, StdErr = 0.038 μs (0.80%), N = 100, StdDev = 0.379 μs
Min = 4.267 μs, Q1 = 4.377 μs, Median = 4.643 μs, Q3 = 4.931 μs, Max = 5.868 μs
IQR = 0.554 μs, LowerFence = 3.546 μs, UpperFence = 5.763 μs
ConfidenceInterval = [4.596 μs; 4.853 μs] (CI 99.9%), Margin = 0.128 μs (2.72% of Mean)
Skewness = 0.72, Kurtosis = 2.71, MValue = 2.18
-------------------- Histogram --------------------
[4.263 μs ; 4.477 μs) | @@@@@@@@@@@@@@@@@@@@@@@@@@@@@@@@@
[4.477 μs ; 4.695 μs) | @@@@@@@@@@@@@@@@@@@@@
[4.695 μs ; 4.932 μs) | @@@@@@@@@@@@@@@@@@@@@@
[4.932 μs ; 5.045 μs) | 
[5.045 μs ; 5.294 μs) | @@@@@@@@@@@@@@
[5.294 μs ; 5.508 μs) | @@@@@@@
[5.508 μs ; 5.761 μs) | @@
[5.761 μs ; 5.975 μs) | @
---------------------------------------------------

SmokeBenchByte.Utf8Json_Ser: Energy(OutlierMode=DontRemove, IterationTime=1s)
Runtime = .NET 10.0.7 (10.0.7, 10.0.726.21808), X64 RyuJIT x86-64-v3; GC = Concurrent Workstation
Mean = 5.804 μs, StdErr = 0.044 μs (0.76%), N = 100, StdDev = 0.439 μs
Min = 5.240 μs, Q1 = 5.328 μs, Median = 5.847 μs, Q3 = 6.066 μs, Max = 6.844 μs
IQR = 0.737 μs, LowerFence = 4.222 μs, UpperFence = 7.172 μs
ConfidenceInterval = [5.655 μs; 5.953 μs] (CI 99.9%), Margin = 0.149 μs (2.57% of Mean)
Skewness = 0.37, Kurtosis = 2.16, MValue = 3.65
-------------------- Histogram --------------------
[5.215 μs ; 5.509 μs) | @@@@@@@@@@@@@@@@@@@@@@@@@@@@@@@@@@
[5.509 μs ; 5.779 μs) | @@@@@@@@@
[5.779 μs ; 6.028 μs) | @@@@@@@@@@@@@@@@@@@@@@@@@@@@@@
[6.028 μs ; 6.286 μs) | @@@@@@@@@@@@@@@
[6.286 μs ; 6.432 μs) | @
[6.432 μs ; 6.680 μs) | @@@@@@@@
[6.680 μs ; 6.968 μs) | @@@
---------------------------------------------------

SmokeBenchByte.Newtonsoft_Ser: Energy(OutlierMode=DontRemove, IterationTime=1s)
Runtime = .NET 10.0.7 (10.0.7, 10.0.726.21808), X64 RyuJIT x86-64-v3; GC = Concurrent Workstation
Mean = 9.841 μs, StdErr = 0.075 μs (0.76%), N = 100, StdDev = 0.749 μs
Min = 9.028 μs, Q1 = 9.190 μs, Median = 9.715 μs, Q3 = 10.185 μs, Max = 12.418 μs
IQR = 0.995 μs, LowerFence = 7.697 μs, UpperFence = 11.678 μs
ConfidenceInterval = [9.587 μs; 10.095 μs] (CI 99.9%), Margin = 0.254 μs (2.58% of Mean)
Skewness = 0.99, Kurtosis = 3.42, MValue = 3.49
-------------------- Histogram --------------------
[ 9.017 μs ;  9.441 μs) | @@@@@@@@@@@@@@@@@@@@@@@@@@@@@@@@@@@@@@@@@@@@
[ 9.441 μs ;  9.836 μs) | @@@@@@@
[ 9.836 μs ; 10.260 μs) | @@@@@@@@@@@@@@@@@@@@@@@@@@
[10.260 μs ; 10.872 μs) | @@@@@@@@@@@@@@
[10.872 μs ; 11.287 μs) | @@
[11.287 μs ; 11.710 μs) | @@@@@@
[11.710 μs ; 12.206 μs) | 
[12.206 μs ; 12.629 μs) | @
---------------------------------------------------

// * Summary *

BenchmarkDotNet v0.15.5-develop (2026-05-17), Linux Ubuntu 24.04.4 LTS (Noble Numbat)
Intel Core i9-9900K CPU 3.60GHz (Max: 0.80GHz) (Coffee Lake), 1 CPU, 16 logical and 8 physical cores
.NET SDK 10.0.107
  [Host] : .NET 10.0.7 (10.0.7, 10.0.726.21808), X64 RyuJIT x86-64-v3
  Energy : .NET 10.0.7 (10.0.7, 10.0.726.21808), X64 RyuJIT x86-64-v3

Job=Energy  OutlierMode=DontRemove  IterationTime=1s  

| Method           | Mean      | Error     | StdDev    | Operations | Median    | Iterations | Metrion CPU Energy (uJ/op) | Metrion CPU Energy (uJ/iter) |
|----------------- |----------:|----------:|----------:|-----------:|----------:|-----------:|---------------------------:|-----------------------------:|
| SpanJson_Deser   |  6.255 μs | 0.1619 μs | 0.4773 μs |    171,747 |  6.216 μs |      100.0 |                      93.21 |                  16008449.45 |
| STJSrcGen_Deser  |  8.249 μs | 0.2324 μs | 0.6854 μs |    130,288 |  7.901 μs |      100.0 |                     121.26 |                  15798533.57 |
| STJRefGen_Deser  |  8.484 μs | 0.2317 μs | 0.6831 μs |    124,672 |  8.342 μs |      100.0 |                     126.47 |                  15766872.06 |
| Utf8Json_Deser   |  9.353 μs | 0.2790 μs | 0.8227 μs |     86,324 |  9.259 μs |      100.0 |                     136.51 |                  11784360.28 |
| Newtonsoft_Deser | 16.743 μs | 0.5016 μs | 1.4791 μs |     47,696 | 16.553 μs |      100.0 |                     246.82 |                  11772172.45 |
|                  |           |           |           |            |           |            |                            |                              |
| STJSrcGen_Ser    |  3.079 μs | 0.0933 μs | 0.2750 μs |    256,816 |  3.020 μs |      100.0 |                      45.51 |                  11688598.29 |
| STJRefGen_Ser    |  4.376 μs | 0.1244 μs | 0.3668 μs |    170,768 |  4.286 μs |      100.0 |                      63.83 |                  10899968.74 |
| SpanJson_Ser     |  4.724 μs | 0.1284 μs | 0.3786 μs |    188,512 |  4.643 μs |      100.0 |                      67.87 |                  12794639.77 |
| Utf8Json_Ser     |  5.804 μs | 0.1490 μs | 0.4394 μs |    139,525 |  5.847 μs |      100.0 |                      84.80 |                  11832322.57 |
| Newtonsoft_Ser   |  9.841 μs | 0.2540 μs | 0.7490 μs |     78,352 |  9.715 μs |      100.0 |                     142.10 |                  11133619.43 |

// * Warnings *
MultimodalDistribution
  SmokeBenchByte.SpanJson_Deser: Energy  -> It seems that the distribution can have several modes (mValue = 2.98)
  SmokeBenchByte.STJRefGen_Deser: Energy -> It seems that the distribution can have several modes (mValue = 3.02)
  SmokeBenchByte.STJSrcGen_Ser: Energy   -> It seems that the distribution can have several modes (mValue = 3.19)
  SmokeBenchByte.Utf8Json_Ser: Energy    -> It seems that the distribution is bimodal (mValue = 3.65)
  SmokeBenchByte.Newtonsoft_Ser: Energy  -> It seems that the distribution is bimodal (mValue = 3.49)

// * Hints *
Outliers
  SmokeBenchByte.STJSrcGen_Deser: Energy  -> 3 outliers were detected (10.11 μs..10.30 μs)
  SmokeBenchByte.STJRefGen_Deser: Energy  -> 2 outliers were detected (10.59 μs, 10.66 μs)
  SmokeBenchByte.Newtonsoft_Deser: Energy -> 1 outlier  was  detected (21.55 μs)
  SmokeBenchByte.STJSrcGen_Ser: Energy    -> 2 outliers were detected (3.84 μs, 3.97 μs)
  SmokeBenchByte.STJRefGen_Ser: Energy    -> 2 outliers were detected (5.54 μs, 5.94 μs)
  SmokeBenchByte.SpanJson_Ser: Energy     -> 1 outlier  was  detected (5.87 μs)
  SmokeBenchByte.Newtonsoft_Ser: Energy   -> 1 outlier  was  detected (12.42 μs)

// * Legends *
  Mean                         : Arithmetic mean of all measurements
  Error                        : Half of 99.9% confidence interval
  StdDev                       : Standard deviation of all measurements
  Operations                   : Actual invocations per measured iteration (from measurements)
  Median                       : Value separating the higher half of all measurements (50th percentile)
  Iterations                   : Number of target iterations
  Metrion CPU Energy (uJ/op)   : Average CPU core energy consumed per benchmark operation (uJ), captured with Metrion.
  Metrion CPU Energy (uJ/iter) : Average CPU core energy consumed per benchmark iteration (uJ), captured with Metrion.
  1 μs                         : 1 Microsecond (0.000001 sec)

// * Diagnostic Output - MetrionEnergyProfiler *
Metrion measured the energy for a total of 10 benchmarks.
The database files for each benchmark were stored in the Artifacts folder. e.g: 
/home/test/json-energy-bench/BenchmarkArtifacts/metrion/JsonBench.Benchmarks.SmokeBenchByte.STJRefGen_Deser-20260517-154849.pid1008876.db
The measurements details of Actual Stage for each benchmark:
BenchmarkMethod - StartTimestamp - EndTimestamp - TotalEnergyFromSummary - TotalEnergyFromRawMeasurements
STJRefGen_Deser: 2026-05-17T15:46:52.888521 - 2026-05-17T15:48:38.842204 - 1579.8365892800064 - 1576.6872064919608
STJSrcGen_Deser: 2026-05-17T15:49:11.621242 - 2026-05-17T15:50:59.322050 - 1584.16904995423 - 1579.8533567877962
Newtonsoft_Deser: 2026-05-17T15:51:27.735153 - 2026-05-17T15:52:47.721437 - 1179.2666323570234 - 1177.2172450202954
SpanJson_Deser: 2026-05-17T15:53:22.829299 - 2026-05-17T15:55:10.432337 - 1601.7015890088142 - 1600.8449445291767
Utf8Json_Deser: 2026-05-17T15:55:41.178674 - 2026-05-17T15:57:02.077564 - 1178.032213565961 - 1178.4360277099017
STJRefGen_Ser: 2026-05-17T15:57:28.554382 - 2026-05-17T15:58:43.497688 - 1085.4464825072785 - 1089.9968738327823
STJSrcGen_Ser: 2026-05-17T15:59:13.222226 - 2026-05-17T16:00:32.557209 - 1162.3218438934025 - 1168.8598287524655
Newtonsoft_Ser: 2026-05-17T16:01:01.811186 - 2026-05-17T16:02:19.064145 - 1120.5325055219762 - 1113.3619427400502
SpanJson_Ser: 2026-05-17T16:02:48.786228 - 2026-05-17T16:04:18.073283 - 1288.9510288003078 - 1279.4639771498807
Utf8Json_Ser: 2026-05-17T16:04:44.843670 - 2026-05-17T16:06:05.960844 - 1167.9945726793144 - 1183.2322569642904


// ***** BenchmarkRunner: End *****
Run time: 00:19:52 (1192.03 sec), executed benchmarks: 10

Global total time: 00:19:58 (1198.24 sec), executed benchmarks: 10
// * Artifacts cleanup *
Artifacts cleanup is finished
