// Validating benchmarks:
// ***** BenchmarkRunner: Start   *****
// ***** Found 10 benchmark(s) in total *****
// ***** Building 1 exe(s) in Parallel: Start   *****
// start dotnet  restore --nodeReuse:false /p:UseSharedCompilation=false /p:Deterministic=true /p:Optimize=true /p:ArtifactsPath="/home/test/json-energy-bench/JsonBench/bin/Release/net10.0/JsonBench-Energy-1/" /p:OutDir="/home/test/json-energy-bench/JsonBench/bin/Release/net10.0/JsonBench-Energy-1/bin/Release/net10.0/" /p:OutputPath="/home/test/json-energy-bench/JsonBench/bin/Release/net10.0/JsonBench-Energy-1/bin/Release/net10.0/" /p:PublishDir="/home/test/json-energy-bench/JsonBench/bin/Release/net10.0/JsonBench-Energy-1/publish/" in /home/test/json-energy-bench/JsonBench/bin/Release/net10.0/JsonBench-Energy-1
// command took 1.31 sec and exited with 0
// start dotnet  build -c Release --no-restore --nodeReuse:false /p:UseSharedCompilation=false /p:Deterministic=true /p:Optimize=true /p:ArtifactsPath="/home/test/json-energy-bench/JsonBench/bin/Release/net10.0/JsonBench-Energy-1/" /p:OutDir="/home/test/json-energy-bench/JsonBench/bin/Release/net10.0/JsonBench-Energy-1/bin/Release/net10.0/" /p:OutputPath="/home/test/json-energy-bench/JsonBench/bin/Release/net10.0/JsonBench-Energy-1/bin/Release/net10.0/" /p:PublishDir="/home/test/json-energy-bench/JsonBench/bin/Release/net10.0/JsonBench-Energy-1/publish/" --output "/home/test/json-energy-bench/JsonBench/bin/Release/net10.0/JsonBench-Energy-1/bin/Release/net10.0/" in /home/test/json-energy-bench/JsonBench/bin/Release/net10.0/JsonBench-Energy-1
// command took 4.18 sec and exited with 0
// ***** Done, took 00:00:05 (5.55 sec)   *****
// Found 10 benchmarks:
//   SmokeBenchByte.STJRefGen_Deser: Energy(OutlierMode=DontRemove, IterationTime=1s)
//   SmokeBenchByte.STJSrcGen_Deser: Energy(OutlierMode=DontRemove, IterationTime=1s)
//   SmokeBenchByte.Newtonsoft_Deser: Energy(OutlierMode=DontRemove, IterationTime=1s)
//   SmokeBenchByte.SpanJson_Deser: Energy(OutlierMode=DontRemove, IterationTime=1s)
//   SmokeBenchByte.Utf8Json_Deser: Energy(OutlierMode=DontRemove, IterationTime=1s)
//   SmokeBenchByte.STJRefGen_Ser: Energy(OutlierMode=DontRemove, IterationTime=1s)
//   SmokeBenchByte.STJSrcGen_Ser: Energy(OutlierMode=DontRemove, IterationTime=1s)
//   SmokeBenchByte.Newtonsoft_Ser: Energy(OutlierMode=DontRemove, IterationTime=1s)
//   SmokeBenchByte.SpanJson_Ser: Energy(OutlierMode=DontRemove, IterationTime=1s)
//   SmokeBenchByte.Utf8Json_Ser: Energy(OutlierMode=DontRemove, IterationTime=1s)

// **************************
// Benchmark: SmokeBenchByte.STJRefGen_Deser: Energy(OutlierMode=DontRemove, IterationTime=1s)
// *** Execute ***
// Launch: 1 / 1
// Execute: dotnet JsonBench-Energy-1.dll --anonymousPipes 160 161 --benchmarkName JsonBench.Benchmarks.SmokeBenchByte.STJRefGen_Deser --job Energy --benchmarkId 0 in /home/test/json-energy-bench/JsonBench/bin/Release/net10.0/JsonBench-Energy-1/bin/Release/net10.0
// BeforeAnythingElse

// Benchmark Process Environment Information:
// BenchmarkDotNet v0.15.5-develop (2026-05-27)
// Runtime=.NET 10.0.8 (10.0.8, 10.0.826.23019), X64 RyuJIT x86-64-v3
// GC=Concurrent Workstation
// HardwareIntrinsics=AVX2+BMI1+BMI2+F16C+FMA+LZCNT+MOVBE,AVX,SSE3+SSSE3+SSE4.1+SSE4.2+POPCNT,X86Base+SSE+SSE2,AES+PCLMUL VectorSize=256
// Job: Energy(OutlierMode=DontRemove, IterationTime=1s)

Couldn't find Core RAPL device for socket 0: RAPLCantFindUncoreDevice
OverheadJitting  1: 1 op, 206671.00 ns, 206.6710 us/op, 28260.00 uJpkg_socket_0, 2319.00 uJdram_socket_0, 34241.00 uJcore_socket_0, 0.00 uJuncore_socket_0, 0.00 uJpsys_socket_0, 50.00 degCCpu_socket_0
WorkloadJitting  1: 1 op, 256557.00 ns, 256.5570 us/op, 30212.00 uJpkg_socket_0, 0.00 uJdram_socket_0, 11780.00 uJcore_socket_0, 0.00 uJuncore_socket_0, 0.00 uJpsys_socket_0, 50.00 degCCpu_socket_0

Couldn't find Core RAPL device for socket 0: RAPLCantFindUncoreDevice
OverheadJitting  2: 16 op, 498613.00 ns, 31.1633 us/op, 30640.00 uJpkg_socket_0, 1221.00 uJdram_socket_0, 15808.00 uJcore_socket_0, 0.00 uJuncore_socket_0, 0.00 uJpsys_socket_0, 49.00 degCCpu_socket_0
WorkloadJitting  2: 16 op, 829375.00 ns, 51.8359 us/op, 33569.00 uJpkg_socket_0, 1220.00 uJdram_socket_0, 23377.00 uJcore_socket_0, 0.00 uJuncore_socket_0, 0.00 uJpsys_socket_0, 50.00 degCCpu_socket_0

WorkloadPilot    1: 16 op, 312426.00 ns, 19.5266 us/op, 0.00 uJpkg_socket_0, 0.00 uJdram_socket_0, 12939.00 uJcore_socket_0, 0.00 uJuncore_socket_0, 0.00 uJpsys_socket_0, 50.50 degCCpu_socket_0
WorkloadPilot    2: 51216 op, 641794805.00 ns, 12.5311 us/op, 29104784.00 uJpkg_socket_0, 736875.00 uJdram_socket_0, 24954282.00 uJcore_socket_0, 0.00 uJuncore_socket_0, 0.00 uJpsys_socket_0, 59.00 degCCpu_socket_0
WorkloadPilot    3: 79808 op, 562979877.00 ns, 7.0542 us/op, 23107973.00 uJpkg_socket_0, 632811.00 uJdram_socket_0, 19469433.00 uJcore_socket_0, 0.00 uJuncore_socket_0, 0.00 uJpsys_socket_0, 65.00 degCCpu_socket_0
WorkloadPilot    4: 141760 op, 1001228069.00 ns, 7.0628 us/op, 41134355.00 uJpkg_socket_0, 1124630.00 uJdram_socket_0, 34666904.00 uJcore_socket_0, 0.00 uJuncore_socket_0, 0.00 uJpsys_socket_0, 65.50 degCCpu_socket_0
WorkloadPilot    5: 141600 op, 996525502.00 ns, 7.0376 us/op, 40727984.00 uJpkg_socket_0, 1120481.00 uJdram_socket_0, 34261143.00 uJcore_socket_0, 0.00 uJuncore_socket_0, 0.00 uJpsys_socket_0, 65.00 degCCpu_socket_0
WorkloadPilot    6: 142096 op, 1001348984.00 ns, 7.0470 us/op, 41826187.00 uJpkg_socket_0, 1131466.00 uJdram_socket_0, 35330537.00 uJcore_socket_0, 0.00 uJuncore_socket_0, 0.00 uJpsys_socket_0, 65.50 degCCpu_socket_0
WorkloadPilot    7: 141920 op, 999234788.00 ns, 7.0408 us/op, 40977861.00 uJpkg_socket_0, 1125730.00 uJdram_socket_0, 34528721.00 uJcore_socket_0, 0.00 uJuncore_socket_0, 0.00 uJpsys_socket_0, 64.00 degCCpu_socket_0
WorkloadPilot    8: 142032 op, 1000664873.00 ns, 7.0453 us/op, 40974382.00 uJpkg_socket_0, 1126584.00 uJdram_socket_0, 34480991.00 uJcore_socket_0, 0.00 uJuncore_socket_0, 0.00 uJpsys_socket_0, 64.50 degCCpu_socket_0

OverheadWarmup   1: 142032 op, 411414.00 ns, 2.8966 ns/op, 0.00 uJpkg_socket_0, 0.00 uJdram_socket_0, 16602.00 uJcore_socket_0, 0.00 uJuncore_socket_0, 0.00 uJpsys_socket_0, 62.00 degCCpu_socket_0
OverheadWarmup   2: 142032 op, 410027.00 ns, 2.8869 ns/op, 40466.00 uJpkg_socket_0, 0.00 uJdram_socket_0, 20752.00 uJcore_socket_0, 0.00 uJuncore_socket_0, 0.00 uJpsys_socket_0, 60.00 degCCpu_socket_0
OverheadWarmup   3: 142032 op, 403239.00 ns, 2.8391 ns/op, 51513.00 uJpkg_socket_0, 1465.00 uJdram_socket_0, 26673.00 uJcore_socket_0, 0.00 uJuncore_socket_0, 0.00 uJpsys_socket_0, 60.00 degCCpu_socket_0
OverheadWarmup   4: 142032 op, 447447.00 ns, 3.1503 ns/op, 0.00 uJpkg_socket_0, 0.00 uJdram_socket_0, 28259.00 uJcore_socket_0, 0.00 uJuncore_socket_0, 0.00 uJpsys_socket_0, 59.50 degCCpu_socket_0
OverheadWarmup   5: 142032 op, 403829.00 ns, 2.8432 ns/op, 55176.00 uJpkg_socket_0, 1526.00 uJdram_socket_0, 17761.00 uJcore_socket_0, 0.00 uJuncore_socket_0, 0.00 uJpsys_socket_0, 58.00 degCCpu_socket_0
OverheadWarmup   6: 142032 op, 437702.00 ns, 3.0817 ns/op, 0.00 uJpkg_socket_0, 0.00 uJdram_socket_0, 23865.00 uJcore_socket_0, 0.00 uJuncore_socket_0, 0.00 uJpsys_socket_0, 58.50 degCCpu_socket_0
OverheadWarmup   7: 142032 op, 423076.00 ns, 2.9787 ns/op, 52551.00 uJpkg_socket_0, 1221.00 uJdram_socket_0, 21363.00 uJcore_socket_0, 0.00 uJuncore_socket_0, 0.00 uJpsys_socket_0, 59.00 degCCpu_socket_0

OverheadActual   1: 142032 op, 407279.00 ns, 2.8675 ns/op, 54138.00 uJpkg_socket_0, 1221.00 uJdram_socket_0, 21911.00 uJcore_socket_0, 0.00 uJuncore_socket_0, 0.00 uJpsys_socket_0, 57.00 degCCpu_socket_0
OverheadActual   2: 142032 op, 444763.00 ns, 3.1314 ns/op, 0.00 uJpkg_socket_0, 0.00 uJdram_socket_0, 25330.00 uJcore_socket_0, 0.00 uJuncore_socket_0, 0.00 uJpsys_socket_0, 56.50 degCCpu_socket_0
OverheadActual   3: 142032 op, 446792.00 ns, 3.1457 ns/op, 0.00 uJpkg_socket_0, 0.00 uJdram_socket_0, 28320.00 uJcore_socket_0, 0.00 uJuncore_socket_0, 0.00 uJpsys_socket_0, 56.50 degCCpu_socket_0
OverheadActual   4: 142032 op, 407274.00 ns, 2.8675 ns/op, 40711.00 uJpkg_socket_0, 1160.00 uJdram_socket_0, 16723.00 uJcore_socket_0, 0.00 uJuncore_socket_0, 0.00 uJpsys_socket_0, 56.00 degCCpu_socket_0
OverheadActual   5: 142032 op, 405613.00 ns, 2.8558 ns/op, 41076.00 uJpkg_socket_0, 1159.00 uJdram_socket_0, 16540.00 uJcore_socket_0, 0.00 uJuncore_socket_0, 0.00 uJpsys_socket_0, 57.00 degCCpu_socket_0
OverheadActual   6: 142032 op, 446566.00 ns, 3.1441 ns/op, 0.00 uJpkg_socket_0, 0.00 uJdram_socket_0, 21362.00 uJcore_socket_0, 0.00 uJuncore_socket_0, 0.00 uJpsys_socket_0, 57.50 degCCpu_socket_0
OverheadActual   7: 142032 op, 407610.00 ns, 2.8698 ns/op, 38696.00 uJpkg_socket_0, 1160.00 uJdram_socket_0, 16113.00 uJcore_socket_0, 0.00 uJuncore_socket_0, 0.00 uJpsys_socket_0, 57.00 degCCpu_socket_0
OverheadActual   8: 142032 op, 447878.00 ns, 3.1534 ns/op, 0.00 uJpkg_socket_0, 0.00 uJdram_socket_0, 18920.00 uJcore_socket_0, 0.00 uJuncore_socket_0, 0.00 uJpsys_socket_0, 57.00 degCCpu_socket_0
OverheadActual   9: 142032 op, 406712.00 ns, 2.8635 ns/op, 39063.00 uJpkg_socket_0, 1099.00 uJdram_socket_0, 19348.00 uJcore_socket_0, 0.00 uJuncore_socket_0, 0.00 uJpsys_socket_0, 56.00 degCCpu_socket_0
OverheadActual  10: 142032 op, 409987.00 ns, 2.8866 ns/op, 0.00 uJpkg_socket_0, 0.00 uJdram_socket_0, 25574.00 uJcore_socket_0, 0.00 uJuncore_socket_0, 0.00 uJpsys_socket_0, 56.50 degCCpu_socket_0
OverheadActual  11: 142032 op, 421971.00 ns, 2.9710 ns/op, 47973.00 uJpkg_socket_0, 1221.00 uJdram_socket_0, 23133.00 uJcore_socket_0, 0.00 uJuncore_socket_0, 0.00 uJpsys_socket_0, 56.00 degCCpu_socket_0
OverheadActual  12: 142032 op, 465654.00 ns, 3.2785 ns/op, 0.00 uJpkg_socket_0, 0.00 uJdram_socket_0, 21118.00 uJcore_socket_0, 0.00 uJuncore_socket_0, 0.00 uJpsys_socket_0, 57.00 degCCpu_socket_0
OverheadActual  13: 142032 op, 445638.00 ns, 3.1376 ns/op, 0.00 uJpkg_socket_0, 0.00 uJdram_socket_0, 18799.00 uJcore_socket_0, 0.00 uJuncore_socket_0, 0.00 uJpsys_socket_0, 57.00 degCCpu_socket_0
OverheadActual  14: 142032 op, 405508.00 ns, 2.8550 ns/op, 41199.00 uJpkg_socket_0, 1160.00 uJdram_socket_0, 18006.00 uJcore_socket_0, 0.00 uJuncore_socket_0, 0.00 uJpsys_socket_0, 57.00 degCCpu_socket_0
OverheadActual  15: 142032 op, 436787.00 ns, 3.0753 ns/op, 0.00 uJpkg_socket_0, 0.00 uJdram_socket_0, 24169.00 uJcore_socket_0, 0.00 uJuncore_socket_0, 0.00 uJpsys_socket_0, 57.50 degCCpu_socket_0
OverheadActual  16: 142032 op, 406697.00 ns, 2.8634 ns/op, 52124.00 uJpkg_socket_0, 1099.00 uJdram_socket_0, 25696.00 uJcore_socket_0, 0.00 uJuncore_socket_0, 0.00 uJpsys_socket_0, 57.00 degCCpu_socket_0
OverheadActual  17: 142032 op, 405432.00 ns, 2.8545 ns/op, 54260.00 uJpkg_socket_0, 1220.00 uJdram_socket_0, 23498.00 uJcore_socket_0, 0.00 uJuncore_socket_0, 0.00 uJpsys_socket_0, 57.00 degCCpu_socket_0

WorkloadWarmup   1: 142032 op, 1010276808.00 ns, 7.1130 us/op, 42604261.00 uJpkg_socket_0, 1149106.00 uJdram_socket_0, 36045257.00 uJcore_socket_0, 0.00 uJuncore_socket_0, 0.00 uJpsys_socket_0, 60.50 degCCpu_socket_0
WorkloadWarmup   2: 142032 op, 1005316351.00 ns, 7.0781 us/op, 41065629.00 uJpkg_socket_0, 1129331.00 uJdram_socket_0, 34531345.00 uJcore_socket_0, 0.00 uJuncore_socket_0, 0.00 uJpsys_socket_0, 64.00 degCCpu_socket_0
WorkloadWarmup   3: 142032 op, 1000283140.00 ns, 7.0427 us/op, 40859698.00 uJpkg_socket_0, 1123777.00 uJdram_socket_0, 34399814.00 uJcore_socket_0, 0.00 uJuncore_socket_0, 0.00 uJpsys_socket_0, 65.50 degCCpu_socket_0
WorkloadWarmup   4: 142032 op, 1001416350.00 ns, 7.0506 us/op, 40897234.00 uJpkg_socket_0, 1122251.00 uJdram_socket_0, 34434848.00 uJcore_socket_0, 0.00 uJuncore_socket_0, 0.00 uJpsys_socket_0, 65.50 degCCpu_socket_0
WorkloadWarmup   5: 142032 op, 1000330572.00 ns, 7.0430 us/op, 40952654.00 uJpkg_socket_0, 1122677.00 uJdram_socket_0, 34455478.00 uJcore_socket_0, 0.00 uJuncore_socket_0, 0.00 uJpsys_socket_0, 65.50 degCCpu_socket_0
WorkloadWarmup   6: 142032 op, 1001644594.00 ns, 7.0522 us/op, 41184160.00 uJpkg_socket_0, 1124753.00 uJdram_socket_0, 34691806.00 uJcore_socket_0, 0.00 uJuncore_socket_0, 0.00 uJpsys_socket_0, 67.00 degCCpu_socket_0
WorkloadWarmup   7: 142032 op, 1003921835.00 ns, 7.0683 us/op, 41363847.00 uJpkg_socket_0, 1127316.00 uJdram_socket_0, 34872226.00 uJcore_socket_0, 0.00 uJuncore_socket_0, 0.00 uJpsys_socket_0, 66.00 degCCpu_socket_0
WorkloadWarmup   8: 142032 op, 1004685277.00 ns, 7.0737 us/op, 41471207.00 uJpkg_socket_0, 1129331.00 uJdram_socket_0, 34963533.00 uJcore_socket_0, 0.00 uJuncore_socket_0, 0.00 uJpsys_socket_0, 65.00 degCCpu_socket_0
WorkloadWarmup   9: 142032 op, 1000715516.00 ns, 7.0457 us/op, 41242753.00 uJpkg_socket_0, 1124204.00 uJdram_socket_0, 34758334.00 uJcore_socket_0, 0.00 uJuncore_socket_0, 0.00 uJpsys_socket_0, 65.00 degCCpu_socket_0

// BeforeActualRun
WorkloadActual   1: 142032 op, 1002950704.00 ns, 7.0614 us/op, 41589616.00 uJpkg_socket_0, 1129636.00 uJdram_socket_0, 35057223.00 uJcore_socket_0, 0.00 uJuncore_socket_0, 0.00 uJpsys_socket_0, 65.00 degCCpu_socket_0
WorkloadActual   2: 142032 op, 1003756250.00 ns, 7.0671 us/op, 41631973.00 uJpkg_socket_0, 1152708.00 uJdram_socket_0, 35124055.00 uJcore_socket_0, 0.00 uJuncore_socket_0, 0.00 uJpsys_socket_0, 66.00 degCCpu_socket_0
WorkloadActual   3: 142032 op, 1003920362.00 ns, 7.0683 us/op, 41647781.00 uJpkg_socket_0, 1151120.00 uJdram_socket_0, 35147493.00 uJcore_socket_0, 0.00 uJuncore_socket_0, 0.00 uJpsys_socket_0, 66.00 degCCpu_socket_0
WorkloadActual   4: 142032 op, 1003153826.00 ns, 7.0629 us/op, 41647721.00 uJpkg_socket_0, 1150693.00 uJdram_socket_0, 35122041.00 uJcore_socket_0, 0.00 uJuncore_socket_0, 0.00 uJpsys_socket_0, 65.00 degCCpu_socket_0
WorkloadActual   5: 142032 op, 1003610745.00 ns, 7.0661 us/op, 41771744.00 uJpkg_socket_0, 1151547.00 uJdram_socket_0, 35259065.00 uJcore_socket_0, 0.00 uJuncore_socket_0, 0.00 uJpsys_socket_0, 65.50 degCCpu_socket_0
WorkloadActual   6: 142032 op, 1003214767.00 ns, 7.0633 us/op, 41537248.00 uJpkg_socket_0, 1150876.00 uJdram_socket_0, 35054232.00 uJcore_socket_0, 0.00 uJuncore_socket_0, 0.00 uJpsys_socket_0, 66.00 degCCpu_socket_0
WorkloadActual   7: 142032 op, 1004436213.00 ns, 7.0719 us/op, 41820694.00 uJpkg_socket_0, 1154844.00 uJdram_socket_0, 35302400.00 uJcore_socket_0, 0.00 uJuncore_socket_0, 0.00 uJpsys_socket_0, 64.50 degCCpu_socket_0
WorkloadActual   8: 142032 op, 1002571604.00 ns, 7.0588 us/op, 41697159.00 uJpkg_socket_0, 1145383.00 uJdram_socket_0, 35197359.00 uJcore_socket_0, 0.00 uJuncore_socket_0, 0.00 uJpsys_socket_0, 65.00 degCCpu_socket_0
WorkloadActual   9: 142032 op, 1002294936.00 ns, 7.0568 us/op, 41706925.00 uJpkg_socket_0, 1144040.00 uJdram_socket_0, 35194612.00 uJcore_socket_0, 0.00 uJuncore_socket_0, 0.00 uJpsys_socket_0, 65.50 degCCpu_socket_0
WorkloadActual  10: 142032 op, 1003089472.00 ns, 7.0624 us/op, 41552567.00 uJpkg_socket_0, 1143369.00 uJdram_socket_0, 35065584.00 uJcore_socket_0, 0.00 uJuncore_socket_0, 0.00 uJpsys_socket_0, 65.50 degCCpu_socket_0
WorkloadActual  11: 142032 op, 1003730054.00 ns, 7.0669 us/op, 41535356.00 uJpkg_socket_0, 1145078.00 uJdram_socket_0, 35031404.00 uJcore_socket_0, 0.00 uJuncore_socket_0, 0.00 uJpsys_socket_0, 65.50 degCCpu_socket_0
WorkloadActual  12: 142032 op, 1002594061.00 ns, 7.0589 us/op, 41507218.00 uJpkg_socket_0, 1145077.00 uJdram_socket_0, 35003206.00 uJcore_socket_0, 0.00 uJuncore_socket_0, 0.00 uJpsys_socket_0, 66.50 degCCpu_socket_0
WorkloadActual  13: 142032 op, 1002436070.00 ns, 7.0578 us/op, 41407548.00 uJpkg_socket_0, 1142575.00 uJdram_socket_0, 34940645.00 uJcore_socket_0, 0.00 uJuncore_socket_0, 0.00 uJpsys_socket_0, 66.00 degCCpu_socket_0
WorkloadActual  14: 142032 op, 1002258185.00 ns, 7.0566 us/op, 41549088.00 uJpkg_socket_0, 1142026.00 uJdram_socket_0, 35082674.00 uJcore_socket_0, 0.00 uJuncore_socket_0, 0.00 uJpsys_socket_0, 65.50 degCCpu_socket_0
WorkloadActual  15: 142032 op, 1003673480.00 ns, 7.0665 us/op, 41753250.00 uJpkg_socket_0, 1145871.00 uJdram_socket_0, 35243196.00 uJcore_socket_0, 0.00 uJuncore_socket_0, 0.00 uJpsys_socket_0, 65.50 degCCpu_socket_0

// AfterActualRun
WorkloadResult   1: 142032 op, 1002540717.00 ns, 7.0586 us/op, 41589616.00 uJpkg_socket_0, 1129636.00 uJdram_socket_0, 35057223.00 uJcore_socket_0, 0.00 uJuncore_socket_0, 0.00 uJpsys_socket_0, 65.00 degCCpu_socket_0
WorkloadResult   2: 142032 op, 1003346263.00 ns, 7.0642 us/op, 41631973.00 uJpkg_socket_0, 1152708.00 uJdram_socket_0, 35124055.00 uJcore_socket_0, 0.00 uJuncore_socket_0, 0.00 uJpsys_socket_0, 66.00 degCCpu_socket_0
WorkloadResult   3: 142032 op, 1003510375.00 ns, 7.0654 us/op, 41647781.00 uJpkg_socket_0, 1151120.00 uJdram_socket_0, 35147493.00 uJcore_socket_0, 0.00 uJuncore_socket_0, 0.00 uJpsys_socket_0, 66.00 degCCpu_socket_0
WorkloadResult   4: 142032 op, 1002743839.00 ns, 7.0600 us/op, 41647721.00 uJpkg_socket_0, 1150693.00 uJdram_socket_0, 35122041.00 uJcore_socket_0, 0.00 uJuncore_socket_0, 0.00 uJpsys_socket_0, 65.00 degCCpu_socket_0
WorkloadResult   5: 142032 op, 1003200758.00 ns, 7.0632 us/op, 41771744.00 uJpkg_socket_0, 1151547.00 uJdram_socket_0, 35259065.00 uJcore_socket_0, 0.00 uJuncore_socket_0, 0.00 uJpsys_socket_0, 65.50 degCCpu_socket_0
WorkloadResult   6: 142032 op, 1002804780.00 ns, 7.0604 us/op, 41537248.00 uJpkg_socket_0, 1150876.00 uJdram_socket_0, 35054232.00 uJcore_socket_0, 0.00 uJuncore_socket_0, 0.00 uJpsys_socket_0, 66.00 degCCpu_socket_0
WorkloadResult   7: 142032 op, 1004026226.00 ns, 7.0690 us/op, 41820694.00 uJpkg_socket_0, 1154844.00 uJdram_socket_0, 35302400.00 uJcore_socket_0, 0.00 uJuncore_socket_0, 0.00 uJpsys_socket_0, 64.50 degCCpu_socket_0
WorkloadResult   8: 142032 op, 1002161617.00 ns, 7.0559 us/op, 41697159.00 uJpkg_socket_0, 1145383.00 uJdram_socket_0, 35197359.00 uJcore_socket_0, 0.00 uJuncore_socket_0, 0.00 uJpsys_socket_0, 65.00 degCCpu_socket_0
WorkloadResult   9: 142032 op, 1001884949.00 ns, 7.0539 us/op, 41706925.00 uJpkg_socket_0, 1144040.00 uJdram_socket_0, 35194612.00 uJcore_socket_0, 0.00 uJuncore_socket_0, 0.00 uJpsys_socket_0, 65.50 degCCpu_socket_0
WorkloadResult  10: 142032 op, 1002679485.00 ns, 7.0595 us/op, 41552567.00 uJpkg_socket_0, 1143369.00 uJdram_socket_0, 35065584.00 uJcore_socket_0, 0.00 uJuncore_socket_0, 0.00 uJpsys_socket_0, 65.50 degCCpu_socket_0
WorkloadResult  11: 142032 op, 1003320067.00 ns, 7.0640 us/op, 41535356.00 uJpkg_socket_0, 1145078.00 uJdram_socket_0, 35031404.00 uJcore_socket_0, 0.00 uJuncore_socket_0, 0.00 uJpsys_socket_0, 65.50 degCCpu_socket_0
WorkloadResult  12: 142032 op, 1002184074.00 ns, 7.0560 us/op, 41507218.00 uJpkg_socket_0, 1145077.00 uJdram_socket_0, 35003206.00 uJcore_socket_0, 0.00 uJuncore_socket_0, 0.00 uJpsys_socket_0, 66.50 degCCpu_socket_0
WorkloadResult  13: 142032 op, 1002026083.00 ns, 7.0549 us/op, 41407548.00 uJpkg_socket_0, 1142575.00 uJdram_socket_0, 34940645.00 uJcore_socket_0, 0.00 uJuncore_socket_0, 0.00 uJpsys_socket_0, 66.00 degCCpu_socket_0
WorkloadResult  14: 142032 op, 1001848198.00 ns, 7.0537 us/op, 41549088.00 uJpkg_socket_0, 1142026.00 uJdram_socket_0, 35082674.00 uJcore_socket_0, 0.00 uJuncore_socket_0, 0.00 uJpsys_socket_0, 65.50 degCCpu_socket_0
WorkloadResult  15: 142032 op, 1003263493.00 ns, 7.0636 us/op, 41753250.00 uJpkg_socket_0, 1145871.00 uJdram_socket_0, 35243196.00 uJcore_socket_0, 0.00 uJuncore_socket_0, 0.00 uJpsys_socket_0, 65.50 degCCpu_socket_0

// AfterAll
// Benchmark Process 1056710 has exited with code 0.

Mean = 7.060 μs, StdErr = 0.001 μs (0.02%), N = 15, StdDev = 0.005 μs
Min = 7.054 μs, Q1 = 7.056 μs, Median = 7.060 μs, Q3 = 7.064 μs, Max = 7.069 μs
IQR = 0.008 μs, LowerFence = 7.044 μs, UpperFence = 7.076 μs
ConfidenceInterval = [7.055 μs; 7.065 μs] (CI 99.9%), Margin = 0.005 μs (0.07% of Mean)
Skewness = 0.14, Kurtosis = 1.72, MValue = 2

// ** Remained 9 (90.0 %) benchmark(s) to run. Estimated finish 2026-05-27 13:41 (0h 4m from now) **
// **************************
// Benchmark: SmokeBenchByte.STJSrcGen_Deser: Energy(OutlierMode=DontRemove, IterationTime=1s)
// *** Execute ***
// Launch: 1 / 1
// Execute: dotnet JsonBench-Energy-1.dll --anonymousPipes 160 161 --benchmarkName JsonBench.Benchmarks.SmokeBenchByte.STJSrcGen_Deser --job Energy --benchmarkId 1 in /home/test/json-energy-bench/JsonBench/bin/Release/net10.0/JsonBench-Energy-1/bin/Release/net10.0
// BeforeAnythingElse

// Benchmark Process Environment Information:
// BenchmarkDotNet v0.15.5-develop (2026-05-27)
// Runtime=.NET 10.0.8 (10.0.8, 10.0.826.23019), X64 RyuJIT x86-64-v3
// GC=Concurrent Workstation
// HardwareIntrinsics=AVX2+BMI1+BMI2+F16C+FMA+LZCNT+MOVBE,AVX,SSE3+SSSE3+SSE4.1+SSE4.2+POPCNT,X86Base+SSE+SSE2,AES+PCLMUL VectorSize=256
// Job: Energy(OutlierMode=DontRemove, IterationTime=1s)

Couldn't find Core RAPL device for socket 0: RAPLCantFindUncoreDevice
OverheadJitting  1: 1 op, 200475.00 ns, 200.4750 us/op, 66467.00 uJpkg_socket_0, 2319.00 uJdram_socket_0, 42297.00 uJcore_socket_0, 0.00 uJuncore_socket_0, 0.00 uJpsys_socket_0, 52.50 degCCpu_socket_0
WorkloadJitting  1: 1 op, 8427025.00 ns, 8.4270 ms/op, 336975.00 uJpkg_socket_0, 10193.00 uJdram_socket_0, 312682.00 uJcore_socket_0, 0.00 uJuncore_socket_0, 0.00 uJpsys_socket_0, 52.50 degCCpu_socket_0

Couldn't find Core RAPL device for socket 0: RAPLCantFindUncoreDevice
OverheadJitting  2: 16 op, 490524.00 ns, 30.6578 us/op, 0.00 uJpkg_socket_0, 0.00 uJdram_socket_0, 26061.00 uJcore_socket_0, 0.00 uJuncore_socket_0, 0.00 uJpsys_socket_0, 53.00 degCCpu_socket_0
WorkloadJitting  2: 16 op, 835196.00 ns, 52.1998 us/op, 51574.00 uJpkg_socket_0, 1220.00 uJdram_socket_0, 41687.00 uJcore_socket_0, 0.00 uJuncore_socket_0, 0.00 uJpsys_socket_0, 53.00 degCCpu_socket_0

WorkloadPilot    1: 16 op, 314407.00 ns, 19.6504 us/op, 49317.00 uJpkg_socket_0, 1160.00 uJdram_socket_0, 23926.00 uJcore_socket_0, 0.00 uJuncore_socket_0, 0.00 uJpsys_socket_0, 53.00 degCCpu_socket_0
WorkloadPilot    2: 50896 op, 636016567.00 ns, 12.4964 us/op, 28414539.00 uJpkg_socket_0, 723692.00 uJdram_socket_0, 24300475.00 uJcore_socket_0, 0.00 uJuncore_socket_0, 0.00 uJpsys_socket_0, 60.00 degCCpu_socket_0
WorkloadPilot    3: 80032 op, 566445178.00 ns, 7.0777 us/op, 23388612.00 uJpkg_socket_0, 637266.00 uJdram_socket_0, 19709666.00 uJcore_socket_0, 0.00 uJuncore_socket_0, 0.00 uJpsys_socket_0, 65.00 degCCpu_socket_0
WorkloadPilot    4: 141296 op, 999231926.00 ns, 7.0719 us/op, 41239030.00 uJpkg_socket_0, 1124203.00 uJdram_socket_0, 34750033.00 uJcore_socket_0, 0.00 uJuncore_socket_0, 0.00 uJpsys_socket_0, 65.00 degCCpu_socket_0
WorkloadPilot    5: 141408 op, 998261459.00 ns, 7.0594 us/op, 41024126.00 uJpkg_socket_0, 1120359.00 uJdram_socket_0, 34538180.00 uJcore_socket_0, 0.00 uJuncore_socket_0, 0.00 uJpsys_socket_0, 65.00 degCCpu_socket_0
WorkloadPilot    6: 141664 op, 998866925.00 ns, 7.0510 us/op, 42165358.00 uJpkg_socket_0, 1128415.00 uJdram_socket_0, 35668366.00 uJcore_socket_0, 0.00 uJuncore_socket_0, 0.00 uJpsys_socket_0, 65.00 degCCpu_socket_0
WorkloadPilot    7: 141840 op, 1000301152.00 ns, 7.0523 us/op, 41325456.00 uJpkg_socket_0, 1124570.00 uJdram_socket_0, 34831149.00 uJcore_socket_0, 0.00 uJuncore_socket_0, 0.00 uJpsys_socket_0, 65.50 degCCpu_socket_0
WorkloadPilot    8: 141808 op, 1001283088.00 ns, 7.0608 us/op, 41426285.00 uJpkg_socket_0, 1125913.00 uJdram_socket_0, 34962068.00 uJcore_socket_0, 0.00 uJuncore_socket_0, 0.00 uJpsys_socket_0, 65.50 degCCpu_socket_0
WorkloadPilot    9: 141632 op, 999102274.00 ns, 7.0542 us/op, 41008012.00 uJpkg_socket_0, 1121640.00 uJdram_socket_0, 34514132.00 uJcore_socket_0, 0.00 uJuncore_socket_0, 0.00 uJpsys_socket_0, 65.50 degCCpu_socket_0
WorkloadPilot   10: 141760 op, 999878038.00 ns, 7.0533 us/op, 42067336.00 uJpkg_socket_0, 1127194.00 uJdram_socket_0, 35608124.00 uJcore_socket_0, 0.00 uJuncore_socket_0, 0.00 uJpsys_socket_0, 66.00 degCCpu_socket_0
WorkloadPilot   11: 141792 op, 999527200.00 ns, 7.0492 us/op, 41186296.00 uJpkg_socket_0, 1121701.00 uJdram_socket_0, 34697848.00 uJcore_socket_0, 0.00 uJuncore_socket_0, 0.00 uJpsys_socket_0, 65.00 degCCpu_socket_0
WorkloadPilot   12: 141872 op, 1004117178.00 ns, 7.0776 us/op, 41833206.00 uJpkg_socket_0, 1125913.00 uJdram_socket_0, 35304231.00 uJcore_socket_0, 0.00 uJuncore_socket_0, 0.00 uJpsys_socket_0, 64.50 degCCpu_socket_0

OverheadWarmup   1: 141872 op, 410093.00 ns, 2.8906 ns/op, 40527.00 uJpkg_socket_0, 1343.00 uJdram_socket_0, 19349.00 uJcore_socket_0, 0.00 uJuncore_socket_0, 0.00 uJpsys_socket_0, 63.00 degCCpu_socket_0
OverheadWarmup   2: 141872 op, 402985.00 ns, 2.8405 ns/op, 0.00 uJpkg_socket_0, 0.00 uJdram_socket_0, 16174.00 uJcore_socket_0, 0.00 uJuncore_socket_0, 0.00 uJpsys_socket_0, 62.00 degCCpu_socket_0
OverheadWarmup   3: 141872 op, 403731.00 ns, 2.8457 ns/op, 0.00 uJpkg_socket_0, 0.00 uJdram_socket_0, 18860.00 uJcore_socket_0, 0.00 uJuncore_socket_0, 0.00 uJpsys_socket_0, 61.00 degCCpu_socket_0
OverheadWarmup   4: 141872 op, 401880.00 ns, 2.8327 ns/op, 43457.00 uJpkg_socket_0, 1221.00 uJdram_socket_0, 17029.00 uJcore_socket_0, 0.00 uJuncore_socket_0, 0.00 uJpsys_socket_0, 61.00 degCCpu_socket_0
OverheadWarmup   5: 141872 op, 403598.00 ns, 2.8448 ns/op, 0.00 uJpkg_socket_0, 0.00 uJdram_socket_0, 16235.00 uJcore_socket_0, 0.00 uJuncore_socket_0, 0.00 uJpsys_socket_0, 61.00 degCCpu_socket_0
OverheadWarmup   6: 141872 op, 402289.00 ns, 2.8356 ns/op, 0.00 uJpkg_socket_0, 0.00 uJdram_socket_0, 16907.00 uJcore_socket_0, 0.00 uJuncore_socket_0, 0.00 uJpsys_socket_0, 60.50 degCCpu_socket_0

OverheadActual   1: 141872 op, 408814.00 ns, 2.8816 ns/op, 0.00 uJpkg_socket_0, 0.00 uJdram_socket_0, 19043.00 uJcore_socket_0, 0.00 uJuncore_socket_0, 0.00 uJpsys_socket_0, 59.00 degCCpu_socket_0
OverheadActual   2: 141872 op, 409691.00 ns, 2.8878 ns/op, 37414.00 uJpkg_socket_0, 1098.00 uJdram_socket_0, 18066.00 uJcore_socket_0, 0.00 uJuncore_socket_0, 0.00 uJpsys_socket_0, 59.00 degCCpu_socket_0
OverheadActual   3: 141872 op, 402573.00 ns, 2.8376 ns/op, 39856.00 uJpkg_socket_0, 1159.00 uJdram_socket_0, 15930.00 uJcore_socket_0, 0.00 uJuncore_socket_0, 0.00 uJpsys_socket_0, 58.50 degCCpu_socket_0
OverheadActual   4: 141872 op, 408251.00 ns, 2.8776 ns/op, 38452.00 uJpkg_socket_0, 0.00 uJdram_socket_0, 19775.00 uJcore_socket_0, 0.00 uJuncore_socket_0, 0.00 uJpsys_socket_0, 59.00 degCCpu_socket_0
OverheadActual   5: 141872 op, 402359.00 ns, 2.8361 ns/op, 0.00 uJpkg_socket_0, 0.00 uJdram_socket_0, 16846.00 uJcore_socket_0, 0.00 uJuncore_socket_0, 0.00 uJpsys_socket_0, 59.00 degCCpu_socket_0
OverheadActual   6: 141872 op, 404967.00 ns, 2.8545 ns/op, 39551.00 uJpkg_socket_0, 1160.00 uJdram_socket_0, 17212.00 uJcore_socket_0, 0.00 uJuncore_socket_0, 0.00 uJpsys_socket_0, 59.00 degCCpu_socket_0
OverheadActual   7: 141872 op, 402095.00 ns, 2.8342 ns/op, 0.00 uJpkg_socket_0, 0.00 uJdram_socket_0, 19775.00 uJcore_socket_0, 0.00 uJuncore_socket_0, 0.00 uJpsys_socket_0, 58.50 degCCpu_socket_0
OverheadActual   8: 141872 op, 401054.00 ns, 2.8269 ns/op, 39856.00 uJpkg_socket_0, 1099.00 uJdram_socket_0, 16907.00 uJcore_socket_0, 0.00 uJuncore_socket_0, 0.00 uJpsys_socket_0, 59.00 degCCpu_socket_0
OverheadActual   9: 141872 op, 406368.00 ns, 2.8643 ns/op, 38330.00 uJpkg_socket_0, 1099.00 uJdram_socket_0, 22095.00 uJcore_socket_0, 0.00 uJuncore_socket_0, 0.00 uJpsys_socket_0, 59.00 degCCpu_socket_0
OverheadActual  10: 141872 op, 403854.00 ns, 2.8466 ns/op, 0.00 uJpkg_socket_0, 0.00 uJdram_socket_0, 19775.00 uJcore_socket_0, 0.00 uJuncore_socket_0, 0.00 uJpsys_socket_0, 59.50 degCCpu_socket_0
OverheadActual  11: 141872 op, 402283.00 ns, 2.8355 ns/op, 41076.00 uJpkg_socket_0, 1099.00 uJdram_socket_0, 16785.00 uJcore_socket_0, 0.00 uJuncore_socket_0, 0.00 uJpsys_socket_0, 59.00 degCCpu_socket_0
OverheadActual  12: 141872 op, 405999.00 ns, 2.8617 ns/op, 42114.00 uJpkg_socket_0, 1220.00 uJdram_socket_0, 16968.00 uJcore_socket_0, 0.00 uJuncore_socket_0, 0.00 uJpsys_socket_0, 59.00 degCCpu_socket_0
OverheadActual  13: 141872 op, 402157.00 ns, 2.8346 ns/op, 38330.00 uJpkg_socket_0, 1099.00 uJdram_socket_0, 14648.00 uJcore_socket_0, 0.00 uJuncore_socket_0, 0.00 uJpsys_socket_0, 59.00 degCCpu_socket_0
OverheadActual  14: 141872 op, 407978.00 ns, 2.8757 ns/op, 41321.00 uJpkg_socket_0, 1098.00 uJdram_socket_0, 21240.00 uJcore_socket_0, 0.00 uJuncore_socket_0, 0.00 uJpsys_socket_0, 59.00 degCCpu_socket_0
OverheadActual  15: 141872 op, 400288.00 ns, 2.8215 ns/op, 0.00 uJpkg_socket_0, 0.00 uJdram_socket_0, 19226.00 uJcore_socket_0, 0.00 uJuncore_socket_0, 0.00 uJpsys_socket_0, 58.50 degCCpu_socket_0

WorkloadWarmup   1: 141872 op, 1009526957.00 ns, 7.1158 us/op, 42724316.00 uJpkg_socket_0, 1138974.00 uJdram_socket_0, 36217314.00 uJcore_socket_0, 0.00 uJuncore_socket_0, 0.00 uJpsys_socket_0, 63.00 degCCpu_socket_0
WorkloadWarmup   2: 141872 op, 1009236967.00 ns, 7.1137 us/op, 42238967.00 uJpkg_socket_0, 1136411.00 uJdram_socket_0, 35686798.00 uJcore_socket_0, 0.00 uJuncore_socket_0, 0.00 uJpsys_socket_0, 65.00 degCCpu_socket_0
WorkloadWarmup   3: 141872 op, 1002450512.00 ns, 7.0659 us/op, 41620438.00 uJpkg_socket_0, 1125791.00 uJdram_socket_0, 35157564.00 uJcore_socket_0, 0.00 uJuncore_socket_0, 0.00 uJpsys_socket_0, 65.50 degCCpu_socket_0
WorkloadWarmup   4: 141872 op, 1000435837.00 ns, 7.0517 us/op, 41496842.00 uJpkg_socket_0, 1121030.00 uJdram_socket_0, 35046663.00 uJcore_socket_0, 0.00 uJuncore_socket_0, 0.00 uJpsys_socket_0, 66.00 degCCpu_socket_0
WorkloadWarmup   5: 141872 op, 1001092569.00 ns, 7.0563 us/op, 41672074.00 uJpkg_socket_0, 1121702.00 uJdram_socket_0, 35201204.00 uJcore_socket_0, 0.00 uJuncore_socket_0, 0.00 uJpsys_socket_0, 65.50 degCCpu_socket_0
WorkloadWarmup   6: 141872 op, 1000051672.00 ns, 7.0490 us/op, 41738235.00 uJpkg_socket_0, 1120358.00 uJdram_socket_0, 35272554.00 uJcore_socket_0, 0.00 uJuncore_socket_0, 0.00 uJpsys_socket_0, 66.00 degCCpu_socket_0
WorkloadWarmup   7: 141872 op, 1000504473.00 ns, 7.0522 us/op, 41438981.00 uJpkg_socket_0, 1121335.00 uJdram_socket_0, 34948275.00 uJcore_socket_0, 0.00 uJuncore_socket_0, 0.00 uJpsys_socket_0, 66.50 degCCpu_socket_0
WorkloadWarmup   8: 141872 op, 1000266365.00 ns, 7.0505 us/op, 41362565.00 uJpkg_socket_0, 1120297.00 uJdram_socket_0, 34904574.00 uJcore_socket_0, 0.00 uJuncore_socket_0, 0.00 uJpsys_socket_0, 66.00 degCCpu_socket_0

// BeforeActualRun
WorkloadActual   1: 141872 op, 1004304530.00 ns, 7.0789 us/op, 41626725.00 uJpkg_socket_0, 1130918.00 uJdram_socket_0, 35101228.00 uJcore_socket_0, 0.00 uJuncore_socket_0, 0.00 uJpsys_socket_0, 64.50 degCCpu_socket_0
WorkloadActual   2: 141872 op, 1010488895.00 ns, 7.1225 us/op, 42165358.00 uJpkg_socket_0, 1175534.00 uJdram_socket_0, 35610688.00 uJcore_socket_0, 0.00 uJuncore_socket_0, 0.00 uJpsys_socket_0, 65.50 degCCpu_socket_0
WorkloadActual   3: 141872 op, 1008367239.00 ns, 7.1076 us/op, 41927139.00 uJpkg_socket_0, 1172299.00 uJdram_socket_0, 35375398.00 uJcore_socket_0, 0.00 uJuncore_socket_0, 0.00 uJpsys_socket_0, 66.50 degCCpu_socket_0
WorkloadActual   4: 141872 op, 1009138647.00 ns, 7.1130 us/op, 41887038.00 uJpkg_socket_0, 1169797.00 uJdram_socket_0, 35360689.00 uJcore_socket_0, 0.00 uJuncore_socket_0, 0.00 uJpsys_socket_0, 66.00 degCCpu_socket_0
WorkloadActual   5: 141872 op, 1001945265.00 ns, 7.0623 us/op, 41516190.00 uJpkg_socket_0, 1143369.00 uJdram_socket_0, 35033052.00 uJcore_socket_0, 0.00 uJuncore_socket_0, 0.00 uJpsys_socket_0, 65.50 degCCpu_socket_0
WorkloadActual   6: 141872 op, 1008996129.00 ns, 7.1120 us/op, 42182143.00 uJpkg_socket_0, 1171994.00 uJdram_socket_0, 35649872.00 uJcore_socket_0, 0.00 uJuncore_socket_0, 0.00 uJpsys_socket_0, 65.50 degCCpu_socket_0
WorkloadActual   7: 141872 op, 1011002863.00 ns, 7.1262 us/op, 42107619.00 uJpkg_socket_0, 1173581.00 uJdram_socket_0, 35566560.00 uJcore_socket_0, 0.00 uJuncore_socket_0, 0.00 uJpsys_socket_0, 66.00 degCCpu_socket_0
WorkloadActual   8: 141872 op, 1010059111.00 ns, 7.1195 us/op, 42561781.00 uJpkg_socket_0, 1174985.00 uJdram_socket_0, 35994781.00 uJcore_socket_0, 0.00 uJuncore_socket_0, 0.00 uJpsys_socket_0, 65.50 degCCpu_socket_0
WorkloadActual   9: 141872 op, 1009591209.00 ns, 7.1162 us/op, 41977675.00 uJpkg_socket_0, 1169004.00 uJdram_socket_0, 35467500.00 uJcore_socket_0, 0.00 uJuncore_socket_0, 0.00 uJpsys_socket_0, 66.00 degCCpu_socket_0
WorkloadActual  10: 141872 op, 1007418423.00 ns, 7.1009 us/op, 42078383.00 uJpkg_socket_0, 1164243.00 uJdram_socket_0, 35580902.00 uJcore_socket_0, 0.00 uJuncore_socket_0, 0.00 uJpsys_socket_0, 65.50 degCCpu_socket_0
WorkloadActual  11: 141872 op, 1003220329.00 ns, 7.0713 us/op, 41800002.00 uJpkg_socket_0, 1145016.00 uJdram_socket_0, 35277375.00 uJcore_socket_0, 0.00 uJuncore_socket_0, 0.00 uJpsys_socket_0, 65.50 degCCpu_socket_0
WorkloadActual  12: 141872 op, 1002370922.00 ns, 7.0653 us/op, 41694412.00 uJpkg_socket_0, 1143369.00 uJdram_socket_0, 35221712.00 uJcore_socket_0, 0.00 uJuncore_socket_0, 0.00 uJpsys_socket_0, 66.50 degCCpu_socket_0
WorkloadActual  13: 141872 op, 1002761465.00 ns, 7.0681 us/op, 41786881.00 uJpkg_socket_0, 1143735.00 uJdram_socket_0, 35287385.00 uJcore_socket_0, 0.00 uJuncore_socket_0, 0.00 uJpsys_socket_0, 65.50 degCCpu_socket_0
WorkloadActual  14: 141872 op, 1002368367.00 ns, 7.0653 us/op, 41583695.00 uJpkg_socket_0, 1143735.00 uJdram_socket_0, 35078096.00 uJcore_socket_0, 0.00 uJuncore_socket_0, 0.00 uJpsys_socket_0, 65.50 degCCpu_socket_0
WorkloadActual  15: 141872 op, 1000401506.00 ns, 7.0514 us/op, 41681656.00 uJpkg_socket_0, 1141049.00 uJdram_socket_0, 35190096.00 uJcore_socket_0, 0.00 uJuncore_socket_0, 0.00 uJpsys_socket_0, 66.00 degCCpu_socket_0

// AfterActualRun
WorkloadResult   1: 141872 op, 1003900676.00 ns, 7.0761 us/op, 41626725.00 uJpkg_socket_0, 1130918.00 uJdram_socket_0, 35101228.00 uJcore_socket_0, 0.00 uJuncore_socket_0, 0.00 uJpsys_socket_0, 64.50 degCCpu_socket_0
WorkloadResult   2: 141872 op, 1010085041.00 ns, 7.1197 us/op, 42165358.00 uJpkg_socket_0, 1175534.00 uJdram_socket_0, 35610688.00 uJcore_socket_0, 0.00 uJuncore_socket_0, 0.00 uJpsys_socket_0, 65.50 degCCpu_socket_0
WorkloadResult   3: 141872 op, 1007963385.00 ns, 7.1047 us/op, 41927139.00 uJpkg_socket_0, 1172299.00 uJdram_socket_0, 35375398.00 uJcore_socket_0, 0.00 uJuncore_socket_0, 0.00 uJpsys_socket_0, 66.50 degCCpu_socket_0
WorkloadResult   4: 141872 op, 1008734793.00 ns, 7.1102 us/op, 41887038.00 uJpkg_socket_0, 1169797.00 uJdram_socket_0, 35360689.00 uJcore_socket_0, 0.00 uJuncore_socket_0, 0.00 uJpsys_socket_0, 66.00 degCCpu_socket_0
WorkloadResult   5: 141872 op, 1001541411.00 ns, 7.0595 us/op, 41516190.00 uJpkg_socket_0, 1143369.00 uJdram_socket_0, 35033052.00 uJcore_socket_0, 0.00 uJuncore_socket_0, 0.00 uJpsys_socket_0, 65.50 degCCpu_socket_0
WorkloadResult   6: 141872 op, 1008592275.00 ns, 7.1092 us/op, 42182143.00 uJpkg_socket_0, 1171994.00 uJdram_socket_0, 35649872.00 uJcore_socket_0, 0.00 uJuncore_socket_0, 0.00 uJpsys_socket_0, 65.50 degCCpu_socket_0
WorkloadResult   7: 141872 op, 1010599009.00 ns, 7.1233 us/op, 42107619.00 uJpkg_socket_0, 1173581.00 uJdram_socket_0, 35566560.00 uJcore_socket_0, 0.00 uJuncore_socket_0, 0.00 uJpsys_socket_0, 66.00 degCCpu_socket_0
WorkloadResult   8: 141872 op, 1009655257.00 ns, 7.1167 us/op, 42561781.00 uJpkg_socket_0, 1174985.00 uJdram_socket_0, 35994781.00 uJcore_socket_0, 0.00 uJuncore_socket_0, 0.00 uJpsys_socket_0, 65.50 degCCpu_socket_0
WorkloadResult   9: 141872 op, 1009187355.00 ns, 7.1134 us/op, 41977675.00 uJpkg_socket_0, 1169004.00 uJdram_socket_0, 35467500.00 uJcore_socket_0, 0.00 uJuncore_socket_0, 0.00 uJpsys_socket_0, 66.00 degCCpu_socket_0
WorkloadResult  10: 141872 op, 1007014569.00 ns, 7.0981 us/op, 42078383.00 uJpkg_socket_0, 1164243.00 uJdram_socket_0, 35580902.00 uJcore_socket_0, 0.00 uJuncore_socket_0, 0.00 uJpsys_socket_0, 65.50 degCCpu_socket_0
WorkloadResult  11: 141872 op, 1002816475.00 ns, 7.0685 us/op, 41800002.00 uJpkg_socket_0, 1145016.00 uJdram_socket_0, 35277375.00 uJcore_socket_0, 0.00 uJuncore_socket_0, 0.00 uJpsys_socket_0, 65.50 degCCpu_socket_0
WorkloadResult  12: 141872 op, 1001967068.00 ns, 7.0625 us/op, 41694412.00 uJpkg_socket_0, 1143369.00 uJdram_socket_0, 35221712.00 uJcore_socket_0, 0.00 uJuncore_socket_0, 0.00 uJpsys_socket_0, 66.50 degCCpu_socket_0
WorkloadResult  13: 141872 op, 1002357611.00 ns, 7.0652 us/op, 41786881.00 uJpkg_socket_0, 1143735.00 uJdram_socket_0, 35287385.00 uJcore_socket_0, 0.00 uJuncore_socket_0, 0.00 uJpsys_socket_0, 65.50 degCCpu_socket_0
WorkloadResult  14: 141872 op, 1001964513.00 ns, 7.0625 us/op, 41583695.00 uJpkg_socket_0, 1143735.00 uJdram_socket_0, 35078096.00 uJcore_socket_0, 0.00 uJuncore_socket_0, 0.00 uJpsys_socket_0, 65.50 degCCpu_socket_0
WorkloadResult  15: 141872 op, 999997652.00 ns, 7.0486 us/op, 41681656.00 uJpkg_socket_0, 1141049.00 uJdram_socket_0, 35190096.00 uJcore_socket_0, 0.00 uJuncore_socket_0, 0.00 uJpsys_socket_0, 66.00 degCCpu_socket_0

// AfterAll
// Benchmark Process 1056729 has exited with code 0.

Mean = 7.089 μs, StdErr = 0.007 μs (0.10%), N = 15, StdDev = 0.026 μs
Min = 7.049 μs, Q1 = 7.064 μs, Median = 7.098 μs, Q3 = 7.112 μs, Max = 7.123 μs
IQR = 0.048 μs, LowerFence = 6.992 μs, UpperFence = 7.184 μs
ConfidenceInterval = [7.061 μs; 7.117 μs] (CI 99.9%), Margin = 0.028 μs (0.40% of Mean)
Skewness = -0.12, Kurtosis = 1.19, MValue = 2

// ** Remained 8 (80.0 %) benchmark(s) to run. Estimated finish 2026-05-27 13:41 (0h 4m from now) **
// **************************
// Benchmark: SmokeBenchByte.Newtonsoft_Deser: Energy(OutlierMode=DontRemove, IterationTime=1s)
// *** Execute ***
// Launch: 1 / 1
// Execute: dotnet JsonBench-Energy-1.dll --anonymousPipes 121 122 --benchmarkName JsonBench.Benchmarks.SmokeBenchByte.Newtonsoft_Deser --job Energy --benchmarkId 2 in /home/test/json-energy-bench/JsonBench/bin/Release/net10.0/JsonBench-Energy-1/bin/Release/net10.0
// BeforeAnythingElse

// Benchmark Process Environment Information:
// BenchmarkDotNet v0.15.5-develop (2026-05-27)
// Runtime=.NET 10.0.8 (10.0.8, 10.0.826.23019), X64 RyuJIT x86-64-v3
// GC=Concurrent Workstation
// HardwareIntrinsics=AVX2+BMI1+BMI2+F16C+FMA+LZCNT+MOVBE,AVX,SSE3+SSSE3+SSE4.1+SSE4.2+POPCNT,X86Base+SSE+SSE2,AES+PCLMUL VectorSize=256
// Job: Energy(OutlierMode=DontRemove, IterationTime=1s)

Couldn't find Core RAPL device for socket 0: RAPLCantFindUncoreDevice
OverheadJitting  1: 1 op, 205033.00 ns, 205.0330 us/op, 61645.00 uJpkg_socket_0, 1099.00 uJdram_socket_0, 36194.00 uJcore_socket_0, 0.00 uJuncore_socket_0, 0.00 uJpsys_socket_0, 53.50 degCCpu_socket_0
WorkloadJitting  1: 1 op, 46562527.00 ns, 46.5625 ms/op, 1587703.00 uJpkg_socket_0, 54016.00 uJdram_socket_0, 1312680.00 uJcore_socket_0, 0.00 uJuncore_socket_0, 0.00 uJpsys_socket_0, 54.50 degCCpu_socket_0

Couldn't find Core RAPL device for socket 0: RAPLCantFindUncoreDevice
OverheadJitting  2: 16 op, 496520.00 ns, 31.0325 us/op, 36866.00 uJpkg_socket_0, 1221.00 uJdram_socket_0, 24414.00 uJcore_socket_0, 0.00 uJuncore_socket_0, 0.00 uJpsys_socket_0, 55.00 degCCpu_socket_0
WorkloadJitting  2: 16 op, 1795678.00 ns, 112.2299 us/op, 103576.00 uJpkg_socket_0, 2563.00 uJdram_socket_0, 90576.00 uJcore_socket_0, 0.00 uJuncore_socket_0, 0.00 uJpsys_socket_0, 56.50 degCCpu_socket_0

WorkloadPilot    1: 16 op, 1230431.00 ns, 76.9019 us/op, 106201.00 uJpkg_socket_0, 2319.00 uJdram_socket_0, 70252.00 uJcore_socket_0, 0.00 uJuncore_socket_0, 0.00 uJpsys_socket_0, 56.50 degCCpu_socket_0
WorkloadPilot    2: 13008 op, 477224307.00 ns, 36.6870 us/op, 22788943.00 uJpkg_socket_0, 547667.00 uJdram_socket_0, 19720225.00 uJcore_socket_0, 0.00 uJuncore_socket_0, 0.00 uJpsys_socket_0, 62.00 degCCpu_socket_0
WorkloadPilot    3: 27264 op, 365927960.00 ns, 13.4217 us/op, 14987816.00 uJpkg_socket_0, 412047.00 uJdram_socket_0, 12622771.00 uJcore_socket_0, 0.00 uJuncore_socket_0, 0.00 uJpsys_socket_0, 65.50 degCCpu_socket_0
WorkloadPilot    4: 74512 op, 994875415.00 ns, 13.3519 us/op, 40799029.00 uJpkg_socket_0, 1117795.00 uJdram_socket_0, 34323277.00 uJcore_socket_0, 0.00 uJuncore_socket_0, 0.00 uJpsys_socket_0, 64.50 degCCpu_socket_0
WorkloadPilot    5: 74896 op, 997192608.00 ns, 13.3144 us/op, 40734637.00 uJpkg_socket_0, 1120542.00 uJdram_socket_0, 34257053.00 uJcore_socket_0, 0.00 uJuncore_socket_0, 0.00 uJpsys_socket_0, 64.00 degCCpu_socket_0
WorkloadPilot    6: 75120 op, 1001283106.00 ns, 13.3291 us/op, 41848892.00 uJpkg_socket_0, 1131711.00 uJdram_socket_0, 35358308.00 uJcore_socket_0, 0.00 uJuncore_socket_0, 0.00 uJpsys_socket_0, 65.50 degCCpu_socket_0
WorkloadPilot    7: 75024 op, 1000371499.00 ns, 13.3340 us/op, 40997942.00 uJpkg_socket_0, 1124998.00 uJdram_socket_0, 34505710.00 uJcore_socket_0, 0.00 uJuncore_socket_0, 0.00 uJpsys_socket_0, 64.00 degCCpu_socket_0
WorkloadPilot    8: 75008 op, 1000463983.00 ns, 13.3381 us/op, 40943865.00 uJpkg_socket_0, 1124143.00 uJdram_socket_0, 34460239.00 uJcore_socket_0, 0.00 uJuncore_socket_0, 0.00 uJpsys_socket_0, 64.00 degCCpu_socket_0

OverheadWarmup   1: 75008 op, 268343.00 ns, 3.5775 ns/op, 0.00 uJpkg_socket_0, 0.00 uJdram_socket_0, 13794.00 uJcore_socket_0, 0.00 uJuncore_socket_0, 0.00 uJpsys_socket_0, 63.00 degCCpu_socket_0
OverheadWarmup   2: 75008 op, 214842.00 ns, 2.8643 ns/op, 38269.00 uJpkg_socket_0, 1282.00 uJdram_socket_0, 11230.00 uJcore_socket_0, 0.00 uJuncore_socket_0, 0.00 uJpsys_socket_0, 61.00 degCCpu_socket_0
OverheadWarmup   3: 75008 op, 238433.00 ns, 3.1788 ns/op, 0.00 uJpkg_socket_0, 0.00 uJdram_socket_0, 11841.00 uJcore_socket_0, 0.00 uJuncore_socket_0, 0.00 uJpsys_socket_0, 60.50 degCCpu_socket_0
OverheadWarmup   4: 75008 op, 215564.00 ns, 2.8739 ns/op, 38147.00 uJpkg_socket_0, 1159.00 uJdram_socket_0, 6286.00 uJcore_socket_0, 0.00 uJuncore_socket_0, 0.00 uJpsys_socket_0, 60.00 degCCpu_socket_0
OverheadWarmup   5: 75008 op, 216032.00 ns, 2.8801 ns/op, 0.00 uJpkg_socket_0, 0.00 uJdram_socket_0, 10742.00 uJcore_socket_0, 0.00 uJuncore_socket_0, 0.00 uJpsys_socket_0, 60.00 degCCpu_socket_0
OverheadWarmup   6: 75008 op, 214061.00 ns, 2.8538 ns/op, 0.00 uJpkg_socket_0, 0.00 uJdram_socket_0, 10498.00 uJcore_socket_0, 0.00 uJuncore_socket_0, 0.00 uJpsys_socket_0, 59.50 degCCpu_socket_0

OverheadActual   1: 75008 op, 215056.00 ns, 2.8671 ns/op, 0.00 uJpkg_socket_0, 0.00 uJdram_socket_0, 7874.00 uJcore_socket_0, 0.00 uJuncore_socket_0, 0.00 uJpsys_socket_0, 58.00 degCCpu_socket_0
OverheadActual   2: 75008 op, 218081.00 ns, 2.9074 ns/op, 0.00 uJpkg_socket_0, 0.00 uJdram_socket_0, 12635.00 uJcore_socket_0, 0.00 uJuncore_socket_0, 0.00 uJpsys_socket_0, 58.00 degCCpu_socket_0
OverheadActual   3: 75008 op, 215775.00 ns, 2.8767 ns/op, 0.00 uJpkg_socket_0, 0.00 uJdram_socket_0, 10070.00 uJcore_socket_0, 0.00 uJuncore_socket_0, 0.00 uJpsys_socket_0, 59.00 degCCpu_socket_0
OverheadActual   4: 75008 op, 214291.00 ns, 2.8569 ns/op, 0.00 uJpkg_socket_0, 0.00 uJdram_socket_0, 8545.00 uJcore_socket_0, 0.00 uJuncore_socket_0, 0.00 uJpsys_socket_0, 59.00 degCCpu_socket_0
OverheadActual   5: 75008 op, 215043.00 ns, 2.8669 ns/op, 0.00 uJpkg_socket_0, 0.00 uJdram_socket_0, 11291.00 uJcore_socket_0, 0.00 uJuncore_socket_0, 0.00 uJpsys_socket_0, 60.00 degCCpu_socket_0
OverheadActual   6: 75008 op, 216001.00 ns, 2.8797 ns/op, 0.00 uJpkg_socket_0, 0.00 uJdram_socket_0, 6469.00 uJcore_socket_0, 0.00 uJuncore_socket_0, 0.00 uJpsys_socket_0, 60.50 degCCpu_socket_0
OverheadActual   7: 75008 op, 221692.00 ns, 2.9556 ns/op, 0.00 uJpkg_socket_0, 0.00 uJdram_socket_0, 13001.00 uJcore_socket_0, 0.00 uJuncore_socket_0, 0.00 uJpsys_socket_0, 61.00 degCCpu_socket_0
OverheadActual   8: 75008 op, 266997.00 ns, 3.5596 ns/op, 41382.00 uJpkg_socket_0, 1160.00 uJdram_socket_0, 11353.00 uJcore_socket_0, 0.00 uJuncore_socket_0, 0.00 uJpsys_socket_0, 61.00 degCCpu_socket_0
OverheadActual   9: 75008 op, 214190.00 ns, 2.8556 ns/op, 41564.00 uJpkg_socket_0, 1099.00 uJdram_socket_0, 10987.00 uJcore_socket_0, 0.00 uJuncore_socket_0, 0.00 uJpsys_socket_0, 60.00 degCCpu_socket_0
OverheadActual  10: 75008 op, 215108.00 ns, 2.8678 ns/op, 0.00 uJpkg_socket_0, 0.00 uJdram_socket_0, 8911.00 uJcore_socket_0, 0.00 uJuncore_socket_0, 0.00 uJpsys_socket_0, 61.00 degCCpu_socket_0
OverheadActual  11: 75008 op, 214899.00 ns, 2.8650 ns/op, 0.00 uJpkg_socket_0, 0.00 uJdram_socket_0, 9094.00 uJcore_socket_0, 0.00 uJuncore_socket_0, 0.00 uJpsys_socket_0, 61.00 degCCpu_socket_0
OverheadActual  12: 75008 op, 267589.00 ns, 3.5675 ns/op, 0.00 uJpkg_socket_0, 0.00 uJdram_socket_0, 9094.00 uJcore_socket_0, 0.00 uJuncore_socket_0, 0.00 uJpsys_socket_0, 61.00 degCCpu_socket_0
OverheadActual  13: 75008 op, 220084.00 ns, 2.9341 ns/op, 0.00 uJpkg_socket_0, 0.00 uJdram_socket_0, 10315.00 uJcore_socket_0, 0.00 uJuncore_socket_0, 0.00 uJpsys_socket_0, 61.00 degCCpu_socket_0
OverheadActual  14: 75008 op, 214225.00 ns, 2.8560 ns/op, 0.00 uJpkg_socket_0, 0.00 uJdram_socket_0, 11169.00 uJcore_socket_0, 0.00 uJuncore_socket_0, 0.00 uJpsys_socket_0, 61.00 degCCpu_socket_0
OverheadActual  15: 75008 op, 267659.00 ns, 3.5684 ns/op, 40527.00 uJpkg_socket_0, 1099.00 uJdram_socket_0, 10743.00 uJcore_socket_0, 0.00 uJuncore_socket_0, 0.00 uJpsys_socket_0, 61.00 degCCpu_socket_0
OverheadActual  16: 75008 op, 214935.00 ns, 2.8655 ns/op, 0.00 uJpkg_socket_0, 0.00 uJdram_socket_0, 11047.00 uJcore_socket_0, 0.00 uJuncore_socket_0, 0.00 uJpsys_socket_0, 61.00 degCCpu_socket_0
OverheadActual  17: 75008 op, 215101.00 ns, 2.8677 ns/op, 0.00 uJpkg_socket_0, 0.00 uJdram_socket_0, 9034.00 uJcore_socket_0, 0.00 uJuncore_socket_0, 0.00 uJpsys_socket_0, 61.00 degCCpu_socket_0
OverheadActual  18: 75008 op, 214960.00 ns, 2.8658 ns/op, 0.00 uJpkg_socket_0, 0.00 uJdram_socket_0, 9704.00 uJcore_socket_0, 0.00 uJuncore_socket_0, 0.00 uJpsys_socket_0, 61.00 degCCpu_socket_0
OverheadActual  19: 75008 op, 251822.00 ns, 3.3573 ns/op, 0.00 uJpkg_socket_0, 0.00 uJdram_socket_0, 10986.00 uJcore_socket_0, 0.00 uJuncore_socket_0, 0.00 uJpsys_socket_0, 61.00 degCCpu_socket_0
OverheadActual  20: 75008 op, 215506.00 ns, 2.8731 ns/op, 41687.00 uJpkg_socket_0, 1099.00 uJdram_socket_0, 9277.00 uJcore_socket_0, 0.00 uJuncore_socket_0, 0.00 uJpsys_socket_0, 61.00 degCCpu_socket_0

WorkloadWarmup   1: 75008 op, 1005850735.00 ns, 13.4099 us/op, 42534925.00 uJpkg_socket_0, 1137814.00 uJdram_socket_0, 36037688.00 uJcore_socket_0, 0.00 uJuncore_socket_0, 0.00 uJpsys_socket_0, 64.00 degCCpu_socket_0
WorkloadWarmup   2: 75008 op, 1003868388.00 ns, 13.3835 us/op, 40948137.00 uJpkg_socket_0, 1127988.00 uJdram_socket_0, 34451877.00 uJcore_socket_0, 0.00 uJuncore_socket_0, 0.00 uJpsys_socket_0, 64.50 degCCpu_socket_0
WorkloadWarmup   3: 75008 op, 1001950932.00 ns, 13.3579 us/op, 40810931.00 uJpkg_socket_0, 1124814.00 uJdram_socket_0, 34331700.00 uJcore_socket_0, 0.00 uJuncore_socket_0, 0.00 uJpsys_socket_0, 65.00 degCCpu_socket_0
WorkloadWarmup   4: 75008 op, 1000326435.00 ns, 13.3363 us/op, 40804033.00 uJpkg_socket_0, 1122739.00 uJdram_socket_0, 34312291.00 uJcore_socket_0, 0.00 uJuncore_socket_0, 0.00 uJpsys_socket_0, 64.50 degCCpu_socket_0
WorkloadWarmup   5: 75008 op, 999762036.00 ns, 13.3287 us/op, 40761737.00 uJpkg_socket_0, 1121213.00 uJdram_socket_0, 34288059.00 uJcore_socket_0, 0.00 uJuncore_socket_0, 0.00 uJpsys_socket_0, 66.00 degCCpu_socket_0
WorkloadWarmup   6: 75008 op, 999618172.00 ns, 13.3268 us/op, 40769549.00 uJpkg_socket_0, 1120969.00 uJdram_socket_0, 34292881.00 uJcore_socket_0, 0.00 uJuncore_socket_0, 0.00 uJpsys_socket_0, 64.50 degCCpu_socket_0
WorkloadWarmup   7: 75008 op, 999454699.00 ns, 13.3246 us/op, 40766864.00 uJpkg_socket_0, 1120785.00 uJdram_socket_0, 34283970.00 uJcore_socket_0, 0.00 uJuncore_socket_0, 0.00 uJpsys_socket_0, 64.50 degCCpu_socket_0
WorkloadWarmup   8: 75008 op, 1001664341.00 ns, 13.3541 us/op, 40881304.00 uJpkg_socket_0, 1123899.00 uJdram_socket_0, 34382236.00 uJcore_socket_0, 0.00 uJuncore_socket_0, 0.00 uJpsys_socket_0, 64.00 degCCpu_socket_0
WorkloadWarmup   9: 75008 op, 1000707794.00 ns, 13.3413 us/op, 40840044.00 uJpkg_socket_0, 1124142.00 uJdram_socket_0, 34357822.00 uJcore_socket_0, 0.00 uJuncore_socket_0, 0.00 uJpsys_socket_0, 65.00 degCCpu_socket_0
WorkloadWarmup  10: 75008 op, 999775264.00 ns, 13.3289 us/op, 40815081.00 uJpkg_socket_0, 1121579.00 uJdram_socket_0, 34302646.00 uJcore_socket_0, 0.00 uJuncore_socket_0, 0.00 uJpsys_socket_0, 64.00 degCCpu_socket_0
WorkloadWarmup  11: 75008 op, 1000861220.00 ns, 13.3434 us/op, 41066485.00 uJpkg_socket_0, 1125973.00 uJdram_socket_0, 34588656.00 uJcore_socket_0, 0.00 uJuncore_socket_0, 0.00 uJpsys_socket_0, 64.50 degCCpu_socket_0
WorkloadWarmup  12: 75008 op, 1000956817.00 ns, 13.3447 us/op, 40861895.00 uJpkg_socket_0, 1123532.00 uJdram_socket_0, 34388951.00 uJcore_socket_0, 0.00 uJuncore_socket_0, 0.00 uJpsys_socket_0, 64.00 degCCpu_socket_0
WorkloadWarmup  13: 75008 op, 1000647145.00 ns, 13.3405 us/op, 40851824.00 uJpkg_socket_0, 1123837.00 uJdram_socket_0, 34367527.00 uJcore_socket_0, 0.00 uJuncore_socket_0, 0.00 uJpsys_socket_0, 64.50 degCCpu_socket_0

// BeforeActualRun
WorkloadActual   1: 75008 op, 1002229547.00 ns, 13.3616 us/op, 40921343.00 uJpkg_socket_0, 1126401.00 uJdram_socket_0, 34411228.00 uJcore_socket_0, 0.00 uJuncore_socket_0, 0.00 uJpsys_socket_0, 63.50 degCCpu_socket_0
WorkloadActual   2: 75008 op, 1003928195.00 ns, 13.3843 us/op, 40933306.00 uJpkg_socket_0, 1147336.00 uJdram_socket_0, 34433628.00 uJcore_socket_0, 0.00 uJuncore_socket_0, 0.00 uJpsys_socket_0, 65.00 degCCpu_socket_0
WorkloadActual   3: 75008 op, 1000840062.00 ns, 13.3431 us/op, 41123735.00 uJpkg_socket_0, 1125790.00 uJdram_socket_0, 34650424.00 uJcore_socket_0, 0.00 uJuncore_socket_0, 0.00 uJpsys_socket_0, 64.50 degCCpu_socket_0
WorkloadActual   4: 75008 op, 999722384.00 ns, 13.3282 us/op, 40750201.00 uJpkg_socket_0, 1122556.00 uJdram_socket_0, 34274082.00 uJcore_socket_0, 0.00 uJuncore_socket_0, 0.00 uJpsys_socket_0, 63.50 degCCpu_socket_0
WorkloadActual   5: 75008 op, 1000184018.00 ns, 13.3344 us/op, 40839495.00 uJpkg_socket_0, 1124082.00 uJdram_socket_0, 34339390.00 uJcore_socket_0, 0.00 uJuncore_socket_0, 0.00 uJpsys_socket_0, 64.50 degCCpu_socket_0
WorkloadActual   6: 75008 op, 999488220.00 ns, 13.3251 us/op, 40776629.00 uJpkg_socket_0, 1122006.00 uJdram_socket_0, 34285190.00 uJcore_socket_0, 0.00 uJuncore_socket_0, 0.00 uJpsys_socket_0, 65.50 degCCpu_socket_0
WorkloadActual   7: 75008 op, 1000340492.00 ns, 13.3365 us/op, 40770037.00 uJpkg_socket_0, 1122434.00 uJdram_socket_0, 34309422.00 uJcore_socket_0, 0.00 uJuncore_socket_0, 0.00 uJpsys_socket_0, 64.50 degCCpu_socket_0
WorkloadActual   8: 75008 op, 1000365529.00 ns, 13.3368 us/op, 40755145.00 uJpkg_socket_0, 1121884.00 uJdram_socket_0, 34301243.00 uJcore_socket_0, 0.00 uJuncore_socket_0, 0.00 uJpsys_socket_0, 64.50 degCCpu_socket_0
WorkloadActual   9: 75008 op, 1000093437.00 ns, 13.3332 us/op, 40798357.00 uJpkg_socket_0, 1123410.00 uJdram_socket_0, 34296360.00 uJcore_socket_0, 0.00 uJuncore_socket_0, 0.00 uJpsys_socket_0, 64.50 degCCpu_socket_0
WorkloadActual  10: 75008 op, 1000834858.00 ns, 13.3430 us/op, 40779193.00 uJpkg_socket_0, 1122922.00 uJdram_socket_0, 34300877.00 uJcore_socket_0, 0.00 uJuncore_socket_0, 0.00 uJpsys_socket_0, 64.50 degCCpu_socket_0
WorkloadActual  11: 75008 op, 1000447496.00 ns, 13.3379 us/op, 40830584.00 uJpkg_socket_0, 1124142.00 uJdram_socket_0, 34336765.00 uJcore_socket_0, 0.00 uJuncore_socket_0, 0.00 uJpsys_socket_0, 65.00 degCCpu_socket_0
WorkloadActual  12: 75008 op, 1000264021.00 ns, 13.3354 us/op, 40820514.00 uJpkg_socket_0, 1123227.00 uJdram_socket_0, 34322849.00 uJcore_socket_0, 0.00 uJuncore_socket_0, 0.00 uJpsys_socket_0, 64.50 degCCpu_socket_0
WorkloadActual  13: 75008 op, 1001863184.00 ns, 13.3568 us/op, 40889055.00 uJpkg_socket_0, 1124997.00 uJdram_socket_0, 34401523.00 uJcore_socket_0, 0.00 uJuncore_socket_0, 0.00 uJpsys_socket_0, 64.50 degCCpu_socket_0
WorkloadActual  14: 75008 op, 1000912499.00 ns, 13.3441 us/op, 40791949.00 uJpkg_socket_0, 1122861.00 uJdram_socket_0, 34317478.00 uJcore_socket_0, 0.00 uJuncore_socket_0, 0.00 uJpsys_socket_0, 65.00 degCCpu_socket_0
WorkloadActual  15: 75008 op, 1000162499.00 ns, 13.3341 us/op, 40741961.00 uJpkg_socket_0, 1122190.00 uJdram_socket_0, 34283665.00 uJcore_socket_0, 0.00 uJuncore_socket_0, 0.00 uJpsys_socket_0, 64.50 degCCpu_socket_0

// AfterActualRun
WorkloadResult   1: 75008 op, 1002014240.00 ns, 13.3588 us/op, 40921343.00 uJpkg_socket_0, 1126401.00 uJdram_socket_0, 34411228.00 uJcore_socket_0, 0.00 uJuncore_socket_0, 0.00 uJpsys_socket_0, 63.50 degCCpu_socket_0
WorkloadResult   2: 75008 op, 1003712888.00 ns, 13.3814 us/op, 40933306.00 uJpkg_socket_0, 1147336.00 uJdram_socket_0, 34433628.00 uJcore_socket_0, 0.00 uJuncore_socket_0, 0.00 uJpsys_socket_0, 65.00 degCCpu_socket_0
WorkloadResult   3: 75008 op, 1000624755.00 ns, 13.3402 us/op, 41123735.00 uJpkg_socket_0, 1125790.00 uJdram_socket_0, 34650424.00 uJcore_socket_0, 0.00 uJuncore_socket_0, 0.00 uJpsys_socket_0, 64.50 degCCpu_socket_0
WorkloadResult   4: 75008 op, 999507077.00 ns, 13.3253 us/op, 40750201.00 uJpkg_socket_0, 1122556.00 uJdram_socket_0, 34274082.00 uJcore_socket_0, 0.00 uJuncore_socket_0, 0.00 uJpsys_socket_0, 63.50 degCCpu_socket_0
WorkloadResult   5: 75008 op, 999968711.00 ns, 13.3315 us/op, 40839495.00 uJpkg_socket_0, 1124082.00 uJdram_socket_0, 34339390.00 uJcore_socket_0, 0.00 uJuncore_socket_0, 0.00 uJpsys_socket_0, 64.50 degCCpu_socket_0
WorkloadResult   6: 75008 op, 999272913.00 ns, 13.3222 us/op, 40776629.00 uJpkg_socket_0, 1122006.00 uJdram_socket_0, 34285190.00 uJcore_socket_0, 0.00 uJuncore_socket_0, 0.00 uJpsys_socket_0, 65.50 degCCpu_socket_0
WorkloadResult   7: 75008 op, 1000125185.00 ns, 13.3336 us/op, 40770037.00 uJpkg_socket_0, 1122434.00 uJdram_socket_0, 34309422.00 uJcore_socket_0, 0.00 uJuncore_socket_0, 0.00 uJpsys_socket_0, 64.50 degCCpu_socket_0
WorkloadResult   8: 75008 op, 1000150222.00 ns, 13.3339 us/op, 40755145.00 uJpkg_socket_0, 1121884.00 uJdram_socket_0, 34301243.00 uJcore_socket_0, 0.00 uJuncore_socket_0, 0.00 uJpsys_socket_0, 64.50 degCCpu_socket_0
WorkloadResult   9: 75008 op, 999878130.00 ns, 13.3303 us/op, 40798357.00 uJpkg_socket_0, 1123410.00 uJdram_socket_0, 34296360.00 uJcore_socket_0, 0.00 uJuncore_socket_0, 0.00 uJpsys_socket_0, 64.50 degCCpu_socket_0
WorkloadResult  10: 75008 op, 1000619551.00 ns, 13.3402 us/op, 40779193.00 uJpkg_socket_0, 1122922.00 uJdram_socket_0, 34300877.00 uJcore_socket_0, 0.00 uJuncore_socket_0, 0.00 uJpsys_socket_0, 64.50 degCCpu_socket_0
WorkloadResult  11: 75008 op, 1000232189.00 ns, 13.3350 us/op, 40830584.00 uJpkg_socket_0, 1124142.00 uJdram_socket_0, 34336765.00 uJcore_socket_0, 0.00 uJuncore_socket_0, 0.00 uJpsys_socket_0, 65.00 degCCpu_socket_0
WorkloadResult  12: 75008 op, 1000048714.00 ns, 13.3326 us/op, 40820514.00 uJpkg_socket_0, 1123227.00 uJdram_socket_0, 34322849.00 uJcore_socket_0, 0.00 uJuncore_socket_0, 0.00 uJpsys_socket_0, 64.50 degCCpu_socket_0
WorkloadResult  13: 75008 op, 1001647877.00 ns, 13.3539 us/op, 40889055.00 uJpkg_socket_0, 1124997.00 uJdram_socket_0, 34401523.00 uJcore_socket_0, 0.00 uJuncore_socket_0, 0.00 uJpsys_socket_0, 64.50 degCCpu_socket_0
WorkloadResult  14: 75008 op, 1000697192.00 ns, 13.3412 us/op, 40791949.00 uJpkg_socket_0, 1122861.00 uJdram_socket_0, 34317478.00 uJcore_socket_0, 0.00 uJuncore_socket_0, 0.00 uJpsys_socket_0, 65.00 degCCpu_socket_0
WorkloadResult  15: 75008 op, 999947192.00 ns, 13.3312 us/op, 40741961.00 uJpkg_socket_0, 1122190.00 uJdram_socket_0, 34283665.00 uJcore_socket_0, 0.00 uJuncore_socket_0, 0.00 uJpsys_socket_0, 64.50 degCCpu_socket_0

// AfterAll
// Benchmark Process 1056749 has exited with code 0.

Mean = 13.339 μs, StdErr = 0.004 μs (0.03%), N = 15, StdDev = 0.015 μs
Min = 13.322 μs, Q1 = 13.331 μs, Median = 13.334 μs, Q3 = 13.341 μs, Max = 13.381 μs
IQR = 0.009 μs, LowerFence = 13.317 μs, UpperFence = 13.355 μs
ConfidenceInterval = [13.323 μs; 13.356 μs] (CI 99.9%), Margin = 0.016 μs (0.12% of Mean)
Skewness = 1.43, Kurtosis = 4.42, MValue = 2

// ** Remained 7 (70.0 %) benchmark(s) to run. Estimated finish 2026-05-27 13:41 (0h 3m from now) **
// **************************
// Benchmark: SmokeBenchByte.SpanJson_Deser: Energy(OutlierMode=DontRemove, IterationTime=1s)
// *** Execute ***
// Launch: 1 / 1
// Execute: dotnet JsonBench-Energy-1.dll --anonymousPipes 123 124 --benchmarkName JsonBench.Benchmarks.SmokeBenchByte.SpanJson_Deser --job Energy --benchmarkId 3 in /home/test/json-energy-bench/JsonBench/bin/Release/net10.0/JsonBench-Energy-1/bin/Release/net10.0
// BeforeAnythingElse

// Benchmark Process Environment Information:
// BenchmarkDotNet v0.15.5-develop (2026-05-27)
// Runtime=.NET 10.0.8 (10.0.8, 10.0.826.23019), X64 RyuJIT x86-64-v3
// GC=Concurrent Workstation
// HardwareIntrinsics=AVX2+BMI1+BMI2+F16C+FMA+LZCNT+MOVBE,AVX,SSE3+SSSE3+SSE4.1+SSE4.2+POPCNT,X86Base+SSE+SSE2,AES+PCLMUL VectorSize=256
// Job: Energy(OutlierMode=DontRemove, IterationTime=1s)

Couldn't find Core RAPL device for socket 0: RAPLCantFindUncoreDevice
OverheadJitting  1: 1 op, 195710.00 ns, 195.7100 us/op, 48828.00 uJpkg_socket_0, 1281.00 uJdram_socket_0, 56153.00 uJcore_socket_0, 0.00 uJuncore_socket_0, 0.00 uJpsys_socket_0, 53.00 degCCpu_socket_0
WorkloadJitting  1: 1 op, 56781468.00 ns, 56.7815 ms/op, 2762017.00 uJpkg_socket_0, 70557.00 uJdram_socket_0, 2397699.00 uJcore_socket_0, 0.00 uJuncore_socket_0, 0.00 uJpsys_socket_0, 56.00 degCCpu_socket_0

Couldn't find Core RAPL device for socket 0: RAPLCantFindUncoreDevice
OverheadJitting  2: 16 op, 470381.00 ns, 29.3988 us/op, 50903.00 uJpkg_socket_0, 1404.00 uJdram_socket_0, 26489.00 uJcore_socket_0, 0.00 uJuncore_socket_0, 0.00 uJpsys_socket_0, 56.00 degCCpu_socket_0
WorkloadJitting  2: 16 op, 820487.00 ns, 51.2804 us/op, 54016.00 uJpkg_socket_0, 1342.00 uJdram_socket_0, 40588.00 uJcore_socket_0, 0.00 uJuncore_socket_0, 0.00 uJpsys_socket_0, 57.00 degCCpu_socket_0

WorkloadPilot    1: 16 op, 256964.00 ns, 16.0603 us/op, 52002.00 uJpkg_socket_0, 1221.00 uJdram_socket_0, 17211.00 uJcore_socket_0, 0.00 uJuncore_socket_0, 0.00 uJpsys_socket_0, 58.00 degCCpu_socket_0
WorkloadPilot    2: 62272 op, 614067244.00 ns, 9.8610 us/op, 26113581.00 uJpkg_socket_0, 694273.00 uJdram_socket_0, 22146184.00 uJcore_socket_0, 0.00 uJuncore_socket_0, 0.00 uJpsys_socket_0, 62.00 degCCpu_socket_0
WorkloadPilot    3: 101424 op, 536661479.00 ns, 5.2913 us/op, 21962285.00 uJpkg_socket_0, 604674.00 uJdram_socket_0, 18480910.00 uJcore_socket_0, 0.00 uJuncore_socket_0, 0.00 uJpsys_socket_0, 63.50 degCCpu_socket_0
WorkloadPilot    4: 188992 op, 997331620.00 ns, 5.2771 us/op, 40749163.00 uJpkg_socket_0, 1120664.00 uJdram_socket_0, 34271763.00 uJcore_socket_0, 0.00 uJuncore_socket_0, 0.00 uJpsys_socket_0, 65.00 degCCpu_socket_0
WorkloadPilot    5: 189504 op, 999691722.00 ns, 5.2753 us/op, 40707842.00 uJpkg_socket_0, 1122616.00 uJdram_socket_0, 34274204.00 uJcore_socket_0, 0.00 uJuncore_socket_0, 0.00 uJpsys_socket_0, 65.00 degCCpu_socket_0
WorkloadPilot    6: 189568 op, 1003112864.00 ns, 5.2916 us/op, 41874710.00 uJpkg_socket_0, 1133908.00 uJdram_socket_0, 35361116.00 uJcore_socket_0, 0.00 uJuncore_socket_0, 0.00 uJpsys_socket_0, 64.00 degCCpu_socket_0
WorkloadPilot    7: 188992 op, 996664938.00 ns, 5.2736 us/op, 40645892.00 uJpkg_socket_0, 1120542.00 uJdram_socket_0, 34193211.00 uJcore_socket_0, 0.00 uJuncore_socket_0, 0.00 uJpsys_socket_0, 64.00 degCCpu_socket_0
WorkloadPilot    8: 189632 op, 1000417144.00 ns, 5.2756 us/op, 40967364.00 uJpkg_socket_0, 1124387.00 uJdram_socket_0, 34474704.00 uJcore_socket_0, 0.00 uJuncore_socket_0, 0.00 uJpsys_socket_0, 64.00 degCCpu_socket_0
WorkloadPilot    9: 189568 op, 1000403786.00 ns, 5.2773 us/op, 40831438.00 uJpkg_socket_0, 1122983.00 uJdram_socket_0, 34381321.00 uJcore_socket_0, 0.00 uJuncore_socket_0, 0.00 uJpsys_socket_0, 64.50 degCCpu_socket_0

OverheadWarmup   1: 189568 op, 582531.00 ns, 3.0729 ns/op, 38330.00 uJpkg_socket_0, 1220.00 uJdram_socket_0, 26917.00 uJcore_socket_0, 0.00 uJuncore_socket_0, 0.00 uJpsys_socket_0, 62.00 degCCpu_socket_0
OverheadWarmup   2: 189568 op, 582380.00 ns, 3.0721 ns/op, 39306.00 uJpkg_socket_0, 1282.00 uJdram_socket_0, 22217.00 uJcore_socket_0, 0.00 uJuncore_socket_0, 0.00 uJpsys_socket_0, 62.00 degCCpu_socket_0
OverheadWarmup   3: 189568 op, 576802.00 ns, 3.0427 ns/op, 41443.00 uJpkg_socket_0, 1343.00 uJdram_socket_0, 24109.00 uJcore_socket_0, 0.00 uJuncore_socket_0, 0.00 uJpsys_socket_0, 61.50 degCCpu_socket_0
OverheadWarmup   4: 189568 op, 584701.00 ns, 3.0844 ns/op, 0.00 uJpkg_socket_0, 0.00 uJdram_socket_0, 25695.00 uJcore_socket_0, 0.00 uJuncore_socket_0, 0.00 uJpsys_socket_0, 61.50 degCCpu_socket_0
OverheadWarmup   5: 189568 op, 583505.00 ns, 3.0781 ns/op, 39428.00 uJpkg_socket_0, 1281.00 uJdram_socket_0, 21667.00 uJcore_socket_0, 0.00 uJuncore_socket_0, 0.00 uJpsys_socket_0, 60.50 degCCpu_socket_0
OverheadWarmup   6: 189568 op, 579135.00 ns, 3.0550 ns/op, 40711.00 uJpkg_socket_0, 1099.00 uJdram_socket_0, 21546.00 uJcore_socket_0, 0.00 uJuncore_socket_0, 0.00 uJpsys_socket_0, 60.00 degCCpu_socket_0
OverheadWarmup   7: 189568 op, 583567.00 ns, 3.0784 ns/op, 0.00 uJpkg_socket_0, 0.00 uJdram_socket_0, 24597.00 uJcore_socket_0, 0.00 uJuncore_socket_0, 0.00 uJpsys_socket_0, 61.00 degCCpu_socket_0
OverheadWarmup   8: 189568 op, 587332.00 ns, 3.0983 ns/op, 38391.00 uJpkg_socket_0, 1098.00 uJdram_socket_0, 24658.00 uJcore_socket_0, 0.00 uJuncore_socket_0, 0.00 uJpsys_socket_0, 60.00 degCCpu_socket_0
OverheadWarmup   9: 189568 op, 578943.00 ns, 3.0540 ns/op, 42846.00 uJpkg_socket_0, 1160.00 uJdram_socket_0, 25147.00 uJcore_socket_0, 0.00 uJuncore_socket_0, 0.00 uJpsys_socket_0, 60.50 degCCpu_socket_0

OverheadActual   1: 189568 op, 579036.00 ns, 3.0545 ns/op, 40100.00 uJpkg_socket_0, 1221.00 uJdram_socket_0, 24963.00 uJcore_socket_0, 0.00 uJuncore_socket_0, 0.00 uJpsys_socket_0, 59.50 degCCpu_socket_0
OverheadActual   2: 189568 op, 578449.00 ns, 3.0514 ns/op, 42054.00 uJpkg_socket_0, 1160.00 uJdram_socket_0, 22156.00 uJcore_socket_0, 0.00 uJuncore_socket_0, 0.00 uJpsys_socket_0, 59.00 degCCpu_socket_0
OverheadActual   3: 189568 op, 578324.00 ns, 3.0507 ns/op, 36866.00 uJpkg_socket_0, 1099.00 uJdram_socket_0, 26855.00 uJcore_socket_0, 0.00 uJuncore_socket_0, 0.00 uJpsys_socket_0, 58.50 degCCpu_socket_0
OverheadActual   4: 189568 op, 613597.00 ns, 3.2368 ns/op, 0.00 uJpkg_socket_0, 0.00 uJdram_socket_0, 26123.00 uJcore_socket_0, 0.00 uJuncore_socket_0, 0.00 uJpsys_socket_0, 58.50 degCCpu_socket_0
OverheadActual   5: 189568 op, 619231.00 ns, 3.2665 ns/op, 39246.00 uJpkg_socket_0, 1099.00 uJdram_socket_0, 27405.00 uJcore_socket_0, 0.00 uJuncore_socket_0, 0.00 uJpsys_socket_0, 59.00 degCCpu_socket_0
OverheadActual   6: 189568 op, 581582.00 ns, 3.0679 ns/op, 39184.00 uJpkg_socket_0, 1098.00 uJdram_socket_0, 23682.00 uJcore_socket_0, 0.00 uJuncore_socket_0, 0.00 uJpsys_socket_0, 59.00 degCCpu_socket_0
OverheadActual   7: 189568 op, 615239.00 ns, 3.2455 ns/op, 0.00 uJpkg_socket_0, 1099.00 uJdram_socket_0, 25268.00 uJcore_socket_0, 0.00 uJuncore_socket_0, 0.00 uJpsys_socket_0, 59.50 degCCpu_socket_0
OverheadActual   8: 189568 op, 584999.00 ns, 3.0860 ns/op, 40588.00 uJpkg_socket_0, 1159.00 uJdram_socket_0, 22094.00 uJcore_socket_0, 0.00 uJuncore_socket_0, 0.00 uJpsys_socket_0, 59.50 degCCpu_socket_0
OverheadActual   9: 189568 op, 582868.00 ns, 3.0747 ns/op, 40039.00 uJpkg_socket_0, 1099.00 uJdram_socket_0, 24536.00 uJcore_socket_0, 0.00 uJuncore_socket_0, 0.00 uJpsys_socket_0, 59.00 degCCpu_socket_0
OverheadActual  10: 189568 op, 584051.00 ns, 3.0810 ns/op, 0.00 uJpkg_socket_0, 0.00 uJdram_socket_0, 24780.00 uJcore_socket_0, 0.00 uJuncore_socket_0, 0.00 uJpsys_socket_0, 60.00 degCCpu_socket_0
OverheadActual  11: 189568 op, 584040.00 ns, 3.0809 ns/op, 39489.00 uJpkg_socket_0, 1159.00 uJdram_socket_0, 23010.00 uJcore_socket_0, 0.00 uJuncore_socket_0, 0.00 uJpsys_socket_0, 60.00 degCCpu_socket_0
OverheadActual  12: 189568 op, 580474.00 ns, 3.0621 ns/op, 44556.00 uJpkg_socket_0, 1160.00 uJdram_socket_0, 22400.00 uJcore_socket_0, 0.00 uJuncore_socket_0, 0.00 uJpsys_socket_0, 60.50 degCCpu_socket_0
OverheadActual  13: 189568 op, 583750.00 ns, 3.0794 ns/op, 0.00 uJpkg_socket_0, 0.00 uJdram_socket_0, 22888.00 uJcore_socket_0, 0.00 uJuncore_socket_0, 0.00 uJpsys_socket_0, 60.50 degCCpu_socket_0
OverheadActual  14: 189568 op, 584225.00 ns, 3.0819 ns/op, 40955.00 uJpkg_socket_0, 1099.00 uJdram_socket_0, 25452.00 uJcore_socket_0, 0.00 uJuncore_socket_0, 0.00 uJpsys_socket_0, 60.00 degCCpu_socket_0
OverheadActual  15: 189568 op, 582106.00 ns, 3.0707 ns/op, 41077.00 uJpkg_socket_0, 1099.00 uJdram_socket_0, 25818.00 uJcore_socket_0, 0.00 uJuncore_socket_0, 0.00 uJpsys_socket_0, 60.00 degCCpu_socket_0

WorkloadWarmup   1: 189568 op, 1004581840.00 ns, 5.2993 us/op, 42402723.00 uJpkg_socket_0, 1138241.00 uJdram_socket_0, 35904388.00 uJcore_socket_0, 0.00 uJuncore_socket_0, 0.00 uJpsys_socket_0, 62.50 degCCpu_socket_0
WorkloadWarmup   2: 189568 op, 1000889642.00 ns, 5.2798 us/op, 40778399.00 uJpkg_socket_0, 1123227.00 uJdram_socket_0, 34304539.00 uJcore_socket_0, 0.00 uJuncore_socket_0, 0.00 uJpsys_socket_0, 64.50 degCCpu_socket_0
WorkloadWarmup   3: 189568 op, 999383089.00 ns, 5.2719 us/op, 40775530.00 uJpkg_socket_0, 1120541.00 uJdram_socket_0, 34290074.00 uJcore_socket_0, 0.00 uJuncore_socket_0, 0.00 uJpsys_socket_0, 65.00 degCCpu_socket_0
WorkloadWarmup   4: 189568 op, 999634038.00 ns, 5.2732 us/op, 40312458.00 uJpkg_socket_0, 1119199.00 uJdram_socket_0, 33841039.00 uJcore_socket_0, 0.00 uJuncore_socket_0, 0.00 uJpsys_socket_0, 65.00 degCCpu_socket_0
WorkloadWarmup   5: 189568 op, 999577769.00 ns, 5.2729 us/op, 40746538.00 uJpkg_socket_0, 1120358.00 uJdram_socket_0, 34265537.00 uJcore_socket_0, 0.00 uJuncore_socket_0, 0.00 uJpsys_socket_0, 65.50 degCCpu_socket_0
WorkloadWarmup   6: 189568 op, 1000493955.00 ns, 5.2778 us/op, 40801654.00 uJpkg_socket_0, 1121152.00 uJdram_socket_0, 34351169.00 uJcore_socket_0, 0.00 uJuncore_socket_0, 0.00 uJpsys_socket_0, 64.50 degCCpu_socket_0
WorkloadWarmup   7: 189568 op, 999233119.00 ns, 5.2711 us/op, 40680316.00 uJpkg_socket_0, 1120786.00 uJdram_socket_0, 34228428.00 uJcore_socket_0, 0.00 uJuncore_socket_0, 0.00 uJpsys_socket_0, 65.50 degCCpu_socket_0

// BeforeActualRun
WorkloadActual   1: 189568 op, 1016400169.00 ns, 5.3617 us/op, 40283161.00 uJpkg_socket_0, 1141049.00 uJdram_socket_0, 33708166.00 uJcore_socket_0, 0.00 uJuncore_socket_0, 0.00 uJpsys_socket_0, 56.50 degCCpu_socket_0
WorkloadActual   2: 189568 op, 1003525760.00 ns, 5.2938 us/op, 40967852.00 uJpkg_socket_0, 1153013.00 uJdram_socket_0, 34492160.00 uJcore_socket_0, 0.00 uJuncore_socket_0, 0.00 uJpsys_socket_0, 64.00 degCCpu_socket_0
WorkloadActual   3: 189568 op, 1003423132.00 ns, 5.2932 us/op, 41129656.00 uJpkg_socket_0, 1153684.00 uJdram_socket_0, 34647860.00 uJcore_socket_0, 0.00 uJuncore_socket_0, 0.00 uJpsys_socket_0, 65.50 degCCpu_socket_0
WorkloadActual   4: 189568 op, 1003188990.00 ns, 5.2920 us/op, 41055254.00 uJpkg_socket_0, 1153379.00 uJdram_socket_0, 34568149.00 uJcore_socket_0, 0.00 uJuncore_socket_0, 0.00 uJpsys_socket_0, 65.00 degCCpu_socket_0
WorkloadActual   5: 189568 op, 1002685519.00 ns, 5.2893 us/op, 40777483.00 uJpkg_socket_0, 1150876.00 uJdram_socket_0, 34275119.00 uJcore_socket_0, 0.00 uJuncore_socket_0, 0.00 uJpsys_socket_0, 65.00 degCCpu_socket_0
WorkloadActual   6: 189568 op, 1003734424.00 ns, 5.2949 us/op, 40897967.00 uJpkg_socket_0, 1151059.00 uJdram_socket_0, 34384250.00 uJcore_socket_0, 0.00 uJuncore_socket_0, 0.00 uJpsys_socket_0, 66.00 degCCpu_socket_0
WorkloadActual   7: 189568 op, 1002414695.00 ns, 5.2879 us/op, 40371601.00 uJpkg_socket_0, 1149411.00 uJdram_socket_0, 33863194.00 uJcore_socket_0, 0.00 uJuncore_socket_0, 0.00 uJpsys_socket_0, 64.50 degCCpu_socket_0
WorkloadActual   8: 189568 op, 1002834809.00 ns, 5.2901 us/op, 40796038.00 uJpkg_socket_0, 1151975.00 uJdram_socket_0, 34296543.00 uJcore_socket_0, 0.00 uJuncore_socket_0, 0.00 uJpsys_socket_0, 65.00 degCCpu_socket_0
WorkloadActual   9: 189568 op, 1000210665.00 ns, 5.2763 us/op, 40844927.00 uJpkg_socket_0, 1126156.00 uJdram_socket_0, 34342076.00 uJcore_socket_0, 0.00 uJuncore_socket_0, 0.00 uJpsys_socket_0, 65.00 degCCpu_socket_0
WorkloadActual  10: 189568 op, 999438162.00 ns, 5.2722 us/op, 40494525.00 uJpkg_socket_0, 1122251.00 uJdram_socket_0, 34012914.00 uJcore_socket_0, 0.00 uJuncore_socket_0, 0.00 uJpsys_socket_0, 64.50 degCCpu_socket_0
WorkloadActual  11: 189568 op, 999416604.00 ns, 5.2721 us/op, 40634539.00 uJpkg_socket_0, 1122129.00 uJdram_socket_0, 34148961.00 uJcore_socket_0, 0.00 uJuncore_socket_0, 0.00 uJpsys_socket_0, 65.00 degCCpu_socket_0
WorkloadActual  12: 189568 op, 999365932.00 ns, 5.2718 us/op, 40689165.00 uJpkg_socket_0, 1122250.00 uJdram_socket_0, 34201816.00 uJcore_socket_0, 0.00 uJuncore_socket_0, 0.00 uJpsys_socket_0, 64.50 degCCpu_socket_0
WorkloadActual  13: 189568 op, 999690516.00 ns, 5.2735 us/op, 40804766.00 uJpkg_socket_0, 1122311.00 uJdram_socket_0, 34327977.00 uJcore_socket_0, 0.00 uJuncore_socket_0, 0.00 uJpsys_socket_0, 64.50 degCCpu_socket_0
WorkloadActual  14: 189568 op, 999410751.00 ns, 5.2720 us/op, 40823443.00 uJpkg_socket_0, 1121945.00 uJdram_socket_0, 34337497.00 uJcore_socket_0, 0.00 uJuncore_socket_0, 0.00 uJpsys_socket_0, 65.50 degCCpu_socket_0
WorkloadActual  15: 189568 op, 999342831.00 ns, 5.2717 us/op, 40704363.00 uJpkg_socket_0, 1122251.00 uJdram_socket_0, 34215061.00 uJcore_socket_0, 0.00 uJuncore_socket_0, 0.00 uJpsys_socket_0, 65.00 degCCpu_socket_0

// AfterActualRun
WorkloadResult   1: 189568 op, 1015816419.00 ns, 5.3586 us/op, 40283161.00 uJpkg_socket_0, 1141049.00 uJdram_socket_0, 33708166.00 uJcore_socket_0, 0.00 uJuncore_socket_0, 0.00 uJpsys_socket_0, 56.50 degCCpu_socket_0
WorkloadResult   2: 189568 op, 1002942010.00 ns, 5.2907 us/op, 40967852.00 uJpkg_socket_0, 1153013.00 uJdram_socket_0, 34492160.00 uJcore_socket_0, 0.00 uJuncore_socket_0, 0.00 uJpsys_socket_0, 64.00 degCCpu_socket_0
WorkloadResult   3: 189568 op, 1002839382.00 ns, 5.2901 us/op, 41129656.00 uJpkg_socket_0, 1153684.00 uJdram_socket_0, 34647860.00 uJcore_socket_0, 0.00 uJuncore_socket_0, 0.00 uJpsys_socket_0, 65.50 degCCpu_socket_0
WorkloadResult   4: 189568 op, 1002605240.00 ns, 5.2889 us/op, 41055254.00 uJpkg_socket_0, 1153379.00 uJdram_socket_0, 34568149.00 uJcore_socket_0, 0.00 uJuncore_socket_0, 0.00 uJpsys_socket_0, 65.00 degCCpu_socket_0
WorkloadResult   5: 189568 op, 1002101769.00 ns, 5.2862 us/op, 40777483.00 uJpkg_socket_0, 1150876.00 uJdram_socket_0, 34275119.00 uJcore_socket_0, 0.00 uJuncore_socket_0, 0.00 uJpsys_socket_0, 65.00 degCCpu_socket_0
WorkloadResult   6: 189568 op, 1003150674.00 ns, 5.2918 us/op, 40897967.00 uJpkg_socket_0, 1151059.00 uJdram_socket_0, 34384250.00 uJcore_socket_0, 0.00 uJuncore_socket_0, 0.00 uJpsys_socket_0, 66.00 degCCpu_socket_0
WorkloadResult   7: 189568 op, 1001830945.00 ns, 5.2848 us/op, 40371601.00 uJpkg_socket_0, 1149411.00 uJdram_socket_0, 33863194.00 uJcore_socket_0, 0.00 uJuncore_socket_0, 0.00 uJpsys_socket_0, 64.50 degCCpu_socket_0
WorkloadResult   8: 189568 op, 1002251059.00 ns, 5.2870 us/op, 40796038.00 uJpkg_socket_0, 1151975.00 uJdram_socket_0, 34296543.00 uJcore_socket_0, 0.00 uJuncore_socket_0, 0.00 uJpsys_socket_0, 65.00 degCCpu_socket_0
WorkloadResult   9: 189568 op, 999626915.00 ns, 5.2732 us/op, 40844927.00 uJpkg_socket_0, 1126156.00 uJdram_socket_0, 34342076.00 uJcore_socket_0, 0.00 uJuncore_socket_0, 0.00 uJpsys_socket_0, 65.00 degCCpu_socket_0
WorkloadResult  10: 189568 op, 998854412.00 ns, 5.2691 us/op, 40494525.00 uJpkg_socket_0, 1122251.00 uJdram_socket_0, 34012914.00 uJcore_socket_0, 0.00 uJuncore_socket_0, 0.00 uJpsys_socket_0, 64.50 degCCpu_socket_0
WorkloadResult  11: 189568 op, 998832854.00 ns, 5.2690 us/op, 40634539.00 uJpkg_socket_0, 1122129.00 uJdram_socket_0, 34148961.00 uJcore_socket_0, 0.00 uJuncore_socket_0, 0.00 uJpsys_socket_0, 65.00 degCCpu_socket_0
WorkloadResult  12: 189568 op, 998782182.00 ns, 5.2687 us/op, 40689165.00 uJpkg_socket_0, 1122250.00 uJdram_socket_0, 34201816.00 uJcore_socket_0, 0.00 uJuncore_socket_0, 0.00 uJpsys_socket_0, 64.50 degCCpu_socket_0
WorkloadResult  13: 189568 op, 999106766.00 ns, 5.2704 us/op, 40804766.00 uJpkg_socket_0, 1122311.00 uJdram_socket_0, 34327977.00 uJcore_socket_0, 0.00 uJuncore_socket_0, 0.00 uJpsys_socket_0, 64.50 degCCpu_socket_0
WorkloadResult  14: 189568 op, 998827001.00 ns, 5.2690 us/op, 40823443.00 uJpkg_socket_0, 1121945.00 uJdram_socket_0, 34337497.00 uJcore_socket_0, 0.00 uJuncore_socket_0, 0.00 uJpsys_socket_0, 65.50 degCCpu_socket_0
WorkloadResult  15: 189568 op, 998759081.00 ns, 5.2686 us/op, 40704363.00 uJpkg_socket_0, 1122251.00 uJdram_socket_0, 34215061.00 uJcore_socket_0, 0.00 uJuncore_socket_0, 0.00 uJpsys_socket_0, 65.00 degCCpu_socket_0

// AfterAll
// Benchmark Process 1056763 has exited with code 0.

Mean = 5.284 μs, StdErr = 0.006 μs (0.11%), N = 15, StdDev = 0.023 μs
Min = 5.269 μs, Q1 = 5.269 μs, Median = 5.285 μs, Q3 = 5.290 μs, Max = 5.359 μs
IQR = 0.020 μs, LowerFence = 5.238 μs, UpperFence = 5.320 μs
ConfidenceInterval = [5.260 μs; 5.309 μs] (CI 99.9%), Margin = 0.024 μs (0.46% of Mean)
Skewness = 2.21, Kurtosis = 7.75, MValue = 2

// ** Remained 6 (60.0 %) benchmark(s) to run. Estimated finish 2026-05-27 13:41 (0h 3m from now) **
// **************************
// Benchmark: SmokeBenchByte.Utf8Json_Deser: Energy(OutlierMode=DontRemove, IterationTime=1s)
// *** Execute ***
// Launch: 1 / 1
// Execute: dotnet JsonBench-Energy-1.dll --anonymousPipes 123 124 --benchmarkName JsonBench.Benchmarks.SmokeBenchByte.Utf8Json_Deser --job Energy --benchmarkId 4 in /home/test/json-energy-bench/JsonBench/bin/Release/net10.0/JsonBench-Energy-1/bin/Release/net10.0
// BeforeAnythingElse

// Benchmark Process Environment Information:
// BenchmarkDotNet v0.15.5-develop (2026-05-27)
// Runtime=.NET 10.0.8 (10.0.8, 10.0.826.23019), X64 RyuJIT x86-64-v3
// GC=Concurrent Workstation
// HardwareIntrinsics=AVX2+BMI1+BMI2+F16C+FMA+LZCNT+MOVBE,AVX,SSE3+SSSE3+SSE4.1+SSE4.2+POPCNT,X86Base+SSE+SSE2,AES+PCLMUL VectorSize=256
// Job: Energy(OutlierMode=DontRemove, IterationTime=1s)

Couldn't find Core RAPL device for socket 0: RAPLCantFindUncoreDevice
OverheadJitting  1: 1 op, 200121.00 ns, 200.1210 us/op, 35645.00 uJpkg_socket_0, 2319.00 uJdram_socket_0, 45349.00 uJcore_socket_0, 0.00 uJuncore_socket_0, 0.00 uJpsys_socket_0, 53.00 degCCpu_socket_0
WorkloadJitting  1: 1 op, 62469097.00 ns, 62.4691 ms/op, 2346918.00 uJpkg_socket_0, 72570.00 uJdram_socket_0, 1926265.00 uJcore_socket_0, 0.00 uJuncore_socket_0, 0.00 uJpsys_socket_0, 55.50 degCCpu_socket_0

Couldn't find Core RAPL device for socket 0: RAPLCantFindUncoreDevice
OverheadJitting  2: 16 op, 476479.00 ns, 29.7799 us/op, 54505.00 uJpkg_socket_0, 0.00 uJdram_socket_0, 20142.00 uJcore_socket_0, 0.00 uJuncore_socket_0, 0.00 uJpsys_socket_0, 56.00 degCCpu_socket_0
WorkloadJitting  2: 16 op, 1362034.00 ns, 85.1271 us/op, 82519.00 uJpkg_socket_0, 2380.00 uJdram_socket_0, 54321.00 uJcore_socket_0, 0.00 uJuncore_socket_0, 0.00 uJpsys_socket_0, 56.50 degCCpu_socket_0

WorkloadPilot    1: 16 op, 784401.00 ns, 49.0251 us/op, 38147.00 uJpkg_socket_0, 1159.00 uJdram_socket_0, 32837.00 uJcore_socket_0, 0.00 uJuncore_socket_0, 0.00 uJpsys_socket_0, 57.00 degCCpu_socket_0
WorkloadPilot    2: 20400 op, 507026304.00 ns, 24.8542 us/op, 22325443.00 uJpkg_socket_0, 577391.00 uJdram_socket_0, 19053723.00 uJcore_socket_0, 0.00 uJuncore_socket_0, 0.00 uJpsys_socket_0, 63.00 degCCpu_socket_0
WorkloadPilot    3: 40240 op, 309771247.00 ns, 7.6981 us/op, 13144681.00 uJpkg_socket_0, 349242.00 uJdram_socket_0, 11132601.00 uJcore_socket_0, 0.00 uJuncore_socket_0, 0.00 uJpsys_socket_0, 66.50 degCCpu_socket_0
WorkloadPilot    4: 129904 op, 994681552.00 ns, 7.6571 us/op, 42289809.00 uJpkg_socket_0, 1117367.00 uJdram_socket_0, 35844879.00 uJcore_socket_0, 0.00 uJuncore_socket_0, 0.00 uJpsys_socket_0, 68.00 degCCpu_socket_0
WorkloadPilot    5: 130608 op, 998587233.00 ns, 7.6457 us/op, 42331923.00 uJpkg_socket_0, 1121824.00 uJdram_socket_0, 35862518.00 uJcore_socket_0, 0.00 uJuncore_socket_0, 0.00 uJpsys_socket_0, 67.00 degCCpu_socket_0
WorkloadPilot    6: 130800 op, 1000990874.00 ns, 7.6528 us/op, 43216015.00 uJpkg_socket_0, 1128965.00 uJdram_socket_0, 36758817.00 uJcore_socket_0, 0.00 uJuncore_socket_0, 0.00 uJpsys_socket_0, 67.00 degCCpu_socket_0
WorkloadPilot    7: 130672 op, 999233272.00 ns, 7.6469 us/op, 42479505.00 uJpkg_socket_0, 1123655.00 uJdram_socket_0, 35993194.00 uJcore_socket_0, 0.00 uJuncore_socket_0, 0.00 uJpsys_socket_0, 66.50 degCCpu_socket_0
WorkloadPilot    8: 130784 op, 999966825.00 ns, 7.6459 us/op, 42492505.00 uJpkg_socket_0, 1124814.00 uJdram_socket_0, 35985138.00 uJcore_socket_0, 0.00 uJuncore_socket_0, 0.00 uJpsys_socket_0, 67.00 degCCpu_socket_0
WorkloadPilot    9: 130800 op, 999820555.00 ns, 7.6439 us/op, 42310560.00 uJpkg_socket_0, 1121885.00 uJdram_socket_0, 35839691.00 uJcore_socket_0, 0.00 uJuncore_socket_0, 0.00 uJpsys_socket_0, 67.00 degCCpu_socket_0
WorkloadPilot   10: 130832 op, 1001769013.00 ns, 7.6569 us/op, 43207837.00 uJpkg_socket_0, 1130979.00 uJdram_socket_0, 36692045.00 uJcore_socket_0, 0.00 uJuncore_socket_0, 0.00 uJpsys_socket_0, 67.00 degCCpu_socket_0
WorkloadPilot   11: 130608 op, 1000378727.00 ns, 7.6594 us/op, 42419264.00 uJpkg_socket_0, 1135800.00 uJdram_socket_0, 35927215.00 uJcore_socket_0, 0.00 uJuncore_socket_0, 0.00 uJpsys_socket_0, 66.00 degCCpu_socket_0

OverheadWarmup   1: 130608 op, 394799.00 ns, 3.0228 ns/op, 51880.00 uJpkg_socket_0, 1404.00 uJdram_socket_0, 30883.00 uJcore_socket_0, 0.00 uJuncore_socket_0, 0.00 uJpsys_socket_0, 63.00 degCCpu_socket_0
OverheadWarmup   2: 130608 op, 373575.00 ns, 2.8603 ns/op, 0.00 uJpkg_socket_0, 0.00 uJdram_socket_0, 18799.00 uJcore_socket_0, 0.00 uJuncore_socket_0, 0.00 uJpsys_socket_0, 63.50 degCCpu_socket_0
OverheadWarmup   3: 130608 op, 373880.00 ns, 2.8626 ns/op, 0.00 uJpkg_socket_0, 0.00 uJdram_socket_0, 17273.00 uJcore_socket_0, 0.00 uJuncore_socket_0, 0.00 uJpsys_socket_0, 62.50 degCCpu_socket_0
OverheadWarmup   4: 130608 op, 411379.00 ns, 3.1497 ns/op, 39795.00 uJpkg_socket_0, 1098.00 uJdram_socket_0, 19654.00 uJcore_socket_0, 0.00 uJuncore_socket_0, 0.00 uJpsys_socket_0, 63.00 degCCpu_socket_0
OverheadWarmup   5: 130608 op, 412851.00 ns, 3.1610 ns/op, 38269.00 uJpkg_socket_0, 1343.00 uJdram_socket_0, 17517.00 uJcore_socket_0, 0.00 uJuncore_socket_0, 0.00 uJpsys_socket_0, 62.00 degCCpu_socket_0
OverheadWarmup   6: 130608 op, 373267.00 ns, 2.8579 ns/op, 0.00 uJpkg_socket_0, 0.00 uJdram_socket_0, 18433.00 uJcore_socket_0, 0.00 uJuncore_socket_0, 0.00 uJpsys_socket_0, 61.50 degCCpu_socket_0
OverheadWarmup   7: 130608 op, 413763.00 ns, 3.1680 ns/op, 42908.00 uJpkg_socket_0, 1221.00 uJdram_socket_0, 18066.00 uJcore_socket_0, 0.00 uJuncore_socket_0, 0.00 uJpsys_socket_0, 62.00 degCCpu_socket_0
OverheadWarmup   8: 130608 op, 373475.00 ns, 2.8595 ns/op, 0.00 uJpkg_socket_0, 0.00 uJdram_socket_0, 14038.00 uJcore_socket_0, 0.00 uJuncore_socket_0, 0.00 uJpsys_socket_0, 62.00 degCCpu_socket_0

OverheadActual   1: 130608 op, 374331.00 ns, 2.8661 ns/op, 0.00 uJpkg_socket_0, 0.00 uJdram_socket_0, 15198.00 uJcore_socket_0, 0.00 uJuncore_socket_0, 0.00 uJpsys_socket_0, 60.50 degCCpu_socket_0
OverheadActual   2: 130608 op, 375239.00 ns, 2.8730 ns/op, 0.00 uJpkg_socket_0, 0.00 uJdram_socket_0, 17517.00 uJcore_socket_0, 0.00 uJuncore_socket_0, 0.00 uJpsys_socket_0, 59.50 degCCpu_socket_0
OverheadActual   3: 130608 op, 373202.00 ns, 2.8574 ns/op, 0.00 uJpkg_socket_0, 0.00 uJdram_socket_0, 16175.00 uJcore_socket_0, 0.00 uJuncore_socket_0, 0.00 uJpsys_socket_0, 60.00 degCCpu_socket_0
OverheadActual   4: 130608 op, 413063.00 ns, 3.1626 ns/op, 40161.00 uJpkg_socket_0, 1099.00 uJdram_socket_0, 18371.00 uJcore_socket_0, 0.00 uJuncore_socket_0, 0.00 uJpsys_socket_0, 60.00 degCCpu_socket_0
OverheadActual   5: 130608 op, 373879.00 ns, 2.8626 ns/op, 0.00 uJpkg_socket_0, 0.00 uJdram_socket_0, 18615.00 uJcore_socket_0, 0.00 uJuncore_socket_0, 0.00 uJpsys_socket_0, 60.50 degCCpu_socket_0
OverheadActual   6: 130608 op, 410331.00 ns, 3.1417 ns/op, 39611.00 uJpkg_socket_0, 1099.00 uJdram_socket_0, 18738.00 uJcore_socket_0, 0.00 uJuncore_socket_0, 0.00 uJpsys_socket_0, 61.00 degCCpu_socket_0
OverheadActual   7: 130608 op, 372215.00 ns, 2.8499 ns/op, 0.00 uJpkg_socket_0, 0.00 uJdram_socket_0, 15197.00 uJcore_socket_0, 0.00 uJuncore_socket_0, 0.00 uJpsys_socket_0, 61.00 degCCpu_socket_0
OverheadActual   8: 130608 op, 378161.00 ns, 2.8954 ns/op, 41931.00 uJpkg_socket_0, 1099.00 uJdram_socket_0, 17334.00 uJcore_socket_0, 0.00 uJuncore_socket_0, 0.00 uJpsys_socket_0, 61.00 degCCpu_socket_0
OverheadActual   9: 130608 op, 373842.00 ns, 2.8623 ns/op, 0.00 uJpkg_socket_0, 0.00 uJdram_socket_0, 15442.00 uJcore_socket_0, 0.00 uJuncore_socket_0, 0.00 uJpsys_socket_0, 60.50 degCCpu_socket_0
OverheadActual  10: 130608 op, 378679.00 ns, 2.8994 ns/op, 41199.00 uJpkg_socket_0, 1099.00 uJdram_socket_0, 17578.00 uJcore_socket_0, 0.00 uJuncore_socket_0, 0.00 uJpsys_socket_0, 61.00 degCCpu_socket_0
OverheadActual  11: 130608 op, 373979.00 ns, 2.8634 ns/op, 0.00 uJpkg_socket_0, 0.00 uJdram_socket_0, 15381.00 uJcore_socket_0, 0.00 uJuncore_socket_0, 0.00 uJpsys_socket_0, 60.50 degCCpu_socket_0
OverheadActual  12: 130608 op, 378041.00 ns, 2.8945 ns/op, 40344.00 uJpkg_socket_0, 1099.00 uJdram_socket_0, 18127.00 uJcore_socket_0, 0.00 uJuncore_socket_0, 0.00 uJpsys_socket_0, 61.00 degCCpu_socket_0
OverheadActual  13: 130608 op, 371875.00 ns, 2.8473 ns/op, 0.00 uJpkg_socket_0, 0.00 uJdram_socket_0, 14832.00 uJcore_socket_0, 0.00 uJuncore_socket_0, 0.00 uJpsys_socket_0, 60.50 degCCpu_socket_0
OverheadActual  14: 130608 op, 379085.00 ns, 2.9025 ns/op, 41748.00 uJpkg_socket_0, 1159.00 uJdram_socket_0, 17761.00 uJcore_socket_0, 0.00 uJuncore_socket_0, 0.00 uJpsys_socket_0, 62.00 degCCpu_socket_0
OverheadActual  15: 130608 op, 374033.00 ns, 2.8638 ns/op, 0.00 uJpkg_socket_0, 0.00 uJdram_socket_0, 15198.00 uJcore_socket_0, 0.00 uJuncore_socket_0, 0.00 uJpsys_socket_0, 61.00 degCCpu_socket_0

WorkloadWarmup   1: 130608 op, 1002460809.00 ns, 7.6753 us/op, 43136669.00 uJpkg_socket_0, 1127378.00 uJdram_socket_0, 36674528.00 uJcore_socket_0, 0.00 uJuncore_socket_0, 0.00 uJpsys_socket_0, 65.50 degCCpu_socket_0
WorkloadWarmup   2: 130608 op, 1001770067.00 ns, 7.6701 us/op, 42381544.00 uJpkg_socket_0, 1127195.00 uJdram_socket_0, 35893524.00 uJcore_socket_0, 0.00 uJuncore_socket_0, 0.00 uJpsys_socket_0, 68.00 degCCpu_socket_0
WorkloadWarmup   3: 130608 op, 999677918.00 ns, 7.6540 us/op, 42290663.00 uJpkg_socket_0, 1122189.00 uJdram_socket_0, 35814361.00 uJcore_socket_0, 0.00 uJuncore_socket_0, 0.00 uJpsys_socket_0, 67.50 degCCpu_socket_0
WorkloadWarmup   4: 130608 op, 998039226.00 ns, 7.6415 us/op, 42214858.00 uJpkg_socket_0, 1117551.00 uJdram_socket_0, 35764679.00 uJcore_socket_0, 0.00 uJuncore_socket_0, 0.00 uJpsys_socket_0, 68.50 degCCpu_socket_0
WorkloadWarmup   5: 130608 op, 998761305.00 ns, 7.6470 us/op, 42284559.00 uJpkg_socket_0, 1123349.00 uJdram_socket_0, 35820221.00 uJcore_socket_0, 0.00 uJuncore_socket_0, 0.00 uJpsys_socket_0, 67.00 degCCpu_socket_0
WorkloadWarmup   6: 130608 op, 998623917.00 ns, 7.6460 us/op, 42227981.00 uJpkg_socket_0, 1121274.00 uJdram_socket_0, 35797149.00 uJcore_socket_0, 0.00 uJuncore_socket_0, 0.00 uJpsys_socket_0, 68.00 degCCpu_socket_0
WorkloadWarmup   7: 130608 op, 998980904.00 ns, 7.6487 us/op, 42263869.00 uJpkg_socket_0, 1123105.00 uJdram_socket_0, 35806610.00 uJcore_socket_0, 0.00 uJuncore_socket_0, 0.00 uJpsys_socket_0, 67.00 degCCpu_socket_0
WorkloadWarmup   8: 130608 op, 998524634.00 ns, 7.6452 us/op, 42214797.00 uJpkg_socket_0, 1121151.00 uJdram_socket_0, 35782928.00 uJcore_socket_0, 0.00 uJuncore_socket_0, 0.00 uJpsys_socket_0, 68.50 degCCpu_socket_0

// BeforeActualRun
WorkloadActual   1: 130608 op, 1000242632.00 ns, 7.6584 us/op, 42330947.00 uJpkg_socket_0, 1122067.00 uJdram_socket_0, 35875214.00 uJcore_socket_0, 0.00 uJuncore_socket_0, 0.00 uJpsys_socket_0, 66.50 degCCpu_socket_0
WorkloadActual   2: 130608 op, 1000855569.00 ns, 7.6630 us/op, 42341566.00 uJpkg_socket_0, 1141964.00 uJdram_socket_0, 35860626.00 uJcore_socket_0, 0.00 uJuncore_socket_0, 0.00 uJpsys_socket_0, 68.00 degCCpu_socket_0
WorkloadActual   3: 130608 op, 1000749657.00 ns, 7.6622 us/op, 42322157.00 uJpkg_socket_0, 1142026.00 uJdram_socket_0, 35840362.00 uJcore_socket_0, 0.00 uJuncore_socket_0, 0.00 uJpsys_socket_0, 68.00 degCCpu_socket_0
WorkloadActual   4: 130608 op, 1000432067.00 ns, 7.6598 us/op, 42441541.00 uJpkg_socket_0, 1139645.00 uJdram_socket_0, 35949249.00 uJcore_socket_0, 0.00 uJuncore_socket_0, 0.00 uJpsys_socket_0, 69.00 degCCpu_socket_0
WorkloadActual   5: 130608 op, 1000589034.00 ns, 7.6610 us/op, 42438124.00 uJpkg_socket_0, 1142575.00 uJdram_socket_0, 35941070.00 uJcore_socket_0, 0.00 uJuncore_socket_0, 0.00 uJpsys_socket_0, 69.50 degCCpu_socket_0
WorkloadActual   6: 130608 op, 1000490055.00 ns, 7.6603 us/op, 42455153.00 uJpkg_socket_0, 1141477.00 uJdram_socket_0, 35956450.00 uJcore_socket_0, 0.00 uJuncore_socket_0, 0.00 uJpsys_socket_0, 70.00 degCCpu_socket_0
WorkloadActual   7: 130608 op, 1000216304.00 ns, 7.6582 us/op, 42396864.00 uJpkg_socket_0, 1137509.00 uJdram_socket_0, 35935882.00 uJcore_socket_0, 0.00 uJuncore_socket_0, 0.00 uJpsys_socket_0, 71.00 degCCpu_socket_0
WorkloadActual   8: 130608 op, 1000734832.00 ns, 7.6621 us/op, 42727857.00 uJpkg_socket_0, 1144955.00 uJdram_socket_0, 36242278.00 uJcore_socket_0, 0.00 uJuncore_socket_0, 0.00 uJpsys_socket_0, 69.00 degCCpu_socket_0
WorkloadActual   9: 130608 op, 1000693315.00 ns, 7.6618 us/op, 42444410.00 uJpkg_socket_0, 1141904.00 uJdram_socket_0, 35957123.00 uJcore_socket_0, 0.00 uJuncore_socket_0, 0.00 uJpsys_socket_0, 70.00 degCCpu_socket_0
WorkloadActual  10: 130608 op, 1000148368.00 ns, 7.6576 us/op, 42447950.00 uJpkg_socket_0, 1138975.00 uJdram_socket_0, 35939971.00 uJcore_socket_0, 0.00 uJuncore_socket_0, 0.00 uJpsys_socket_0, 70.00 degCCpu_socket_0
WorkloadActual  11: 130608 op, 1000510689.00 ns, 7.6604 us/op, 42446059.00 uJpkg_socket_0, 1141965.00 uJdram_socket_0, 35950653.00 uJcore_socket_0, 0.00 uJuncore_socket_0, 0.00 uJpsys_socket_0, 70.00 degCCpu_socket_0
WorkloadActual  12: 130608 op, 1000737271.00 ns, 7.6621 us/op, 42486585.00 uJpkg_socket_0, 1142941.00 uJdram_socket_0, 36002411.00 uJcore_socket_0, 0.00 uJuncore_socket_0, 0.00 uJpsys_socket_0, 70.00 degCCpu_socket_0
WorkloadActual  13: 130608 op, 1000362187.00 ns, 7.6593 us/op, 42482497.00 uJpkg_socket_0, 1139890.00 uJdram_socket_0, 35978057.00 uJcore_socket_0, 0.00 uJuncore_socket_0, 0.00 uJpsys_socket_0, 70.50 degCCpu_socket_0
WorkloadActual  14: 130608 op, 1000779234.00 ns, 7.6625 us/op, 42445570.00 uJpkg_socket_0, 1142087.00 uJdram_socket_0, 35961761.00 uJcore_socket_0, 0.00 uJuncore_socket_0, 0.00 uJpsys_socket_0, 69.50 degCCpu_socket_0
WorkloadActual  15: 130608 op, 1000464574.00 ns, 7.6601 us/op, 42444960.00 uJpkg_socket_0, 1141599.00 uJdram_socket_0, 35949371.00 uJcore_socket_0, 0.00 uJuncore_socket_0, 0.00 uJpsys_socket_0, 70.50 degCCpu_socket_0

// AfterActualRun
WorkloadResult   1: 130608 op, 999868301.00 ns, 7.6555 us/op, 42330947.00 uJpkg_socket_0, 1122067.00 uJdram_socket_0, 35875214.00 uJcore_socket_0, 0.00 uJuncore_socket_0, 0.00 uJpsys_socket_0, 66.50 degCCpu_socket_0
WorkloadResult   2: 130608 op, 1000481238.00 ns, 7.6602 us/op, 42341566.00 uJpkg_socket_0, 1141964.00 uJdram_socket_0, 35860626.00 uJcore_socket_0, 0.00 uJuncore_socket_0, 0.00 uJpsys_socket_0, 68.00 degCCpu_socket_0
WorkloadResult   3: 130608 op, 1000375326.00 ns, 7.6594 us/op, 42322157.00 uJpkg_socket_0, 1142026.00 uJdram_socket_0, 35840362.00 uJcore_socket_0, 0.00 uJuncore_socket_0, 0.00 uJpsys_socket_0, 68.00 degCCpu_socket_0
WorkloadResult   4: 130608 op, 1000057736.00 ns, 7.6569 us/op, 42441541.00 uJpkg_socket_0, 1139645.00 uJdram_socket_0, 35949249.00 uJcore_socket_0, 0.00 uJuncore_socket_0, 0.00 uJpsys_socket_0, 69.00 degCCpu_socket_0
WorkloadResult   5: 130608 op, 1000214703.00 ns, 7.6581 us/op, 42438124.00 uJpkg_socket_0, 1142575.00 uJdram_socket_0, 35941070.00 uJcore_socket_0, 0.00 uJuncore_socket_0, 0.00 uJpsys_socket_0, 69.50 degCCpu_socket_0
WorkloadResult   6: 130608 op, 1000115724.00 ns, 7.6574 us/op, 42455153.00 uJpkg_socket_0, 1141477.00 uJdram_socket_0, 35956450.00 uJcore_socket_0, 0.00 uJuncore_socket_0, 0.00 uJpsys_socket_0, 70.00 degCCpu_socket_0
WorkloadResult   7: 130608 op, 999841973.00 ns, 7.6553 us/op, 42396864.00 uJpkg_socket_0, 1137509.00 uJdram_socket_0, 35935882.00 uJcore_socket_0, 0.00 uJuncore_socket_0, 0.00 uJpsys_socket_0, 71.00 degCCpu_socket_0
WorkloadResult   8: 130608 op, 1000360501.00 ns, 7.6593 us/op, 42727857.00 uJpkg_socket_0, 1144955.00 uJdram_socket_0, 36242278.00 uJcore_socket_0, 0.00 uJuncore_socket_0, 0.00 uJpsys_socket_0, 69.00 degCCpu_socket_0
WorkloadResult   9: 130608 op, 1000318984.00 ns, 7.6589 us/op, 42444410.00 uJpkg_socket_0, 1141904.00 uJdram_socket_0, 35957123.00 uJcore_socket_0, 0.00 uJuncore_socket_0, 0.00 uJpsys_socket_0, 70.00 degCCpu_socket_0
WorkloadResult  10: 130608 op, 999774037.00 ns, 7.6548 us/op, 42447950.00 uJpkg_socket_0, 1138975.00 uJdram_socket_0, 35939971.00 uJcore_socket_0, 0.00 uJuncore_socket_0, 0.00 uJpsys_socket_0, 70.00 degCCpu_socket_0
WorkloadResult  11: 130608 op, 1000136358.00 ns, 7.6575 us/op, 42446059.00 uJpkg_socket_0, 1141965.00 uJdram_socket_0, 35950653.00 uJcore_socket_0, 0.00 uJuncore_socket_0, 0.00 uJpsys_socket_0, 70.00 degCCpu_socket_0
WorkloadResult  12: 130608 op, 1000362940.00 ns, 7.6593 us/op, 42486585.00 uJpkg_socket_0, 1142941.00 uJdram_socket_0, 36002411.00 uJcore_socket_0, 0.00 uJuncore_socket_0, 0.00 uJpsys_socket_0, 70.00 degCCpu_socket_0
WorkloadResult  13: 130608 op, 999987856.00 ns, 7.6564 us/op, 42482497.00 uJpkg_socket_0, 1139890.00 uJdram_socket_0, 35978057.00 uJcore_socket_0, 0.00 uJuncore_socket_0, 0.00 uJpsys_socket_0, 70.50 degCCpu_socket_0
WorkloadResult  14: 130608 op, 1000404903.00 ns, 7.6596 us/op, 42445570.00 uJpkg_socket_0, 1142087.00 uJdram_socket_0, 35961761.00 uJcore_socket_0, 0.00 uJuncore_socket_0, 0.00 uJpsys_socket_0, 69.50 degCCpu_socket_0
WorkloadResult  15: 130608 op, 1000090243.00 ns, 7.6572 us/op, 42444960.00 uJpkg_socket_0, 1141599.00 uJdram_socket_0, 35949371.00 uJcore_socket_0, 0.00 uJuncore_socket_0, 0.00 uJpsys_socket_0, 70.50 degCCpu_socket_0

// AfterAll
// Benchmark Process 1056778 has exited with code 0.

Mean = 7.658 μs, StdErr = 0.000 μs (0.01%), N = 15, StdDev = 0.002 μs
Min = 7.655 μs, Q1 = 7.657 μs, Median = 7.658 μs, Q3 = 7.659 μs, Max = 7.660 μs
IQR = 0.003 μs, LowerFence = 7.653 μs, UpperFence = 7.663 μs
ConfidenceInterval = [7.656 μs; 7.660 μs] (CI 99.9%), Margin = 0.002 μs (0.02% of Mean)
Skewness = -0.25, Kurtosis = 1.62, MValue = 2

// ** Remained 5 (50.0 %) benchmark(s) to run. Estimated finish 2026-05-27 13:41 (0h 2m from now) **
// **************************
// Benchmark: SmokeBenchByte.STJRefGen_Ser: Energy(OutlierMode=DontRemove, IterationTime=1s)
// *** Execute ***
// Launch: 1 / 1
// Execute: dotnet JsonBench-Energy-1.dll --anonymousPipes 123 124 --benchmarkName JsonBench.Benchmarks.SmokeBenchByte.STJRefGen_Ser --job Energy --benchmarkId 5 in /home/test/json-energy-bench/JsonBench/bin/Release/net10.0/JsonBench-Energy-1/bin/Release/net10.0
// BeforeAnythingElse

// Benchmark Process Environment Information:
// BenchmarkDotNet v0.15.5-develop (2026-05-27)
// Runtime=.NET 10.0.8 (10.0.8, 10.0.826.23019), X64 RyuJIT x86-64-v3
// GC=Concurrent Workstation
// HardwareIntrinsics=AVX2+BMI1+BMI2+F16C+FMA+LZCNT+MOVBE,AVX,SSE3+SSSE3+SSE4.1+SSE4.2+POPCNT,X86Base+SSE+SSE2,AES+PCLMUL VectorSize=256
// Job: Energy(OutlierMode=DontRemove, IterationTime=1s)

Couldn't find Core RAPL device for socket 0: RAPLCantFindUncoreDevice
OverheadJitting  1: 1 op, 206469.00 ns, 206.4690 us/op, 46020.00 uJpkg_socket_0, 2502.00 uJdram_socket_0, 53100.00 uJcore_socket_0, 0.00 uJuncore_socket_0, 0.00 uJpsys_socket_0, 53.00 degCCpu_socket_0
WorkloadJitting  1: 1 op, 2880154.00 ns, 2.8802 ms/op, 127624.00 uJpkg_socket_0, 3601.00 uJdram_socket_0, 73181.00 uJcore_socket_0, 0.00 uJuncore_socket_0, 0.00 uJpsys_socket_0, 51.50 degCCpu_socket_0

Couldn't find Core RAPL device for socket 0: RAPLCantFindUncoreDevice
OverheadJitting  2: 16 op, 534495.00 ns, 33.4059 us/op, 0.00 uJpkg_socket_0, 0.00 uJdram_socket_0, 25329.00 uJcore_socket_0, 0.00 uJuncore_socket_0, 0.00 uJpsys_socket_0, 51.50 degCCpu_socket_0
WorkloadJitting  2: 16 op, 963828.00 ns, 60.2393 us/op, 45288.00 uJpkg_socket_0, 1160.00 uJdram_socket_0, 42297.00 uJcore_socket_0, 0.00 uJuncore_socket_0, 0.00 uJpsys_socket_0, 52.00 degCCpu_socket_0

WorkloadPilot    1: 16 op, 197339.00 ns, 12.3337 us/op, 47607.00 uJpkg_socket_0, 1220.00 uJdram_socket_0, 12635.00 uJcore_socket_0, 0.00 uJuncore_socket_0, 0.00 uJpsys_socket_0, 53.00 degCCpu_socket_0
WorkloadPilot    2: 81088 op, 608900944.00 ns, 7.5091 us/op, 27255546.00 uJpkg_socket_0, 691832.00 uJdram_socket_0, 23312380.00 uJcore_socket_0, 0.00 uJuncore_socket_0, 0.00 uJpsys_socket_0, 62.00 degCCpu_socket_0
WorkloadPilot    3: 133184 op, 499466039.00 ns, 3.7502 us/op, 21800848.00 uJpkg_socket_0, 561522.00 uJdram_socket_0, 18589857.00 uJcore_socket_0, 0.00 uJuncore_socket_0, 0.00 uJpsys_socket_0, 70.00 degCCpu_socket_0
WorkloadPilot    4: 266656 op, 995124843.00 ns, 3.7319 us/op, 43717722.00 uJpkg_socket_0, 1119626.00 uJdram_socket_0, 37242397.00 uJcore_socket_0, 0.00 uJuncore_socket_0, 0.00 uJpsys_socket_0, 69.00 degCCpu_socket_0
WorkloadPilot    5: 267968 op, 1001235246.00 ns, 3.7364 us/op, 43511913.00 uJpkg_socket_0, 1122922.00 uJdram_socket_0, 37041470.00 uJcore_socket_0, 0.00 uJuncore_socket_0, 0.00 uJpsys_socket_0, 69.50 degCCpu_socket_0
WorkloadPilot    6: 267648 op, 1000474588.00 ns, 3.7380 us/op, 44528145.00 uJpkg_socket_0, 1129636.00 uJdram_socket_0, 38047510.00 uJcore_socket_0, 0.00 uJuncore_socket_0, 0.00 uJpsys_socket_0, 69.00 degCCpu_socket_0
WorkloadPilot    7: 267536 op, 999681636.00 ns, 3.7366 us/op, 43521007.00 uJpkg_socket_0, 1123288.00 uJdram_socket_0, 37042080.00 uJcore_socket_0, 0.00 uJuncore_socket_0, 0.00 uJpsys_socket_0, 69.50 degCCpu_socket_0
WorkloadPilot    8: 267632 op, 998913086.00 ns, 3.7324 us/op, 43266613.00 uJpkg_socket_0, 1122922.00 uJdram_socket_0, 36798062.00 uJcore_socket_0, 0.00 uJuncore_socket_0, 0.00 uJpsys_socket_0, 70.00 degCCpu_socket_0
WorkloadPilot    9: 267936 op, 998811331.00 ns, 3.7278 us/op, 43095715.00 uJpkg_socket_0, 1119931.00 uJdram_socket_0, 36625333.00 uJcore_socket_0, 0.00 uJuncore_socket_0, 0.00 uJpsys_socket_0, 70.00 degCCpu_socket_0
WorkloadPilot   10: 268256 op, 1001593036.00 ns, 3.7337 us/op, 44303170.00 uJpkg_socket_0, 1128537.00 uJdram_socket_0, 37815149.00 uJcore_socket_0, 0.00 uJuncore_socket_0, 0.00 uJpsys_socket_0, 70.50 degCCpu_socket_0

OverheadWarmup   1: 268256 op, 1336942.00 ns, 4.9838 ns/op, 104797.00 uJpkg_socket_0, 2869.00 uJdram_socket_0, 63232.00 uJcore_socket_0, 0.00 uJuncore_socket_0, 0.00 uJpsys_socket_0, 65.00 degCCpu_socket_0
OverheadWarmup   2: 268256 op, 807114.00 ns, 3.0087 ns/op, 41870.00 uJpkg_socket_0, 1343.00 uJdram_socket_0, 29114.00 uJcore_socket_0, 0.00 uJuncore_socket_0, 0.00 uJpsys_socket_0, 64.00 degCCpu_socket_0
OverheadWarmup   3: 268256 op, 880979.00 ns, 3.2841 ns/op, 39673.00 uJpkg_socket_0, 1403.00 uJdram_socket_0, 32043.00 uJcore_socket_0, 0.00 uJuncore_socket_0, 0.00 uJpsys_socket_0, 63.50 degCCpu_socket_0
OverheadWarmup   4: 268256 op, 1022681.00 ns, 3.8123 ns/op, 35095.00 uJpkg_socket_0, 1099.00 uJdram_socket_0, 33203.00 uJcore_socket_0, 0.00 uJuncore_socket_0, 0.00 uJpsys_socket_0, 63.50 degCCpu_socket_0
OverheadWarmup   5: 268256 op, 919508.00 ns, 3.4277 ns/op, 39123.00 uJpkg_socket_0, 1343.00 uJdram_socket_0, 31128.00 uJcore_socket_0, 0.00 uJuncore_socket_0, 0.00 uJpsys_socket_0, 63.50 degCCpu_socket_0
OverheadWarmup   6: 268256 op, 1132289.00 ns, 4.2209 ns/op, 37292.00 uJpkg_socket_0, 1037.00 uJdram_socket_0, 37171.00 uJcore_socket_0, 0.00 uJuncore_socket_0, 0.00 uJpsys_socket_0, 63.00 degCCpu_socket_0
OverheadWarmup   7: 268256 op, 1083794.00 ns, 4.0401 ns/op, 39733.00 uJpkg_socket_0, 1099.00 uJdram_socket_0, 39978.00 uJcore_socket_0, 0.00 uJuncore_socket_0, 0.00 uJpsys_socket_0, 62.50 degCCpu_socket_0

OverheadActual   1: 268256 op, 852271.00 ns, 3.1771 ns/op, 40161.00 uJpkg_socket_0, 1221.00 uJdram_socket_0, 31006.00 uJcore_socket_0, 0.00 uJuncore_socket_0, 0.00 uJpsys_socket_0, 61.50 degCCpu_socket_0
OverheadActual   2: 268256 op, 803361.00 ns, 2.9948 ns/op, 40222.00 uJpkg_socket_0, 1160.00 uJdram_socket_0, 30090.00 uJcore_socket_0, 0.00 uJuncore_socket_0, 0.00 uJpsys_socket_0, 61.00 degCCpu_socket_0
OverheadActual   3: 268256 op, 866720.00 ns, 3.2309 ns/op, 38208.00 uJpkg_socket_0, 1160.00 uJdram_socket_0, 29907.00 uJcore_socket_0, 0.00 uJuncore_socket_0, 0.00 uJpsys_socket_0, 61.00 degCCpu_socket_0
OverheadActual   4: 268256 op, 1113377.00 ns, 4.1504 ns/op, 39123.00 uJpkg_socket_0, 1160.00 uJdram_socket_0, 38880.00 uJcore_socket_0, 0.00 uJuncore_socket_0, 0.00 uJpsys_socket_0, 61.50 degCCpu_socket_0
OverheadActual   5: 268256 op, 1148861.00 ns, 4.2827 ns/op, 39917.00 uJpkg_socket_0, 1159.00 uJdram_socket_0, 39428.00 uJcore_socket_0, 0.00 uJuncore_socket_0, 0.00 uJpsys_socket_0, 61.50 degCCpu_socket_0
OverheadActual   6: 268256 op, 1084900.00 ns, 4.0443 ns/op, 38757.00 uJpkg_socket_0, 1099.00 uJdram_socket_0, 37903.00 uJcore_socket_0, 0.00 uJuncore_socket_0, 0.00 uJpsys_socket_0, 61.50 degCCpu_socket_0
OverheadActual   7: 268256 op, 1141382.00 ns, 4.2548 ns/op, 39490.00 uJpkg_socket_0, 1160.00 uJdram_socket_0, 38879.00 uJcore_socket_0, 0.00 uJuncore_socket_0, 0.00 uJpsys_socket_0, 61.00 degCCpu_socket_0
OverheadActual   8: 268256 op, 1151105.00 ns, 4.2911 ns/op, 37659.00 uJpkg_socket_0, 1037.00 uJdram_socket_0, 39856.00 uJcore_socket_0, 0.00 uJuncore_socket_0, 0.00 uJpsys_socket_0, 61.00 degCCpu_socket_0
OverheadActual   9: 268256 op, 1085170.00 ns, 4.0453 ns/op, 40405.00 uJpkg_socket_0, 1099.00 uJdram_socket_0, 36682.00 uJcore_socket_0, 0.00 uJuncore_socket_0, 0.00 uJpsys_socket_0, 61.00 degCCpu_socket_0
OverheadActual  10: 268256 op, 1149661.00 ns, 4.2857 ns/op, 36193.00 uJpkg_socket_0, 1099.00 uJdram_socket_0, 38452.00 uJcore_socket_0, 0.00 uJuncore_socket_0, 0.00 uJpsys_socket_0, 61.50 degCCpu_socket_0
OverheadActual  11: 268256 op, 1150871.00 ns, 4.2902 ns/op, 37109.00 uJpkg_socket_0, 1099.00 uJdram_socket_0, 39795.00 uJcore_socket_0, 0.00 uJuncore_socket_0, 0.00 uJpsys_socket_0, 61.50 degCCpu_socket_0
OverheadActual  12: 268256 op, 1091091.00 ns, 4.0673 ns/op, 39490.00 uJpkg_socket_0, 1098.00 uJdram_socket_0, 39245.00 uJcore_socket_0, 0.00 uJuncore_socket_0, 0.00 uJpsys_socket_0, 61.00 degCCpu_socket_0
OverheadActual  13: 268256 op, 1137208.00 ns, 4.2393 ns/op, 38758.00 uJpkg_socket_0, 1099.00 uJdram_socket_0, 38269.00 uJcore_socket_0, 0.00 uJuncore_socket_0, 0.00 uJpsys_socket_0, 61.00 degCCpu_socket_0
OverheadActual  14: 268256 op, 1111443.00 ns, 4.1432 ns/op, 39856.00 uJpkg_socket_0, 1160.00 uJdram_socket_0, 36682.00 uJcore_socket_0, 0.00 uJuncore_socket_0, 0.00 uJpsys_socket_0, 61.00 degCCpu_socket_0
OverheadActual  15: 268256 op, 1033190.00 ns, 3.8515 ns/op, 39916.00 uJpkg_socket_0, 1159.00 uJdram_socket_0, 34973.00 uJcore_socket_0, 0.00 uJuncore_socket_0, 0.00 uJpsys_socket_0, 61.50 degCCpu_socket_0
OverheadActual  16: 268256 op, 1140040.00 ns, 4.2498 ns/op, 38391.00 uJpkg_socket_0, 1160.00 uJdram_socket_0, 40344.00 uJcore_socket_0, 0.00 uJuncore_socket_0, 0.00 uJpsys_socket_0, 61.50 degCCpu_socket_0
OverheadActual  17: 268256 op, 1148567.00 ns, 4.2816 ns/op, 38086.00 uJpkg_socket_0, 1160.00 uJdram_socket_0, 38025.00 uJcore_socket_0, 0.00 uJuncore_socket_0, 0.00 uJpsys_socket_0, 61.00 degCCpu_socket_0
OverheadActual  18: 268256 op, 1083222.00 ns, 4.0380 ns/op, 39063.00 uJpkg_socket_0, 1037.00 uJdram_socket_0, 38696.00 uJcore_socket_0, 0.00 uJuncore_socket_0, 0.00 uJpsys_socket_0, 61.00 degCCpu_socket_0
OverheadActual  19: 268256 op, 1140867.00 ns, 4.2529 ns/op, 37536.00 uJpkg_socket_0, 1098.00 uJdram_socket_0, 39917.00 uJcore_socket_0, 0.00 uJuncore_socket_0, 0.00 uJpsys_socket_0, 60.50 degCCpu_socket_0
OverheadActual  20: 268256 op, 1133810.00 ns, 4.2266 ns/op, 37170.00 uJpkg_socket_0, 1099.00 uJdram_socket_0, 39245.00 uJcore_socket_0, 0.00 uJuncore_socket_0, 0.00 uJpsys_socket_0, 61.00 degCCpu_socket_0

WorkloadWarmup   1: 268256 op, 1004349772.00 ns, 3.7440 us/op, 44326791.00 uJpkg_socket_0, 1130369.00 uJdram_socket_0, 37846033.00 uJcore_socket_0, 0.00 uJuncore_socket_0, 0.00 uJpsys_socket_0, 66.00 degCCpu_socket_0
WorkloadWarmup   2: 268256 op, 1002431136.00 ns, 3.7368 us/op, 43680491.00 uJpkg_socket_0, 1125669.00 uJdram_socket_0, 37174404.00 uJcore_socket_0, 0.00 uJuncore_socket_0, 0.00 uJpsys_socket_0, 70.00 degCCpu_socket_0
WorkloadWarmup   3: 268256 op, 999951158.00 ns, 3.7276 us/op, 43587535.00 uJpkg_socket_0, 1121274.00 uJdram_socket_0, 37113064.00 uJcore_socket_0, 0.00 uJuncore_socket_0, 0.00 uJpsys_socket_0, 70.50 degCCpu_socket_0
WorkloadWarmup   4: 268256 op, 1001033703.00 ns, 3.7316 us/op, 43546885.00 uJpkg_socket_0, 1121945.00 uJdram_socket_0, 37067776.00 uJcore_socket_0, 0.00 uJuncore_socket_0, 0.00 uJpsys_socket_0, 71.50 degCCpu_socket_0
WorkloadWarmup   5: 268256 op, 1000821931.00 ns, 3.7308 us/op, 43712535.00 uJpkg_socket_0, 1121152.00 uJdram_socket_0, 37232509.00 uJcore_socket_0, 0.00 uJuncore_socket_0, 0.00 uJpsys_socket_0, 71.00 degCCpu_socket_0
WorkloadWarmup   6: 268256 op, 999680387.00 ns, 3.7266 us/op, 43613963.00 uJpkg_socket_0, 1118832.00 uJdram_socket_0, 37174038.00 uJcore_socket_0, 0.00 uJuncore_socket_0, 0.00 uJpsys_socket_0, 71.50 degCCpu_socket_0
WorkloadWarmup   7: 268256 op, 1000986845.00 ns, 3.7315 us/op, 43766184.00 uJpkg_socket_0, 1121152.00 uJdram_socket_0, 37292324.00 uJcore_socket_0, 0.00 uJuncore_socket_0, 0.00 uJpsys_socket_0, 71.00 degCCpu_socket_0
WorkloadWarmup   8: 268256 op, 1000043347.00 ns, 3.7279 us/op, 43693309.00 uJpkg_socket_0, 1120298.00 uJdram_socket_0, 37222988.00 uJcore_socket_0, 0.00 uJuncore_socket_0, 0.00 uJpsys_socket_0, 71.00 degCCpu_socket_0

// BeforeActualRun
WorkloadActual   1: 268256 op, 1003621825.00 ns, 3.7413 us/op, 43816904.00 uJpkg_socket_0, 1129697.00 uJdram_socket_0, 37320584.00 uJcore_socket_0, 0.00 uJuncore_socket_0, 0.00 uJpsys_socket_0, 60.50 degCCpu_socket_0
WorkloadActual   2: 268256 op, 1002648775.00 ns, 3.7377 us/op, 43999399.00 uJpkg_socket_0, 1147153.00 uJdram_socket_0, 37498928.00 uJcore_socket_0, 0.00 uJuncore_socket_0, 0.00 uJpsys_socket_0, 70.50 degCCpu_socket_0
WorkloadActual   3: 268256 op, 1003496488.00 ns, 3.7408 us/op, 44000254.00 uJpkg_socket_0, 1144285.00 uJdram_socket_0, 37484279.00 uJcore_socket_0, 0.00 uJuncore_socket_0, 0.00 uJpsys_socket_0, 72.00 degCCpu_socket_0
WorkloadActual   4: 268256 op, 1002225511.00 ns, 3.7361 us/op, 43716807.00 uJpkg_socket_0, 1143246.00 uJdram_socket_0, 37235745.00 uJcore_socket_0, 0.00 uJuncore_socket_0, 0.00 uJpsys_socket_0, 71.00 degCCpu_socket_0
WorkloadActual   5: 268256 op, 1001968300.00 ns, 3.7351 us/op, 43741038.00 uJpkg_socket_0, 1143430.00 uJdram_socket_0, 37251552.00 uJcore_socket_0, 0.00 uJuncore_socket_0, 0.00 uJpsys_socket_0, 72.00 degCCpu_socket_0
WorkloadActual   6: 268256 op, 1001875232.00 ns, 3.7348 us/op, 43764414.00 uJpkg_socket_0, 1141172.00 uJdram_socket_0, 37276516.00 uJcore_socket_0, 0.00 uJuncore_socket_0, 0.00 uJpsys_socket_0, 70.50 degCCpu_socket_0
WorkloadActual   7: 268256 op, 1003727469.00 ns, 3.7417 us/op, 43854685.00 uJpkg_socket_0, 1144894.00 uJdram_socket_0, 37346096.00 uJcore_socket_0, 0.00 uJuncore_socket_0, 0.00 uJpsys_socket_0, 71.50 degCCpu_socket_0
WorkloadActual   8: 268256 op, 1002597322.00 ns, 3.7375 us/op, 44120675.00 uJpkg_socket_0, 1147702.00 uJdram_socket_0, 37613368.00 uJcore_socket_0, 0.00 uJuncore_socket_0, 0.00 uJpsys_socket_0, 71.50 degCCpu_socket_0
WorkloadActual   9: 268256 op, 1002139790.00 ns, 3.7358 us/op, 43781687.00 uJpkg_socket_0, 1140378.00 uJdram_socket_0, 37296902.00 uJcore_socket_0, 0.00 uJuncore_socket_0, 0.00 uJpsys_socket_0, 71.00 degCCpu_socket_0
WorkloadActual  10: 268256 op, 1002612625.00 ns, 3.7375 us/op, 43812998.00 uJpkg_socket_0, 1143796.00 uJdram_socket_0, 37308621.00 uJcore_socket_0, 0.00 uJuncore_socket_0, 0.00 uJpsys_socket_0, 71.50 degCCpu_socket_0
WorkloadActual  11: 268256 op, 1003377777.00 ns, 3.7404 us/op, 43815622.00 uJpkg_socket_0, 1143735.00 uJdram_socket_0, 37336330.00 uJcore_socket_0, 0.00 uJuncore_socket_0, 0.00 uJpsys_socket_0, 71.00 degCCpu_socket_0
WorkloadActual  12: 268256 op, 1002670292.00 ns, 3.7377 us/op, 43797983.00 uJpkg_socket_0, 1144285.00 uJdram_socket_0, 37292263.00 uJcore_socket_0, 0.00 uJuncore_socket_0, 0.00 uJpsys_socket_0, 70.00 degCCpu_socket_0
WorkloadActual  13: 268256 op, 1002587507.00 ns, 3.7374 us/op, 43810374.00 uJpkg_socket_0, 1141416.00 uJdram_socket_0, 37302028.00 uJcore_socket_0, 0.00 uJuncore_socket_0, 0.00 uJpsys_socket_0, 71.00 degCCpu_socket_0
WorkloadActual  14: 268256 op, 1002148442.00 ns, 3.7358 us/op, 43795664.00 uJpkg_socket_0, 1143368.00 uJdram_socket_0, 37308437.00 uJcore_socket_0, 0.00 uJuncore_socket_0, 0.00 uJpsys_socket_0, 70.50 degCCpu_socket_0
WorkloadActual  15: 268256 op, 1003746566.00 ns, 3.7417 us/op, 43900644.00 uJpkg_socket_0, 1145444.00 uJdram_socket_0, 37392604.00 uJcore_socket_0, 0.00 uJuncore_socket_0, 0.00 uJpsys_socket_0, 72.00 degCCpu_socket_0

// AfterActualRun
WorkloadResult   1: 268256 op, 1002498231.50 ns, 3.7371 us/op, 43816904.00 uJpkg_socket_0, 1129697.00 uJdram_socket_0, 37320584.00 uJcore_socket_0, 0.00 uJuncore_socket_0, 0.00 uJpsys_socket_0, 60.50 degCCpu_socket_0
WorkloadResult   2: 268256 op, 1001525181.50 ns, 3.7335 us/op, 43999399.00 uJpkg_socket_0, 1147153.00 uJdram_socket_0, 37498928.00 uJcore_socket_0, 0.00 uJuncore_socket_0, 0.00 uJpsys_socket_0, 70.50 degCCpu_socket_0
WorkloadResult   3: 268256 op, 1002372894.50 ns, 3.7366 us/op, 44000254.00 uJpkg_socket_0, 1144285.00 uJdram_socket_0, 37484279.00 uJcore_socket_0, 0.00 uJuncore_socket_0, 0.00 uJpsys_socket_0, 72.00 degCCpu_socket_0
WorkloadResult   4: 268256 op, 1001101917.50 ns, 3.7319 us/op, 43716807.00 uJpkg_socket_0, 1143246.00 uJdram_socket_0, 37235745.00 uJcore_socket_0, 0.00 uJuncore_socket_0, 0.00 uJpsys_socket_0, 71.00 degCCpu_socket_0
WorkloadResult   5: 268256 op, 1000844706.50 ns, 3.7309 us/op, 43741038.00 uJpkg_socket_0, 1143430.00 uJdram_socket_0, 37251552.00 uJcore_socket_0, 0.00 uJuncore_socket_0, 0.00 uJpsys_socket_0, 72.00 degCCpu_socket_0
WorkloadResult   6: 268256 op, 1000751638.50 ns, 3.7306 us/op, 43764414.00 uJpkg_socket_0, 1141172.00 uJdram_socket_0, 37276516.00 uJcore_socket_0, 0.00 uJuncore_socket_0, 0.00 uJpsys_socket_0, 70.50 degCCpu_socket_0
WorkloadResult   7: 268256 op, 1002603875.50 ns, 3.7375 us/op, 43854685.00 uJpkg_socket_0, 1144894.00 uJdram_socket_0, 37346096.00 uJcore_socket_0, 0.00 uJuncore_socket_0, 0.00 uJpsys_socket_0, 71.50 degCCpu_socket_0
WorkloadResult   8: 268256 op, 1001473728.50 ns, 3.7333 us/op, 44120675.00 uJpkg_socket_0, 1147702.00 uJdram_socket_0, 37613368.00 uJcore_socket_0, 0.00 uJuncore_socket_0, 0.00 uJpsys_socket_0, 71.50 degCCpu_socket_0
WorkloadResult   9: 268256 op, 1001016196.50 ns, 3.7316 us/op, 43781687.00 uJpkg_socket_0, 1140378.00 uJdram_socket_0, 37296902.00 uJcore_socket_0, 0.00 uJuncore_socket_0, 0.00 uJpsys_socket_0, 71.00 degCCpu_socket_0
WorkloadResult  10: 268256 op, 1001489031.50 ns, 3.7333 us/op, 43812998.00 uJpkg_socket_0, 1143796.00 uJdram_socket_0, 37308621.00 uJcore_socket_0, 0.00 uJuncore_socket_0, 0.00 uJpsys_socket_0, 71.50 degCCpu_socket_0
WorkloadResult  11: 268256 op, 1002254183.50 ns, 3.7362 us/op, 43815622.00 uJpkg_socket_0, 1143735.00 uJdram_socket_0, 37336330.00 uJcore_socket_0, 0.00 uJuncore_socket_0, 0.00 uJpsys_socket_0, 71.00 degCCpu_socket_0
WorkloadResult  12: 268256 op, 1001546698.50 ns, 3.7335 us/op, 43797983.00 uJpkg_socket_0, 1144285.00 uJdram_socket_0, 37292263.00 uJcore_socket_0, 0.00 uJuncore_socket_0, 0.00 uJpsys_socket_0, 70.00 degCCpu_socket_0
WorkloadResult  13: 268256 op, 1001463913.50 ns, 3.7332 us/op, 43810374.00 uJpkg_socket_0, 1141416.00 uJdram_socket_0, 37302028.00 uJcore_socket_0, 0.00 uJuncore_socket_0, 0.00 uJpsys_socket_0, 71.00 degCCpu_socket_0
WorkloadResult  14: 268256 op, 1001024848.50 ns, 3.7316 us/op, 43795664.00 uJpkg_socket_0, 1143368.00 uJdram_socket_0, 37308437.00 uJcore_socket_0, 0.00 uJuncore_socket_0, 0.00 uJpsys_socket_0, 70.50 degCCpu_socket_0
WorkloadResult  15: 268256 op, 1002622972.50 ns, 3.7376 us/op, 43900644.00 uJpkg_socket_0, 1145444.00 uJdram_socket_0, 37392604.00 uJcore_socket_0, 0.00 uJuncore_socket_0, 0.00 uJpsys_socket_0, 72.00 degCCpu_socket_0

// AfterAll
// Benchmark Process 1056793 has exited with code 0.

Mean = 3.734 μs, StdErr = 0.001 μs (0.02%), N = 15, StdDev = 0.002 μs
Min = 3.731 μs, Q1 = 3.732 μs, Median = 3.733 μs, Q3 = 3.736 μs, Max = 3.738 μs
IQR = 0.005 μs, LowerFence = 3.725 μs, UpperFence = 3.743 μs
ConfidenceInterval = [3.731 μs; 3.737 μs] (CI 99.9%), Margin = 0.003 μs (0.07% of Mean)
Skewness = 0.29, Kurtosis = 1.45, MValue = 2

// ** Remained 4 (40.0 %) benchmark(s) to run. Estimated finish 2026-05-27 13:41 (0h 2m from now) **
// **************************
// Benchmark: SmokeBenchByte.STJSrcGen_Ser: Energy(OutlierMode=DontRemove, IterationTime=1s)
// *** Execute ***
// Launch: 1 / 1
// Execute: dotnet JsonBench-Energy-1.dll --anonymousPipes 123 124 --benchmarkName JsonBench.Benchmarks.SmokeBenchByte.STJSrcGen_Ser --job Energy --benchmarkId 6 in /home/test/json-energy-bench/JsonBench/bin/Release/net10.0/JsonBench-Energy-1/bin/Release/net10.0
// BeforeAnythingElse

// Benchmark Process Environment Information:
// BenchmarkDotNet v0.15.5-develop (2026-05-27)
// Runtime=.NET 10.0.8 (10.0.8, 10.0.826.23019), X64 RyuJIT x86-64-v3
// GC=Concurrent Workstation
// HardwareIntrinsics=AVX2+BMI1+BMI2+F16C+FMA+LZCNT+MOVBE,AVX,SSE3+SSSE3+SSE4.1+SSE4.2+POPCNT,X86Base+SSE+SSE2,AES+PCLMUL VectorSize=256
// Job: Energy(OutlierMode=DontRemove, IterationTime=1s)

Couldn't find Core RAPL device for socket 0: RAPLCantFindUncoreDevice
OverheadJitting  1: 1 op, 192724.00 ns, 192.7240 us/op, 77576.00 uJpkg_socket_0, 2380.00 uJdram_socket_0, 42358.00 uJcore_socket_0, 0.00 uJuncore_socket_0, 0.00 uJpsys_socket_0, 57.50 degCCpu_socket_0
WorkloadJitting  1: 1 op, 8658261.00 ns, 8.6583 ms/op, 353881.00 uJpkg_socket_0, 10681.00 uJdram_socket_0, 284851.00 uJcore_socket_0, 0.00 uJuncore_socket_0, 0.00 uJpsys_socket_0, 59.00 degCCpu_socket_0

Couldn't find Core RAPL device for socket 0: RAPLCantFindUncoreDevice
OverheadJitting  2: 16 op, 474667.00 ns, 29.6667 us/op, 35034.00 uJpkg_socket_0, 1220.00 uJdram_socket_0, 18677.00 uJcore_socket_0, 0.00 uJuncore_socket_0, 0.00 uJpsys_socket_0, 57.00 degCCpu_socket_0
WorkloadJitting  2: 16 op, 925988.00 ns, 57.8743 us/op, 39612.00 uJpkg_socket_0, 1160.00 uJdram_socket_0, 33325.00 uJcore_socket_0, 0.00 uJuncore_socket_0, 0.00 uJpsys_socket_0, 58.00 degCCpu_socket_0

WorkloadPilot    1: 16 op, 131464.00 ns, 8.2165 us/op, 0.00 uJpkg_socket_0, 0.00 uJdram_socket_0, 6775.00 uJcore_socket_0, 0.00 uJuncore_socket_0, 0.00 uJpsys_socket_0, 58.00 degCCpu_socket_0
WorkloadPilot    2: 121712 op, 524361314.00 ns, 4.3082 us/op, 24006103.00 uJpkg_socket_0, 598448.00 uJdram_socket_0, 20633187.00 uJcore_socket_0, 0.00 uJuncore_socket_0, 0.00 uJpsys_socket_0, 65.00 degCCpu_socket_0
WorkloadPilot    3: 232128 op, 603032815.00 ns, 2.5978 us/op, 26342584.00 uJpkg_socket_0, 678282.00 uJdram_socket_0, 22444096.00 uJcore_socket_0, 0.00 uJuncore_socket_0, 0.00 uJpsys_socket_0, 71.00 degCCpu_socket_0
WorkloadPilot    4: 384944 op, 1000078663.00 ns, 2.5980 us/op, 43897410.00 uJpkg_socket_0, 1125058.00 uJdram_socket_0, 37431300.00 uJcore_socket_0, 0.00 uJuncore_socket_0, 0.00 uJpsys_socket_0, 70.50 degCCpu_socket_0
WorkloadPilot    5: 384928 op, 999582838.00 ns, 2.5968 us/op, 43452952.00 uJpkg_socket_0, 1124448.00 uJdram_socket_0, 36968350.00 uJcore_socket_0, 0.00 uJuncore_socket_0, 0.00 uJpsys_socket_0, 70.00 degCCpu_socket_0
WorkloadPilot    6: 385104 op, 998869857.00 ns, 2.5938 us/op, 44465524.00 uJpkg_socket_0, 1128903.00 uJdram_socket_0, 38002649.00 uJcore_socket_0, 0.00 uJuncore_socket_0, 0.00 uJpsys_socket_0, 71.00 degCCpu_socket_0
WorkloadPilot    7: 385552 op, 998913254.00 ns, 2.5909 us/op, 43589366.00 uJpkg_socket_0, 1123227.00 uJdram_socket_0, 37123685.00 uJcore_socket_0, 0.00 uJuncore_socket_0, 0.00 uJpsys_socket_0, 70.00 degCCpu_socket_0
WorkloadPilot    8: 385984 op, 1002454657.00 ns, 2.5971 us/op, 43821055.00 uJpkg_socket_0, 1128537.00 uJdram_socket_0, 37309475.00 uJcore_socket_0, 0.00 uJuncore_socket_0, 0.00 uJpsys_socket_0, 70.50 degCCpu_socket_0
WorkloadPilot    9: 385040 op, 999291556.00 ns, 2.5953 us/op, 43587840.00 uJpkg_socket_0, 1122372.00 uJdram_socket_0, 37139187.00 uJcore_socket_0, 0.00 uJuncore_socket_0, 0.00 uJpsys_socket_0, 71.00 degCCpu_socket_0
WorkloadPilot   10: 385328 op, 998436409.00 ns, 2.5911 us/op, 44187631.00 uJpkg_socket_0, 1127195.00 uJdram_socket_0, 37722133.00 uJcore_socket_0, 0.00 uJuncore_socket_0, 0.00 uJpsys_socket_0, 69.00 degCCpu_socket_0
WorkloadPilot   11: 385936 op, 999895195.00 ns, 2.5908 us/op, 43688303.00 uJpkg_socket_0, 1125851.00 uJdram_socket_0, 37209134.00 uJcore_socket_0, 0.00 uJuncore_socket_0, 0.00 uJpsys_socket_0, 70.00 degCCpu_socket_0
WorkloadPilot   12: 385984 op, 1000598329.00 ns, 2.5923 us/op, 43829539.00 uJpkg_socket_0, 1125668.00 uJdram_socket_0, 37333584.00 uJcore_socket_0, 0.00 uJuncore_socket_0, 0.00 uJpsys_socket_0, 70.50 degCCpu_socket_0

OverheadWarmup   1: 385984 op, 2398908.00 ns, 6.2150 ns/op, 116577.00 uJpkg_socket_0, 3784.00 uJdram_socket_0, 75440.00 uJcore_socket_0, 0.00 uJuncore_socket_0, 0.00 uJpsys_socket_0, 66.00 degCCpu_socket_0
OverheadWarmup   2: 385984 op, 2617565.00 ns, 6.7815 ns/op, 107666.00 uJpkg_socket_0, 3479.00 uJdram_socket_0, 77515.00 uJcore_socket_0, 0.00 uJuncore_socket_0, 0.00 uJpsys_socket_0, 64.00 degCCpu_socket_0
OverheadWarmup   3: 385984 op, 2002567.00 ns, 5.1882 ns/op, 74951.00 uJpkg_socket_0, 2197.00 uJdram_socket_0, 65979.00 uJcore_socket_0, 0.00 uJuncore_socket_0, 0.00 uJpsys_socket_0, 62.50 degCCpu_socket_0
OverheadWarmup   4: 385984 op, 1987552.00 ns, 5.1493 ns/op, 71289.00 uJpkg_socket_0, 2197.00 uJdram_socket_0, 59876.00 uJcore_socket_0, 0.00 uJuncore_socket_0, 0.00 uJpsys_socket_0, 62.00 degCCpu_socket_0
OverheadWarmup   5: 385984 op, 2041179.00 ns, 5.2882 ns/op, 69824.00 uJpkg_socket_0, 2258.00 uJdram_socket_0, 60242.00 uJcore_socket_0, 0.00 uJuncore_socket_0, 0.00 uJpsys_socket_0, 62.00 degCCpu_socket_0
OverheadWarmup   6: 385984 op, 2082679.00 ns, 5.3958 ns/op, 70679.00 uJpkg_socket_0, 2197.00 uJdram_socket_0, 63050.00 uJcore_socket_0, 0.00 uJuncore_socket_0, 0.00 uJpsys_socket_0, 61.50 degCCpu_socket_0
OverheadWarmup   7: 385984 op, 2010329.00 ns, 5.2083 ns/op, 72631.00 uJpkg_socket_0, 2197.00 uJdram_socket_0, 62561.00 uJcore_socket_0, 0.00 uJuncore_socket_0, 0.00 uJpsys_socket_0, 61.00 degCCpu_socket_0

OverheadActual   1: 385984 op, 1185423.00 ns, 3.0712 ns/op, 80689.00 uJpkg_socket_0, 2381.00 uJdram_socket_0, 42846.00 uJcore_socket_0, 0.00 uJuncore_socket_0, 0.00 uJpsys_socket_0, 61.00 degCCpu_socket_0
OverheadActual   2: 385984 op, 1182266.00 ns, 3.0630 ns/op, 39795.00 uJpkg_socket_0, 1099.00 uJdram_socket_0, 41443.00 uJcore_socket_0, 0.00 uJuncore_socket_0, 0.00 uJpsys_socket_0, 61.00 degCCpu_socket_0
OverheadActual   3: 385984 op, 1190522.00 ns, 3.0844 ns/op, 39673.00 uJpkg_socket_0, 1099.00 uJdram_socket_0, 40466.00 uJcore_socket_0, 0.00 uJuncore_socket_0, 0.00 uJpsys_socket_0, 62.50 degCCpu_socket_0
OverheadActual   4: 385984 op, 1537744.00 ns, 3.9840 ns/op, 75317.00 uJpkg_socket_0, 2259.00 uJdram_socket_0, 50720.00 uJcore_socket_0, 0.00 uJuncore_socket_0, 0.00 uJpsys_socket_0, 62.50 degCCpu_socket_0
OverheadActual   5: 385984 op, 2026116.00 ns, 5.2492 ns/op, 72388.00 uJpkg_socket_0, 2258.00 uJdram_socket_0, 62744.00 uJcore_socket_0, 0.00 uJuncore_socket_0, 0.00 uJpsys_socket_0, 62.50 degCCpu_socket_0
OverheadActual   6: 385984 op, 2319443.00 ns, 6.0092 ns/op, 74219.00 uJpkg_socket_0, 2197.00 uJdram_socket_0, 72876.00 uJcore_socket_0, 0.00 uJuncore_socket_0, 0.00 uJpsys_socket_0, 62.00 degCCpu_socket_0
OverheadActual   7: 385984 op, 2668770.00 ns, 6.9142 ns/op, 107849.00 uJpkg_socket_0, 3357.00 uJdram_socket_0, 80810.00 uJcore_socket_0, 0.00 uJuncore_socket_0, 0.00 uJpsys_socket_0, 60.50 degCCpu_socket_0
OverheadActual   8: 385984 op, 1235734.00 ns, 3.2015 ns/op, 39978.00 uJpkg_socket_0, 1098.00 uJdram_socket_0, 43701.00 uJcore_socket_0, 0.00 uJuncore_socket_0, 0.00 uJpsys_socket_0, 61.00 degCCpu_socket_0
OverheadActual   9: 385984 op, 7030310.00 ns, 18.2140 ns/op, 236999.00 uJpkg_socket_0, 7873.00 uJdram_socket_0, 187072.00 uJcore_socket_0, 0.00 uJuncore_socket_0, 0.00 uJpsys_socket_0, 59.50 degCCpu_socket_0
OverheadActual  10: 385984 op, 2811516.00 ns, 7.2840 ns/op, 103576.00 uJpkg_socket_0, 3296.00 uJdram_socket_0, 81787.00 uJcore_socket_0, 0.00 uJuncore_socket_0, 0.00 uJpsys_socket_0, 57.50 degCCpu_socket_0
OverheadActual  11: 385984 op, 2223667.00 ns, 5.7610 ns/op, 70068.00 uJpkg_socket_0, 2258.00 uJdram_socket_0, 67810.00 uJcore_socket_0, 0.00 uJuncore_socket_0, 0.00 uJpsys_socket_0, 59.00 degCCpu_socket_0
OverheadActual  12: 385984 op, 2017729.00 ns, 5.2275 ns/op, 71960.00 uJpkg_socket_0, 2259.00 uJdram_socket_0, 58716.00 uJcore_socket_0, 0.00 uJuncore_socket_0, 0.00 uJpsys_socket_0, 59.50 degCCpu_socket_0
OverheadActual  13: 385984 op, 2042022.00 ns, 5.2904 ns/op, 69946.00 uJpkg_socket_0, 2198.00 uJdram_socket_0, 60608.00 uJcore_socket_0, 0.00 uJuncore_socket_0, 0.00 uJpsys_socket_0, 60.00 degCCpu_socket_0
OverheadActual  14: 385984 op, 2072077.00 ns, 5.3683 ns/op, 73181.00 uJpkg_socket_0, 2259.00 uJdram_socket_0, 63050.00 uJcore_socket_0, 0.00 uJuncore_socket_0, 0.00 uJpsys_socket_0, 59.50 degCCpu_socket_0
OverheadActual  15: 385984 op, 1984590.00 ns, 5.1416 ns/op, 78247.00 uJpkg_socket_0, 2259.00 uJdram_socket_0, 65247.00 uJcore_socket_0, 0.00 uJuncore_socket_0, 0.00 uJpsys_socket_0, 59.50 degCCpu_socket_0
OverheadActual  16: 385984 op, 2068153.00 ns, 5.3581 ns/op, 73242.00 uJpkg_socket_0, 2259.00 uJdram_socket_0, 60486.00 uJcore_socket_0, 0.00 uJuncore_socket_0, 0.00 uJpsys_socket_0, 59.50 degCCpu_socket_0
OverheadActual  17: 385984 op, 2062991.00 ns, 5.3448 ns/op, 69397.00 uJpkg_socket_0, 2197.00 uJdram_socket_0, 60180.00 uJcore_socket_0, 0.00 uJuncore_socket_0, 0.00 uJpsys_socket_0, 59.50 degCCpu_socket_0
OverheadActual  18: 385984 op, 1992679.00 ns, 5.1626 ns/op, 76415.00 uJpkg_socket_0, 2258.00 uJdram_socket_0, 64453.00 uJcore_socket_0, 0.00 uJuncore_socket_0, 0.00 uJpsys_socket_0, 59.50 degCCpu_socket_0
OverheadActual  19: 385984 op, 2064606.00 ns, 5.3489 ns/op, 73303.00 uJpkg_socket_0, 2258.00 uJdram_socket_0, 63416.00 uJcore_socket_0, 0.00 uJuncore_socket_0, 0.00 uJpsys_socket_0, 60.00 degCCpu_socket_0
OverheadActual  20: 385984 op, 2049562.00 ns, 5.3100 ns/op, 71961.00 uJpkg_socket_0, 2197.00 uJdram_socket_0, 64941.00 uJcore_socket_0, 0.00 uJuncore_socket_0, 0.00 uJpsys_socket_0, 60.00 degCCpu_socket_0

WorkloadWarmup   1: 385984 op, 1003045689.00 ns, 2.5987 us/op, 44426034.00 uJpkg_socket_0, 1132687.00 uJdram_socket_0, 37946558.00 uJcore_socket_0, 0.00 uJuncore_socket_0, 0.00 uJpsys_socket_0, 66.00 degCCpu_socket_0
WorkloadWarmup   2: 385984 op, 1001664853.00 ns, 2.5951 us/op, 43706431.00 uJpkg_socket_0, 1125363.00 uJdram_socket_0, 37208340.00 uJcore_socket_0, 0.00 uJuncore_socket_0, 0.00 uJpsys_socket_0, 71.00 degCCpu_socket_0
WorkloadWarmup   3: 385984 op, 999770040.00 ns, 2.5902 us/op, 43592173.00 uJpkg_socket_0, 1122007.00 uJdram_socket_0, 37115811.00 uJcore_socket_0, 0.00 uJuncore_socket_0, 0.00 uJpsys_socket_0, 71.50 degCCpu_socket_0
WorkloadWarmup   4: 385984 op, 1000157629.00 ns, 2.5912 us/op, 43580455.00 uJpkg_socket_0, 1122373.00 uJdram_socket_0, 37119717.00 uJcore_socket_0, 0.00 uJuncore_socket_0, 0.00 uJpsys_socket_0, 72.00 degCCpu_socket_0
WorkloadWarmup   5: 385984 op, 1000191199.00 ns, 2.5913 us/op, 43544139.00 uJpkg_socket_0, 1122006.00 uJdram_socket_0, 37082669.00 uJcore_socket_0, 0.00 uJuncore_socket_0, 0.00 uJpsys_socket_0, 72.00 degCCpu_socket_0
WorkloadWarmup   6: 385984 op, 999981945.00 ns, 2.5907 us/op, 43496288.00 uJpkg_socket_0, 1121945.00 uJdram_socket_0, 37023892.00 uJcore_socket_0, 0.00 uJuncore_socket_0, 0.00 uJpsys_socket_0, 71.00 degCCpu_socket_0
WorkloadWarmup   7: 385984 op, 1000201954.00 ns, 2.5913 us/op, 43356884.00 uJpkg_socket_0, 1121762.00 uJdram_socket_0, 36896878.00 uJcore_socket_0, 0.00 uJuncore_socket_0, 0.00 uJpsys_socket_0, 71.00 degCCpu_socket_0
WorkloadWarmup   8: 385984 op, 999069470.00 ns, 2.5884 us/op, 43430797.00 uJpkg_socket_0, 1120907.00 uJdram_socket_0, 36968594.00 uJcore_socket_0, 0.00 uJuncore_socket_0, 0.00 uJpsys_socket_0, 70.50 degCCpu_socket_0

// BeforeActualRun
WorkloadActual   1: 385984 op, 1002010566.00 ns, 2.5960 us/op, 43451915.00 uJpkg_socket_0, 1127744.00 uJdram_socket_0, 36969022.00 uJcore_socket_0, 0.00 uJuncore_socket_0, 0.00 uJpsys_socket_0, 71.00 degCCpu_socket_0
WorkloadActual   2: 385984 op, 1003929758.00 ns, 2.6010 us/op, 43622935.00 uJpkg_socket_0, 1153744.00 uJdram_socket_0, 37120693.00 uJcore_socket_0, 0.00 uJuncore_socket_0, 0.00 uJpsys_socket_0, 71.50 degCCpu_socket_0
WorkloadActual   3: 385984 op, 1002886458.00 ns, 2.5983 us/op, 43555064.00 uJpkg_socket_0, 1151303.00 uJdram_socket_0, 37054715.00 uJcore_socket_0, 0.00 uJuncore_socket_0, 0.00 uJpsys_socket_0, 71.50 degCCpu_socket_0
WorkloadActual   4: 385984 op, 1005923285.00 ns, 2.6061 us/op, 43639231.00 uJpkg_socket_0, 1152707.00 uJdram_socket_0, 37123501.00 uJcore_socket_0, 0.00 uJuncore_socket_0, 0.00 uJpsys_socket_0, 71.50 degCCpu_socket_0
WorkloadActual   5: 385984 op, 999725417.00 ns, 2.5901 us/op, 43623302.00 uJpkg_socket_0, 1122861.00 uJdram_socket_0, 37139309.00 uJcore_socket_0, 0.00 uJuncore_socket_0, 0.00 uJpsys_socket_0, 70.50 degCCpu_socket_0
WorkloadActual   6: 385984 op, 999866159.00 ns, 2.5904 us/op, 43621288.00 uJpkg_socket_0, 1122190.00 uJdram_socket_0, 37145351.00 uJcore_socket_0, 0.00 uJuncore_socket_0, 0.00 uJpsys_socket_0, 72.00 degCCpu_socket_0
WorkloadActual   7: 385984 op, 999817965.00 ns, 2.5903 us/op, 43669200.00 uJpkg_socket_0, 1121762.00 uJdram_socket_0, 37189358.00 uJcore_socket_0, 0.00 uJuncore_socket_0, 0.00 uJpsys_socket_0, 72.00 degCCpu_socket_0
WorkloadActual   8: 385984 op, 1001873327.00 ns, 2.5956 us/op, 43959604.00 uJpkg_socket_0, 1129086.00 uJdram_socket_0, 37471523.00 uJcore_socket_0, 0.00 uJuncore_socket_0, 0.00 uJpsys_socket_0, 71.50 degCCpu_socket_0
WorkloadActual   9: 385984 op, 1000202813.00 ns, 2.5913 us/op, 43665355.00 uJpkg_socket_0, 1123105.00 uJdram_socket_0, 37205350.00 uJcore_socket_0, 0.00 uJuncore_socket_0, 0.00 uJpsys_socket_0, 72.00 degCCpu_socket_0
WorkloadActual  10: 385984 op, 1000709749.00 ns, 2.5926 us/op, 43708262.00 uJpkg_socket_0, 1124264.00 uJdram_socket_0, 37220791.00 uJcore_socket_0, 0.00 uJuncore_socket_0, 0.00 uJpsys_socket_0, 71.00 degCCpu_socket_0
WorkloadActual  11: 385984 op, 999655405.00 ns, 2.5899 us/op, 43620982.00 uJpkg_socket_0, 1123044.00 uJdram_socket_0, 37136075.00 uJcore_socket_0, 0.00 uJuncore_socket_0, 0.00 uJpsys_socket_0, 72.00 degCCpu_socket_0
WorkloadActual  12: 385984 op, 1000533657.00 ns, 2.5922 us/op, 43610056.00 uJpkg_socket_0, 1123532.00 uJdram_socket_0, 37159817.00 uJcore_socket_0, 0.00 uJuncore_socket_0, 0.00 uJpsys_socket_0, 71.50 degCCpu_socket_0
WorkloadActual  13: 385984 op, 1000322137.00 ns, 2.5916 us/op, 43744944.00 uJpkg_socket_0, 1125241.00 uJdram_socket_0, 37235988.00 uJcore_socket_0, 0.00 uJuncore_socket_0, 0.00 uJpsys_socket_0, 71.00 degCCpu_socket_0
WorkloadActual  14: 385984 op, 1000504303.00 ns, 2.5921 us/op, 43602671.00 uJpkg_socket_0, 1124325.00 uJdram_socket_0, 37107937.00 uJcore_socket_0, 0.00 uJuncore_socket_0, 0.00 uJpsys_socket_0, 71.50 degCCpu_socket_0
WorkloadActual  15: 385984 op, 1000869541.00 ns, 2.5930 us/op, 43517955.00 uJpkg_socket_0, 1124265.00 uJdram_socket_0, 37036587.00 uJcore_socket_0, 0.00 uJuncore_socket_0, 0.00 uJpsys_socket_0, 71.50 degCCpu_socket_0

// AfterActualRun
WorkloadResult   1: 385984 op, 999964774.00 ns, 2.5907 us/op, 43451915.00 uJpkg_socket_0, 1127744.00 uJdram_socket_0, 36969022.00 uJcore_socket_0, 0.00 uJuncore_socket_0, 0.00 uJpsys_socket_0, 71.00 degCCpu_socket_0
WorkloadResult   2: 385984 op, 1001883966.00 ns, 2.5957 us/op, 43622935.00 uJpkg_socket_0, 1153744.00 uJdram_socket_0, 37120693.00 uJcore_socket_0, 0.00 uJuncore_socket_0, 0.00 uJpsys_socket_0, 71.50 degCCpu_socket_0
WorkloadResult   3: 385984 op, 1000840666.00 ns, 2.5930 us/op, 43555064.00 uJpkg_socket_0, 1151303.00 uJdram_socket_0, 37054715.00 uJcore_socket_0, 0.00 uJuncore_socket_0, 0.00 uJpsys_socket_0, 71.50 degCCpu_socket_0
WorkloadResult   4: 385984 op, 1003877493.00 ns, 2.6008 us/op, 43639231.00 uJpkg_socket_0, 1152707.00 uJdram_socket_0, 37123501.00 uJcore_socket_0, 0.00 uJuncore_socket_0, 0.00 uJpsys_socket_0, 71.50 degCCpu_socket_0
WorkloadResult   5: 385984 op, 997679625.00 ns, 2.5848 us/op, 43623302.00 uJpkg_socket_0, 1122861.00 uJdram_socket_0, 37139309.00 uJcore_socket_0, 0.00 uJuncore_socket_0, 0.00 uJpsys_socket_0, 70.50 degCCpu_socket_0
WorkloadResult   6: 385984 op, 997820367.00 ns, 2.5851 us/op, 43621288.00 uJpkg_socket_0, 1122190.00 uJdram_socket_0, 37145351.00 uJcore_socket_0, 0.00 uJuncore_socket_0, 0.00 uJpsys_socket_0, 72.00 degCCpu_socket_0
WorkloadResult   7: 385984 op, 997772173.00 ns, 2.5850 us/op, 43669200.00 uJpkg_socket_0, 1121762.00 uJdram_socket_0, 37189358.00 uJcore_socket_0, 0.00 uJuncore_socket_0, 0.00 uJpsys_socket_0, 72.00 degCCpu_socket_0
WorkloadResult   8: 385984 op, 999827535.00 ns, 2.5903 us/op, 43959604.00 uJpkg_socket_0, 1129086.00 uJdram_socket_0, 37471523.00 uJcore_socket_0, 0.00 uJuncore_socket_0, 0.00 uJpsys_socket_0, 71.50 degCCpu_socket_0
WorkloadResult   9: 385984 op, 998157021.00 ns, 2.5860 us/op, 43665355.00 uJpkg_socket_0, 1123105.00 uJdram_socket_0, 37205350.00 uJcore_socket_0, 0.00 uJuncore_socket_0, 0.00 uJpsys_socket_0, 72.00 degCCpu_socket_0
WorkloadResult  10: 385984 op, 998663957.00 ns, 2.5873 us/op, 43708262.00 uJpkg_socket_0, 1124264.00 uJdram_socket_0, 37220791.00 uJcore_socket_0, 0.00 uJuncore_socket_0, 0.00 uJpsys_socket_0, 71.00 degCCpu_socket_0
WorkloadResult  11: 385984 op, 997609613.00 ns, 2.5846 us/op, 43620982.00 uJpkg_socket_0, 1123044.00 uJdram_socket_0, 37136075.00 uJcore_socket_0, 0.00 uJuncore_socket_0, 0.00 uJpsys_socket_0, 72.00 degCCpu_socket_0
WorkloadResult  12: 385984 op, 998487865.00 ns, 2.5869 us/op, 43610056.00 uJpkg_socket_0, 1123532.00 uJdram_socket_0, 37159817.00 uJcore_socket_0, 0.00 uJuncore_socket_0, 0.00 uJpsys_socket_0, 71.50 degCCpu_socket_0
WorkloadResult  13: 385984 op, 998276345.00 ns, 2.5863 us/op, 43744944.00 uJpkg_socket_0, 1125241.00 uJdram_socket_0, 37235988.00 uJcore_socket_0, 0.00 uJuncore_socket_0, 0.00 uJpsys_socket_0, 71.00 degCCpu_socket_0
WorkloadResult  14: 385984 op, 998458511.00 ns, 2.5868 us/op, 43602671.00 uJpkg_socket_0, 1124325.00 uJdram_socket_0, 37107937.00 uJcore_socket_0, 0.00 uJuncore_socket_0, 0.00 uJpsys_socket_0, 71.50 degCCpu_socket_0
WorkloadResult  15: 385984 op, 998823749.00 ns, 2.5877 us/op, 43517955.00 uJpkg_socket_0, 1124265.00 uJdram_socket_0, 37036587.00 uJcore_socket_0, 0.00 uJuncore_socket_0, 0.00 uJpsys_socket_0, 71.50 degCCpu_socket_0

// AfterAll
// Benchmark Process 1056807 has exited with code 0.

Mean = 2.589 μs, StdErr = 0.001 μs (0.05%), N = 15, StdDev = 0.005 μs
Min = 2.585 μs, Q1 = 2.586 μs, Median = 2.587 μs, Q3 = 2.591 μs, Max = 2.601 μs
IQR = 0.005 μs, LowerFence = 2.578 μs, UpperFence = 2.598 μs
ConfidenceInterval = [2.584 μs; 2.594 μs] (CI 99.9%), Margin = 0.005 μs (0.19% of Mean)
Skewness = 1.27, Kurtosis = 3.6, MValue = 2

// ** Remained 3 (30.0 %) benchmark(s) to run. Estimated finish 2026-05-27 13:41 (0h 1m from now) **
// **************************
// Benchmark: SmokeBenchByte.Newtonsoft_Ser: Energy(OutlierMode=DontRemove, IterationTime=1s)
// *** Execute ***
// Launch: 1 / 1
// Execute: dotnet JsonBench-Energy-1.dll --anonymousPipes 123 124 --benchmarkName JsonBench.Benchmarks.SmokeBenchByte.Newtonsoft_Ser --job Energy --benchmarkId 7 in /home/test/json-energy-bench/JsonBench/bin/Release/net10.0/JsonBench-Energy-1/bin/Release/net10.0
// BeforeAnythingElse

// Benchmark Process Environment Information:
// BenchmarkDotNet v0.15.5-develop (2026-05-27)
// Runtime=.NET 10.0.8 (10.0.8, 10.0.826.23019), X64 RyuJIT x86-64-v3
// GC=Concurrent Workstation
// HardwareIntrinsics=AVX2+BMI1+BMI2+F16C+FMA+LZCNT+MOVBE,AVX,SSE3+SSSE3+SSE4.1+SSE4.2+POPCNT,X86Base+SSE+SSE2,AES+PCLMUL VectorSize=256
// Job: Energy(OutlierMode=DontRemove, IterationTime=1s)

Couldn't find Core RAPL device for socket 0: RAPLCantFindUncoreDevice
OverheadJitting  1: 1 op, 211221.00 ns, 211.2210 us/op, 64880.00 uJpkg_socket_0, 1099.00 uJdram_socket_0, 36133.00 uJcore_socket_0, 0.00 uJuncore_socket_0, 0.00 uJpsys_socket_0, 54.00 degCCpu_socket_0
WorkloadJitting  1: 1 op, 43756485.00 ns, 43.7565 ms/op, 1567196.00 uJpkg_socket_0, 50903.00 uJdram_socket_0, 1280698.00 uJcore_socket_0, 0.00 uJuncore_socket_0, 0.00 uJpsys_socket_0, 55.50 degCCpu_socket_0

Couldn't find Core RAPL device for socket 0: RAPLCantFindUncoreDevice
OverheadJitting  2: 16 op, 458938.00 ns, 28.6836 us/op, 0.00 uJpkg_socket_0, 0.00 uJdram_socket_0, 16540.00 uJcore_socket_0, 0.00 uJuncore_socket_0, 0.00 uJpsys_socket_0, 57.00 degCCpu_socket_0
WorkloadJitting  2: 16 op, 1317058.00 ns, 82.3161 us/op, 80444.00 uJpkg_socket_0, 2319.00 uJdram_socket_0, 49560.00 uJcore_socket_0, 0.00 uJuncore_socket_0, 0.00 uJpsys_socket_0, 57.50 degCCpu_socket_0

WorkloadPilot    1: 16 op, 732931.00 ns, 45.8082 us/op, 38635.00 uJpkg_socket_0, 0.00 uJdram_socket_0, 32410.00 uJcore_socket_0, 0.00 uJuncore_socket_0, 0.00 uJpsys_socket_0, 58.00 degCCpu_socket_0
WorkloadPilot    2: 21840 op, 493044429.00 ns, 22.5753 us/op, 22050724.00 uJpkg_socket_0, 563475.00 uJdram_socket_0, 18869641.00 uJcore_socket_0, 0.00 uJuncore_socket_0, 0.00 uJpsys_socket_0, 63.00 degCCpu_socket_0
WorkloadPilot    3: 44304 op, 378241342.00 ns, 8.5374 us/op, 15923605.00 uJpkg_socket_0, 427062.00 uJdram_socket_0, 13451931.00 uJcore_socket_0, 0.00 uJuncore_socket_0, 0.00 uJpsys_socket_0, 67.00 degCCpu_socket_0
WorkloadPilot    4: 117136 op, 997019004.00 ns, 8.5116 us/op, 42045790.00 uJpkg_socket_0, 1124875.00 uJdram_socket_0, 35596955.00 uJcore_socket_0, 0.00 uJuncore_socket_0, 0.00 uJpsys_socket_0, 67.50 degCCpu_socket_0
WorkloadPilot    5: 117488 op, 984084296.00 ns, 8.3760 us/op, 41502518.00 uJpkg_socket_0, 1105772.00 uJdram_socket_0, 35142549.00 uJcore_socket_0, 0.00 uJuncore_socket_0, 0.00 uJpsys_socket_0, 67.50 degCCpu_socket_0
WorkloadPilot    6: 119392 op, 1000946648.00 ns, 8.3837 us/op, 43217602.00 uJpkg_socket_0, 1135679.00 uJdram_socket_0, 36706205.00 uJcore_socket_0, 0.00 uJuncore_socket_0, 0.00 uJpsys_socket_0, 67.00 degCCpu_socket_0
WorkloadPilot    7: 119280 op, 1000475337.00 ns, 8.3876 us/op, 42402663.00 uJpkg_socket_0, 1127073.00 uJdram_socket_0, 35913909.00 uJcore_socket_0, 0.00 uJuncore_socket_0, 0.00 uJpsys_socket_0, 66.50 degCCpu_socket_0
WorkloadPilot    8: 119232 op, 998836020.00 ns, 8.3772 us/op, 42314161.00 uJpkg_socket_0, 1126217.00 uJdram_socket_0, 35843231.00 uJcore_socket_0, 0.00 uJuncore_socket_0, 0.00 uJpsys_socket_0, 67.00 degCCpu_socket_0
WorkloadPilot    9: 119376 op, 999640386.00 ns, 8.3739 us/op, 42138625.00 uJpkg_socket_0, 1123105.00 uJdram_socket_0, 35659638.00 uJcore_socket_0, 0.00 uJuncore_socket_0, 0.00 uJpsys_socket_0, 68.00 degCCpu_socket_0
WorkloadPilot   10: 119424 op, 1001065126.00 ns, 8.3824 us/op, 42977246.00 uJpkg_socket_0, 1133908.00 uJdram_socket_0, 36473661.00 uJcore_socket_0, 0.00 uJuncore_socket_0, 0.00 uJpsys_socket_0, 68.00 degCCpu_socket_0

OverheadWarmup   1: 119424 op, 372484.00 ns, 3.1190 ns/op, 54443.00 uJpkg_socket_0, 1404.00 uJdram_socket_0, 26306.00 uJcore_socket_0, 0.00 uJuncore_socket_0, 0.00 uJpsys_socket_0, 64.00 degCCpu_socket_0
OverheadWarmup   2: 119424 op, 376274.00 ns, 3.1507 ns/op, 39062.00 uJpkg_socket_0, 1220.00 uJdram_socket_0, 20752.00 uJcore_socket_0, 0.00 uJuncore_socket_0, 0.00 uJpsys_socket_0, 63.00 degCCpu_socket_0
OverheadWarmup   3: 119424 op, 338736.00 ns, 2.8364 ns/op, 0.00 uJpkg_socket_0, 0.00 uJdram_socket_0, 13488.00 uJcore_socket_0, 0.00 uJuncore_socket_0, 0.00 uJpsys_socket_0, 62.50 degCCpu_socket_0
OverheadWarmup   4: 119424 op, 375766.00 ns, 3.1465 ns/op, 43823.00 uJpkg_socket_0, 1159.00 uJdram_socket_0, 16846.00 uJcore_socket_0, 0.00 uJuncore_socket_0, 0.00 uJpsys_socket_0, 62.00 degCCpu_socket_0
OverheadWarmup   5: 119424 op, 375164.00 ns, 3.1414 ns/op, 0.00 uJpkg_socket_0, 1343.00 uJdram_socket_0, 16907.00 uJcore_socket_0, 0.00 uJuncore_socket_0, 0.00 uJpsys_socket_0, 61.50 degCCpu_socket_0

OverheadActual   1: 119424 op, 339358.00 ns, 2.8416 ns/op, 0.00 uJpkg_socket_0, 0.00 uJdram_socket_0, 16052.00 uJcore_socket_0, 0.00 uJuncore_socket_0, 0.00 uJpsys_socket_0, 59.50 degCCpu_socket_0
OverheadActual   2: 119424 op, 338260.00 ns, 2.8324 ns/op, 0.00 uJpkg_socket_0, 0.00 uJdram_socket_0, 16236.00 uJcore_socket_0, 0.00 uJuncore_socket_0, 0.00 uJpsys_socket_0, 60.00 degCCpu_socket_0
OverheadActual   3: 119424 op, 342502.00 ns, 2.8679 ns/op, 38452.00 uJpkg_socket_0, 1159.00 uJdram_socket_0, 17944.00 uJcore_socket_0, 0.00 uJuncore_socket_0, 0.00 uJpsys_socket_0, 60.00 degCCpu_socket_0
OverheadActual   4: 119424 op, 339071.00 ns, 2.8392 ns/op, 0.00 uJpkg_socket_0, 0.00 uJdram_socket_0, 15991.00 uJcore_socket_0, 0.00 uJuncore_socket_0, 0.00 uJpsys_socket_0, 60.50 degCCpu_socket_0
OverheadActual   5: 119424 op, 342975.00 ns, 2.8719 ns/op, 39733.00 uJpkg_socket_0, 1098.00 uJdram_socket_0, 15686.00 uJcore_socket_0, 0.00 uJuncore_socket_0, 0.00 uJpsys_socket_0, 61.00 degCCpu_socket_0
OverheadActual   6: 119424 op, 338658.00 ns, 2.8358 ns/op, 0.00 uJpkg_socket_0, 0.00 uJdram_socket_0, 14343.00 uJcore_socket_0, 0.00 uJuncore_socket_0, 0.00 uJpsys_socket_0, 60.00 degCCpu_socket_0
OverheadActual   7: 119424 op, 399590.00 ns, 3.3460 ns/op, 40894.00 uJpkg_socket_0, 1099.00 uJdram_socket_0, 15991.00 uJcore_socket_0, 0.00 uJuncore_socket_0, 0.00 uJpsys_socket_0, 60.00 degCCpu_socket_0
OverheadActual   8: 119424 op, 340044.00 ns, 2.8474 ns/op, 0.00 uJpkg_socket_0, 0.00 uJdram_socket_0, 17211.00 uJcore_socket_0, 0.00 uJuncore_socket_0, 0.00 uJpsys_socket_0, 60.00 degCCpu_socket_0
OverheadActual   9: 119424 op, 358800.00 ns, 3.0044 ns/op, 40649.00 uJpkg_socket_0, 1099.00 uJdram_socket_0, 17823.00 uJcore_socket_0, 0.00 uJuncore_socket_0, 0.00 uJpsys_socket_0, 60.00 degCCpu_socket_0
OverheadActual  10: 119424 op, 352963.00 ns, 2.9555 ns/op, 43763.00 uJpkg_socket_0, 1160.00 uJdram_socket_0, 17151.00 uJcore_socket_0, 0.00 uJuncore_socket_0, 0.00 uJpsys_socket_0, 61.00 degCCpu_socket_0
OverheadActual  11: 119424 op, 339505.00 ns, 2.8429 ns/op, 0.00 uJpkg_socket_0, 0.00 uJdram_socket_0, 16723.00 uJcore_socket_0, 0.00 uJuncore_socket_0, 0.00 uJpsys_socket_0, 60.50 degCCpu_socket_0
OverheadActual  12: 119424 op, 342359.00 ns, 2.8668 ns/op, 39184.00 uJpkg_socket_0, 1160.00 uJdram_socket_0, 19592.00 uJcore_socket_0, 0.00 uJuncore_socket_0, 0.00 uJpsys_socket_0, 60.00 degCCpu_socket_0
OverheadActual  13: 119424 op, 338783.00 ns, 2.8368 ns/op, 0.00 uJpkg_socket_0, 0.00 uJdram_socket_0, 17884.00 uJcore_socket_0, 0.00 uJuncore_socket_0, 0.00 uJpsys_socket_0, 61.00 degCCpu_socket_0
OverheadActual  14: 119424 op, 342256.00 ns, 2.8659 ns/op, 40222.00 uJpkg_socket_0, 1099.00 uJdram_socket_0, 17028.00 uJcore_socket_0, 0.00 uJuncore_socket_0, 0.00 uJpsys_socket_0, 60.00 degCCpu_socket_0
OverheadActual  15: 119424 op, 338407.00 ns, 2.8337 ns/op, 0.00 uJpkg_socket_0, 0.00 uJdram_socket_0, 15564.00 uJcore_socket_0, 0.00 uJuncore_socket_0, 0.00 uJpsys_socket_0, 60.50 degCCpu_socket_0

WorkloadWarmup   1: 119424 op, 1003413341.00 ns, 8.4021 us/op, 42822034.00 uJpkg_socket_0, 1131100.00 uJdram_socket_0, 36309843.00 uJcore_socket_0, 0.00 uJuncore_socket_0, 0.00 uJpsys_socket_0, 64.50 degCCpu_socket_0
WorkloadWarmup   2: 119424 op, 1003171263.00 ns, 8.4001 us/op, 42520277.00 uJpkg_socket_0, 1132566.00 uJdram_socket_0, 36037322.00 uJcore_socket_0, 0.00 uJuncore_socket_0, 0.00 uJpsys_socket_0, 67.00 degCCpu_socket_0
WorkloadWarmup   3: 119424 op, 1001096906.00 ns, 8.3827 us/op, 42279372.00 uJpkg_socket_0, 1123228.00 uJdram_socket_0, 35808747.00 uJcore_socket_0, 0.00 uJuncore_socket_0, 0.00 uJpsys_socket_0, 68.00 degCCpu_socket_0
WorkloadWarmup   4: 119424 op, 999374506.00 ns, 8.3683 us/op, 42211623.00 uJpkg_socket_0, 1124997.00 uJdram_socket_0, 35722442.00 uJcore_socket_0, 0.00 uJuncore_socket_0, 0.00 uJpsys_socket_0, 67.50 degCCpu_socket_0
WorkloadWarmup   5: 119424 op, 999179101.00 ns, 8.3667 us/op, 42209487.00 uJpkg_socket_0, 1123593.00 uJdram_socket_0, 35750580.00 uJcore_socket_0, 0.00 uJuncore_socket_0, 0.00 uJpsys_socket_0, 68.00 degCCpu_socket_0
WorkloadWarmup   6: 119424 op, 999188823.00 ns, 8.3667 us/op, 42238844.00 uJpkg_socket_0, 1124265.00 uJdram_socket_0, 35740570.00 uJcore_socket_0, 0.00 uJuncore_socket_0, 0.00 uJpsys_socket_0, 67.50 degCCpu_socket_0
WorkloadWarmup   7: 119424 op, 998783601.00 ns, 8.3633 us/op, 42253126.00 uJpkg_socket_0, 1124508.00 uJdram_socket_0, 35784821.00 uJcore_socket_0, 0.00 uJuncore_socket_0, 0.00 uJpsys_socket_0, 68.00 degCCpu_socket_0
WorkloadWarmup   8: 119424 op, 998986485.00 ns, 8.3650 us/op, 42170058.00 uJpkg_socket_0, 1123594.00 uJdram_socket_0, 35703216.00 uJcore_socket_0, 0.00 uJuncore_socket_0, 0.00 uJpsys_socket_0, 68.00 degCCpu_socket_0
WorkloadWarmup   9: 119424 op, 999435386.00 ns, 8.3688 us/op, 42225417.00 uJpkg_socket_0, 1125241.00 uJdram_socket_0, 35730011.00 uJcore_socket_0, 0.00 uJuncore_socket_0, 0.00 uJpsys_socket_0, 67.50 degCCpu_socket_0
WorkloadWarmup  10: 119424 op, 999645146.00 ns, 8.3706 us/op, 42333327.00 uJpkg_socket_0, 1126279.00 uJdram_socket_0, 35853058.00 uJcore_socket_0, 0.00 uJuncore_socket_0, 0.00 uJpsys_socket_0, 68.50 degCCpu_socket_0
WorkloadWarmup  11: 119424 op, 999162072.00 ns, 8.3665 us/op, 42032241.00 uJpkg_socket_0, 1124203.00 uJdram_socket_0, 35572174.00 uJcore_socket_0, 0.00 uJuncore_socket_0, 0.00 uJpsys_socket_0, 67.00 degCCpu_socket_0

// BeforeActualRun
WorkloadActual   1: 119424 op, 1001465471.00 ns, 8.3858 us/op, 42235427.00 uJpkg_socket_0, 1130063.00 uJdram_socket_0, 35734710.00 uJcore_socket_0, 0.00 uJuncore_socket_0, 0.00 uJpsys_socket_0, 66.50 degCCpu_socket_0
WorkloadActual   2: 119424 op, 1013277818.00 ns, 8.4847 us/op, 42410719.00 uJpkg_socket_0, 1182797.00 uJdram_socket_0, 35858367.00 uJcore_socket_0, 0.00 uJuncore_socket_0, 0.00 uJpsys_socket_0, 68.00 degCCpu_socket_0
WorkloadActual   3: 119424 op, 1003141666.00 ns, 8.3998 us/op, 42388502.00 uJpkg_socket_0, 1168332.00 uJdram_socket_0, 35899383.00 uJcore_socket_0, 0.00 uJuncore_socket_0, 0.00 uJpsys_socket_0, 67.50 degCCpu_socket_0
WorkloadActual   4: 119424 op, 1003269036.00 ns, 8.4009 us/op, 42355727.00 uJpkg_socket_0, 1170285.00 uJdram_socket_0, 35833587.00 uJcore_socket_0, 0.00 uJuncore_socket_0, 0.00 uJpsys_socket_0, 67.00 degCCpu_socket_0
WorkloadActual   5: 119424 op, 1003554501.00 ns, 8.4033 us/op, 42505506.00 uJpkg_socket_0, 1172909.00 uJdram_socket_0, 35994232.00 uJcore_socket_0, 0.00 uJuncore_socket_0, 0.00 uJpsys_socket_0, 67.50 degCCpu_socket_0
WorkloadActual   6: 119424 op, 1003598990.00 ns, 8.4037 us/op, 42358046.00 uJpkg_socket_0, 1169614.00 uJdram_socket_0, 35840729.00 uJcore_socket_0, 0.00 uJuncore_socket_0, 0.00 uJpsys_socket_0, 67.50 degCCpu_socket_0
WorkloadActual   7: 119424 op, 1003369131.00 ns, 8.4017 us/op, 42384901.00 uJpkg_socket_0, 1167539.00 uJdram_socket_0, 35901580.00 uJcore_socket_0, 0.00 uJuncore_socket_0, 0.00 uJpsys_socket_0, 68.00 degCCpu_socket_0
WorkloadActual   8: 119424 op, 1003391147.00 ns, 8.4019 us/op, 42358351.00 uJpkg_socket_0, 1167600.00 uJdram_socket_0, 35878693.00 uJcore_socket_0, 0.00 uJuncore_socket_0, 0.00 uJpsys_socket_0, 68.00 degCCpu_socket_0
WorkloadActual   9: 119424 op, 1002306014.00 ns, 8.3928 us/op, 42355971.00 uJpkg_socket_0, 1167721.00 uJdram_socket_0, 35840972.00 uJcore_socket_0, 0.00 uJuncore_socket_0, 0.00 uJpsys_socket_0, 68.00 degCCpu_socket_0
WorkloadActual  10: 119424 op, 1002888962.00 ns, 8.3977 us/op, 42389906.00 uJpkg_socket_0, 1167477.00 uJdram_socket_0, 35891326.00 uJcore_socket_0, 0.00 uJuncore_socket_0, 0.00 uJpsys_socket_0, 67.50 degCCpu_socket_0
WorkloadActual  11: 119424 op, 1003218548.00 ns, 8.4005 us/op, 42453138.00 uJpkg_socket_0, 1169614.00 uJdram_socket_0, 35919341.00 uJcore_socket_0, 0.00 uJuncore_socket_0, 0.00 uJpsys_socket_0, 67.50 degCCpu_socket_0
WorkloadActual  12: 119424 op, 1003019462.00 ns, 8.3988 us/op, 42392897.00 uJpkg_socket_0, 1167538.00 uJdram_socket_0, 35900543.00 uJcore_socket_0, 0.00 uJuncore_socket_0, 0.00 uJpsys_socket_0, 68.50 degCCpu_socket_0
WorkloadActual  13: 119424 op, 1002626159.00 ns, 8.3955 us/op, 42350600.00 uJpkg_socket_0, 1167417.00 uJdram_socket_0, 35839874.00 uJcore_socket_0, 0.00 uJuncore_socket_0, 0.00 uJpsys_socket_0, 67.00 degCCpu_socket_0
WorkloadActual  14: 119424 op, 1002285132.00 ns, 8.3927 us/op, 42403944.00 uJpkg_socket_0, 1167783.00 uJdram_socket_0, 35884063.00 uJcore_socket_0, 0.00 uJuncore_socket_0, 0.00 uJpsys_socket_0, 67.50 degCCpu_socket_0
WorkloadActual  15: 119424 op, 1003015944.00 ns, 8.3988 us/op, 42370497.00 uJpkg_socket_0, 1166989.00 uJdram_socket_0, 35877716.00 uJcore_socket_0, 0.00 uJuncore_socket_0, 0.00 uJpsys_socket_0, 68.50 degCCpu_socket_0

// AfterActualRun
WorkloadResult   1: 119424 op, 1001125427.00 ns, 8.3830 us/op, 42235427.00 uJpkg_socket_0, 1130063.00 uJdram_socket_0, 35734710.00 uJcore_socket_0, 0.00 uJuncore_socket_0, 0.00 uJpsys_socket_0, 66.50 degCCpu_socket_0
WorkloadResult   2: 119424 op, 1012937774.00 ns, 8.4819 us/op, 42410719.00 uJpkg_socket_0, 1182797.00 uJdram_socket_0, 35858367.00 uJcore_socket_0, 0.00 uJuncore_socket_0, 0.00 uJpsys_socket_0, 68.00 degCCpu_socket_0
WorkloadResult   3: 119424 op, 1002801622.00 ns, 8.3970 us/op, 42388502.00 uJpkg_socket_0, 1168332.00 uJdram_socket_0, 35899383.00 uJcore_socket_0, 0.00 uJuncore_socket_0, 0.00 uJpsys_socket_0, 67.50 degCCpu_socket_0
WorkloadResult   4: 119424 op, 1002928992.00 ns, 8.3981 us/op, 42355727.00 uJpkg_socket_0, 1170285.00 uJdram_socket_0, 35833587.00 uJcore_socket_0, 0.00 uJuncore_socket_0, 0.00 uJpsys_socket_0, 67.00 degCCpu_socket_0
WorkloadResult   5: 119424 op, 1003214457.00 ns, 8.4004 us/op, 42505506.00 uJpkg_socket_0, 1172909.00 uJdram_socket_0, 35994232.00 uJcore_socket_0, 0.00 uJuncore_socket_0, 0.00 uJpsys_socket_0, 67.50 degCCpu_socket_0
WorkloadResult   6: 119424 op, 1003258946.00 ns, 8.4008 us/op, 42358046.00 uJpkg_socket_0, 1169614.00 uJdram_socket_0, 35840729.00 uJcore_socket_0, 0.00 uJuncore_socket_0, 0.00 uJpsys_socket_0, 67.50 degCCpu_socket_0
WorkloadResult   7: 119424 op, 1003029087.00 ns, 8.3989 us/op, 42384901.00 uJpkg_socket_0, 1167539.00 uJdram_socket_0, 35901580.00 uJcore_socket_0, 0.00 uJuncore_socket_0, 0.00 uJpsys_socket_0, 68.00 degCCpu_socket_0
WorkloadResult   8: 119424 op, 1003051103.00 ns, 8.3991 us/op, 42358351.00 uJpkg_socket_0, 1167600.00 uJdram_socket_0, 35878693.00 uJcore_socket_0, 0.00 uJuncore_socket_0, 0.00 uJpsys_socket_0, 68.00 degCCpu_socket_0
WorkloadResult   9: 119424 op, 1001965970.00 ns, 8.3900 us/op, 42355971.00 uJpkg_socket_0, 1167721.00 uJdram_socket_0, 35840972.00 uJcore_socket_0, 0.00 uJuncore_socket_0, 0.00 uJpsys_socket_0, 68.00 degCCpu_socket_0
WorkloadResult  10: 119424 op, 1002548918.00 ns, 8.3949 us/op, 42389906.00 uJpkg_socket_0, 1167477.00 uJdram_socket_0, 35891326.00 uJcore_socket_0, 0.00 uJuncore_socket_0, 0.00 uJpsys_socket_0, 67.50 degCCpu_socket_0
WorkloadResult  11: 119424 op, 1002878504.00 ns, 8.3976 us/op, 42453138.00 uJpkg_socket_0, 1169614.00 uJdram_socket_0, 35919341.00 uJcore_socket_0, 0.00 uJuncore_socket_0, 0.00 uJpsys_socket_0, 67.50 degCCpu_socket_0
WorkloadResult  12: 119424 op, 1002679418.00 ns, 8.3960 us/op, 42392897.00 uJpkg_socket_0, 1167538.00 uJdram_socket_0, 35900543.00 uJcore_socket_0, 0.00 uJuncore_socket_0, 0.00 uJpsys_socket_0, 68.50 degCCpu_socket_0
WorkloadResult  13: 119424 op, 1002286115.00 ns, 8.3927 us/op, 42350600.00 uJpkg_socket_0, 1167417.00 uJdram_socket_0, 35839874.00 uJcore_socket_0, 0.00 uJuncore_socket_0, 0.00 uJpsys_socket_0, 67.00 degCCpu_socket_0
WorkloadResult  14: 119424 op, 1001945088.00 ns, 8.3898 us/op, 42403944.00 uJpkg_socket_0, 1167783.00 uJdram_socket_0, 35884063.00 uJcore_socket_0, 0.00 uJuncore_socket_0, 0.00 uJpsys_socket_0, 67.50 degCCpu_socket_0
WorkloadResult  15: 119424 op, 1002675900.00 ns, 8.3959 us/op, 42370497.00 uJpkg_socket_0, 1166989.00 uJdram_socket_0, 35877716.00 uJcore_socket_0, 0.00 uJuncore_socket_0, 0.00 uJpsys_socket_0, 68.50 degCCpu_socket_0

// AfterAll
// Benchmark Process 1056821 has exited with code 0.

Mean = 8.401 μs, StdErr = 0.006 μs (0.07%), N = 15, StdDev = 0.023 μs
Min = 8.383 μs, Q1 = 8.394 μs, Median = 8.397 μs, Q3 = 8.399 μs, Max = 8.482 μs
IQR = 0.005 μs, LowerFence = 8.386 μs, UpperFence = 8.407 μs
ConfidenceInterval = [8.377 μs; 8.425 μs] (CI 99.9%), Margin = 0.024 μs (0.29% of Mean)
Skewness = 2.89, Kurtosis = 10.45, MValue = 2

// ** Remained 2 (20.0 %) benchmark(s) to run. Estimated finish 2026-05-27 13:41 (0h 1m from now) **
// **************************
// Benchmark: SmokeBenchByte.SpanJson_Ser: Energy(OutlierMode=DontRemove, IterationTime=1s)
// *** Execute ***
// Launch: 1 / 1
// Execute: dotnet JsonBench-Energy-1.dll --anonymousPipes 123 124 --benchmarkName JsonBench.Benchmarks.SmokeBenchByte.SpanJson_Ser --job Energy --benchmarkId 8 in /home/test/json-energy-bench/JsonBench/bin/Release/net10.0/JsonBench-Energy-1/bin/Release/net10.0
// BeforeAnythingElse

// Benchmark Process Environment Information:
// BenchmarkDotNet v0.15.5-develop (2026-05-27)
// Runtime=.NET 10.0.8 (10.0.8, 10.0.826.23019), X64 RyuJIT x86-64-v3
// GC=Concurrent Workstation
// HardwareIntrinsics=AVX2+BMI1+BMI2+F16C+FMA+LZCNT+MOVBE,AVX,SSE3+SSSE3+SSE4.1+SSE4.2+POPCNT,X86Base+SSE+SSE2,AES+PCLMUL VectorSize=256
// Job: Energy(OutlierMode=DontRemove, IterationTime=1s)

Couldn't find Core RAPL device for socket 0: RAPLCantFindUncoreDevice
OverheadJitting  1: 1 op, 231085.00 ns, 231.0850 us/op, 36621.00 uJpkg_socket_0, 2380.00 uJdram_socket_0, 42847.00 uJcore_socket_0, 0.00 uJuncore_socket_0, 0.00 uJpsys_socket_0, 57.00 degCCpu_socket_0
WorkloadJitting  1: 1 op, 56481443.00 ns, 56.4814 ms/op, 2185663.00 uJpkg_socket_0, 66711.00 uJdram_socket_0, 1806880.00 uJcore_socket_0, 0.00 uJuncore_socket_0, 0.00 uJpsys_socket_0, 58.50 degCCpu_socket_0

Couldn't find Core RAPL device for socket 0: RAPLCantFindUncoreDevice
OverheadJitting  2: 16 op, 463948.00 ns, 28.9968 us/op, 46875.00 uJpkg_socket_0, 1282.00 uJdram_socket_0, 28809.00 uJcore_socket_0, 0.00 uJuncore_socket_0, 0.00 uJpsys_socket_0, 58.50 degCCpu_socket_0
WorkloadJitting  2: 16 op, 1068098.00 ns, 66.7561 us/op, 56580.00 uJpkg_socket_0, 1343.00 uJdram_socket_0, 60790.00 uJcore_socket_0, 0.00 uJuncore_socket_0, 0.00 uJpsys_socket_0, 58.00 degCCpu_socket_0

WorkloadPilot    1: 16 op, 409961.00 ns, 25.6226 us/op, 38452.00 uJpkg_socket_0, 1160.00 uJdram_socket_0, 17456.00 uJcore_socket_0, 0.00 uJuncore_socket_0, 0.00 uJpsys_socket_0, 58.00 degCCpu_socket_0
WorkloadPilot    2: 39040 op, 360357691.00 ns, 9.2305 us/op, 15240134.00 uJpkg_socket_0, 408263.00 uJdram_socket_0, 12931059.00 uJcore_socket_0, 0.00 uJuncore_socket_0, 0.00 uJpsys_socket_0, 62.00 degCCpu_socket_0
WorkloadPilot    3: 108352 op, 546506382.00 ns, 5.0438 us/op, 21689642.00 uJpkg_socket_0, 613951.00 uJdram_socket_0, 18178543.00 uJcore_socket_0, 0.00 uJuncore_socket_0, 0.00 uJpsys_socket_0, 64.50 degCCpu_socket_0
WorkloadPilot    4: 198272 op, 993487276.00 ns, 5.0107 us/op, 39476339.00 uJpkg_socket_0, 1116086.00 uJdram_socket_0, 33029578.00 uJcore_socket_0, 0.00 uJuncore_socket_0, 0.00 uJpsys_socket_0, 64.50 degCCpu_socket_0
WorkloadPilot    5: 199584 op, 1006742909.00 ns, 5.0442 us/op, 39832722.00 uJpkg_socket_0, 1128964.00 uJdram_socket_0, 33309729.00 uJcore_socket_0, 0.00 uJuncore_socket_0, 0.00 uJpsys_socket_0, 64.50 degCCpu_socket_0
WorkloadPilot    6: 198256 op, 993664957.00 ns, 5.0120 us/op, 40197285.00 uJpkg_socket_0, 1120725.00 uJdram_socket_0, 33770055.00 uJcore_socket_0, 0.00 uJuncore_socket_0, 0.00 uJpsys_socket_0, 64.50 degCCpu_socket_0
WorkloadPilot    7: 199520 op, 1002510507.00 ns, 5.0246 us/op, 39734273.00 uJpkg_socket_0, 1125363.00 uJdram_socket_0, 33270361.00 uJcore_socket_0, 0.00 uJuncore_socket_0, 0.00 uJpsys_socket_0, 64.50 degCCpu_socket_0
WorkloadPilot    8: 199024 op, 1001674084.00 ns, 5.0329 us/op, 39658102.00 uJpkg_socket_0, 1125180.00 uJdram_socket_0, 33206946.00 uJcore_socket_0, 0.00 uJuncore_socket_0, 0.00 uJpsys_socket_0, 65.00 degCCpu_socket_0

OverheadWarmup   1: 199024 op, 610339.00 ns, 3.0667 ns/op, 38269.00 uJpkg_socket_0, 1220.00 uJdram_socket_0, 25634.00 uJcore_socket_0, 0.00 uJuncore_socket_0, 0.00 uJpsys_socket_0, 62.00 degCCpu_socket_0
OverheadWarmup   2: 199024 op, 612566.00 ns, 3.0778 ns/op, 41932.00 uJpkg_socket_0, 1343.00 uJdram_socket_0, 25452.00 uJcore_socket_0, 0.00 uJuncore_socket_0, 0.00 uJpsys_socket_0, 62.00 degCCpu_socket_0
OverheadWarmup   3: 199024 op, 610208.00 ns, 3.0660 ns/op, 40405.00 uJpkg_socket_0, 1220.00 uJdram_socket_0, 23498.00 uJcore_socket_0, 0.00 uJuncore_socket_0, 0.00 uJpsys_socket_0, 61.00 degCCpu_socket_0
OverheadWarmup   4: 199024 op, 612415.00 ns, 3.0771 ns/op, 39307.00 uJpkg_socket_0, 1038.00 uJdram_socket_0, 25574.00 uJcore_socket_0, 0.00 uJuncore_socket_0, 0.00 uJpsys_socket_0, 61.50 degCCpu_socket_0
OverheadWarmup   5: 199024 op, 616208.00 ns, 3.0961 ns/op, 39002.00 uJpkg_socket_0, 1099.00 uJdram_socket_0, 26001.00 uJcore_socket_0, 0.00 uJuncore_socket_0, 0.00 uJpsys_socket_0, 61.00 degCCpu_socket_0
OverheadWarmup   6: 199024 op, 612761.00 ns, 3.0788 ns/op, 0.00 uJpkg_socket_0, 0.00 uJdram_socket_0, 23376.00 uJcore_socket_0, 0.00 uJuncore_socket_0, 0.00 uJpsys_socket_0, 60.50 degCCpu_socket_0

OverheadActual   1: 199024 op, 613903.00 ns, 3.0846 ns/op, 0.00 uJpkg_socket_0, 1159.00 uJdram_socket_0, 26367.00 uJcore_socket_0, 0.00 uJuncore_socket_0, 0.00 uJpsys_socket_0, 59.50 degCCpu_socket_0
OverheadActual   2: 199024 op, 652065.00 ns, 3.2763 ns/op, 40344.00 uJpkg_socket_0, 1098.00 uJdram_socket_0, 26734.00 uJcore_socket_0, 0.00 uJuncore_socket_0, 0.00 uJpsys_socket_0, 59.00 degCCpu_socket_0
OverheadActual   3: 199024 op, 613162.00 ns, 3.0808 ns/op, 40100.00 uJpkg_socket_0, 1159.00 uJdram_socket_0, 27527.00 uJcore_socket_0, 0.00 uJuncore_socket_0, 0.00 uJpsys_socket_0, 59.00 degCCpu_socket_0
OverheadActual   4: 199024 op, 640844.00 ns, 3.2199 ns/op, 0.00 uJpkg_socket_0, 1099.00 uJdram_socket_0, 25390.00 uJcore_socket_0, 0.00 uJuncore_socket_0, 0.00 uJpsys_socket_0, 59.50 degCCpu_socket_0
OverheadActual   5: 199024 op, 643782.00 ns, 3.2347 ns/op, 40711.00 uJpkg_socket_0, 1159.00 uJdram_socket_0, 26367.00 uJcore_socket_0, 0.00 uJuncore_socket_0, 0.00 uJpsys_socket_0, 60.00 degCCpu_socket_0
OverheadActual   6: 199024 op, 609349.00 ns, 3.0617 ns/op, 39123.00 uJpkg_socket_0, 1098.00 uJdram_socket_0, 25024.00 uJcore_socket_0, 0.00 uJuncore_socket_0, 0.00 uJpsys_socket_0, 60.00 degCCpu_socket_0
OverheadActual   7: 199024 op, 607211.00 ns, 3.0509 ns/op, 41443.00 uJpkg_socket_0, 1099.00 uJdram_socket_0, 23071.00 uJcore_socket_0, 0.00 uJuncore_socket_0, 0.00 uJpsys_socket_0, 60.50 degCCpu_socket_0
OverheadActual   8: 199024 op, 613768.00 ns, 3.0839 ns/op, 0.00 uJpkg_socket_0, 0.00 uJdram_socket_0, 24048.00 uJcore_socket_0, 0.00 uJuncore_socket_0, 0.00 uJpsys_socket_0, 60.50 degCCpu_socket_0
OverheadActual   9: 199024 op, 615226.00 ns, 3.0912 ns/op, 38025.00 uJpkg_socket_0, 1099.00 uJdram_socket_0, 24536.00 uJcore_socket_0, 0.00 uJuncore_socket_0, 0.00 uJpsys_socket_0, 60.00 degCCpu_socket_0
OverheadActual  10: 199024 op, 610678.00 ns, 3.0684 ns/op, 39123.00 uJpkg_socket_0, 1038.00 uJdram_socket_0, 24353.00 uJcore_socket_0, 0.00 uJuncore_socket_0, 0.00 uJpsys_socket_0, 60.00 degCCpu_socket_0
OverheadActual  11: 199024 op, 644427.00 ns, 3.2379 ns/op, 40650.00 uJpkg_socket_0, 1098.00 uJdram_socket_0, 26673.00 uJcore_socket_0, 0.00 uJuncore_socket_0, 0.00 uJpsys_socket_0, 60.50 degCCpu_socket_0
OverheadActual  12: 199024 op, 651918.00 ns, 3.2756 ns/op, 0.00 uJpkg_socket_0, 0.00 uJdram_socket_0, 31066.00 uJcore_socket_0, 0.00 uJuncore_socket_0, 0.00 uJpsys_socket_0, 60.00 degCCpu_socket_0
OverheadActual  13: 199024 op, 615620.00 ns, 3.0932 ns/op, 0.00 uJpkg_socket_0, 0.00 uJdram_socket_0, 24597.00 uJcore_socket_0, 0.00 uJuncore_socket_0, 0.00 uJpsys_socket_0, 60.00 degCCpu_socket_0
OverheadActual  14: 199024 op, 613487.00 ns, 3.0825 ns/op, 37415.00 uJpkg_socket_0, 1098.00 uJdram_socket_0, 23132.00 uJcore_socket_0, 0.00 uJuncore_socket_0, 0.00 uJpsys_socket_0, 60.00 degCCpu_socket_0
OverheadActual  15: 199024 op, 611573.00 ns, 3.0729 ns/op, 38635.00 uJpkg_socket_0, 1099.00 uJdram_socket_0, 22827.00 uJcore_socket_0, 0.00 uJuncore_socket_0, 0.00 uJpsys_socket_0, 60.00 degCCpu_socket_0

WorkloadWarmup   1: 199024 op, 1004245191.00 ns, 5.0458 us/op, 40915361.00 uJpkg_socket_0, 1134153.00 uJdram_socket_0, 34403050.00 uJcore_socket_0, 0.00 uJuncore_socket_0, 0.00 uJpsys_socket_0, 63.00 degCCpu_socket_0
WorkloadWarmup   2: 199024 op, 998582687.00 ns, 5.0174 us/op, 39436666.00 uJpkg_socket_0, 1120175.00 uJdram_socket_0, 32960059.00 uJcore_socket_0, 0.00 uJuncore_socket_0, 0.00 uJpsys_socket_0, 64.00 degCCpu_socket_0
WorkloadWarmup   3: 199024 op, 995151138.00 ns, 5.0002 us/op, 39506246.00 uJpkg_socket_0, 1118344.00 uJdram_socket_0, 33028418.00 uJcore_socket_0, 0.00 uJuncore_socket_0, 0.00 uJpsys_socket_0, 64.00 degCCpu_socket_0
WorkloadWarmup   4: 199024 op, 1006890424.00 ns, 5.0591 us/op, 39762777.00 uJpkg_socket_0, 1128720.00 uJdram_socket_0, 33246436.00 uJcore_socket_0, 0.00 uJuncore_socket_0, 0.00 uJpsys_socket_0, 65.00 degCCpu_socket_0
WorkloadWarmup   5: 199024 op, 1003074891.00 ns, 5.0400 us/op, 39662435.00 uJpkg_socket_0, 1125485.00 uJdram_socket_0, 33139319.00 uJcore_socket_0, 0.00 uJuncore_socket_0, 0.00 uJpsys_socket_0, 64.50 degCCpu_socket_0
WorkloadWarmup   6: 199024 op, 1000424952.00 ns, 5.0267 us/op, 39474508.00 uJpkg_socket_0, 1120786.00 uJdram_socket_0, 33020912.00 uJcore_socket_0, 0.00 uJuncore_socket_0, 0.00 uJpsys_socket_0, 64.50 degCCpu_socket_0
WorkloadWarmup   7: 199024 op, 996519253.00 ns, 5.0070 us/op, 39352621.00 uJpkg_socket_0, 1117551.00 uJdram_socket_0, 32888343.00 uJcore_socket_0, 0.00 uJuncore_socket_0, 0.00 uJpsys_socket_0, 64.50 degCCpu_socket_0
WorkloadWarmup   8: 199024 op, 997793108.00 ns, 5.0134 us/op, 39403708.00 uJpkg_socket_0, 1119016.00 uJdram_socket_0, 32934425.00 uJcore_socket_0, 0.00 uJuncore_socket_0, 0.00 uJpsys_socket_0, 64.00 degCCpu_socket_0
WorkloadWarmup   9: 199024 op, 1002011871.00 ns, 5.0346 us/op, 39583456.00 uJpkg_socket_0, 1123655.00 uJdram_socket_0, 33103004.00 uJcore_socket_0, 0.00 uJuncore_socket_0, 0.00 uJpsys_socket_0, 64.50 degCCpu_socket_0
WorkloadWarmup  10: 199024 op, 1013281344.00 ns, 5.0913 us/op, 40273090.00 uJpkg_socket_0, 1138241.00 uJdram_socket_0, 33691442.00 uJcore_socket_0, 0.00 uJuncore_socket_0, 0.00 uJpsys_socket_0, 64.50 degCCpu_socket_0
WorkloadWarmup  11: 199024 op, 999541873.00 ns, 5.0222 us/op, 39490255.00 uJpkg_socket_0, 1121640.00 uJdram_socket_0, 32998390.00 uJcore_socket_0, 0.00 uJuncore_socket_0, 0.00 uJpsys_socket_0, 64.50 degCCpu_socket_0

// BeforeActualRun
WorkloadActual   1: 199024 op, 1005700680.00 ns, 5.0532 us/op, 39778036.00 uJpkg_socket_0, 1130124.00 uJdram_socket_0, 33262427.00 uJcore_socket_0, 0.00 uJuncore_socket_0, 0.00 uJpsys_socket_0, 64.00 degCCpu_socket_0
WorkloadActual   2: 199024 op, 995559094.00 ns, 5.0022 us/op, 39338950.00 uJpkg_socket_0, 1127683.00 uJdram_socket_0, 32873695.00 uJcore_socket_0, 0.00 uJuncore_socket_0, 0.00 uJpsys_socket_0, 64.50 degCCpu_socket_0
WorkloadActual   3: 199024 op, 1011721757.00 ns, 5.0834 us/op, 39980000.00 uJpkg_socket_0, 1145505.00 uJdram_socket_0, 33423071.00 uJcore_socket_0, 0.00 uJuncore_socket_0, 0.00 uJpsys_socket_0, 64.50 degCCpu_socket_0
WorkloadActual   4: 199024 op, 1001610053.00 ns, 5.0326 us/op, 39574179.00 uJpkg_socket_0, 1134396.00 uJdram_socket_0, 33077369.00 uJcore_socket_0, 0.00 uJuncore_socket_0, 0.00 uJpsys_socket_0, 64.50 degCCpu_socket_0
WorkloadActual   5: 199024 op, 1012125518.00 ns, 5.0854 us/op, 40218952.00 uJpkg_socket_0, 1148740.00 uJdram_socket_0, 33675817.00 uJcore_socket_0, 0.00 uJuncore_socket_0, 0.00 uJpsys_socket_0, 64.50 degCCpu_socket_0
WorkloadActual   6: 199024 op, 987986336.00 ns, 4.9642 us/op, 39065940.00 uJpkg_socket_0, 1120969.00 uJdram_socket_0, 32630166.00 uJcore_socket_0, 0.00 uJuncore_socket_0, 0.00 uJpsys_socket_0, 64.50 degCCpu_socket_0
WorkloadActual   7: 199024 op, 996286569.00 ns, 5.0059 us/op, 39354209.00 uJpkg_socket_0, 1118100.00 uJdram_socket_0, 32916481.00 uJcore_socket_0, 0.00 uJuncore_socket_0, 0.00 uJpsys_socket_0, 65.50 degCCpu_socket_0
WorkloadActual   8: 199024 op, 1003592101.00 ns, 5.0426 us/op, 39614095.00 uJpkg_socket_0, 1124570.00 uJdram_socket_0, 33143775.00 uJcore_socket_0, 0.00 uJuncore_socket_0, 0.00 uJpsys_socket_0, 64.50 degCCpu_socket_0
WorkloadActual   9: 199024 op, 1000467750.00 ns, 5.0269 us/op, 39495993.00 uJpkg_socket_0, 1121152.00 uJdram_socket_0, 33042274.00 uJcore_socket_0, 0.00 uJuncore_socket_0, 0.00 uJpsys_socket_0, 65.00 degCCpu_socket_0
WorkloadActual  10: 199024 op, 1003540469.00 ns, 5.0423 us/op, 39639303.00 uJpkg_socket_0, 1125424.00 uJdram_socket_0, 33127052.00 uJcore_socket_0, 0.00 uJuncore_socket_0, 0.00 uJpsys_socket_0, 64.50 degCCpu_socket_0
WorkloadActual  11: 199024 op, 1001965581.00 ns, 5.0344 us/op, 39579001.00 uJpkg_socket_0, 1124264.00 uJdram_socket_0, 33053687.00 uJcore_socket_0, 0.00 uJuncore_socket_0, 0.00 uJpsys_socket_0, 64.50 degCCpu_socket_0
WorkloadActual  12: 199024 op, 1003394823.00 ns, 5.0416 us/op, 39592001.00 uJpkg_socket_0, 1124265.00 uJdram_socket_0, 33117896.00 uJcore_socket_0, 0.00 uJuncore_socket_0, 0.00 uJpsys_socket_0, 65.00 degCCpu_socket_0
WorkloadActual  13: 199024 op, 998761614.00 ns, 5.0183 us/op, 39450522.00 uJpkg_socket_0, 1120114.00 uJdram_socket_0, 32975807.00 uJcore_socket_0, 0.00 uJuncore_socket_0, 0.00 uJpsys_socket_0, 65.50 degCCpu_socket_0
WorkloadActual  14: 199024 op, 1005844224.00 ns, 5.0539 us/op, 39726949.00 uJpkg_socket_0, 1127560.00 uJdram_socket_0, 33215857.00 uJcore_socket_0, 0.00 uJuncore_socket_0, 0.00 uJpsys_socket_0, 65.50 degCCpu_socket_0
WorkloadActual  15: 199024 op, 1003669326.00 ns, 5.0430 us/op, 39634542.00 uJpkg_socket_0, 1125241.00 uJdram_socket_0, 33127234.00 uJcore_socket_0, 0.00 uJuncore_socket_0, 0.00 uJpsys_socket_0, 65.50 degCCpu_socket_0

// AfterActualRun
WorkloadResult   1: 199024 op, 1005086777.00 ns, 5.0501 us/op, 39778036.00 uJpkg_socket_0, 1130124.00 uJdram_socket_0, 33262427.00 uJcore_socket_0, 0.00 uJuncore_socket_0, 0.00 uJpsys_socket_0, 64.00 degCCpu_socket_0
WorkloadResult   2: 199024 op, 994945191.00 ns, 4.9991 us/op, 39338950.00 uJpkg_socket_0, 1127683.00 uJdram_socket_0, 32873695.00 uJcore_socket_0, 0.00 uJuncore_socket_0, 0.00 uJpsys_socket_0, 64.50 degCCpu_socket_0
WorkloadResult   3: 199024 op, 1011107854.00 ns, 5.0803 us/op, 39980000.00 uJpkg_socket_0, 1145505.00 uJdram_socket_0, 33423071.00 uJcore_socket_0, 0.00 uJuncore_socket_0, 0.00 uJpsys_socket_0, 64.50 degCCpu_socket_0
WorkloadResult   4: 199024 op, 1000996150.00 ns, 5.0295 us/op, 39574179.00 uJpkg_socket_0, 1134396.00 uJdram_socket_0, 33077369.00 uJcore_socket_0, 0.00 uJuncore_socket_0, 0.00 uJpsys_socket_0, 64.50 degCCpu_socket_0
WorkloadResult   5: 199024 op, 1011511615.00 ns, 5.0824 us/op, 40218952.00 uJpkg_socket_0, 1148740.00 uJdram_socket_0, 33675817.00 uJcore_socket_0, 0.00 uJuncore_socket_0, 0.00 uJpsys_socket_0, 64.50 degCCpu_socket_0
WorkloadResult   6: 199024 op, 987372433.00 ns, 4.9611 us/op, 39065940.00 uJpkg_socket_0, 1120969.00 uJdram_socket_0, 32630166.00 uJcore_socket_0, 0.00 uJuncore_socket_0, 0.00 uJpsys_socket_0, 64.50 degCCpu_socket_0
WorkloadResult   7: 199024 op, 995672666.00 ns, 5.0028 us/op, 39354209.00 uJpkg_socket_0, 1118100.00 uJdram_socket_0, 32916481.00 uJcore_socket_0, 0.00 uJuncore_socket_0, 0.00 uJpsys_socket_0, 65.50 degCCpu_socket_0
WorkloadResult   8: 199024 op, 1002978198.00 ns, 5.0395 us/op, 39614095.00 uJpkg_socket_0, 1124570.00 uJdram_socket_0, 33143775.00 uJcore_socket_0, 0.00 uJuncore_socket_0, 0.00 uJpsys_socket_0, 64.50 degCCpu_socket_0
WorkloadResult   9: 199024 op, 999853847.00 ns, 5.0238 us/op, 39495993.00 uJpkg_socket_0, 1121152.00 uJdram_socket_0, 33042274.00 uJcore_socket_0, 0.00 uJuncore_socket_0, 0.00 uJpsys_socket_0, 65.00 degCCpu_socket_0
WorkloadResult  10: 199024 op, 1002926566.00 ns, 5.0392 us/op, 39639303.00 uJpkg_socket_0, 1125424.00 uJdram_socket_0, 33127052.00 uJcore_socket_0, 0.00 uJuncore_socket_0, 0.00 uJpsys_socket_0, 64.50 degCCpu_socket_0
WorkloadResult  11: 199024 op, 1001351678.00 ns, 5.0313 us/op, 39579001.00 uJpkg_socket_0, 1124264.00 uJdram_socket_0, 33053687.00 uJcore_socket_0, 0.00 uJuncore_socket_0, 0.00 uJpsys_socket_0, 64.50 degCCpu_socket_0
WorkloadResult  12: 199024 op, 1002780920.00 ns, 5.0385 us/op, 39592001.00 uJpkg_socket_0, 1124265.00 uJdram_socket_0, 33117896.00 uJcore_socket_0, 0.00 uJuncore_socket_0, 0.00 uJpsys_socket_0, 65.00 degCCpu_socket_0
WorkloadResult  13: 199024 op, 998147711.00 ns, 5.0152 us/op, 39450522.00 uJpkg_socket_0, 1120114.00 uJdram_socket_0, 32975807.00 uJcore_socket_0, 0.00 uJuncore_socket_0, 0.00 uJpsys_socket_0, 65.50 degCCpu_socket_0
WorkloadResult  14: 199024 op, 1005230321.00 ns, 5.0508 us/op, 39726949.00 uJpkg_socket_0, 1127560.00 uJdram_socket_0, 33215857.00 uJcore_socket_0, 0.00 uJuncore_socket_0, 0.00 uJpsys_socket_0, 65.50 degCCpu_socket_0
WorkloadResult  15: 199024 op, 1003055423.00 ns, 5.0399 us/op, 39634542.00 uJpkg_socket_0, 1125241.00 uJdram_socket_0, 33127234.00 uJcore_socket_0, 0.00 uJuncore_socket_0, 0.00 uJpsys_socket_0, 65.50 degCCpu_socket_0

// AfterAll
// Benchmark Process 1056836 has exited with code 0.

Mean = 5.032 μs, StdErr = 0.008 μs (0.16%), N = 15, StdDev = 0.031 μs
Min = 4.961 μs, Q1 = 5.019 μs, Median = 5.038 μs, Q3 = 5.045 μs, Max = 5.082 μs
IQR = 0.025 μs, LowerFence = 4.981 μs, UpperFence = 5.083 μs
ConfidenceInterval = [5.000 μs; 5.065 μs] (CI 99.9%), Margin = 0.033 μs (0.65% of Mean)
Skewness = -0.41, Kurtosis = 3.02, MValue = 2

// ** Remained 1 (10.0 %) benchmark(s) to run. Estimated finish 2026-05-27 13:41 (0h 0m from now) **
// **************************
// Benchmark: SmokeBenchByte.Utf8Json_Ser: Energy(OutlierMode=DontRemove, IterationTime=1s)
// *** Execute ***
// Launch: 1 / 1
// Execute: dotnet JsonBench-Energy-1.dll --anonymousPipes 123 124 --benchmarkName JsonBench.Benchmarks.SmokeBenchByte.Utf8Json_Ser --job Energy --benchmarkId 9 in /home/test/json-energy-bench/JsonBench/bin/Release/net10.0/JsonBench-Energy-1/bin/Release/net10.0
// BeforeAnythingElse

// Benchmark Process Environment Information:
// BenchmarkDotNet v0.15.5-develop (2026-05-27)
// Runtime=.NET 10.0.8 (10.0.8, 10.0.826.23019), X64 RyuJIT x86-64-v3
// GC=Concurrent Workstation
// HardwareIntrinsics=AVX2+BMI1+BMI2+F16C+FMA+LZCNT+MOVBE,AVX,SSE3+SSSE3+SSE4.1+SSE4.2+POPCNT,X86Base+SSE+SSE2,AES+PCLMUL VectorSize=256
// Job: Energy(OutlierMode=DontRemove, IterationTime=1s)

Couldn't find Core RAPL device for socket 0: RAPLCantFindUncoreDevice
OverheadJitting  1: 1 op, 193544.00 ns, 193.5440 us/op, 37170.00 uJpkg_socket_0, 2380.00 uJdram_socket_0, 42664.00 uJcore_socket_0, 0.00 uJuncore_socket_0, 0.00 uJpsys_socket_0, 54.50 degCCpu_socket_0
WorkloadJitting  1: 1 op, 60258627.00 ns, 60.2586 ms/op, 2365228.00 uJpkg_socket_0, 69763.00 uJdram_socket_0, 1960322.00 uJcore_socket_0, 0.00 uJuncore_socket_0, 0.00 uJpsys_socket_0, 56.50 degCCpu_socket_0

Couldn't find Core RAPL device for socket 0: RAPLCantFindUncoreDevice
OverheadJitting  2: 16 op, 491325.00 ns, 30.7078 us/op, 0.00 uJpkg_socket_0, 0.00 uJdram_socket_0, 28686.00 uJcore_socket_0, 0.00 uJuncore_socket_0, 0.00 uJpsys_socket_0, 57.50 degCCpu_socket_0
WorkloadJitting  2: 16 op, 1022501.00 ns, 63.9063 us/op, 106140.00 uJpkg_socket_0, 2381.00 uJdram_socket_0, 52551.00 uJcore_socket_0, 0.00 uJuncore_socket_0, 0.00 uJpsys_socket_0, 58.00 degCCpu_socket_0

WorkloadPilot    1: 16 op, 517861.00 ns, 32.3663 us/op, 54627.00 uJpkg_socket_0, 0.00 uJdram_socket_0, 28869.00 uJcore_socket_0, 0.00 uJuncore_socket_0, 0.00 uJpsys_socket_0, 58.00 degCCpu_socket_0
WorkloadPilot    2: 30896 op, 324152943.00 ns, 10.4917 us/op, 14013820.00 uJpkg_socket_0, 372253.00 uJdram_socket_0, 11876861.00 uJcore_socket_0, 0.00 uJuncore_socket_0, 0.00 uJpsys_socket_0, 62.00 degCCpu_socket_0
WorkloadPilot    3: 95328 op, 469194901.00 ns, 4.9219 us/op, 18651564.00 uJpkg_socket_0, 529173.00 uJdram_socket_0, 15586447.00 uJcore_socket_0, 0.00 uJuncore_socket_0, 0.00 uJpsys_socket_0, 65.50 degCCpu_socket_0
WorkloadPilot    4: 203184 op, 994524989.00 ns, 4.8947 us/op, 39709127.00 uJpkg_socket_0, 1117795.00 uJdram_socket_0, 33255408.00 uJcore_socket_0, 0.00 uJuncore_socket_0, 0.00 uJpsys_socket_0, 66.00 degCCpu_socket_0
WorkloadPilot    5: 204304 op, 1000717731.00 ns, 4.8982 us/op, 39745809.00 uJpkg_socket_0, 1122556.00 uJdram_socket_0, 33261085.00 uJcore_socket_0, 0.00 uJuncore_socket_0, 0.00 uJpsys_socket_0, 66.00 degCCpu_socket_0
WorkloadPilot    6: 204160 op, 998558474.00 ns, 4.8911 us/op, 40577899.00 uJpkg_socket_0, 1125363.00 uJdram_socket_0, 34108311.00 uJcore_socket_0, 0.00 uJuncore_socket_0, 0.00 uJpsys_socket_0, 65.00 degCCpu_socket_0
WorkloadPilot    7: 204464 op, 996902887.00 ns, 4.8757 us/op, 39719381.00 uJpkg_socket_0, 1119320.00 uJdram_socket_0, 33230018.00 uJcore_socket_0, 0.00 uJuncore_socket_0, 0.00 uJpsys_socket_0, 65.50 degCCpu_socket_0
WorkloadPilot    8: 205104 op, 999893305.00 ns, 4.8751 us/op, 39772543.00 uJpkg_socket_0, 1122190.00 uJdram_socket_0, 33298377.00 uJcore_socket_0, 0.00 uJuncore_socket_0, 0.00 uJpsys_socket_0, 66.00 degCCpu_socket_0
WorkloadPilot    9: 205136 op, 1005847532.00 ns, 4.9033 us/op, 39898335.00 uJpkg_socket_0, 1127926.00 uJdram_socket_0, 33348059.00 uJcore_socket_0, 0.00 uJuncore_socket_0, 0.00 uJpsys_socket_0, 65.50 degCCpu_socket_0
WorkloadPilot   10: 203952 op, 994613279.00 ns, 4.8767 us/op, 40081624.00 uJpkg_socket_0, 1118772.00 uJdram_socket_0, 33644140.00 uJcore_socket_0, 0.00 uJuncore_socket_0, 0.00 uJpsys_socket_0, 66.00 degCCpu_socket_0
WorkloadPilot   11: 205072 op, 1003785475.00 ns, 4.8948 us/op, 39853719.00 uJpkg_socket_0, 1135556.00 uJdram_socket_0, 33351782.00 uJcore_socket_0, 0.00 uJuncore_socket_0, 0.00 uJpsys_socket_0, 66.00 degCCpu_socket_0

OverheadWarmup   1: 205072 op, 658765.00 ns, 3.2124 ns/op, 47730.00 uJpkg_socket_0, 1587.00 uJdram_socket_0, 36804.00 uJcore_socket_0, 0.00 uJuncore_socket_0, 0.00 uJpsys_socket_0, 63.50 degCCpu_socket_0
OverheadWarmup   2: 205072 op, 621848.00 ns, 3.0323 ns/op, 0.00 uJpkg_socket_0, 0.00 uJdram_socket_0, 24047.00 uJcore_socket_0, 0.00 uJuncore_socket_0, 0.00 uJpsys_socket_0, 62.00 degCCpu_socket_0
OverheadWarmup   3: 205072 op, 600272.00 ns, 2.9271 ns/op, 0.00 uJpkg_socket_0, 1159.00 uJdram_socket_0, 22888.00 uJcore_socket_0, 0.00 uJuncore_socket_0, 0.00 uJpsys_socket_0, 62.00 degCCpu_socket_0
OverheadWarmup   4: 205072 op, 592503.00 ns, 2.8892 ns/op, 0.00 uJpkg_socket_0, 0.00 uJdram_socket_0, 23132.00 uJcore_socket_0, 0.00 uJuncore_socket_0, 0.00 uJpsys_socket_0, 62.00 degCCpu_socket_0
OverheadWarmup   5: 205072 op, 591900.00 ns, 2.8863 ns/op, 0.00 uJpkg_socket_0, 0.00 uJdram_socket_0, 26672.00 uJcore_socket_0, 0.00 uJuncore_socket_0, 0.00 uJpsys_socket_0, 62.00 degCCpu_socket_0
OverheadWarmup   6: 205072 op, 589521.00 ns, 2.8747 ns/op, 40100.00 uJpkg_socket_0, 1160.00 uJdram_socket_0, 25635.00 uJcore_socket_0, 0.00 uJuncore_socket_0, 0.00 uJpsys_socket_0, 61.50 degCCpu_socket_0
OverheadWarmup   7: 205072 op, 620351.00 ns, 3.0250 ns/op, 42907.00 uJpkg_socket_0, 1160.00 uJdram_socket_0, 24841.00 uJcore_socket_0, 0.00 uJuncore_socket_0, 0.00 uJpsys_socket_0, 62.00 degCCpu_socket_0
OverheadWarmup   8: 205072 op, 619643.00 ns, 3.0216 ns/op, 41320.00 uJpkg_socket_0, 1098.00 uJdram_socket_0, 27771.00 uJcore_socket_0, 0.00 uJuncore_socket_0, 0.00 uJpsys_socket_0, 61.00 degCCpu_socket_0
OverheadWarmup   9: 205072 op, 591393.00 ns, 2.8838 ns/op, 41565.00 uJpkg_socket_0, 1098.00 uJdram_socket_0, 26733.00 uJcore_socket_0, 0.00 uJuncore_socket_0, 0.00 uJpsys_socket_0, 62.00 degCCpu_socket_0
OverheadWarmup  10: 205072 op, 588735.00 ns, 2.8709 ns/op, 40955.00 uJpkg_socket_0, 1221.00 uJdram_socket_0, 22094.00 uJcore_socket_0, 0.00 uJuncore_socket_0, 0.00 uJpsys_socket_0, 61.00 degCCpu_socket_0

OverheadActual   1: 205072 op, 591980.00 ns, 2.8867 ns/op, 37109.00 uJpkg_socket_0, 1160.00 uJdram_socket_0, 24109.00 uJcore_socket_0, 0.00 uJuncore_socket_0, 0.00 uJpsys_socket_0, 60.00 degCCpu_socket_0
OverheadActual   2: 205072 op, 589536.00 ns, 2.8748 ns/op, 0.00 uJpkg_socket_0, 0.00 uJdram_socket_0, 23925.00 uJcore_socket_0, 0.00 uJuncore_socket_0, 0.00 uJpsys_socket_0, 59.50 degCCpu_socket_0
OverheadActual   3: 205072 op, 616076.00 ns, 3.0042 ns/op, 0.00 uJpkg_socket_0, 0.00 uJdram_socket_0, 25696.00 uJcore_socket_0, 0.00 uJuncore_socket_0, 0.00 uJpsys_socket_0, 59.50 degCCpu_socket_0
OverheadActual   4: 205072 op, 591841.00 ns, 2.8860 ns/op, 0.00 uJpkg_socket_0, 0.00 uJdram_socket_0, 22827.00 uJcore_socket_0, 0.00 uJuncore_socket_0, 0.00 uJpsys_socket_0, 60.00 degCCpu_socket_0
OverheadActual   5: 205072 op, 620718.00 ns, 3.0268 ns/op, 40649.00 uJpkg_socket_0, 1159.00 uJdram_socket_0, 22827.00 uJcore_socket_0, 0.00 uJuncore_socket_0, 0.00 uJpsys_socket_0, 60.50 degCCpu_socket_0
OverheadActual   6: 205072 op, 619701.00 ns, 3.0219 ns/op, 40772.00 uJpkg_socket_0, 1160.00 uJdram_socket_0, 29052.00 uJcore_socket_0, 0.00 uJuncore_socket_0, 0.00 uJpsys_socket_0, 61.00 degCCpu_socket_0
OverheadActual   7: 205072 op, 621020.00 ns, 3.0283 ns/op, 39490.00 uJpkg_socket_0, 1099.00 uJdram_socket_0, 25513.00 uJcore_socket_0, 0.00 uJuncore_socket_0, 0.00 uJpsys_socket_0, 61.00 degCCpu_socket_0
OverheadActual   8: 205072 op, 590891.00 ns, 2.8814 ns/op, 37109.00 uJpkg_socket_0, 1098.00 uJdram_socket_0, 22155.00 uJcore_socket_0, 0.00 uJuncore_socket_0, 0.00 uJpsys_socket_0, 61.00 degCCpu_socket_0
OverheadActual   9: 205072 op, 590980.00 ns, 2.8818 ns/op, 38391.00 uJpkg_socket_0, 1099.00 uJdram_socket_0, 26550.00 uJcore_socket_0, 0.00 uJuncore_socket_0, 0.00 uJpsys_socket_0, 60.00 degCCpu_socket_0
OverheadActual  10: 205072 op, 586309.00 ns, 2.8590 ns/op, 42175.00 uJpkg_socket_0, 1160.00 uJdram_socket_0, 23316.00 uJcore_socket_0, 0.00 uJuncore_socket_0, 0.00 uJpsys_socket_0, 60.50 degCCpu_socket_0
OverheadActual  11: 205072 op, 590333.00 ns, 2.8787 ns/op, 0.00 uJpkg_socket_0, 0.00 uJdram_socket_0, 22766.00 uJcore_socket_0, 0.00 uJuncore_socket_0, 0.00 uJpsys_socket_0, 61.00 degCCpu_socket_0
OverheadActual  12: 205072 op, 591789.00 ns, 2.8858 ns/op, 0.00 uJpkg_socket_0, 0.00 uJdram_socket_0, 25513.00 uJcore_socket_0, 0.00 uJuncore_socket_0, 0.00 uJpsys_socket_0, 60.50 degCCpu_socket_0
OverheadActual  13: 205072 op, 590734.00 ns, 2.8806 ns/op, 39307.00 uJpkg_socket_0, 1160.00 uJdram_socket_0, 24841.00 uJcore_socket_0, 0.00 uJuncore_socket_0, 0.00 uJpsys_socket_0, 60.50 degCCpu_socket_0
OverheadActual  14: 205072 op, 590984.00 ns, 2.8818 ns/op, 38330.00 uJpkg_socket_0, 1159.00 uJdram_socket_0, 24048.00 uJcore_socket_0, 0.00 uJuncore_socket_0, 0.00 uJpsys_socket_0, 61.00 degCCpu_socket_0
OverheadActual  15: 205072 op, 620543.00 ns, 3.0260 ns/op, 37537.00 uJpkg_socket_0, 1099.00 uJdram_socket_0, 28320.00 uJcore_socket_0, 0.00 uJuncore_socket_0, 0.00 uJpsys_socket_0, 60.50 degCCpu_socket_0

WorkloadWarmup   1: 205072 op, 1009338124.00 ns, 4.9219 us/op, 40798479.00 uJpkg_socket_0, 1136105.00 uJdram_socket_0, 34283604.00 uJcore_socket_0, 0.00 uJuncore_socket_0, 0.00 uJpsys_socket_0, 63.50 degCCpu_socket_0
WorkloadWarmup   2: 205072 op, 1005549430.00 ns, 4.9034 us/op, 39904988.00 uJpkg_socket_0, 1128110.00 uJdram_socket_0, 33383459.00 uJcore_socket_0, 0.00 uJuncore_socket_0, 0.00 uJpsys_socket_0, 66.00 degCCpu_socket_0
WorkloadWarmup   3: 205072 op, 999549693.00 ns, 4.8741 us/op, 39639242.00 uJpkg_socket_0, 1120724.00 uJdram_socket_0, 33154273.00 uJcore_socket_0, 0.00 uJuncore_socket_0, 0.00 uJpsys_socket_0, 65.50 degCCpu_socket_0
WorkloadWarmup   4: 205072 op, 1009851835.00 ns, 4.9244 us/op, 40041463.00 uJpkg_socket_0, 1132138.00 uJdram_socket_0, 33502966.00 uJcore_socket_0, 0.00 uJuncore_socket_0, 0.00 uJpsys_socket_0, 65.50 degCCpu_socket_0
WorkloadWarmup   5: 205072 op, 1004970603.00 ns, 4.9006 us/op, 39890279.00 uJpkg_socket_0, 1126218.00 uJdram_socket_0, 33387976.00 uJcore_socket_0, 0.00 uJuncore_socket_0, 0.00 uJpsys_socket_0, 66.00 degCCpu_socket_0
WorkloadWarmup   6: 205072 op, 1002094974.00 ns, 4.8866 us/op, 39690389.00 uJpkg_socket_0, 1123288.00 uJdram_socket_0, 33209021.00 uJcore_socket_0, 0.00 uJuncore_socket_0, 0.00 uJpsys_socket_0, 65.50 degCCpu_socket_0
WorkloadWarmup   7: 205072 op, 996051213.00 ns, 4.8571 us/op, 39453451.00 uJpkg_socket_0, 1115781.00 uJdram_socket_0, 33012062.00 uJcore_socket_0, 0.00 uJuncore_socket_0, 0.00 uJpsys_socket_0, 66.50 degCCpu_socket_0
WorkloadWarmup   8: 205072 op, 996275095.00 ns, 4.8582 us/op, 39493246.00 uJpkg_socket_0, 1117917.00 uJdram_socket_0, 33017738.00 uJcore_socket_0, 0.00 uJuncore_socket_0, 0.00 uJpsys_socket_0, 65.50 degCCpu_socket_0
WorkloadWarmup   9: 205072 op, 1003020295.00 ns, 4.8911 us/op, 39720418.00 uJpkg_socket_0, 1124204.00 uJdram_socket_0, 33230811.00 uJcore_socket_0, 0.00 uJuncore_socket_0, 0.00 uJpsys_socket_0, 65.00 degCCpu_socket_0
WorkloadWarmup  10: 205072 op, 1001966084.00 ns, 4.8859 us/op, 39680562.00 uJpkg_socket_0, 1123105.00 uJdram_socket_0, 33200355.00 uJcore_socket_0, 0.00 uJuncore_socket_0, 0.00 uJpsys_socket_0, 66.00 degCCpu_socket_0

// BeforeActualRun
WorkloadActual   1: 205072 op, 1002870128.00 ns, 4.8903 us/op, 39916768.00 uJpkg_socket_0, 1128598.00 uJdram_socket_0, 33378882.00 uJcore_socket_0, 0.00 uJuncore_socket_0, 0.00 uJpsys_socket_0, 65.00 degCCpu_socket_0
WorkloadActual   2: 205072 op, 996167134.00 ns, 4.8576 us/op, 39463034.00 uJpkg_socket_0, 1127744.00 uJdram_socket_0, 33021217.00 uJcore_socket_0, 0.00 uJuncore_socket_0, 0.00 uJpsys_socket_0, 66.50 degCCpu_socket_0
WorkloadActual   3: 205072 op, 1000706187.00 ns, 4.8798 us/op, 39605916.00 uJpkg_socket_0, 1131223.00 uJdram_socket_0, 33157019.00 uJcore_socket_0, 0.00 uJuncore_socket_0, 0.00 uJpsys_socket_0, 66.00 degCCpu_socket_0
WorkloadActual   4: 205072 op, 1006881635.00 ns, 4.9099 us/op, 39888265.00 uJpkg_socket_0, 1141720.00 uJdram_socket_0, 33367712.00 uJcore_socket_0, 0.00 uJuncore_socket_0, 0.00 uJpsys_socket_0, 65.50 degCCpu_socket_0
WorkloadActual   5: 205072 op, 1003937905.00 ns, 4.8955 us/op, 39803121.00 uJpkg_socket_0, 1137998.00 uJdram_socket_0, 33299048.00 uJcore_socket_0, 0.00 uJuncore_socket_0, 0.00 uJpsys_socket_0, 65.50 degCCpu_socket_0
WorkloadActual   6: 205072 op, 1000249997.00 ns, 4.8776 us/op, 39874410.00 uJpkg_socket_0, 1134274.00 uJdram_socket_0, 33416846.00 uJcore_socket_0, 0.00 uJuncore_socket_0, 0.00 uJpsys_socket_0, 66.00 degCCpu_socket_0
WorkloadActual   7: 205072 op, 1002183036.00 ns, 4.8870 us/op, 39727621.00 uJpkg_socket_0, 1134640.00 uJdram_socket_0, 33251807.00 uJcore_socket_0, 0.00 uJuncore_socket_0, 0.00 uJpsys_socket_0, 65.50 degCCpu_socket_0
WorkloadActual   8: 205072 op, 1004857417.00 ns, 4.9000 us/op, 39861104.00 uJpkg_socket_0, 1140134.00 uJdram_socket_0, 33311865.00 uJcore_socket_0, 0.00 uJuncore_socket_0, 0.00 uJpsys_socket_0, 66.00 degCCpu_socket_0
WorkloadActual   9: 205072 op, 994319027.00 ns, 4.8486 us/op, 39394736.00 uJpkg_socket_0, 1115049.00 uJdram_socket_0, 32936623.00 uJcore_socket_0, 0.00 uJuncore_socket_0, 0.00 uJpsys_socket_0, 66.50 degCCpu_socket_0
WorkloadActual  10: 205072 op, 1000997975.00 ns, 4.8812 us/op, 39640279.00 uJpkg_socket_0, 1122068.00 uJdram_socket_0, 33165138.00 uJcore_socket_0, 0.00 uJuncore_socket_0, 0.00 uJpsys_socket_0, 66.00 degCCpu_socket_0
WorkloadActual  11: 205072 op, 1001054780.00 ns, 4.8815 us/op, 39711874.00 uJpkg_socket_0, 1123593.00 uJdram_socket_0, 33188758.00 uJcore_socket_0, 0.00 uJuncore_socket_0, 0.00 uJpsys_socket_0, 65.50 degCCpu_socket_0
WorkloadActual  12: 205072 op, 1002743538.00 ns, 4.8897 us/op, 39756978.00 uJpkg_socket_0, 1123898.00 uJdram_socket_0, 33260169.00 uJcore_socket_0, 0.00 uJuncore_socket_0, 0.00 uJpsys_socket_0, 66.00 degCCpu_socket_0
WorkloadActual  13: 205072 op, 998872330.00 ns, 4.8708 us/op, 39588827.00 uJpkg_socket_0, 1119626.00 uJdram_socket_0, 33121376.00 uJcore_socket_0, 0.00 uJuncore_socket_0, 0.00 uJpsys_socket_0, 66.00 degCCpu_socket_0
WorkloadActual  14: 205072 op, 997613780.00 ns, 4.8647 us/op, 39556723.00 uJpkg_socket_0, 1117429.00 uJdram_socket_0, 33090370.00 uJcore_socket_0, 0.00 uJuncore_socket_0, 0.00 uJpsys_socket_0, 65.50 degCCpu_socket_0
WorkloadActual  15: 205072 op, 999962877.00 ns, 4.8762 us/op, 39666341.00 uJpkg_socket_0, 1120358.00 uJdram_socket_0, 33196631.00 uJcore_socket_0, 0.00 uJuncore_socket_0, 0.00 uJpsys_socket_0, 66.00 degCCpu_socket_0

// AfterActualRun
WorkloadResult   1: 205072 op, 1002278339.00 ns, 4.8874 us/op, 39916768.00 uJpkg_socket_0, 1128598.00 uJdram_socket_0, 33378882.00 uJcore_socket_0, 0.00 uJuncore_socket_0, 0.00 uJpsys_socket_0, 65.00 degCCpu_socket_0
WorkloadResult   2: 205072 op, 995575345.00 ns, 4.8548 us/op, 39463034.00 uJpkg_socket_0, 1127744.00 uJdram_socket_0, 33021217.00 uJcore_socket_0, 0.00 uJuncore_socket_0, 0.00 uJpsys_socket_0, 66.50 degCCpu_socket_0
WorkloadResult   3: 205072 op, 1000114398.00 ns, 4.8769 us/op, 39605916.00 uJpkg_socket_0, 1131223.00 uJdram_socket_0, 33157019.00 uJcore_socket_0, 0.00 uJuncore_socket_0, 0.00 uJpsys_socket_0, 66.00 degCCpu_socket_0
WorkloadResult   4: 205072 op, 1006289846.00 ns, 4.9070 us/op, 39888265.00 uJpkg_socket_0, 1141720.00 uJdram_socket_0, 33367712.00 uJcore_socket_0, 0.00 uJuncore_socket_0, 0.00 uJpsys_socket_0, 65.50 degCCpu_socket_0
WorkloadResult   5: 205072 op, 1003346116.00 ns, 4.8927 us/op, 39803121.00 uJpkg_socket_0, 1137998.00 uJdram_socket_0, 33299048.00 uJcore_socket_0, 0.00 uJuncore_socket_0, 0.00 uJpsys_socket_0, 65.50 degCCpu_socket_0
WorkloadResult   6: 205072 op, 999658208.00 ns, 4.8747 us/op, 39874410.00 uJpkg_socket_0, 1134274.00 uJdram_socket_0, 33416846.00 uJcore_socket_0, 0.00 uJuncore_socket_0, 0.00 uJpsys_socket_0, 66.00 degCCpu_socket_0
WorkloadResult   7: 205072 op, 1001591247.00 ns, 4.8841 us/op, 39727621.00 uJpkg_socket_0, 1134640.00 uJdram_socket_0, 33251807.00 uJcore_socket_0, 0.00 uJuncore_socket_0, 0.00 uJpsys_socket_0, 65.50 degCCpu_socket_0
WorkloadResult   8: 205072 op, 1004265628.00 ns, 4.8971 us/op, 39861104.00 uJpkg_socket_0, 1140134.00 uJdram_socket_0, 33311865.00 uJcore_socket_0, 0.00 uJuncore_socket_0, 0.00 uJpsys_socket_0, 66.00 degCCpu_socket_0
WorkloadResult   9: 205072 op, 993727238.00 ns, 4.8457 us/op, 39394736.00 uJpkg_socket_0, 1115049.00 uJdram_socket_0, 32936623.00 uJcore_socket_0, 0.00 uJuncore_socket_0, 0.00 uJpsys_socket_0, 66.50 degCCpu_socket_0
WorkloadResult  10: 205072 op, 1000406186.00 ns, 4.8783 us/op, 39640279.00 uJpkg_socket_0, 1122068.00 uJdram_socket_0, 33165138.00 uJcore_socket_0, 0.00 uJuncore_socket_0, 0.00 uJpsys_socket_0, 66.00 degCCpu_socket_0
WorkloadResult  11: 205072 op, 1000462991.00 ns, 4.8786 us/op, 39711874.00 uJpkg_socket_0, 1123593.00 uJdram_socket_0, 33188758.00 uJcore_socket_0, 0.00 uJuncore_socket_0, 0.00 uJpsys_socket_0, 65.50 degCCpu_socket_0
WorkloadResult  12: 205072 op, 1002151749.00 ns, 4.8868 us/op, 39756978.00 uJpkg_socket_0, 1123898.00 uJdram_socket_0, 33260169.00 uJcore_socket_0, 0.00 uJuncore_socket_0, 0.00 uJpsys_socket_0, 66.00 degCCpu_socket_0
WorkloadResult  13: 205072 op, 998280541.00 ns, 4.8680 us/op, 39588827.00 uJpkg_socket_0, 1119626.00 uJdram_socket_0, 33121376.00 uJcore_socket_0, 0.00 uJuncore_socket_0, 0.00 uJpsys_socket_0, 66.00 degCCpu_socket_0
WorkloadResult  14: 205072 op, 997021991.00 ns, 4.8618 us/op, 39556723.00 uJpkg_socket_0, 1117429.00 uJdram_socket_0, 33090370.00 uJcore_socket_0, 0.00 uJuncore_socket_0, 0.00 uJpsys_socket_0, 65.50 degCCpu_socket_0
WorkloadResult  15: 205072 op, 999371088.00 ns, 4.8733 us/op, 39666341.00 uJpkg_socket_0, 1120358.00 uJdram_socket_0, 33196631.00 uJcore_socket_0, 0.00 uJuncore_socket_0, 0.00 uJpsys_socket_0, 66.00 degCCpu_socket_0

// AfterAll
// Benchmark Process 1056850 has exited with code 0.

Mean = 4.878 μs, StdErr = 0.004 μs (0.08%), N = 15, StdDev = 0.016 μs
Min = 4.846 μs, Q1 = 4.871 μs, Median = 4.878 μs, Q3 = 4.887 μs, Max = 4.907 μs
IQR = 0.017 μs, LowerFence = 4.846 μs, UpperFence = 4.912 μs
ConfidenceInterval = [4.861 μs; 4.895 μs] (CI 99.9%), Margin = 0.017 μs (0.35% of Mean)
Skewness = -0.21, Kurtosis = 2.36, MValue = 2

// ** Remained 0 (0.0 %) benchmark(s) to run. Estimated finish 2026-05-27 13:41 (0h 0m from now) **
// ***** BenchmarkRunner: Finish  *****

// * Export *
  BenchmarkArtifacts/results/JsonBench.Benchmarks.SmokeBenchByte-report.csv
  BenchmarkArtifacts/results/JsonBench.Benchmarks.SmokeBenchByte-report-github.md
  BenchmarkArtifacts/results/JsonBench.Benchmarks.SmokeBenchByte-report.html
  BenchmarkArtifacts/results/JsonBench.Benchmarks.SmokeBenchByte-measurements.csv

// * Detailed results *
SmokeBenchByte.SpanJson_Deser: Energy(OutlierMode=DontRemove, IterationTime=1s)
Runtime = .NET 10.0.8 (10.0.8, 10.0.826.23019), X64 RyuJIT x86-64-v3; GC = Concurrent Workstation
Mean = 5.284 μs, StdErr = 0.006 μs (0.11%), N = 15, StdDev = 0.023 μs
Min = 5.269 μs, Q1 = 5.269 μs, Median = 5.285 μs, Q3 = 5.290 μs, Max = 5.359 μs
IQR = 0.020 μs, LowerFence = 5.238 μs, UpperFence = 5.320 μs
ConfidenceInterval = [5.260 μs; 5.309 μs] (CI 99.9%), Margin = 0.024 μs (0.46% of Mean)
Skewness = 2.21, Kurtosis = 7.75, MValue = 2
-------------------- Histogram --------------------
[5.257 μs ; 5.371 μs) | @@@@@@@@@@@@@@@
---------------------------------------------------

SmokeBenchByte.STJRefGen_Deser: Energy(OutlierMode=DontRemove, IterationTime=1s)
Runtime = .NET 10.0.8 (10.0.8, 10.0.826.23019), X64 RyuJIT x86-64-v3; GC = Concurrent Workstation
Mean = 7.060 μs, StdErr = 0.001 μs (0.02%), N = 15, StdDev = 0.005 μs
Min = 7.054 μs, Q1 = 7.056 μs, Median = 7.060 μs, Q3 = 7.064 μs, Max = 7.069 μs
IQR = 0.008 μs, LowerFence = 7.044 μs, UpperFence = 7.076 μs
ConfidenceInterval = [7.055 μs; 7.065 μs] (CI 99.9%), Margin = 0.005 μs (0.07% of Mean)
Skewness = 0.14, Kurtosis = 1.72, MValue = 2
-------------------- Histogram --------------------
[7.051 μs ; 7.071 μs) | @@@@@@@@@@@@@@@
---------------------------------------------------

SmokeBenchByte.STJSrcGen_Deser: Energy(OutlierMode=DontRemove, IterationTime=1s)
Runtime = .NET 10.0.8 (10.0.8, 10.0.826.23019), X64 RyuJIT x86-64-v3; GC = Concurrent Workstation
Mean = 7.089 μs, StdErr = 0.007 μs (0.10%), N = 15, StdDev = 0.026 μs
Min = 7.049 μs, Q1 = 7.064 μs, Median = 7.098 μs, Q3 = 7.112 μs, Max = 7.123 μs
IQR = 0.048 μs, LowerFence = 6.992 μs, UpperFence = 7.184 μs
ConfidenceInterval = [7.061 μs; 7.117 μs] (CI 99.9%), Margin = 0.028 μs (0.40% of Mean)
Skewness = -0.12, Kurtosis = 1.19, MValue = 2
-------------------- Histogram --------------------
[7.035 μs ; 7.137 μs) | @@@@@@@@@@@@@@@
---------------------------------------------------

SmokeBenchByte.Utf8Json_Deser: Energy(OutlierMode=DontRemove, IterationTime=1s)
Runtime = .NET 10.0.8 (10.0.8, 10.0.826.23019), X64 RyuJIT x86-64-v3; GC = Concurrent Workstation
Mean = 7.658 μs, StdErr = 0.000 μs (0.01%), N = 15, StdDev = 0.002 μs
Min = 7.655 μs, Q1 = 7.657 μs, Median = 7.658 μs, Q3 = 7.659 μs, Max = 7.660 μs
IQR = 0.003 μs, LowerFence = 7.653 μs, UpperFence = 7.663 μs
ConfidenceInterval = [7.656 μs; 7.660 μs] (CI 99.9%), Margin = 0.002 μs (0.02% of Mean)
Skewness = -0.25, Kurtosis = 1.62, MValue = 2
-------------------- Histogram --------------------
[7.654 μs ; 7.661 μs) | @@@@@@@@@@@@@@@
---------------------------------------------------

SmokeBenchByte.Newtonsoft_Deser: Energy(OutlierMode=DontRemove, IterationTime=1s)
Runtime = .NET 10.0.8 (10.0.8, 10.0.826.23019), X64 RyuJIT x86-64-v3; GC = Concurrent Workstation
Mean = 13.339 μs, StdErr = 0.004 μs (0.03%), N = 15, StdDev = 0.015 μs
Min = 13.322 μs, Q1 = 13.331 μs, Median = 13.334 μs, Q3 = 13.341 μs, Max = 13.381 μs
IQR = 0.009 μs, LowerFence = 13.317 μs, UpperFence = 13.355 μs
ConfidenceInterval = [13.323 μs; 13.356 μs] (CI 99.9%), Margin = 0.016 μs (0.12% of Mean)
Skewness = 1.43, Kurtosis = 4.42, MValue = 2
-------------------- Histogram --------------------
[13.314 μs ; 13.389 μs) | @@@@@@@@@@@@@@@
---------------------------------------------------

SmokeBenchByte.STJSrcGen_Ser: Energy(OutlierMode=DontRemove, IterationTime=1s)
Runtime = .NET 10.0.8 (10.0.8, 10.0.826.23019), X64 RyuJIT x86-64-v3; GC = Concurrent Workstation
Mean = 2.589 μs, StdErr = 0.001 μs (0.05%), N = 15, StdDev = 0.005 μs
Min = 2.585 μs, Q1 = 2.586 μs, Median = 2.587 μs, Q3 = 2.591 μs, Max = 2.601 μs
IQR = 0.005 μs, LowerFence = 2.578 μs, UpperFence = 2.598 μs
ConfidenceInterval = [2.584 μs; 2.594 μs] (CI 99.9%), Margin = 0.005 μs (0.19% of Mean)
Skewness = 1.27, Kurtosis = 3.6, MValue = 2
-------------------- Histogram --------------------
[2.582 μs ; 2.603 μs) | @@@@@@@@@@@@@@@
---------------------------------------------------

SmokeBenchByte.STJRefGen_Ser: Energy(OutlierMode=DontRemove, IterationTime=1s)
Runtime = .NET 10.0.8 (10.0.8, 10.0.826.23019), X64 RyuJIT x86-64-v3; GC = Concurrent Workstation
Mean = 3.734 μs, StdErr = 0.001 μs (0.02%), N = 15, StdDev = 0.002 μs
Min = 3.731 μs, Q1 = 3.732 μs, Median = 3.733 μs, Q3 = 3.736 μs, Max = 3.738 μs
IQR = 0.005 μs, LowerFence = 3.725 μs, UpperFence = 3.743 μs
ConfidenceInterval = [3.731 μs; 3.737 μs] (CI 99.9%), Margin = 0.003 μs (0.07% of Mean)
Skewness = 0.29, Kurtosis = 1.45, MValue = 2
-------------------- Histogram --------------------
[3.729 μs ; 3.739 μs) | @@@@@@@@@@@@@@@
---------------------------------------------------

SmokeBenchByte.Utf8Json_Ser: Energy(OutlierMode=DontRemove, IterationTime=1s)
Runtime = .NET 10.0.8 (10.0.8, 10.0.826.23019), X64 RyuJIT x86-64-v3; GC = Concurrent Workstation
Mean = 4.878 μs, StdErr = 0.004 μs (0.08%), N = 15, StdDev = 0.016 μs
Min = 4.846 μs, Q1 = 4.871 μs, Median = 4.878 μs, Q3 = 4.887 μs, Max = 4.907 μs
IQR = 0.017 μs, LowerFence = 4.846 μs, UpperFence = 4.912 μs
ConfidenceInterval = [4.861 μs; 4.895 μs] (CI 99.9%), Margin = 0.017 μs (0.35% of Mean)
Skewness = -0.21, Kurtosis = 2.36, MValue = 2
-------------------- Histogram --------------------
[4.837 μs ; 4.916 μs) | @@@@@@@@@@@@@@@
---------------------------------------------------

SmokeBenchByte.SpanJson_Ser: Energy(OutlierMode=DontRemove, IterationTime=1s)
Runtime = .NET 10.0.8 (10.0.8, 10.0.826.23019), X64 RyuJIT x86-64-v3; GC = Concurrent Workstation
Mean = 5.032 μs, StdErr = 0.008 μs (0.16%), N = 15, StdDev = 0.031 μs
Min = 4.961 μs, Q1 = 5.019 μs, Median = 5.038 μs, Q3 = 5.045 μs, Max = 5.082 μs
IQR = 0.025 μs, LowerFence = 4.981 μs, UpperFence = 5.083 μs
ConfidenceInterval = [5.000 μs; 5.065 μs] (CI 99.9%), Margin = 0.033 μs (0.65% of Mean)
Skewness = -0.41, Kurtosis = 3.02, MValue = 2
-------------------- Histogram --------------------
[4.945 μs ; 5.088 μs) | @@@@@@@@@@@@@@@
---------------------------------------------------

SmokeBenchByte.Newtonsoft_Ser: Energy(OutlierMode=DontRemove, IterationTime=1s)
Runtime = .NET 10.0.8 (10.0.8, 10.0.826.23019), X64 RyuJIT x86-64-v3; GC = Concurrent Workstation
Mean = 8.401 μs, StdErr = 0.006 μs (0.07%), N = 15, StdDev = 0.023 μs
Min = 8.383 μs, Q1 = 8.394 μs, Median = 8.397 μs, Q3 = 8.399 μs, Max = 8.482 μs
IQR = 0.005 μs, LowerFence = 8.386 μs, UpperFence = 8.407 μs
ConfidenceInterval = [8.377 μs; 8.425 μs] (CI 99.9%), Margin = 0.024 μs (0.29% of Mean)
Skewness = 2.89, Kurtosis = 10.45, MValue = 2
-------------------- Histogram --------------------
[8.371 μs ; 8.494 μs) | @@@@@@@@@@@@@@@
---------------------------------------------------

// * Summary *

BenchmarkDotNet v0.15.5-develop (2026-05-27), Linux Ubuntu 24.04.4 LTS (Noble Numbat)
Intel Core i9-9900K CPU 3.60GHz (Max: 0.80GHz) (Coffee Lake), 1 CPU, 16 logical and 8 physical cores
.NET SDK 10.0.108
  [Host] : .NET 10.0.8 (10.0.8, 10.0.826.23019), X64 RyuJIT x86-64-v3
  Energy : .NET 10.0.8 (10.0.8, 10.0.826.23019), X64 RyuJIT x86-64-v3

Job=Energy  OutlierMode=DontRemove  IterationTime=1s  

| Method           | Mean      | Error     | StdDev    | Operations | Iterations | PkgE0 (uJ/op) | StdDev0 (uJ/op) | CV0 (%) | PkgE0 (uJ/iter) | DRAM E0 (uJ/op) | DRAM E0 (uJ/iter) | Core E0 (uJ/op) | Core E0 (uJ/iter) | Avg Temp0 (degC) |
|----------------- |----------:|----------:|----------:|-----------:|-----------:|--------------:|----------------:|--------:|----------------:|----------------:|------------------:|----------------:|------------------:|-----------------:|
| SpanJson_Deser   |  5.284 μs | 0.0242 μs | 0.0227 μs |    189,568 |      15.00 |     214.97 uj |         1.24 uj |    0.58 |  40751649.33 uj |         6.00 uj |     1137582.60 uj |       180.70 uj |    34254782.87 uj |            64.37 |
| STJRefGen_Deser  |  7.060 μs | 0.0050 μs | 0.0047 μs |    142,032 |      15.00 |     293.06 uj |         0.79 uj |    0.27 |  41623725.87 uj |         8.07 uj |     1146322.87 uj |       247.28 uj |    35121679.27 uj |            65.53 |
| STJSrcGen_Deser  |  7.089 μs | 0.0282 μs | 0.0264 μs |    141,872 |      15.00 |     295.37 uj |         1.98 uj |    0.67 |  41905113.13 uj |         8.16 uj |     1157508.53 uj |       249.42 uj |    35386355.60 uj |            65.70 |
| Utf8Json_Deser   |  7.658 μs | 0.0018 μs | 0.0017 μs |    130,608 |      15.00 |     324.97 uj |         0.72 uj |    0.22 |  42443482.67 uj |         8.73 uj |     1140105.27 uj |       275.30 uj |    35956031.87 uj |            69.43 |
| Newtonsoft_Deser | 13.339 μs | 0.0161 μs | 0.0151 μs |     75,008 |      15.00 |     544.41 uj |         1.33 uj |    0.24 |  40834766.93 uj |        15.00 uj |     1125082.53 uj |       457.96 uj |    34350941.60 uj |            64.53 |
|                  |           |           |           |            |            |               |                 |         |                 |                 |                   |                 |                   |                  |
| STJSrcGen_Ser    |  2.589 μs | 0.0050 μs | 0.0046 μs |    385,984 |      15.00 |     113.06 uj |         0.29 uj |    0.26 |  43640850.93 uj |         2.93 uj |     1129944.87 uj |        96.26 uj |    37154401.13 uj |            71.47 |
| STJRefGen_Ser    |  3.734 μs | 0.0026 μs | 0.0025 μs |    268,256 |      15.00 |     163.46 uj |         0.41 uj |    0.25 |  43848609.87 uj |         4.26 uj |     1142933.40 uj |       139.24 uj |    37350950.20 uj |            70.43 |
| Utf8Json_Ser     |  4.878 μs | 0.0172 μs | 0.0160 μs |    205,072 |      15.00 |     193.58 uj |         0.77 uj |    0.40 |  39697066.47 uj |         5.50 uj |     1127890.13 uj |       161.95 uj |    33210897.40 uj |            65.83 |
| SpanJson_Ser     |  5.032 μs | 0.0327 μs | 0.0306 μs |    199,024 |      15.00 |     198.99 uj |         1.36 uj |    0.68 |  39602844.80 uj |         5.67 uj |     1127873.80 uj |       166.37 uj |    33110840.53 uj |            64.80 |
| Newtonsoft_Ser   |  8.401 μs | 0.0244 μs | 0.0229 μs |    119,424 |      15.00 |     354.88 uj |         0.48 uj |    0.14 |  42380942.13 uj |         9.77 uj |     1166911.87 uj |       300.38 uj |    35873007.73 uj |            67.63 |

// * Hints *
Outliers
  SmokeBenchByte.SpanJson_Deser: Energy   -> 1 outlier  was  detected (5.36 μs)
  SmokeBenchByte.Newtonsoft_Deser: Energy -> 2 outliers were detected (13.36 μs, 13.38 μs)
  SmokeBenchByte.STJSrcGen_Ser: Energy    -> 1 outlier  was  detected (2.61 μs)
  SmokeBenchByte.Utf8Json_Ser: Energy     -> 1 outlier  was  detected (4.85 μs)
  SmokeBenchByte.SpanJson_Ser: Energy     -> 1 outlier  was  detected (4.96 μs)
  SmokeBenchByte.Newtonsoft_Ser: Energy   -> 2 outliers were detected (8.39 μs, 8.48 μs)

// * Legends *
  Mean              : Arithmetic mean of all measurements
  Error             : Half of 99.9% confidence interval
  StdDev            : Standard deviation of all measurements
  Operations        : Actual invocations per measured iteration (from measurements)
  Iterations        : Number of target iterations
  PkgE0 (uJ/op)     : Average CPU package energy consumed per operation (uJ) on socket 0.
  StdDev0 (uJ/op)   : Standard deviation of package energy per operation (uJ/op) on socket 0.
  CV0 (%)           : Coefficient of variation of package energy per operation (%) on socket 0.
  PkgE0 (uJ/iter)   : Average CPU package energy consumed per benchmark iteration (uJ) on socket 0.
  DRAM E0 (uJ/op)   : Average DRAM energy consumed per operation (uJ) on socket 0.
  DRAM E0 (uJ/iter) : Average DRAM energy consumed per benchmark iteration (uJ) on socket 0.
  Core E0 (uJ/op)   : Average CPU core energy consumed per operation (uJ) on socket 0.
  Core E0 (uJ/iter) : Average CPU core energy consumed per benchmark iteration (uJ) on socket 0.
  Avg Temp0 (degC)  : Average CPU temperature per benchmark iteration (Celsius degrees) on socket 0.
  1 μs              : 1 Microsecond (0.000001 sec)

// * Diagnostic Output - EnergyDiagnoser *


// ***** BenchmarkRunner: End *****
Run time: 00:05:25 (325.71 sec), executed benchmarks: 10

Global total time: 00:05:31 (331.39 sec), executed benchmarks: 10
// * Artifacts cleanup *
Artifacts cleanup is finished
