// Validating benchmarks:
// ***** BenchmarkRunner: Start   *****
// ***** Found 10 benchmark(s) in total *****
// ***** Building 1 exe(s) in Parallel: Start   *****
// start dotnet  restore --nodeReuse:false /p:UseSharedCompilation=false /p:Deterministic=true /p:Optimize=true /p:ArtifactsPath="/home/test/json-energy-bench/JsonBench/bin/Release/net10.0/JsonBench-Energy-1/" /p:OutDir="/home/test/json-energy-bench/JsonBench/bin/Release/net10.0/JsonBench-Energy-1/bin/Release/net10.0/" /p:OutputPath="/home/test/json-energy-bench/JsonBench/bin/Release/net10.0/JsonBench-Energy-1/bin/Release/net10.0/" /p:PublishDir="/home/test/json-energy-bench/JsonBench/bin/Release/net10.0/JsonBench-Energy-1/publish/" in /home/test/json-energy-bench/JsonBench/bin/Release/net10.0/JsonBench-Energy-1
// command took 1.3 sec and exited with 0
// start dotnet  build -c Release --no-restore --nodeReuse:false /p:UseSharedCompilation=false /p:Deterministic=true /p:Optimize=true /p:ArtifactsPath="/home/test/json-energy-bench/JsonBench/bin/Release/net10.0/JsonBench-Energy-1/" /p:OutDir="/home/test/json-energy-bench/JsonBench/bin/Release/net10.0/JsonBench-Energy-1/bin/Release/net10.0/" /p:OutputPath="/home/test/json-energy-bench/JsonBench/bin/Release/net10.0/JsonBench-Energy-1/bin/Release/net10.0/" /p:PublishDir="/home/test/json-energy-bench/JsonBench/bin/Release/net10.0/JsonBench-Energy-1/publish/" --output "/home/test/json-energy-bench/JsonBench/bin/Release/net10.0/JsonBench-Energy-1/bin/Release/net10.0/" in /home/test/json-energy-bench/JsonBench/bin/Release/net10.0/JsonBench-Energy-1
// command took 4.11 sec and exited with 0
// ***** Done, took 00:00:05 (5.47 sec)   *****
// Found 10 benchmarks:
//   SmokeBenchByte.STJRefGen_Deser: Energy(OutlierMode=DontRemove, IterationTime=1s)
//   SmokeBenchByte.STJSrcGen_Deser: Energy(OutlierMode=DontRemove, IterationTime=1s)
//   SmokeBenchByte.Newtonsoft_Deser: Energy(OutlierMode=DontRemove, IterationTime=1s)
//   SmokeBenchByte.SpanJson_Deser: Energy(OutlierMode=DontRemove, IterationTime=1s)
//   SmokeBenchByte.Utf8Json_Deser: Energy(OutlierMode=DontRemove, IterationTime=1s)
//   SmokeBenchByte.STJRefGen_Ser: Energy(OutlierMode=DontRemove, IterationTime=1s)
//   SmokeBenchByte.STJSrcGen_Ser: Energy(OutlierMode=DontRemove, IterationTime=1s)
//   SmokeBenchByte.Newtonsoft_Ser: Energy(OutlierMode=DontRemove, IterationTime=1s)
//   SmokeBenchByte.SpanJson_Ser: Energy(OutlierMode=DontRemove, IterationTime=1s)
//   SmokeBenchByte.Utf8Json_Ser: Energy(OutlierMode=DontRemove, IterationTime=1s)

// **************************
// Benchmark: SmokeBenchByte.STJRefGen_Deser: Energy(OutlierMode=DontRemove, IterationTime=1s)
// *** Execute ***
// Launch: 1 / 1
// Execute: dotnet JsonBench-Energy-1.dll --anonymousPipes 160 161 --benchmarkName JsonBench.Benchmarks.SmokeBenchByte.STJRefGen_Deser --job Energy --benchmarkId 0 in /home/test/json-energy-bench/JsonBench/bin/Release/net10.0/JsonBench-Energy-1/bin/Release/net10.0
// BeforeAnythingElse

// Benchmark Process Environment Information:
// BenchmarkDotNet v0.15.5-develop (2026-05-26)
// Runtime=.NET 10.0.8 (10.0.8, 10.0.826.23019), X64 RyuJIT x86-64-v3
// GC=Concurrent Workstation
// HardwareIntrinsics=AVX2+BMI1+BMI2+F16C+FMA+LZCNT+MOVBE,AVX,SSE3+SSSE3+SSE4.1+SSE4.2+POPCNT,X86Base+SSE+SSE2,AES+PCLMUL VectorSize=256
// Job: Energy(OutlierMode=DontRemove, IterationTime=1s)

OverheadJitting  1: 1 op, 184273.00 ns, 184.2730 us/op
WorkloadJitting  1: 1 op, 262411.00 ns, 262.4110 us/op

OverheadJitting  2: 16 op, 493227.00 ns, 30.8267 us/op
WorkloadJitting  2: 16 op, 818007.00 ns, 51.1254 us/op

WorkloadPilot    1: 16 op, 284683.00 ns, 17.7927 us/op
WorkloadPilot    2: 56208 op, 721963864.00 ns, 12.8445 us/op
WorkloadPilot    3: 77856 op, 682242939.00 ns, 8.7629 us/op
WorkloadPilot    4: 114128 op, 938638919.00 ns, 8.2244 us/op
WorkloadPilot    5: 121600 op, 1127681099.00 ns, 9.2737 us/op
WorkloadPilot    6: 107840 op, 992717770.00 ns, 9.2055 us/op
WorkloadPilot    7: 108640 op, 855983144.00 ns, 7.8791 us/op
WorkloadPilot    8: 126928 op, 996972311.00 ns, 7.8546 us/op
WorkloadPilot    9: 127328 op, 974032945.00 ns, 7.6498 us/op
WorkloadPilot   10: 130736 op, 1002199969.00 ns, 7.6658 us/op
WorkloadPilot   11: 130464 op, 992181761.00 ns, 7.6050 us/op
WorkloadPilot   12: 131504 op, 1001445364.00 ns, 7.6153 us/op

OverheadWarmup   1: 131504 op, 448885.00 ns, 3.4135 ns/op
OverheadWarmup   2: 131504 op, 453336.00 ns, 3.4473 ns/op
OverheadWarmup   3: 131504 op, 449549.00 ns, 3.4185 ns/op
OverheadWarmup   4: 131504 op, 452606.00 ns, 3.4418 ns/op
OverheadWarmup   5: 131504 op, 485106.00 ns, 3.6889 ns/op
OverheadWarmup   6: 131504 op, 485479.00 ns, 3.6917 ns/op
OverheadWarmup   7: 131504 op, 483446.00 ns, 3.6763 ns/op

OverheadActual   1: 131504 op, 448566.00 ns, 3.4110 ns/op
OverheadActual   2: 131504 op, 448509.00 ns, 3.4106 ns/op
OverheadActual   3: 131504 op, 486930.00 ns, 3.7028 ns/op
OverheadActual   4: 131504 op, 488821.00 ns, 3.7172 ns/op
OverheadActual   5: 131504 op, 483644.00 ns, 3.6778 ns/op
OverheadActual   6: 131504 op, 446658.00 ns, 3.3965 ns/op
OverheadActual   7: 131504 op, 446156.00 ns, 3.3927 ns/op
OverheadActual   8: 131504 op, 449486.00 ns, 3.4180 ns/op
OverheadActual   9: 131504 op, 483452.00 ns, 3.6763 ns/op
OverheadActual  10: 131504 op, 486578.00 ns, 3.7001 ns/op
OverheadActual  11: 131504 op, 449969.00 ns, 3.4217 ns/op
OverheadActual  12: 131504 op, 445621.00 ns, 3.3886 ns/op
OverheadActual  13: 131504 op, 448383.00 ns, 3.4097 ns/op
OverheadActual  14: 131504 op, 490360.00 ns, 3.7289 ns/op
OverheadActual  15: 131504 op, 484454.00 ns, 3.6839 ns/op

WorkloadWarmup   1: 131504 op, 1206129334.00 ns, 9.1718 us/op
WorkloadWarmup   2: 131504 op, 1097609113.00 ns, 8.3466 us/op
WorkloadWarmup   3: 131504 op, 1011613017.00 ns, 7.6926 us/op
WorkloadWarmup   4: 131504 op, 1007031747.00 ns, 7.6578 us/op
WorkloadWarmup   5: 131504 op, 1006372002.00 ns, 7.6528 us/op
WorkloadWarmup   6: 131504 op, 1138979916.00 ns, 8.6612 us/op
WorkloadWarmup   7: 131504 op, 1005164457.00 ns, 7.6436 us/op
WorkloadWarmup   8: 131504 op, 1005420862.00 ns, 7.6456 us/op
WorkloadWarmup   9: 131504 op, 1004941265.00 ns, 7.6419 us/op

// BeforeActualRun
WorkloadActual   1: 131504 op, 1002935656.00 ns, 7.6267 us/op
WorkloadActual   2: 131504 op, 1212258613.00 ns, 9.2184 us/op
WorkloadActual   3: 131504 op, 1038751649.00 ns, 7.8990 us/op
WorkloadActual   4: 131504 op, 1005684755.00 ns, 7.6476 us/op
WorkloadActual   5: 131504 op, 1031273020.00 ns, 7.8421 us/op
WorkloadActual   6: 131504 op, 1005157140.00 ns, 7.6435 us/op
WorkloadActual   7: 131504 op, 1132398817.00 ns, 8.6111 us/op
WorkloadActual   8: 131504 op, 1007286840.00 ns, 7.6597 us/op
WorkloadActual   9: 131504 op, 1007768387.00 ns, 7.6634 us/op
WorkloadActual  10: 131504 op, 1002648719.00 ns, 7.6245 us/op
WorkloadActual  11: 131504 op, 1041360113.00 ns, 7.9188 us/op
WorkloadActual  12: 131504 op, 1142179733.00 ns, 8.6855 us/op
WorkloadActual  13: 131504 op, 1066094909.00 ns, 8.1069 us/op
WorkloadActual  14: 131504 op, 1033596585.00 ns, 7.8598 us/op
WorkloadActual  15: 131504 op, 1039919566.00 ns, 7.9079 us/op
WorkloadActual  16: 131504 op, 1011331718.00 ns, 7.6905 us/op
WorkloadActual  17: 131504 op, 1058244918.00 ns, 8.0472 us/op
WorkloadActual  18: 131504 op, 1082545036.00 ns, 8.2320 us/op
WorkloadActual  19: 131504 op, 1008757072.00 ns, 7.6709 us/op
WorkloadActual  20: 131504 op, 1007529017.00 ns, 7.6616 us/op
WorkloadActual  21: 131504 op, 1074108391.00 ns, 8.1679 us/op
WorkloadActual  22: 131504 op, 1111594360.00 ns, 8.4529 us/op
WorkloadActual  23: 131504 op, 1068365716.00 ns, 8.1242 us/op
WorkloadActual  24: 131504 op, 1009120372.00 ns, 7.6737 us/op
WorkloadActual  25: 131504 op, 1006029893.00 ns, 7.6502 us/op
WorkloadActual  26: 131504 op, 1056611175.00 ns, 8.0348 us/op
WorkloadActual  27: 131504 op, 997009057.00 ns, 7.5816 us/op
WorkloadActual  28: 131504 op, 1105264990.00 ns, 8.4048 us/op
WorkloadActual  29: 131504 op, 1005898750.00 ns, 7.6492 us/op
WorkloadActual  30: 131504 op, 1009496719.00 ns, 7.6765 us/op
WorkloadActual  31: 131504 op, 1041479258.00 ns, 7.9198 us/op
WorkloadActual  32: 131504 op, 1008664337.00 ns, 7.6702 us/op
WorkloadActual  33: 131504 op, 1147510859.00 ns, 8.7261 us/op
WorkloadActual  34: 131504 op, 1012996700.00 ns, 7.7032 us/op
WorkloadActual  35: 131504 op, 1005690006.00 ns, 7.6476 us/op
WorkloadActual  36: 131504 op, 1004731094.00 ns, 7.6403 us/op
WorkloadActual  37: 131504 op, 1002523818.00 ns, 7.6235 us/op
WorkloadActual  38: 131504 op, 1104388964.00 ns, 8.3981 us/op
WorkloadActual  39: 131504 op, 1007368584.00 ns, 7.6604 us/op
WorkloadActual  40: 131504 op, 1025949837.00 ns, 7.8017 us/op
WorkloadActual  41: 131504 op, 1086048890.00 ns, 8.2587 us/op
WorkloadActual  42: 131504 op, 1033778030.00 ns, 7.8612 us/op
WorkloadActual  43: 131504 op, 1105955893.00 ns, 8.4101 us/op
WorkloadActual  44: 131504 op, 1002152799.00 ns, 7.6207 us/op
WorkloadActual  45: 131504 op, 1004422431.00 ns, 7.6380 us/op
WorkloadActual  46: 131504 op, 1004905796.00 ns, 7.6416 us/op
WorkloadActual  47: 131504 op, 1005418045.00 ns, 7.6455 us/op
WorkloadActual  48: 131504 op, 1116788214.00 ns, 8.4924 us/op
WorkloadActual  49: 131504 op, 1007487641.00 ns, 7.6613 us/op
WorkloadActual  50: 131504 op, 1131576349.00 ns, 8.6049 us/op
WorkloadActual  51: 131504 op, 1001638832.00 ns, 7.6168 us/op
WorkloadActual  52: 131504 op, 1001027918.00 ns, 7.6121 us/op
WorkloadActual  53: 131504 op, 1109942092.00 ns, 8.4404 us/op
WorkloadActual  54: 131504 op, 995804204.00 ns, 7.5724 us/op
WorkloadActual  55: 131504 op, 1002858218.00 ns, 7.6261 us/op
WorkloadActual  56: 131504 op, 1004644151.00 ns, 7.6396 us/op
WorkloadActual  57: 131504 op, 1034666833.00 ns, 7.8679 us/op
WorkloadActual  58: 131504 op, 1125768027.00 ns, 8.5607 us/op
WorkloadActual  59: 131504 op, 1022056753.00 ns, 7.7721 us/op
WorkloadActual  60: 131504 op, 1041180620.00 ns, 7.9175 us/op
WorkloadActual  61: 131504 op, 1005599338.00 ns, 7.6469 us/op
WorkloadActual  62: 131504 op, 1027241110.00 ns, 7.8115 us/op
WorkloadActual  63: 131504 op, 1136971137.00 ns, 8.6459 us/op
WorkloadActual  64: 131504 op, 994831137.00 ns, 7.5650 us/op
WorkloadActual  65: 131504 op, 972477060.00 ns, 7.3950 us/op
WorkloadActual  66: 131504 op, 1002204340.00 ns, 7.6211 us/op
WorkloadActual  67: 131504 op, 1001931644.00 ns, 7.6190 us/op
WorkloadActual  68: 131504 op, 1040171994.00 ns, 7.9098 us/op
WorkloadActual  69: 131504 op, 1121982086.00 ns, 8.5319 us/op
WorkloadActual  70: 131504 op, 1018070057.00 ns, 7.7417 us/op

// AfterActualRun
WorkloadResult   1: 131504 op, 1002485687.00 ns, 7.6232 us/op
WorkloadResult   2: 131504 op, 1211808644.00 ns, 9.2150 us/op
WorkloadResult   3: 131504 op, 1038301680.00 ns, 7.8956 us/op
WorkloadResult   4: 131504 op, 1005234786.00 ns, 7.6441 us/op
WorkloadResult   5: 131504 op, 1030823051.00 ns, 7.8387 us/op
WorkloadResult   6: 131504 op, 1004707171.00 ns, 7.6401 us/op
WorkloadResult   7: 131504 op, 1131948848.00 ns, 8.6077 us/op
WorkloadResult   8: 131504 op, 1006836871.00 ns, 7.6563 us/op
WorkloadResult   9: 131504 op, 1007318418.00 ns, 7.6600 us/op
WorkloadResult  10: 131504 op, 1002198750.00 ns, 7.6211 us/op
WorkloadResult  11: 131504 op, 1040910144.00 ns, 7.9154 us/op
WorkloadResult  12: 131504 op, 1141729764.00 ns, 8.6821 us/op
WorkloadResult  13: 131504 op, 1065644940.00 ns, 8.1035 us/op
WorkloadResult  14: 131504 op, 1033146616.00 ns, 7.8564 us/op
WorkloadResult  15: 131504 op, 1039469597.00 ns, 7.9045 us/op
WorkloadResult  16: 131504 op, 1010881749.00 ns, 7.6871 us/op
WorkloadResult  17: 131504 op, 1057794949.00 ns, 8.0438 us/op
WorkloadResult  18: 131504 op, 1082095067.00 ns, 8.2286 us/op
WorkloadResult  19: 131504 op, 1008307103.00 ns, 7.6675 us/op
WorkloadResult  20: 131504 op, 1007079048.00 ns, 7.6582 us/op
WorkloadResult  21: 131504 op, 1073658422.00 ns, 8.1645 us/op
WorkloadResult  22: 131504 op, 1111144391.00 ns, 8.4495 us/op
WorkloadResult  23: 131504 op, 1067915747.00 ns, 8.1208 us/op
WorkloadResult  24: 131504 op, 1008670403.00 ns, 7.6703 us/op
WorkloadResult  25: 131504 op, 1005579924.00 ns, 7.6468 us/op
WorkloadResult  26: 131504 op, 1056161206.00 ns, 8.0314 us/op
WorkloadResult  27: 131504 op, 996559088.00 ns, 7.5782 us/op
WorkloadResult  28: 131504 op, 1104815021.00 ns, 8.4014 us/op
WorkloadResult  29: 131504 op, 1005448781.00 ns, 7.6458 us/op
WorkloadResult  30: 131504 op, 1009046750.00 ns, 7.6731 us/op
WorkloadResult  31: 131504 op, 1041029289.00 ns, 7.9163 us/op
WorkloadResult  32: 131504 op, 1008214368.00 ns, 7.6668 us/op
WorkloadResult  33: 131504 op, 1147060890.00 ns, 8.7226 us/op
WorkloadResult  34: 131504 op, 1012546731.00 ns, 7.6997 us/op
WorkloadResult  35: 131504 op, 1005240037.00 ns, 7.6442 us/op
WorkloadResult  36: 131504 op, 1004281125.00 ns, 7.6369 us/op
WorkloadResult  37: 131504 op, 1002073849.00 ns, 7.6201 us/op
WorkloadResult  38: 131504 op, 1103938995.00 ns, 8.3947 us/op
WorkloadResult  39: 131504 op, 1006918615.00 ns, 7.6569 us/op
WorkloadResult  40: 131504 op, 1025499868.00 ns, 7.7982 us/op
WorkloadResult  41: 131504 op, 1085598921.00 ns, 8.2553 us/op
WorkloadResult  42: 131504 op, 1033328061.00 ns, 7.8578 us/op
WorkloadResult  43: 131504 op, 1105505924.00 ns, 8.4066 us/op
WorkloadResult  44: 131504 op, 1001702830.00 ns, 7.6173 us/op
WorkloadResult  45: 131504 op, 1003972462.00 ns, 7.6345 us/op
WorkloadResult  46: 131504 op, 1004455827.00 ns, 7.6382 us/op
WorkloadResult  47: 131504 op, 1004968076.00 ns, 7.6421 us/op
WorkloadResult  48: 131504 op, 1116338245.00 ns, 8.4890 us/op
WorkloadResult  49: 131504 op, 1007037672.00 ns, 7.6578 us/op
WorkloadResult  50: 131504 op, 1131126380.00 ns, 8.6015 us/op
WorkloadResult  51: 131504 op, 1001188863.00 ns, 7.6134 us/op
WorkloadResult  52: 131504 op, 1000577949.00 ns, 7.6087 us/op
WorkloadResult  53: 131504 op, 1109492123.00 ns, 8.4369 us/op
WorkloadResult  54: 131504 op, 995354235.00 ns, 7.5690 us/op
WorkloadResult  55: 131504 op, 1002408249.00 ns, 7.6226 us/op
WorkloadResult  56: 131504 op, 1004194182.00 ns, 7.6362 us/op
WorkloadResult  57: 131504 op, 1034216864.00 ns, 7.8645 us/op
WorkloadResult  58: 131504 op, 1125318058.00 ns, 8.5573 us/op
WorkloadResult  59: 131504 op, 1021606784.00 ns, 7.7686 us/op
WorkloadResult  60: 131504 op, 1040730651.00 ns, 7.9141 us/op
WorkloadResult  61: 131504 op, 1005149369.00 ns, 7.6435 us/op
WorkloadResult  62: 131504 op, 1026791141.00 ns, 7.8081 us/op
WorkloadResult  63: 131504 op, 1136521168.00 ns, 8.6425 us/op
WorkloadResult  64: 131504 op, 994381168.00 ns, 7.5616 us/op
WorkloadResult  65: 131504 op, 972027091.00 ns, 7.3916 us/op
WorkloadResult  66: 131504 op, 1001754371.00 ns, 7.6177 us/op
WorkloadResult  67: 131504 op, 1001481675.00 ns, 7.6156 us/op
WorkloadResult  68: 131504 op, 1039722025.00 ns, 7.9064 us/op
WorkloadResult  69: 131504 op, 1121532117.00 ns, 8.5285 us/op
WorkloadResult  70: 131504 op, 1017620088.00 ns, 7.7383 us/op

// AfterAll
// Benchmark Process 880397 has exited with code 0.

Mean = 7.916 μs, StdErr = 0.046 μs (0.58%), N = 70, StdDev = 0.384 μs
Min = 7.392 μs, Q1 = 7.641 μs, Median = 7.719 μs, Q3 = 8.116 μs, Max = 9.215 μs
IQR = 0.476 μs, LowerFence = 6.927 μs, UpperFence = 8.830 μs
ConfidenceInterval = [7.758 μs; 8.074 μs] (CI 99.9%), Margin = 0.158 μs (1.99% of Mean)
Skewness = 1.18, Kurtosis = 3.54, MValue = 2.25

// ** Remained 9 (90.0 %) benchmark(s) to run. Estimated finish 2026-05-26 11:30 (0h 15m from now) **
// **************************
// Benchmark: SmokeBenchByte.STJSrcGen_Deser: Energy(OutlierMode=DontRemove, IterationTime=1s)
// *** Execute ***
// Launch: 1 / 1
// Execute: dotnet JsonBench-Energy-1.dll --anonymousPipes 127 128 --benchmarkName JsonBench.Benchmarks.SmokeBenchByte.STJSrcGen_Deser --job Energy --benchmarkId 1 in /home/test/json-energy-bench/JsonBench/bin/Release/net10.0/JsonBench-Energy-1/bin/Release/net10.0
// BeforeAnythingElse

// Benchmark Process Environment Information:
// BenchmarkDotNet v0.15.5-develop (2026-05-26)
// Runtime=.NET 10.0.8 (10.0.8, 10.0.826.23019), X64 RyuJIT x86-64-v3
// GC=Concurrent Workstation
// HardwareIntrinsics=AVX2+BMI1+BMI2+F16C+FMA+LZCNT+MOVBE,AVX,SSE3+SSSE3+SSE4.1+SSE4.2+POPCNT,X86Base+SSE+SSE2,AES+PCLMUL VectorSize=256
// Job: Energy(OutlierMode=DontRemove, IterationTime=1s)

OverheadJitting  1: 1 op, 187898.00 ns, 187.8980 us/op
WorkloadJitting  1: 1 op, 8579721.00 ns, 8.5797 ms/op

OverheadJitting  2: 16 op, 504328.00 ns, 31.5205 us/op
WorkloadJitting  2: 16 op, 832322.00 ns, 52.0201 us/op

WorkloadPilot    1: 16 op, 339183.00 ns, 21.1989 us/op
WorkloadPilot    2: 47184 op, 648346862.00 ns, 13.7408 us/op
WorkloadPilot    3: 72784 op, 624776151.00 ns, 8.5840 us/op
WorkloadPilot    4: 116496 op, 921556235.00 ns, 7.9106 us/op
WorkloadPilot    5: 126416 op, 1138110179.00 ns, 9.0029 us/op
WorkloadPilot    6: 111088 op, 984849925.00 ns, 8.8655 us/op
WorkloadPilot    7: 112800 op, 843447536.00 ns, 7.4774 us/op
WorkloadPilot    8: 133744 op, 1042379733.00 ns, 7.7938 us/op
WorkloadPilot    9: 128320 op, 961811965.00 ns, 7.4954 us/op
WorkloadPilot   10: 133424 op, 987707213.00 ns, 7.4028 us/op
WorkloadPilot   11: 135088 op, 997335691.00 ns, 7.3829 us/op
WorkloadPilot   12: 135456 op, 1013075073.00 ns, 7.4790 us/op

OverheadWarmup   1: 135456 op, 463983.00 ns, 3.4253 ns/op
OverheadWarmup   2: 135456 op, 460589.00 ns, 3.4003 ns/op
OverheadWarmup   3: 135456 op, 501061.00 ns, 3.6991 ns/op
OverheadWarmup   4: 135456 op, 460369.00 ns, 3.3987 ns/op
OverheadWarmup   5: 135456 op, 460507.00 ns, 3.3997 ns/op
OverheadWarmup   6: 135456 op, 498485.00 ns, 3.6801 ns/op
OverheadWarmup   7: 135456 op, 495336.00 ns, 3.6568 ns/op

OverheadActual   1: 135456 op, 460678.00 ns, 3.4009 ns/op
OverheadActual   2: 135456 op, 460589.00 ns, 3.4003 ns/op
OverheadActual   3: 135456 op, 498965.00 ns, 3.6836 ns/op
OverheadActual   4: 135456 op, 498376.00 ns, 3.6792 ns/op
OverheadActual   5: 135456 op, 458786.00 ns, 3.3870 ns/op
OverheadActual   6: 135456 op, 459759.00 ns, 3.3942 ns/op
OverheadActual   7: 135456 op, 459714.00 ns, 3.3938 ns/op
OverheadActual   8: 135456 op, 499206.00 ns, 3.6854 ns/op
OverheadActual   9: 135456 op, 466437.00 ns, 3.4435 ns/op
OverheadActual  10: 135456 op, 460408.00 ns, 3.3989 ns/op
OverheadActual  11: 135456 op, 460363.00 ns, 3.3986 ns/op
OverheadActual  12: 135456 op, 463887.00 ns, 3.4246 ns/op
OverheadActual  13: 135456 op, 462607.00 ns, 3.4152 ns/op
OverheadActual  14: 135456 op, 460509.00 ns, 3.3997 ns/op
OverheadActual  15: 135456 op, 460124.00 ns, 3.3969 ns/op

WorkloadWarmup   1: 135456 op, 1110954789.00 ns, 8.2016 us/op
WorkloadWarmup   2: 135456 op, 1102059366.00 ns, 8.1359 us/op
WorkloadWarmup   3: 135456 op, 1008401785.00 ns, 7.4445 us/op
WorkloadWarmup   4: 135456 op, 1002644676.00 ns, 7.4020 us/op
WorkloadWarmup   5: 135456 op, 1009125666.00 ns, 7.4498 us/op
WorkloadWarmup   6: 135456 op, 1103250827.00 ns, 8.1447 us/op
WorkloadWarmup   7: 135456 op, 1010817258.00 ns, 7.4623 us/op
WorkloadWarmup   8: 135456 op, 1004765220.00 ns, 7.4177 us/op
WorkloadWarmup   9: 135456 op, 1006767104.00 ns, 7.4324 us/op
WorkloadWarmup  10: 135456 op, 1006688586.00 ns, 7.4318 us/op

// BeforeActualRun
WorkloadActual   1: 135456 op, 1114136881.00 ns, 8.2251 us/op
WorkloadActual   2: 135456 op, 1060820943.00 ns, 7.8315 us/op
WorkloadActual   3: 135456 op, 1039001785.00 ns, 7.6704 us/op
WorkloadActual   4: 135456 op, 1005899760.00 ns, 7.4260 us/op
WorkloadActual   5: 135456 op, 1011772758.00 ns, 7.4694 us/op
WorkloadActual   6: 135456 op, 1013280530.00 ns, 7.4805 us/op
WorkloadActual   7: 135456 op, 1128407793.00 ns, 8.3304 us/op
WorkloadActual   8: 135456 op, 1012017054.00 ns, 7.4712 us/op
WorkloadActual   9: 135456 op, 1010420948.00 ns, 7.4594 us/op
WorkloadActual  10: 135456 op, 1011585891.00 ns, 7.4680 us/op
WorkloadActual  11: 135456 op, 1075185530.00 ns, 7.9375 us/op
WorkloadActual  12: 135456 op, 1106304273.00 ns, 8.1673 us/op
WorkloadActual  13: 135456 op, 997597479.00 ns, 7.3647 us/op
WorkloadActual  14: 135456 op, 999421022.00 ns, 7.3782 us/op
WorkloadActual  15: 135456 op, 1002554724.00 ns, 7.4013 us/op
WorkloadActual  16: 135456 op, 1003109717.00 ns, 7.4054 us/op
WorkloadActual  17: 135456 op, 1109499267.00 ns, 8.1908 us/op
WorkloadActual  18: 135456 op, 1003265465.00 ns, 7.4066 us/op
WorkloadActual  19: 135456 op, 986201610.00 ns, 7.2806 us/op
WorkloadActual  20: 135456 op, 1020580470.00 ns, 7.5344 us/op
WorkloadActual  21: 135456 op, 1098159958.00 ns, 8.1071 us/op
WorkloadActual  22: 135456 op, 1120194869.00 ns, 8.2698 us/op
WorkloadActual  23: 135456 op, 1007797857.00 ns, 7.4400 us/op
WorkloadActual  24: 135456 op, 1009243087.00 ns, 7.4507 us/op
WorkloadActual  25: 135456 op, 1007760306.00 ns, 7.4398 us/op
WorkloadActual  26: 135456 op, 1001872223.00 ns, 7.3963 us/op
WorkloadActual  27: 135456 op, 1093845939.00 ns, 8.0753 us/op
WorkloadActual  28: 135456 op, 1003584693.00 ns, 7.4089 us/op
WorkloadActual  29: 135456 op, 983612050.00 ns, 7.2615 us/op
WorkloadActual  30: 135456 op, 1013573417.00 ns, 7.4827 us/op
WorkloadActual  31: 135456 op, 1001964648.00 ns, 7.3970 us/op
WorkloadActual  32: 135456 op, 1091493938.00 ns, 8.0579 us/op
WorkloadActual  33: 135456 op, 1010270859.00 ns, 7.4583 us/op
WorkloadActual  34: 135456 op, 1008789879.00 ns, 7.4474 us/op
WorkloadActual  35: 135456 op, 1000711702.00 ns, 7.3877 us/op
WorkloadActual  36: 135456 op, 1004564435.00 ns, 7.4162 us/op
WorkloadActual  37: 135456 op, 1046914103.00 ns, 7.7288 us/op
WorkloadActual  38: 135456 op, 1073810216.00 ns, 7.9274 us/op
WorkloadActual  39: 135456 op, 1005274401.00 ns, 7.4214 us/op
WorkloadActual  40: 135456 op, 1074134431.00 ns, 7.9298 us/op
WorkloadActual  41: 135456 op, 1032824108.00 ns, 7.6248 us/op
WorkloadActual  42: 135456 op, 1012438178.00 ns, 7.4743 us/op
WorkloadActual  43: 135456 op, 1101156270.00 ns, 8.1293 us/op
WorkloadActual  44: 135456 op, 1011078366.00 ns, 7.4643 us/op
WorkloadActual  45: 135456 op, 1013413179.00 ns, 7.4815 us/op
WorkloadActual  46: 135456 op, 1007424683.00 ns, 7.4373 us/op
WorkloadActual  47: 135456 op, 1005171504.00 ns, 7.4206 us/op
WorkloadActual  48: 135456 op, 1106889058.00 ns, 8.1716 us/op
WorkloadActual  49: 135456 op, 1009545171.00 ns, 7.4529 us/op
WorkloadActual  50: 135456 op, 1114363397.00 ns, 8.2268 us/op
WorkloadActual  51: 135456 op, 1008973414.00 ns, 7.4487 us/op
WorkloadActual  52: 135456 op, 1029982646.00 ns, 7.6038 us/op
WorkloadActual  53: 135456 op, 1110838832.00 ns, 8.2007 us/op
WorkloadActual  54: 135456 op, 1030516843.00 ns, 7.6078 us/op

// AfterActualRun
WorkloadResult   1: 135456 op, 1113676292.00 ns, 8.2217 us/op
WorkloadResult   2: 135456 op, 1060360354.00 ns, 7.8281 us/op
WorkloadResult   3: 135456 op, 1038541196.00 ns, 7.6670 us/op
WorkloadResult   4: 135456 op, 1005439171.00 ns, 7.4226 us/op
WorkloadResult   5: 135456 op, 1011312169.00 ns, 7.4660 us/op
WorkloadResult   6: 135456 op, 1012819941.00 ns, 7.4771 us/op
WorkloadResult   7: 135456 op, 1127947204.00 ns, 8.3270 us/op
WorkloadResult   8: 135456 op, 1011556465.00 ns, 7.4678 us/op
WorkloadResult   9: 135456 op, 1009960359.00 ns, 7.4560 us/op
WorkloadResult  10: 135456 op, 1011125302.00 ns, 7.4646 us/op
WorkloadResult  11: 135456 op, 1074724941.00 ns, 7.9341 us/op
WorkloadResult  12: 135456 op, 1105843684.00 ns, 8.1639 us/op
WorkloadResult  13: 135456 op, 997136890.00 ns, 7.3613 us/op
WorkloadResult  14: 135456 op, 998960433.00 ns, 7.3748 us/op
WorkloadResult  15: 135456 op, 1002094135.00 ns, 7.3979 us/op
WorkloadResult  16: 135456 op, 1002649128.00 ns, 7.4020 us/op
WorkloadResult  17: 135456 op, 1109038678.00 ns, 8.1874 us/op
WorkloadResult  18: 135456 op, 1002804876.00 ns, 7.4032 us/op
WorkloadResult  19: 135456 op, 985741021.00 ns, 7.2772 us/op
WorkloadResult  20: 135456 op, 1020119881.00 ns, 7.5310 us/op
WorkloadResult  21: 135456 op, 1097699369.00 ns, 8.1037 us/op
WorkloadResult  22: 135456 op, 1119734280.00 ns, 8.2664 us/op
WorkloadResult  23: 135456 op, 1007337268.00 ns, 7.4366 us/op
WorkloadResult  24: 135456 op, 1008782498.00 ns, 7.4473 us/op
WorkloadResult  25: 135456 op, 1007299717.00 ns, 7.4364 us/op
WorkloadResult  26: 135456 op, 1001411634.00 ns, 7.3929 us/op
WorkloadResult  27: 135456 op, 1093385350.00 ns, 8.0719 us/op
WorkloadResult  28: 135456 op, 1003124104.00 ns, 7.4055 us/op
WorkloadResult  29: 135456 op, 983151461.00 ns, 7.2581 us/op
WorkloadResult  30: 135456 op, 1013112828.00 ns, 7.4793 us/op
WorkloadResult  31: 135456 op, 1001504059.00 ns, 7.3936 us/op
WorkloadResult  32: 135456 op, 1091033349.00 ns, 8.0545 us/op
WorkloadResult  33: 135456 op, 1009810270.00 ns, 7.4549 us/op
WorkloadResult  34: 135456 op, 1008329290.00 ns, 7.4440 us/op
WorkloadResult  35: 135456 op, 1000251113.00 ns, 7.3843 us/op
WorkloadResult  36: 135456 op, 1004103846.00 ns, 7.4128 us/op
WorkloadResult  37: 135456 op, 1046453514.00 ns, 7.7254 us/op
WorkloadResult  38: 135456 op, 1073349627.00 ns, 7.9240 us/op
WorkloadResult  39: 135456 op, 1004813812.00 ns, 7.4180 us/op
WorkloadResult  40: 135456 op, 1073673842.00 ns, 7.9264 us/op
WorkloadResult  41: 135456 op, 1032363519.00 ns, 7.6214 us/op
WorkloadResult  42: 135456 op, 1011977589.00 ns, 7.4709 us/op
WorkloadResult  43: 135456 op, 1100695681.00 ns, 8.1259 us/op
WorkloadResult  44: 135456 op, 1010617777.00 ns, 7.4609 us/op
WorkloadResult  45: 135456 op, 1012952590.00 ns, 7.4781 us/op
WorkloadResult  46: 135456 op, 1006964094.00 ns, 7.4339 us/op
WorkloadResult  47: 135456 op, 1004710915.00 ns, 7.4172 us/op
WorkloadResult  48: 135456 op, 1106428469.00 ns, 8.1682 us/op
WorkloadResult  49: 135456 op, 1009084582.00 ns, 7.4495 us/op
WorkloadResult  50: 135456 op, 1113902808.00 ns, 8.2234 us/op
WorkloadResult  51: 135456 op, 1008512825.00 ns, 7.4453 us/op
WorkloadResult  52: 135456 op, 1029522057.00 ns, 7.6004 us/op
WorkloadResult  53: 135456 op, 1110378243.00 ns, 8.1973 us/op
WorkloadResult  54: 135456 op, 1030056254.00 ns, 7.6044 us/op

// AfterAll
// Benchmark Process 881161 has exited with code 0.

Mean = 7.647 μs, StdErr = 0.044 μs (0.57%), N = 54, StdDev = 0.320 μs
Min = 7.258 μs, Q1 = 7.419 μs, Median = 7.467 μs, Q3 = 7.926 μs, Max = 8.327 μs
IQR = 0.507 μs, LowerFence = 6.659 μs, UpperFence = 8.686 μs
ConfidenceInterval = [7.496 μs; 7.799 μs] (CI 99.9%), Margin = 0.152 μs (1.98% of Mean)
Skewness = 0.86, Kurtosis = 2.1, MValue = 2.7

// ** Remained 8 (80.0 %) benchmark(s) to run. Estimated finish 2026-05-26 11:28 (0h 13m from now) **
// **************************
// Benchmark: SmokeBenchByte.Newtonsoft_Deser: Energy(OutlierMode=DontRemove, IterationTime=1s)
// *** Execute ***
// Launch: 1 / 1
// Execute: dotnet JsonBench-Energy-1.dll --anonymousPipes 127 128 --benchmarkName JsonBench.Benchmarks.SmokeBenchByte.Newtonsoft_Deser --job Energy --benchmarkId 2 in /home/test/json-energy-bench/JsonBench/bin/Release/net10.0/JsonBench-Energy-1/bin/Release/net10.0
// BeforeAnythingElse

// Benchmark Process Environment Information:
// BenchmarkDotNet v0.15.5-develop (2026-05-26)
// Runtime=.NET 10.0.8 (10.0.8, 10.0.826.23019), X64 RyuJIT x86-64-v3
// GC=Concurrent Workstation
// HardwareIntrinsics=AVX2+BMI1+BMI2+F16C+FMA+LZCNT+MOVBE,AVX,SSE3+SSSE3+SSE4.1+SSE4.2+POPCNT,X86Base+SSE+SSE2,AES+PCLMUL VectorSize=256
// Job: Energy(OutlierMode=DontRemove, IterationTime=1s)

OverheadJitting  1: 1 op, 189285.00 ns, 189.2850 us/op
WorkloadJitting  1: 1 op, 48035885.00 ns, 48.0359 ms/op

OverheadJitting  2: 16 op, 507531.00 ns, 31.7207 us/op
WorkloadJitting  2: 16 op, 1875422.00 ns, 117.2139 us/op

WorkloadPilot    1: 16 op, 1269677.00 ns, 79.3548 us/op
WorkloadPilot    2: 12608 op, 504990123.00 ns, 40.0532 us/op
WorkloadPilot    3: 24976 op, 381047399.00 ns, 15.2565 us/op
WorkloadPilot    4: 65552 op, 1100599532.00 ns, 16.7897 us/op
WorkloadPilot    5: 59568 op, 1092977279.00 ns, 18.3484 us/op
WorkloadPilot    6: 54512 op, 1023019768.00 ns, 18.7669 us/op

OverheadWarmup   1: 54512 op, 285156.00 ns, 5.2311 ns/op
OverheadWarmup   2: 54512 op, 179338.00 ns, 3.2899 ns/op
OverheadWarmup   3: 54512 op, 222575.00 ns, 4.0830 ns/op
OverheadWarmup   4: 54512 op, 182643.00 ns, 3.3505 ns/op
OverheadWarmup   5: 54512 op, 182655.00 ns, 3.3507 ns/op
OverheadWarmup   6: 54512 op, 178967.00 ns, 3.2831 ns/op

OverheadActual   1: 54512 op, 447068.00 ns, 8.2013 ns/op
OverheadActual   2: 54512 op, 305146.00 ns, 5.5978 ns/op
OverheadActual   3: 54512 op, 248413.00 ns, 4.5570 ns/op
OverheadActual   4: 54512 op, 314537.00 ns, 5.7701 ns/op
OverheadActual   5: 54512 op, 179491.00 ns, 3.2927 ns/op
OverheadActual   6: 54512 op, 194196.00 ns, 3.5624 ns/op
OverheadActual   7: 54512 op, 179033.00 ns, 3.2843 ns/op
OverheadActual   8: 54512 op, 178213.00 ns, 3.2692 ns/op
OverheadActual   9: 54512 op, 179007.00 ns, 3.2838 ns/op
OverheadActual  10: 54512 op, 277033.00 ns, 5.0821 ns/op
OverheadActual  11: 54512 op, 307758.00 ns, 5.6457 ns/op
OverheadActual  12: 54512 op, 309870.00 ns, 5.6844 ns/op
OverheadActual  13: 54512 op, 267478.00 ns, 4.9068 ns/op
OverheadActual  14: 54512 op, 316656.00 ns, 5.8089 ns/op
OverheadActual  15: 54512 op, 296518.00 ns, 5.4395 ns/op
OverheadActual  16: 54512 op, 267368.00 ns, 4.9048 ns/op
OverheadActual  17: 54512 op, 309210.00 ns, 5.6723 ns/op
OverheadActual  18: 54512 op, 303549.00 ns, 5.5685 ns/op
OverheadActual  19: 54512 op, 292824.00 ns, 5.3717 ns/op
OverheadActual  20: 54512 op, 336770.00 ns, 6.1779 ns/op

WorkloadWarmup   1: 54512 op, 869505723.00 ns, 15.9507 us/op
WorkloadWarmup   2: 54512 op, 879648597.00 ns, 16.1368 us/op
WorkloadWarmup   3: 54512 op, 806732447.00 ns, 14.7992 us/op
WorkloadWarmup   4: 54512 op, 819642305.00 ns, 15.0360 us/op
WorkloadWarmup   5: 54512 op, 820276680.00 ns, 15.0476 us/op
WorkloadWarmup   6: 54512 op, 815225845.00 ns, 14.9550 us/op

// BeforeActualRun
WorkloadActual   1: 54512 op, 808978060.00 ns, 14.8404 us/op
WorkloadActual   2: 54512 op, 818288719.00 ns, 15.0112 us/op
WorkloadActual   3: 54512 op, 1017035387.00 ns, 18.6571 us/op
WorkloadActual   4: 54512 op, 851867635.00 ns, 15.6272 us/op
WorkloadActual   5: 54512 op, 821405545.00 ns, 15.0683 us/op
WorkloadActual   6: 54512 op, 825494136.00 ns, 15.1433 us/op
WorkloadActual   7: 54512 op, 821859574.00 ns, 15.0767 us/op
WorkloadActual   8: 54512 op, 818423344.00 ns, 15.0136 us/op
WorkloadActual   9: 54512 op, 922584443.00 ns, 16.9244 us/op
WorkloadActual  10: 54512 op, 826426204.00 ns, 15.1604 us/op
WorkloadActual  11: 54512 op, 820970633.00 ns, 15.0604 us/op
WorkloadActual  12: 54512 op, 817222327.00 ns, 14.9916 us/op
WorkloadActual  13: 54512 op, 818447534.00 ns, 15.0141 us/op
WorkloadActual  14: 54512 op, 826937226.00 ns, 15.1698 us/op
WorkloadActual  15: 54512 op, 1025898533.00 ns, 18.8197 us/op
WorkloadActual  16: 54512 op, 825689504.00 ns, 15.1469 us/op
WorkloadActual  17: 54512 op, 830315126.00 ns, 15.2318 us/op
WorkloadActual  18: 54512 op, 817176345.00 ns, 14.9908 us/op
WorkloadActual  19: 54512 op, 825592233.00 ns, 15.1451 us/op
WorkloadActual  20: 54512 op, 816327739.00 ns, 14.9752 us/op
WorkloadActual  21: 54512 op, 904441108.00 ns, 16.5916 us/op
WorkloadActual  22: 54512 op, 836246564.00 ns, 15.3406 us/op
WorkloadActual  23: 54512 op, 819712372.00 ns, 15.0373 us/op
WorkloadActual  24: 54512 op, 820682640.00 ns, 15.0551 us/op
WorkloadActual  25: 54512 op, 821102251.00 ns, 15.0628 us/op
WorkloadActual  26: 54512 op, 849742461.00 ns, 15.5882 us/op
WorkloadActual  27: 54512 op, 878534254.00 ns, 16.1163 us/op
WorkloadActual  28: 54512 op, 925590205.00 ns, 16.9796 us/op
WorkloadActual  29: 54512 op, 819417683.00 ns, 15.0319 us/op
WorkloadActual  30: 54512 op, 816123403.00 ns, 14.9714 us/op
WorkloadActual  31: 54512 op, 814562165.00 ns, 14.9428 us/op
WorkloadActual  32: 54512 op, 817651753.00 ns, 14.9995 us/op
WorkloadActual  33: 54512 op, 818778664.00 ns, 15.0202 us/op
WorkloadActual  34: 54512 op, 930254159.00 ns, 17.0651 us/op
WorkloadActual  35: 54512 op, 816885228.00 ns, 14.9854 us/op
WorkloadActual  36: 54512 op, 816196912.00 ns, 14.9728 us/op
WorkloadActual  37: 54512 op, 817027731.00 ns, 14.9880 us/op
WorkloadActual  38: 54512 op, 838485499.00 ns, 15.3817 us/op
WorkloadActual  39: 54512 op, 965012923.00 ns, 17.7028 us/op
WorkloadActual  40: 54512 op, 934554850.00 ns, 17.1440 us/op
WorkloadActual  41: 54512 op, 817296728.00 ns, 14.9930 us/op
WorkloadActual  42: 54512 op, 816204488.00 ns, 14.9729 us/op
WorkloadActual  43: 54512 op, 817223676.00 ns, 14.9916 us/op
WorkloadActual  44: 54512 op, 815460930.00 ns, 14.9593 us/op
WorkloadActual  45: 54512 op, 815036561.00 ns, 14.9515 us/op
WorkloadActual  46: 54512 op, 835139943.00 ns, 15.3203 us/op
WorkloadActual  47: 54512 op, 932800383.00 ns, 17.1118 us/op
WorkloadActual  48: 54512 op, 810362693.00 ns, 14.8658 us/op
WorkloadActual  49: 54512 op, 814554828.00 ns, 14.9427 us/op
WorkloadActual  50: 54512 op, 844547533.00 ns, 15.4929 us/op
WorkloadActual  51: 54512 op, 868260050.00 ns, 15.9279 us/op
WorkloadActual  52: 54512 op, 817477913.00 ns, 14.9963 us/op
WorkloadActual  53: 54512 op, 936416158.00 ns, 17.1782 us/op
WorkloadActual  54: 54512 op, 815964207.00 ns, 14.9685 us/op
WorkloadActual  55: 54512 op, 820844871.00 ns, 15.0581 us/op
WorkloadActual  56: 54512 op, 818895585.00 ns, 15.0223 us/op
WorkloadActual  57: 54512 op, 817023280.00 ns, 14.9880 us/op
WorkloadActual  58: 54512 op, 834574741.00 ns, 15.3099 us/op
WorkloadActual  59: 54512 op, 915083789.00 ns, 16.7868 us/op
WorkloadActual  60: 54512 op, 818842064.00 ns, 15.0213 us/op
WorkloadActual  61: 54512 op, 819254482.00 ns, 15.0289 us/op
WorkloadActual  62: 54512 op, 849741408.00 ns, 15.5882 us/op
WorkloadActual  63: 54512 op, 822336313.00 ns, 15.0854 us/op
WorkloadActual  64: 54512 op, 818043193.00 ns, 15.0067 us/op
WorkloadActual  65: 54512 op, 924300113.00 ns, 16.9559 us/op
WorkloadActual  66: 54512 op, 830935778.00 ns, 15.2432 us/op
WorkloadActual  67: 54512 op, 823344738.00 ns, 15.1039 us/op
WorkloadActual  68: 54512 op, 820719294.00 ns, 15.0558 us/op
WorkloadActual  69: 54512 op, 816813817.00 ns, 14.9841 us/op
WorkloadActual  70: 54512 op, 821778008.00 ns, 15.0752 us/op
WorkloadActual  71: 54512 op, 820933362.00 ns, 15.0597 us/op
WorkloadActual  72: 54512 op, 922658350.00 ns, 16.9258 us/op
WorkloadActual  73: 54512 op, 818228407.00 ns, 15.0101 us/op
WorkloadActual  74: 54512 op, 924744745.00 ns, 16.9641 us/op
WorkloadActual  75: 54512 op, 820426353.00 ns, 15.0504 us/op
WorkloadActual  76: 54512 op, 814990671.00 ns, 14.9507 us/op
WorkloadActual  77: 54512 op, 817199008.00 ns, 14.9912 us/op
WorkloadActual  78: 54512 op, 925374312.00 ns, 16.9756 us/op
WorkloadActual  79: 54512 op, 820409771.00 ns, 15.0501 us/op
WorkloadActual  80: 54512 op, 819380005.00 ns, 15.0312 us/op
WorkloadActual  81: 54512 op, 820717790.00 ns, 15.0557 us/op
WorkloadActual  82: 54512 op, 815329113.00 ns, 14.9569 us/op
WorkloadActual  83: 54512 op, 817564129.00 ns, 14.9979 us/op
WorkloadActual  84: 54512 op, 920806888.00 ns, 16.8918 us/op
WorkloadActual  85: 54512 op, 826027323.00 ns, 15.1531 us/op
WorkloadActual  86: 54512 op, 933446187.00 ns, 17.1237 us/op
WorkloadActual  87: 54512 op, 820657645.00 ns, 15.0546 us/op
WorkloadActual  88: 54512 op, 818272463.00 ns, 15.0109 us/op
WorkloadActual  89: 54512 op, 819354788.00 ns, 15.0307 us/op
WorkloadActual  90: 54512 op, 869132257.00 ns, 15.9439 us/op
WorkloadActual  91: 54512 op, 866605480.00 ns, 15.8975 us/op
WorkloadActual  92: 54512 op, 807501114.00 ns, 14.8133 us/op
WorkloadActual  93: 54512 op, 818406584.00 ns, 15.0133 us/op
WorkloadActual  94: 54512 op, 820973236.00 ns, 15.0604 us/op

// AfterActualRun
WorkloadResult   1: 54512 op, 808683389.00 ns, 14.8350 us/op
WorkloadResult   2: 54512 op, 817994048.00 ns, 15.0058 us/op
WorkloadResult   3: 54512 op, 1016740716.00 ns, 18.6517 us/op
WorkloadResult   4: 54512 op, 851572964.00 ns, 15.6218 us/op
WorkloadResult   5: 54512 op, 821110874.00 ns, 15.0629 us/op
WorkloadResult   6: 54512 op, 825199465.00 ns, 15.1379 us/op
WorkloadResult   7: 54512 op, 821564903.00 ns, 15.0713 us/op
WorkloadResult   8: 54512 op, 818128673.00 ns, 15.0082 us/op
WorkloadResult   9: 54512 op, 922289772.00 ns, 16.9190 us/op
WorkloadResult  10: 54512 op, 826131533.00 ns, 15.1550 us/op
WorkloadResult  11: 54512 op, 820675962.00 ns, 15.0550 us/op
WorkloadResult  12: 54512 op, 816927656.00 ns, 14.9862 us/op
WorkloadResult  13: 54512 op, 818152863.00 ns, 15.0087 us/op
WorkloadResult  14: 54512 op, 826642555.00 ns, 15.1644 us/op
WorkloadResult  15: 54512 op, 1025603862.00 ns, 18.8143 us/op
WorkloadResult  16: 54512 op, 825394833.00 ns, 15.1415 us/op
WorkloadResult  17: 54512 op, 830020455.00 ns, 15.2264 us/op
WorkloadResult  18: 54512 op, 816881674.00 ns, 14.9854 us/op
WorkloadResult  19: 54512 op, 825297562.00 ns, 15.1397 us/op
WorkloadResult  20: 54512 op, 816033068.00 ns, 14.9698 us/op
WorkloadResult  21: 54512 op, 904146437.00 ns, 16.5862 us/op
WorkloadResult  22: 54512 op, 835951893.00 ns, 15.3352 us/op
WorkloadResult  23: 54512 op, 819417701.00 ns, 15.0319 us/op
WorkloadResult  24: 54512 op, 820387969.00 ns, 15.0497 us/op
WorkloadResult  25: 54512 op, 820807580.00 ns, 15.0574 us/op
WorkloadResult  26: 54512 op, 849447790.00 ns, 15.5828 us/op
WorkloadResult  27: 54512 op, 878239583.00 ns, 16.1109 us/op
WorkloadResult  28: 54512 op, 925295534.00 ns, 16.9742 us/op
WorkloadResult  29: 54512 op, 819123012.00 ns, 15.0265 us/op
WorkloadResult  30: 54512 op, 815828732.00 ns, 14.9660 us/op
WorkloadResult  31: 54512 op, 814267494.00 ns, 14.9374 us/op
WorkloadResult  32: 54512 op, 817357082.00 ns, 14.9941 us/op
WorkloadResult  33: 54512 op, 818483993.00 ns, 15.0147 us/op
WorkloadResult  34: 54512 op, 929959488.00 ns, 17.0597 us/op
WorkloadResult  35: 54512 op, 816590557.00 ns, 14.9800 us/op
WorkloadResult  36: 54512 op, 815902241.00 ns, 14.9674 us/op
WorkloadResult  37: 54512 op, 816733060.00 ns, 14.9826 us/op
WorkloadResult  38: 54512 op, 838190828.00 ns, 15.3763 us/op
WorkloadResult  39: 54512 op, 964718252.00 ns, 17.6974 us/op
WorkloadResult  40: 54512 op, 934260179.00 ns, 17.1386 us/op
WorkloadResult  41: 54512 op, 817002057.00 ns, 14.9876 us/op
WorkloadResult  42: 54512 op, 815909817.00 ns, 14.9675 us/op
WorkloadResult  43: 54512 op, 816929005.00 ns, 14.9862 us/op
WorkloadResult  44: 54512 op, 815166259.00 ns, 14.9539 us/op
WorkloadResult  45: 54512 op, 814741890.00 ns, 14.9461 us/op
WorkloadResult  46: 54512 op, 834845272.00 ns, 15.3149 us/op
WorkloadResult  47: 54512 op, 932505712.00 ns, 17.1064 us/op
WorkloadResult  48: 54512 op, 810068022.00 ns, 14.8604 us/op
WorkloadResult  49: 54512 op, 814260157.00 ns, 14.9373 us/op
WorkloadResult  50: 54512 op, 844252862.00 ns, 15.4875 us/op
WorkloadResult  51: 54512 op, 867965379.00 ns, 15.9225 us/op
WorkloadResult  52: 54512 op, 817183242.00 ns, 14.9909 us/op
WorkloadResult  53: 54512 op, 936121487.00 ns, 17.1728 us/op
WorkloadResult  54: 54512 op, 815669536.00 ns, 14.9631 us/op
WorkloadResult  55: 54512 op, 820550200.00 ns, 15.0527 us/op
WorkloadResult  56: 54512 op, 818600914.00 ns, 15.0169 us/op
WorkloadResult  57: 54512 op, 816728609.00 ns, 14.9825 us/op
WorkloadResult  58: 54512 op, 834280070.00 ns, 15.3045 us/op
WorkloadResult  59: 54512 op, 914789118.00 ns, 16.7814 us/op
WorkloadResult  60: 54512 op, 818547393.00 ns, 15.0159 us/op
WorkloadResult  61: 54512 op, 818959811.00 ns, 15.0235 us/op
WorkloadResult  62: 54512 op, 849446737.00 ns, 15.5827 us/op
WorkloadResult  63: 54512 op, 822041642.00 ns, 15.0800 us/op
WorkloadResult  64: 54512 op, 817748522.00 ns, 15.0013 us/op
WorkloadResult  65: 54512 op, 924005442.00 ns, 16.9505 us/op
WorkloadResult  66: 54512 op, 830641107.00 ns, 15.2378 us/op
WorkloadResult  67: 54512 op, 823050067.00 ns, 15.0985 us/op
WorkloadResult  68: 54512 op, 820424623.00 ns, 15.0503 us/op
WorkloadResult  69: 54512 op, 816519146.00 ns, 14.9787 us/op
WorkloadResult  70: 54512 op, 821483337.00 ns, 15.0698 us/op
WorkloadResult  71: 54512 op, 820638691.00 ns, 15.0543 us/op
WorkloadResult  72: 54512 op, 922363679.00 ns, 16.9204 us/op
WorkloadResult  73: 54512 op, 817933736.00 ns, 15.0047 us/op
WorkloadResult  74: 54512 op, 924450074.00 ns, 16.9587 us/op
WorkloadResult  75: 54512 op, 820131682.00 ns, 15.0450 us/op
WorkloadResult  76: 54512 op, 814696000.00 ns, 14.9453 us/op
WorkloadResult  77: 54512 op, 816904337.00 ns, 14.9858 us/op
WorkloadResult  78: 54512 op, 925079641.00 ns, 16.9702 us/op
WorkloadResult  79: 54512 op, 820115100.00 ns, 15.0447 us/op
WorkloadResult  80: 54512 op, 819085334.00 ns, 15.0258 us/op
WorkloadResult  81: 54512 op, 820423119.00 ns, 15.0503 us/op
WorkloadResult  82: 54512 op, 815034442.00 ns, 14.9515 us/op
WorkloadResult  83: 54512 op, 817269458.00 ns, 14.9925 us/op
WorkloadResult  84: 54512 op, 920512217.00 ns, 16.8864 us/op
WorkloadResult  85: 54512 op, 825732652.00 ns, 15.1477 us/op
WorkloadResult  86: 54512 op, 933151516.00 ns, 17.1183 us/op
WorkloadResult  87: 54512 op, 820362974.00 ns, 15.0492 us/op
WorkloadResult  88: 54512 op, 817977792.00 ns, 15.0055 us/op
WorkloadResult  89: 54512 op, 819060117.00 ns, 15.0253 us/op
WorkloadResult  90: 54512 op, 868837586.00 ns, 15.9385 us/op
WorkloadResult  91: 54512 op, 866310809.00 ns, 15.8921 us/op
WorkloadResult  92: 54512 op, 807206443.00 ns, 14.8079 us/op
WorkloadResult  93: 54512 op, 818111913.00 ns, 15.0079 us/op
WorkloadResult  94: 54512 op, 820678565.00 ns, 15.0550 us/op

// AfterAll
// Benchmark Process 881907 has exited with code 0.

Mean = 15.495 μs, StdErr = 0.091 μs (0.59%), N = 94, StdDev = 0.883 μs
Min = 14.808 μs, Q1 = 14.991 μs, Median = 15.052 μs, Q3 = 15.559 μs, Max = 18.814 μs
IQR = 0.568 μs, LowerFence = 14.140 μs, UpperFence = 16.410 μs
ConfidenceInterval = [15.185 μs; 15.805 μs] (CI 99.9%), Margin = 0.310 μs (2.00% of Mean)
Skewness = 1.82, Kurtosis = 5.56, MValue = 2

// ** Remained 7 (70.0 %) benchmark(s) to run. Estimated finish 2026-05-26 11:29 (0h 11m from now) **
// **************************
// Benchmark: SmokeBenchByte.SpanJson_Deser: Energy(OutlierMode=DontRemove, IterationTime=1s)
// *** Execute ***
// Launch: 1 / 1
// Execute: dotnet JsonBench-Energy-1.dll --anonymousPipes 127 128 --benchmarkName JsonBench.Benchmarks.SmokeBenchByte.SpanJson_Deser --job Energy --benchmarkId 3 in /home/test/json-energy-bench/JsonBench/bin/Release/net10.0/JsonBench-Energy-1/bin/Release/net10.0
// BeforeAnythingElse

// Benchmark Process Environment Information:
// BenchmarkDotNet v0.15.5-develop (2026-05-26)
// Runtime=.NET 10.0.8 (10.0.8, 10.0.826.23019), X64 RyuJIT x86-64-v3
// GC=Concurrent Workstation
// HardwareIntrinsics=AVX2+BMI1+BMI2+F16C+FMA+LZCNT+MOVBE,AVX,SSE3+SSSE3+SSE4.1+SSE4.2+POPCNT,X86Base+SSE+SSE2,AES+PCLMUL VectorSize=256
// Job: Energy(OutlierMode=DontRemove, IterationTime=1s)

OverheadJitting  1: 1 op, 200817.00 ns, 200.8170 us/op
WorkloadJitting  1: 1 op, 59672852.00 ns, 59.6729 ms/op

OverheadJitting  2: 16 op, 508182.00 ns, 31.7614 us/op
WorkloadJitting  2: 16 op, 866605.00 ns, 54.1628 us/op

WorkloadPilot    1: 16 op, 332062.00 ns, 20.7539 us/op
WorkloadPilot    2: 48192 op, 511734905.00 ns, 10.6187 us/op
WorkloadPilot    3: 94176 op, 596124675.00 ns, 6.3299 us/op
WorkloadPilot    4: 157984 op, 908335740.00 ns, 5.7495 us/op
WorkloadPilot    5: 173936 op, 1151530438.00 ns, 6.6204 us/op
WorkloadPilot    6: 151056 op, 1031248401.00 ns, 6.8269 us/op
WorkloadPilot    7: 146480 op, 806652097.00 ns, 5.5069 us/op
WorkloadPilot    8: 181600 op, 1029475394.00 ns, 5.6689 us/op

OverheadWarmup   1: 181600 op, 599486.00 ns, 3.3011 ns/op
OverheadWarmup   2: 181600 op, 594748.00 ns, 3.2750 ns/op
OverheadWarmup   3: 181600 op, 593463.00 ns, 3.2680 ns/op
OverheadWarmup   4: 181600 op, 599626.00 ns, 3.3019 ns/op
OverheadWarmup   5: 181600 op, 595137.00 ns, 3.2772 ns/op
OverheadWarmup   6: 181600 op, 600570.00 ns, 3.3071 ns/op
OverheadWarmup   7: 181600 op, 594420.00 ns, 3.2732 ns/op

OverheadActual   1: 181600 op, 596589.00 ns, 3.2852 ns/op
OverheadActual   2: 181600 op, 607231.00 ns, 3.3438 ns/op
OverheadActual   3: 181600 op, 632762.00 ns, 3.4844 ns/op
OverheadActual   4: 181600 op, 582260.00 ns, 3.2063 ns/op
OverheadActual   5: 181600 op, 621595.00 ns, 3.4229 ns/op
OverheadActual   6: 181600 op, 581972.00 ns, 3.2047 ns/op
OverheadActual   7: 181600 op, 622545.00 ns, 3.4281 ns/op
OverheadActual   8: 181600 op, 582829.00 ns, 3.2094 ns/op
OverheadActual   9: 181600 op, 619980.00 ns, 3.4140 ns/op
OverheadActual  10: 181600 op, 582928.00 ns, 3.2100 ns/op
OverheadActual  11: 181600 op, 584369.00 ns, 3.2179 ns/op
OverheadActual  12: 181600 op, 589594.00 ns, 3.2467 ns/op
OverheadActual  13: 181600 op, 586460.00 ns, 3.2294 ns/op
OverheadActual  14: 181600 op, 622855.00 ns, 3.4298 ns/op
OverheadActual  15: 181600 op, 582678.00 ns, 3.2086 ns/op

WorkloadWarmup   1: 181600 op, 1003705043.00 ns, 5.5270 us/op
WorkloadWarmup   2: 181600 op, 998470025.00 ns, 5.4982 us/op
WorkloadWarmup   3: 181600 op, 1000000193.00 ns, 5.5066 us/op
WorkloadWarmup   4: 181600 op, 999494114.00 ns, 5.5038 us/op
WorkloadWarmup   5: 181600 op, 1085014856.00 ns, 5.9748 us/op
WorkloadWarmup   6: 181600 op, 1127765018.00 ns, 6.2102 us/op
WorkloadWarmup   7: 181600 op, 998312231.00 ns, 5.4973 us/op

// BeforeActualRun
WorkloadActual   1: 181600 op, 1000176647.00 ns, 5.5076 us/op
WorkloadActual   2: 181600 op, 1002359402.00 ns, 5.5196 us/op
WorkloadActual   3: 181600 op, 1054002917.00 ns, 5.8040 us/op
WorkloadActual   4: 181600 op, 1048258781.00 ns, 5.7724 us/op
WorkloadActual   5: 181600 op, 1003912130.00 ns, 5.5282 us/op
WorkloadActual   6: 181600 op, 1003746800.00 ns, 5.5272 us/op
WorkloadActual   7: 181600 op, 1004366982.00 ns, 5.5307 us/op
WorkloadActual   8: 181600 op, 1058106336.00 ns, 5.8266 us/op
WorkloadActual   9: 181600 op, 1113420809.00 ns, 6.1312 us/op
WorkloadActual  10: 181600 op, 1005421298.00 ns, 5.5365 us/op
WorkloadActual  11: 181600 op, 1000453782.00 ns, 5.5091 us/op
WorkloadActual  12: 181600 op, 1000835058.00 ns, 5.5112 us/op
WorkloadActual  13: 181600 op, 1000531894.00 ns, 5.5095 us/op
WorkloadActual  14: 181600 op, 1103589130.00 ns, 6.0770 us/op
WorkloadActual  15: 181600 op, 1004050190.00 ns, 5.5289 us/op
WorkloadActual  16: 181600 op, 1002579244.00 ns, 5.5208 us/op
WorkloadActual  17: 181600 op, 1005276118.00 ns, 5.5357 us/op
WorkloadActual  18: 181600 op, 1068693999.00 ns, 5.8849 us/op
WorkloadActual  19: 181600 op, 1094166017.00 ns, 6.0251 us/op
WorkloadActual  20: 181600 op, 995979697.00 ns, 5.4845 us/op
WorkloadActual  21: 181600 op, 997679348.00 ns, 5.4938 us/op
WorkloadActual  22: 181600 op, 998877041.00 ns, 5.5004 us/op
WorkloadActual  23: 181600 op, 1032471768.00 ns, 5.6854 us/op
WorkloadActual  24: 181600 op, 1118716037.00 ns, 6.1603 us/op
WorkloadActual  25: 181600 op, 999382256.00 ns, 5.5032 us/op
WorkloadActual  26: 181600 op, 1000378805.00 ns, 5.5087 us/op
WorkloadActual  27: 181600 op, 1017149250.00 ns, 5.6010 us/op
WorkloadActual  28: 181600 op, 1149256969.00 ns, 6.3285 us/op
WorkloadActual  29: 181600 op, 1109470977.00 ns, 6.1094 us/op
WorkloadActual  30: 181600 op, 1011642991.00 ns, 5.5707 us/op
WorkloadActual  31: 181600 op, 1000257298.00 ns, 5.5080 us/op
WorkloadActual  32: 181600 op, 1007046400.00 ns, 5.5454 us/op
WorkloadActual  33: 181600 op, 1001330337.00 ns, 5.5139 us/op
WorkloadActual  34: 181600 op, 1101988444.00 ns, 6.0682 us/op
WorkloadActual  35: 181600 op, 1007478103.00 ns, 5.5478 us/op
WorkloadActual  36: 181600 op, 1004221126.00 ns, 5.5299 us/op
WorkloadActual  37: 181600 op, 1055752242.00 ns, 5.8136 us/op
WorkloadActual  38: 181600 op, 1032018923.00 ns, 5.6829 us/op
WorkloadActual  39: 181600 op, 1074478911.00 ns, 5.9167 us/op
WorkloadActual  40: 181600 op, 1022548087.00 ns, 5.6308 us/op
WorkloadActual  41: 181600 op, 1003096529.00 ns, 5.5237 us/op
WorkloadActual  42: 181600 op, 999956791.00 ns, 5.5064 us/op
WorkloadActual  43: 181600 op, 999232570.00 ns, 5.5024 us/op
WorkloadActual  44: 181600 op, 989805056.00 ns, 5.4505 us/op
WorkloadActual  45: 181600 op, 1092573024.00 ns, 6.0164 us/op
WorkloadActual  46: 181600 op, 1003483009.00 ns, 5.5258 us/op
WorkloadActual  47: 181600 op, 1074600749.00 ns, 5.9174 us/op
WorkloadActual  48: 181600 op, 1000536520.00 ns, 5.5096 us/op
WorkloadActual  49: 181600 op, 996602904.00 ns, 5.4879 us/op
WorkloadActual  50: 181600 op, 1113872296.00 ns, 6.1337 us/op
WorkloadActual  51: 181600 op, 1001681017.00 ns, 5.5159 us/op
WorkloadActual  52: 181600 op, 1003488360.00 ns, 5.5258 us/op
WorkloadActual  53: 181600 op, 997131789.00 ns, 5.4908 us/op
WorkloadActual  54: 181600 op, 1002476928.00 ns, 5.5202 us/op

// AfterActualRun
WorkloadResult   1: 181600 op, 999587053.00 ns, 5.5043 us/op
WorkloadResult   2: 181600 op, 1001769808.00 ns, 5.5164 us/op
WorkloadResult   3: 181600 op, 1053413323.00 ns, 5.8007 us/op
WorkloadResult   4: 181600 op, 1047669187.00 ns, 5.7691 us/op
WorkloadResult   5: 181600 op, 1003322536.00 ns, 5.5249 us/op
WorkloadResult   6: 181600 op, 1003157206.00 ns, 5.5240 us/op
WorkloadResult   7: 181600 op, 1003777388.00 ns, 5.5274 us/op
WorkloadResult   8: 181600 op, 1057516742.00 ns, 5.8233 us/op
WorkloadResult   9: 181600 op, 1112831215.00 ns, 6.1279 us/op
WorkloadResult  10: 181600 op, 1004831704.00 ns, 5.5332 us/op
WorkloadResult  11: 181600 op, 999864188.00 ns, 5.5059 us/op
WorkloadResult  12: 181600 op, 1000245464.00 ns, 5.5080 us/op
WorkloadResult  13: 181600 op, 999942300.00 ns, 5.5063 us/op
WorkloadResult  14: 181600 op, 1102999536.00 ns, 6.0738 us/op
WorkloadResult  15: 181600 op, 1003460596.00 ns, 5.5257 us/op
WorkloadResult  16: 181600 op, 1001989650.00 ns, 5.5176 us/op
WorkloadResult  17: 181600 op, 1004686524.00 ns, 5.5324 us/op
WorkloadResult  18: 181600 op, 1068104405.00 ns, 5.8816 us/op
WorkloadResult  19: 181600 op, 1093576423.00 ns, 6.0219 us/op
WorkloadResult  20: 181600 op, 995390103.00 ns, 5.4812 us/op
WorkloadResult  21: 181600 op, 997089754.00 ns, 5.4906 us/op
WorkloadResult  22: 181600 op, 998287447.00 ns, 5.4972 us/op
WorkloadResult  23: 181600 op, 1031882174.00 ns, 5.6822 us/op
WorkloadResult  24: 181600 op, 1118126443.00 ns, 6.1571 us/op
WorkloadResult  25: 181600 op, 998792662.00 ns, 5.5000 us/op
WorkloadResult  26: 181600 op, 999789211.00 ns, 5.5054 us/op
WorkloadResult  27: 181600 op, 1016559656.00 ns, 5.5978 us/op
WorkloadResult  28: 181600 op, 1148667375.00 ns, 6.3253 us/op
WorkloadResult  29: 181600 op, 1108881383.00 ns, 6.1062 us/op
WorkloadResult  30: 181600 op, 1011053397.00 ns, 5.5675 us/op
WorkloadResult  31: 181600 op, 999667704.00 ns, 5.5048 us/op
WorkloadResult  32: 181600 op, 1006456806.00 ns, 5.5422 us/op
WorkloadResult  33: 181600 op, 1000740743.00 ns, 5.5107 us/op
WorkloadResult  34: 181600 op, 1101398850.00 ns, 6.0650 us/op
WorkloadResult  35: 181600 op, 1006888509.00 ns, 5.5445 us/op
WorkloadResult  36: 181600 op, 1003631532.00 ns, 5.5266 us/op
WorkloadResult  37: 181600 op, 1055162648.00 ns, 5.8104 us/op
WorkloadResult  38: 181600 op, 1031429329.00 ns, 5.6797 us/op
WorkloadResult  39: 181600 op, 1073889317.00 ns, 5.9135 us/op
WorkloadResult  40: 181600 op, 1021958493.00 ns, 5.6275 us/op
WorkloadResult  41: 181600 op, 1002506935.00 ns, 5.5204 us/op
WorkloadResult  42: 181600 op, 999367197.00 ns, 5.5031 us/op
WorkloadResult  43: 181600 op, 998642976.00 ns, 5.4991 us/op
WorkloadResult  44: 181600 op, 989215462.00 ns, 5.4472 us/op
WorkloadResult  45: 181600 op, 1091983430.00 ns, 6.0131 us/op
WorkloadResult  46: 181600 op, 1002893415.00 ns, 5.5225 us/op
WorkloadResult  47: 181600 op, 1074011155.00 ns, 5.9142 us/op
WorkloadResult  48: 181600 op, 999946926.00 ns, 5.5063 us/op
WorkloadResult  49: 181600 op, 996013310.00 ns, 5.4847 us/op
WorkloadResult  50: 181600 op, 1113282702.00 ns, 6.1304 us/op
WorkloadResult  51: 181600 op, 1001091423.00 ns, 5.5126 us/op
WorkloadResult  52: 181600 op, 1002898766.00 ns, 5.5226 us/op
WorkloadResult  53: 181600 op, 996542195.00 ns, 5.4876 us/op
WorkloadResult  54: 181600 op, 1001887334.00 ns, 5.5170 us/op

// AfterAll
// Benchmark Process 882661 has exited with code 0.

Mean = 5.666 μs, StdErr = 0.032 μs (0.57%), N = 54, StdDev = 0.235 μs
Min = 5.447 μs, Q1 = 5.506 μs, Median = 5.526 μs, Q3 = 5.808 μs, Max = 6.325 μs
IQR = 0.302 μs, LowerFence = 5.054 μs, UpperFence = 6.260 μs
ConfidenceInterval = [5.554 μs; 5.777 μs] (CI 99.9%), Margin = 0.112 μs (1.97% of Mean)
Skewness = 1.18, Kurtosis = 2.97, MValue = 2.37

// ** Remained 6 (60.0 %) benchmark(s) to run. Estimated finish 2026-05-26 11:28 (0h 9m from now) **
// **************************
// Benchmark: SmokeBenchByte.Utf8Json_Deser: Energy(OutlierMode=DontRemove, IterationTime=1s)
// *** Execute ***
// Launch: 1 / 1
// Execute: dotnet JsonBench-Energy-1.dll --anonymousPipes 127 128 --benchmarkName JsonBench.Benchmarks.SmokeBenchByte.Utf8Json_Deser --job Energy --benchmarkId 4 in /home/test/json-energy-bench/JsonBench/bin/Release/net10.0/JsonBench-Energy-1/bin/Release/net10.0
// BeforeAnythingElse

// Benchmark Process Environment Information:
// BenchmarkDotNet v0.15.5-develop (2026-05-26)
// Runtime=.NET 10.0.8 (10.0.8, 10.0.826.23019), X64 RyuJIT x86-64-v3
// GC=Concurrent Workstation
// HardwareIntrinsics=AVX2+BMI1+BMI2+F16C+FMA+LZCNT+MOVBE,AVX,SSE3+SSSE3+SSE4.1+SSE4.2+POPCNT,X86Base+SSE+SSE2,AES+PCLMUL VectorSize=256
// Job: Energy(OutlierMode=DontRemove, IterationTime=1s)

OverheadJitting  1: 1 op, 185047.00 ns, 185.0470 us/op
WorkloadJitting  1: 1 op, 64981548.00 ns, 64.9815 ms/op

OverheadJitting  2: 16 op, 544558.00 ns, 34.0349 us/op
WorkloadJitting  2: 16 op, 1378984.00 ns, 86.1865 us/op

WorkloadPilot    1: 16 op, 841807.00 ns, 52.6129 us/op
WorkloadPilot    2: 19008 op, 452325263.00 ns, 23.7966 us/op
WorkloadPilot    3: 42032 op, 359609490.00 ns, 8.5556 us/op
WorkloadPilot    4: 116896 op, 1088090686.00 ns, 9.3082 us/op
WorkloadPilot    5: 107440 op, 1073889994.00 ns, 9.9953 us/op
WorkloadPilot    6: 100048 op, 1043050019.00 ns, 10.4255 us/op

OverheadWarmup   1: 100048 op, 333846.00 ns, 3.3369 ns/op
OverheadWarmup   2: 100048 op, 581476.00 ns, 5.8120 ns/op
OverheadWarmup   3: 100048 op, 328222.00 ns, 3.2806 ns/op
OverheadWarmup   4: 100048 op, 524320.00 ns, 5.2407 ns/op
OverheadWarmup   5: 100048 op, 331814.00 ns, 3.3165 ns/op

OverheadActual   1: 100048 op, 423714.00 ns, 4.2351 ns/op
OverheadActual   2: 100048 op, 398864.00 ns, 3.9867 ns/op
OverheadActual   3: 100048 op, 327844.00 ns, 3.2769 ns/op
OverheadActual   4: 100048 op, 328473.00 ns, 3.2832 ns/op
OverheadActual   5: 100048 op, 502667.00 ns, 5.0243 ns/op
OverheadActual   6: 100048 op, 328301.00 ns, 3.2814 ns/op
OverheadActual   7: 100048 op, 330697.00 ns, 3.3054 ns/op
OverheadActual   8: 100048 op, 326704.00 ns, 3.2655 ns/op
OverheadActual   9: 100048 op, 325634.00 ns, 3.2548 ns/op
OverheadActual  10: 100048 op, 331573.00 ns, 3.3141 ns/op
OverheadActual  11: 100048 op, 326323.00 ns, 3.2617 ns/op
OverheadActual  12: 100048 op, 327527.00 ns, 3.2737 ns/op
OverheadActual  13: 100048 op, 331936.00 ns, 3.3178 ns/op
OverheadActual  14: 100048 op, 327921.00 ns, 3.2776 ns/op
OverheadActual  15: 100048 op, 328518.00 ns, 3.2836 ns/op
OverheadActual  16: 100048 op, 327505.00 ns, 3.2735 ns/op
OverheadActual  17: 100048 op, 336051.00 ns, 3.3589 ns/op
OverheadActual  18: 100048 op, 327644.00 ns, 3.2749 ns/op
OverheadActual  19: 100048 op, 327674.00 ns, 3.2752 ns/op
OverheadActual  20: 100048 op, 335269.00 ns, 3.3511 ns/op

WorkloadWarmup   1: 100048 op, 865763298.00 ns, 8.6535 us/op
WorkloadWarmup   2: 100048 op, 902743852.00 ns, 9.0231 us/op
WorkloadWarmup   3: 100048 op, 858632179.00 ns, 8.5822 us/op
WorkloadWarmup   4: 100048 op, 850472728.00 ns, 8.5006 us/op
WorkloadWarmup   5: 100048 op, 853352728.00 ns, 8.5294 us/op
WorkloadWarmup   6: 100048 op, 857550751.00 ns, 8.5714 us/op
WorkloadWarmup   7: 100048 op, 851385673.00 ns, 8.5098 us/op

// BeforeActualRun
WorkloadActual   1: 100048 op, 923570782.00 ns, 9.2313 us/op
WorkloadActual   2: 100048 op, 1009281608.00 ns, 10.0880 us/op
WorkloadActual   3: 100048 op, 852329434.00 ns, 8.5192 us/op
WorkloadActual   4: 100048 op, 850093148.00 ns, 8.4969 us/op
WorkloadActual   5: 100048 op, 850341833.00 ns, 8.4993 us/op
WorkloadActual   6: 100048 op, 848521304.00 ns, 8.4811 us/op
WorkloadActual   7: 100048 op, 926847984.00 ns, 9.2640 us/op
WorkloadActual   8: 100048 op, 886840696.00 ns, 8.8642 us/op
WorkloadActual   9: 100048 op, 856856086.00 ns, 8.5644 us/op
WorkloadActual  10: 100048 op, 857331611.00 ns, 8.5692 us/op
WorkloadActual  11: 100048 op, 856946130.00 ns, 8.5653 us/op
WorkloadActual  12: 100048 op, 850692207.00 ns, 8.5028 us/op
WorkloadActual  13: 100048 op, 1003394469.00 ns, 10.0291 us/op
WorkloadActual  14: 100048 op, 872152705.00 ns, 8.7173 us/op
WorkloadActual  15: 100048 op, 851705698.00 ns, 8.5130 us/op
WorkloadActual  16: 100048 op, 854242889.00 ns, 8.5383 us/op
WorkloadActual  17: 100048 op, 849811063.00 ns, 8.4940 us/op
WorkloadActual  18: 100048 op, 868847270.00 ns, 8.6843 us/op
WorkloadActual  19: 100048 op, 907110072.00 ns, 9.0667 us/op
WorkloadActual  20: 100048 op, 899077320.00 ns, 8.9865 us/op
WorkloadActual  21: 100048 op, 853260879.00 ns, 8.5285 us/op
WorkloadActual  22: 100048 op, 853422579.00 ns, 8.5301 us/op
WorkloadActual  23: 100048 op, 854794645.00 ns, 8.5438 us/op
WorkloadActual  24: 100048 op, 869709973.00 ns, 8.6929 us/op
WorkloadActual  25: 100048 op, 935828882.00 ns, 9.3538 us/op
WorkloadActual  26: 100048 op, 877834631.00 ns, 8.7741 us/op
WorkloadActual  27: 100048 op, 853855499.00 ns, 8.5345 us/op
WorkloadActual  28: 100048 op, 851940168.00 ns, 8.5153 us/op
WorkloadActual  29: 100048 op, 853985284.00 ns, 8.5358 us/op
WorkloadActual  30: 100048 op, 853753377.00 ns, 8.5334 us/op
WorkloadActual  31: 100048 op, 859014721.00 ns, 8.5860 us/op
WorkloadActual  32: 100048 op, 928667777.00 ns, 9.2822 us/op
WorkloadActual  33: 100048 op, 857079989.00 ns, 8.5667 us/op
WorkloadActual  34: 100048 op, 857409462.00 ns, 8.5700 us/op
WorkloadActual  35: 100048 op, 853537475.00 ns, 8.5313 us/op
WorkloadActual  36: 100048 op, 917538939.00 ns, 9.1710 us/op
WorkloadActual  37: 100048 op, 988454728.00 ns, 9.8798 us/op
WorkloadActual  38: 100048 op, 881516005.00 ns, 8.8109 us/op
WorkloadActual  39: 100048 op, 856567899.00 ns, 8.5616 us/op
WorkloadActual  40: 100048 op, 855776452.00 ns, 8.5537 us/op
WorkloadActual  41: 100048 op, 850129763.00 ns, 8.4972 us/op
WorkloadActual  42: 100048 op, 852301197.00 ns, 8.5189 us/op
WorkloadActual  43: 100048 op, 871925280.00 ns, 8.7151 us/op
WorkloadActual  44: 100048 op, 913622690.00 ns, 9.1318 us/op
WorkloadActual  45: 100048 op, 859699957.00 ns, 8.5929 us/op
WorkloadActual  46: 100048 op, 855839282.00 ns, 8.5543 us/op
WorkloadActual  47: 100048 op, 869289655.00 ns, 8.6887 us/op
WorkloadActual  48: 100048 op, 855349277.00 ns, 8.5494 us/op
WorkloadActual  49: 100048 op, 859360767.00 ns, 8.5895 us/op
WorkloadActual  50: 100048 op, 926119790.00 ns, 9.2568 us/op
WorkloadActual  51: 100048 op, 855411142.00 ns, 8.5500 us/op
WorkloadActual  52: 100048 op, 855528725.00 ns, 8.5512 us/op
WorkloadActual  53: 100048 op, 858679822.00 ns, 8.5827 us/op
WorkloadActual  54: 100048 op, 847576512.00 ns, 8.4717 us/op
WorkloadActual  55: 100048 op, 859135689.00 ns, 8.5872 us/op
WorkloadActual  56: 100048 op, 959163303.00 ns, 9.5870 us/op
WorkloadActual  57: 100048 op, 849632131.00 ns, 8.4922 us/op
WorkloadActual  58: 100048 op, 853039186.00 ns, 8.5263 us/op
WorkloadActual  59: 100048 op, 950530031.00 ns, 9.5007 us/op
WorkloadActual  60: 100048 op, 857536566.00 ns, 8.5713 us/op
WorkloadActual  61: 100048 op, 852312071.00 ns, 8.5190 us/op
WorkloadActual  62: 100048 op, 943952180.00 ns, 9.4350 us/op
WorkloadActual  63: 100048 op, 869080254.00 ns, 8.6866 us/op
WorkloadActual  64: 100048 op, 859546403.00 ns, 8.5913 us/op

// AfterActualRun
WorkloadResult   1: 100048 op, 923242395.00 ns, 9.2280 us/op
WorkloadResult   2: 100048 op, 1008953221.00 ns, 10.0847 us/op
WorkloadResult   3: 100048 op, 852001047.00 ns, 8.5159 us/op
WorkloadResult   4: 100048 op, 849764761.00 ns, 8.4936 us/op
WorkloadResult   5: 100048 op, 850013446.00 ns, 8.4961 us/op
WorkloadResult   6: 100048 op, 848192917.00 ns, 8.4779 us/op
WorkloadResult   7: 100048 op, 926519597.00 ns, 9.2608 us/op
WorkloadResult   8: 100048 op, 886512309.00 ns, 8.8609 us/op
WorkloadResult   9: 100048 op, 856527699.00 ns, 8.5612 us/op
WorkloadResult  10: 100048 op, 857003224.00 ns, 8.5659 us/op
WorkloadResult  11: 100048 op, 856617743.00 ns, 8.5621 us/op
WorkloadResult  12: 100048 op, 850363820.00 ns, 8.4996 us/op
WorkloadResult  13: 100048 op, 1003066082.00 ns, 10.0258 us/op
WorkloadResult  14: 100048 op, 871824318.00 ns, 8.7141 us/op
WorkloadResult  15: 100048 op, 851377311.00 ns, 8.5097 us/op
WorkloadResult  16: 100048 op, 853914502.00 ns, 8.5350 us/op
WorkloadResult  17: 100048 op, 849482676.00 ns, 8.4908 us/op
WorkloadResult  18: 100048 op, 868518883.00 ns, 8.6810 us/op
WorkloadResult  19: 100048 op, 906781685.00 ns, 9.0635 us/op
WorkloadResult  20: 100048 op, 898748933.00 ns, 8.9832 us/op
WorkloadResult  21: 100048 op, 852932492.00 ns, 8.5252 us/op
WorkloadResult  22: 100048 op, 853094192.00 ns, 8.5268 us/op
WorkloadResult  23: 100048 op, 854466258.00 ns, 8.5406 us/op
WorkloadResult  24: 100048 op, 869381586.00 ns, 8.6896 us/op
WorkloadResult  25: 100048 op, 935500495.00 ns, 9.3505 us/op
WorkloadResult  26: 100048 op, 877506244.00 ns, 8.7709 us/op
WorkloadResult  27: 100048 op, 853527112.00 ns, 8.5312 us/op
WorkloadResult  28: 100048 op, 851611781.00 ns, 8.5120 us/op
WorkloadResult  29: 100048 op, 853656897.00 ns, 8.5325 us/op
WorkloadResult  30: 100048 op, 853424990.00 ns, 8.5302 us/op
WorkloadResult  31: 100048 op, 858686334.00 ns, 8.5827 us/op
WorkloadResult  32: 100048 op, 928339390.00 ns, 9.2789 us/op
WorkloadResult  33: 100048 op, 856751602.00 ns, 8.5634 us/op
WorkloadResult  34: 100048 op, 857081075.00 ns, 8.5667 us/op
WorkloadResult  35: 100048 op, 853209088.00 ns, 8.5280 us/op
WorkloadResult  36: 100048 op, 917210552.00 ns, 9.1677 us/op
WorkloadResult  37: 100048 op, 988126341.00 ns, 9.8765 us/op
WorkloadResult  38: 100048 op, 881187618.00 ns, 8.8076 us/op
WorkloadResult  39: 100048 op, 856239512.00 ns, 8.5583 us/op
WorkloadResult  40: 100048 op, 855448065.00 ns, 8.5504 us/op
WorkloadResult  41: 100048 op, 849801376.00 ns, 8.4939 us/op
WorkloadResult  42: 100048 op, 851972810.00 ns, 8.5156 us/op
WorkloadResult  43: 100048 op, 871596893.00 ns, 8.7118 us/op
WorkloadResult  44: 100048 op, 913294303.00 ns, 9.1286 us/op
WorkloadResult  45: 100048 op, 859371570.00 ns, 8.5896 us/op
WorkloadResult  46: 100048 op, 855510895.00 ns, 8.5510 us/op
WorkloadResult  47: 100048 op, 868961268.00 ns, 8.6854 us/op
WorkloadResult  48: 100048 op, 855020890.00 ns, 8.5461 us/op
WorkloadResult  49: 100048 op, 859032380.00 ns, 8.5862 us/op
WorkloadResult  50: 100048 op, 925791403.00 ns, 9.2535 us/op
WorkloadResult  51: 100048 op, 855082755.00 ns, 8.5467 us/op
WorkloadResult  52: 100048 op, 855200338.00 ns, 8.5479 us/op
WorkloadResult  53: 100048 op, 858351435.00 ns, 8.5794 us/op
WorkloadResult  54: 100048 op, 847248125.00 ns, 8.4684 us/op
WorkloadResult  55: 100048 op, 858807302.00 ns, 8.5840 us/op
WorkloadResult  56: 100048 op, 958834916.00 ns, 9.5837 us/op
WorkloadResult  57: 100048 op, 849303744.00 ns, 8.4890 us/op
WorkloadResult  58: 100048 op, 852710799.00 ns, 8.5230 us/op
WorkloadResult  59: 100048 op, 950201644.00 ns, 9.4975 us/op
WorkloadResult  60: 100048 op, 857208179.00 ns, 8.5680 us/op
WorkloadResult  61: 100048 op, 851983684.00 ns, 8.5157 us/op
WorkloadResult  62: 100048 op, 943623793.00 ns, 9.4317 us/op
WorkloadResult  63: 100048 op, 868751867.00 ns, 8.6834 us/op
WorkloadResult  64: 100048 op, 859218016.00 ns, 8.5881 us/op

// AfterAll
// Benchmark Process 883405 has exited with code 0.

Mean = 8.770 μs, StdErr = 0.050 μs (0.57%), N = 64, StdDev = 0.401 μs
Min = 8.468 μs, Q1 = 8.528 μs, Median = 8.566 μs, Q3 = 8.821 μs, Max = 10.085 μs
IQR = 0.293 μs, LowerFence = 8.088 μs, UpperFence = 9.261 μs
ConfidenceInterval = [8.597 μs; 8.943 μs] (CI 99.9%), Margin = 0.173 μs (1.97% of Mean)
Skewness = 1.72, Kurtosis = 5.08, MValue = 2.17

// ** Remained 5 (50.0 %) benchmark(s) to run. Estimated finish 2026-05-26 11:28 (0h 7m from now) **
// **************************
// Benchmark: SmokeBenchByte.STJRefGen_Ser: Energy(OutlierMode=DontRemove, IterationTime=1s)
// *** Execute ***
// Launch: 1 / 1
// Execute: dotnet JsonBench-Energy-1.dll --anonymousPipes 127 128 --benchmarkName JsonBench.Benchmarks.SmokeBenchByte.STJRefGen_Ser --job Energy --benchmarkId 5 in /home/test/json-energy-bench/JsonBench/bin/Release/net10.0/JsonBench-Energy-1/bin/Release/net10.0
// BeforeAnythingElse

// Benchmark Process Environment Information:
// BenchmarkDotNet v0.15.5-develop (2026-05-26)
// Runtime=.NET 10.0.8 (10.0.8, 10.0.826.23019), X64 RyuJIT x86-64-v3
// GC=Concurrent Workstation
// HardwareIntrinsics=AVX2+BMI1+BMI2+F16C+FMA+LZCNT+MOVBE,AVX,SSE3+SSSE3+SSE4.1+SSE4.2+POPCNT,X86Base+SSE+SSE2,AES+PCLMUL VectorSize=256
// Job: Energy(OutlierMode=DontRemove, IterationTime=1s)

OverheadJitting  1: 1 op, 182053.00 ns, 182.0530 us/op
WorkloadJitting  1: 1 op, 2860742.00 ns, 2.8607 ms/op

OverheadJitting  2: 16 op, 510636.00 ns, 31.9148 us/op
WorkloadJitting  2: 16 op, 744240.00 ns, 46.5150 us/op

WorkloadPilot    1: 16 op, 214658.00 ns, 13.4161 us/op
WorkloadPilot    2: 74544 op, 617642070.00 ns, 8.2856 us/op
WorkloadPilot    3: 120704 op, 548015051.00 ns, 4.5402 us/op
WorkloadPilot    4: 220272 op, 888761028.00 ns, 4.0348 us/op
WorkloadPilot    5: 247856 op, 1186399218.00 ns, 4.7866 us/op
WorkloadPilot    6: 208928 op, 991918140.00 ns, 4.7477 us/op
WorkloadPilot    7: 210640 op, 847552657.00 ns, 4.0237 us/op
WorkloadPilot    8: 248528 op, 1041402717.00 ns, 4.1903 us/op
WorkloadPilot    9: 238656 op, 933290258.00 ns, 3.9106 us/op
WorkloadPilot   10: 255728 op, 1002013623.00 ns, 3.9183 us/op

OverheadWarmup   1: 255728 op, 872590.00 ns, 3.4122 ns/op
OverheadWarmup   2: 255728 op, 873338.00 ns, 3.4151 ns/op
OverheadWarmup   3: 255728 op, 874576.00 ns, 3.4199 ns/op
OverheadWarmup   4: 255728 op, 861106.00 ns, 3.3673 ns/op
OverheadWarmup   5: 255728 op, 870003.00 ns, 3.4021 ns/op
OverheadWarmup   6: 255728 op, 871764.00 ns, 3.4090 ns/op
OverheadWarmup   7: 255728 op, 871188.00 ns, 3.4067 ns/op

OverheadActual   1: 255728 op, 872117.00 ns, 3.4103 ns/op
OverheadActual   2: 255728 op, 925202.00 ns, 3.6179 ns/op
OverheadActual   3: 255728 op, 871922.00 ns, 3.4096 ns/op
OverheadActual   4: 255728 op, 872771.00 ns, 3.4129 ns/op
OverheadActual   5: 255728 op, 876177.00 ns, 3.4262 ns/op
OverheadActual   6: 255728 op, 874335.00 ns, 3.4190 ns/op
OverheadActual   7: 255728 op, 868404.00 ns, 3.3958 ns/op
OverheadActual   8: 255728 op, 889258.00 ns, 3.4774 ns/op
OverheadActual   9: 255728 op, 864315.00 ns, 3.3798 ns/op
OverheadActual  10: 255728 op, 870003.00 ns, 3.4021 ns/op
OverheadActual  11: 255728 op, 893403.00 ns, 3.4936 ns/op
OverheadActual  12: 255728 op, 871255.00 ns, 3.4070 ns/op
OverheadActual  13: 255728 op, 873234.00 ns, 3.4147 ns/op
OverheadActual  14: 255728 op, 926558.00 ns, 3.6232 ns/op
OverheadActual  15: 255728 op, 910656.00 ns, 3.5610 ns/op

WorkloadWarmup   1: 255728 op, 999504144.00 ns, 3.9085 us/op
WorkloadWarmup   2: 255728 op, 1002372899.00 ns, 3.9197 us/op
WorkloadWarmup   3: 255728 op, 1090695968.00 ns, 4.2651 us/op
WorkloadWarmup   4: 255728 op, 1092313073.00 ns, 4.2714 us/op
WorkloadWarmup   5: 255728 op, 990540439.00 ns, 3.8734 us/op
WorkloadWarmup   6: 255728 op, 990822819.00 ns, 3.8745 us/op
WorkloadWarmup   7: 255728 op, 989299371.00 ns, 3.8686 us/op

// BeforeActualRun
WorkloadActual   1: 255728 op, 1031453138.00 ns, 4.0334 us/op
WorkloadActual   2: 255728 op, 1083834267.00 ns, 4.2382 us/op
WorkloadActual   3: 255728 op, 1024039820.00 ns, 4.0044 us/op
WorkloadActual   4: 255728 op, 1018816885.00 ns, 3.9840 us/op
WorkloadActual   5: 255728 op, 993250962.00 ns, 3.8840 us/op
WorkloadActual   6: 255728 op, 1050653414.00 ns, 4.1085 us/op
WorkloadActual   7: 255728 op, 1107068431.00 ns, 4.3291 us/op
WorkloadActual   8: 255728 op, 992444291.00 ns, 3.8809 us/op
WorkloadActual   9: 255728 op, 995846167.00 ns, 3.8942 us/op
WorkloadActual  10: 255728 op, 990985179.00 ns, 3.8752 us/op
WorkloadActual  11: 255728 op, 994356819.00 ns, 3.8883 us/op
WorkloadActual  12: 255728 op, 1110768305.00 ns, 4.3436 us/op
WorkloadActual  13: 255728 op, 996103780.00 ns, 3.8952 us/op
WorkloadActual  14: 255728 op, 996200353.00 ns, 3.8955 us/op
WorkloadActual  15: 255728 op, 993642509.00 ns, 3.8855 us/op
WorkloadActual  16: 255728 op, 1100572837.00 ns, 4.3037 us/op
WorkloadActual  17: 255728 op, 1101655982.00 ns, 4.3079 us/op
WorkloadActual  18: 255728 op, 989626396.00 ns, 3.8698 us/op
WorkloadActual  19: 255728 op, 1023324456.00 ns, 4.0016 us/op
WorkloadActual  20: 255728 op, 986079949.00 ns, 3.8560 us/op
WorkloadActual  21: 255728 op, 1019951788.00 ns, 3.9884 us/op
WorkloadActual  22: 255728 op, 1167225895.00 ns, 4.5643 us/op
WorkloadActual  23: 255728 op, 990570945.00 ns, 3.8735 us/op
WorkloadActual  24: 255728 op, 990515431.00 ns, 3.8733 us/op
WorkloadActual  25: 255728 op, 991835663.00 ns, 3.8785 us/op
WorkloadActual  26: 255728 op, 1126698456.00 ns, 4.4058 us/op
WorkloadActual  27: 255728 op, 1155569280.00 ns, 4.5187 us/op
WorkloadActual  28: 255728 op, 986350367.00 ns, 3.8570 us/op
WorkloadActual  29: 255728 op, 986011945.00 ns, 3.8557 us/op
WorkloadActual  30: 255728 op, 990085918.00 ns, 3.8716 us/op
WorkloadActual  31: 255728 op, 989912284.00 ns, 3.8710 us/op
WorkloadActual  32: 255728 op, 1098335768.00 ns, 4.2949 us/op
WorkloadActual  33: 255728 op, 1014006515.00 ns, 3.9652 us/op
WorkloadActual  34: 255728 op, 985399320.00 ns, 3.8533 us/op
WorkloadActual  35: 255728 op, 976828646.00 ns, 3.8198 us/op
WorkloadActual  36: 255728 op, 1012602268.00 ns, 3.9597 us/op
WorkloadActual  37: 255728 op, 1022958862.00 ns, 4.0002 us/op
WorkloadActual  38: 255728 op, 1044309186.00 ns, 4.0837 us/op
WorkloadActual  39: 255728 op, 987186609.00 ns, 3.8603 us/op
WorkloadActual  40: 255728 op, 983411703.00 ns, 3.8455 us/op
WorkloadActual  41: 255728 op, 985476392.00 ns, 3.8536 us/op
WorkloadActual  42: 255728 op, 1014415693.00 ns, 3.9668 us/op
WorkloadActual  43: 255728 op, 1087517451.00 ns, 4.2526 us/op
WorkloadActual  44: 255728 op, 989707477.00 ns, 3.8702 us/op
WorkloadActual  45: 255728 op, 1092983939.00 ns, 4.2740 us/op
WorkloadActual  46: 255728 op, 993438026.00 ns, 3.8847 us/op
WorkloadActual  47: 255728 op, 987854379.00 ns, 3.8629 us/op
WorkloadActual  48: 255728 op, 1113813519.00 ns, 4.3555 us/op
WorkloadActual  49: 255728 op, 1015555133.00 ns, 3.9712 us/op
WorkloadActual  50: 255728 op, 1010952487.00 ns, 3.9532 us/op
WorkloadActual  51: 255728 op, 986256488.00 ns, 3.8567 us/op
WorkloadActual  52: 255728 op, 988459786.00 ns, 3.8653 us/op
WorkloadActual  53: 255728 op, 1099767554.00 ns, 4.3005 us/op
WorkloadActual  54: 255728 op, 988289368.00 ns, 3.8646 us/op
WorkloadActual  55: 255728 op, 1108670042.00 ns, 4.3353 us/op
WorkloadActual  56: 255728 op, 983474508.00 ns, 3.8458 us/op
WorkloadActual  57: 255728 op, 984893174.00 ns, 3.8513 us/op
WorkloadActual  58: 255728 op, 1115916228.00 ns, 4.3637 us/op
WorkloadActual  59: 255728 op, 981466717.00 ns, 3.8379 us/op
WorkloadActual  60: 255728 op, 1020020611.00 ns, 3.9887 us/op
WorkloadActual  61: 255728 op, 989202770.00 ns, 3.8682 us/op
WorkloadActual  62: 255728 op, 986867582.00 ns, 3.8591 us/op
WorkloadActual  63: 255728 op, 1074426939.00 ns, 4.2014 us/op
WorkloadActual  64: 255728 op, 1027704678.00 ns, 4.0187 us/op
WorkloadActual  65: 255728 op, 1018301733.00 ns, 3.9820 us/op
WorkloadActual  66: 255728 op, 993777052.00 ns, 3.8861 us/op
WorkloadActual  67: 255728 op, 994276861.00 ns, 3.8880 us/op
WorkloadActual  68: 255728 op, 994804905.00 ns, 3.8901 us/op
WorkloadActual  69: 255728 op, 1099044598.00 ns, 4.2977 us/op
WorkloadActual  70: 255728 op, 968960224.00 ns, 3.7890 us/op
WorkloadActual  71: 255728 op, 985290593.00 ns, 3.8529 us/op
WorkloadActual  72: 255728 op, 983856820.00 ns, 3.8473 us/op
WorkloadActual  73: 255728 op, 985124863.00 ns, 3.8522 us/op

// AfterActualRun
WorkloadResult   1: 255728 op, 1030579904.00 ns, 4.0300 us/op
WorkloadResult   2: 255728 op, 1082961033.00 ns, 4.2348 us/op
WorkloadResult   3: 255728 op, 1023166586.00 ns, 4.0010 us/op
WorkloadResult   4: 255728 op, 1017943651.00 ns, 3.9806 us/op
WorkloadResult   5: 255728 op, 992377728.00 ns, 3.8806 us/op
WorkloadResult   6: 255728 op, 1049780180.00 ns, 4.1051 us/op
WorkloadResult   7: 255728 op, 1106195197.00 ns, 4.3257 us/op
WorkloadResult   8: 255728 op, 991571057.00 ns, 3.8774 us/op
WorkloadResult   9: 255728 op, 994972933.00 ns, 3.8907 us/op
WorkloadResult  10: 255728 op, 990111945.00 ns, 3.8717 us/op
WorkloadResult  11: 255728 op, 993483585.00 ns, 3.8849 us/op
WorkloadResult  12: 255728 op, 1109895071.00 ns, 4.3401 us/op
WorkloadResult  13: 255728 op, 995230546.00 ns, 3.8918 us/op
WorkloadResult  14: 255728 op, 995327119.00 ns, 3.8921 us/op
WorkloadResult  15: 255728 op, 992769275.00 ns, 3.8821 us/op
WorkloadResult  16: 255728 op, 1099699603.00 ns, 4.3003 us/op
WorkloadResult  17: 255728 op, 1100782748.00 ns, 4.3045 us/op
WorkloadResult  18: 255728 op, 988753162.00 ns, 3.8664 us/op
WorkloadResult  19: 255728 op, 1022451222.00 ns, 3.9982 us/op
WorkloadResult  20: 255728 op, 985206715.00 ns, 3.8526 us/op
WorkloadResult  21: 255728 op, 1019078554.00 ns, 3.9850 us/op
WorkloadResult  22: 255728 op, 1166352661.00 ns, 4.5609 us/op
WorkloadResult  23: 255728 op, 989697711.00 ns, 3.8701 us/op
WorkloadResult  24: 255728 op, 989642197.00 ns, 3.8699 us/op
WorkloadResult  25: 255728 op, 990962429.00 ns, 3.8751 us/op
WorkloadResult  26: 255728 op, 1125825222.00 ns, 4.4024 us/op
WorkloadResult  27: 255728 op, 1154696046.00 ns, 4.5153 us/op
WorkloadResult  28: 255728 op, 985477133.00 ns, 3.8536 us/op
WorkloadResult  29: 255728 op, 985138711.00 ns, 3.8523 us/op
WorkloadResult  30: 255728 op, 989212684.00 ns, 3.8682 us/op
WorkloadResult  31: 255728 op, 989039050.00 ns, 3.8675 us/op
WorkloadResult  32: 255728 op, 1097462534.00 ns, 4.2915 us/op
WorkloadResult  33: 255728 op, 1013133281.00 ns, 3.9618 us/op
WorkloadResult  34: 255728 op, 984526086.00 ns, 3.8499 us/op
WorkloadResult  35: 255728 op, 975955412.00 ns, 3.8164 us/op
WorkloadResult  36: 255728 op, 1011729034.00 ns, 3.9563 us/op
WorkloadResult  37: 255728 op, 1022085628.00 ns, 3.9968 us/op
WorkloadResult  38: 255728 op, 1043435952.00 ns, 4.0803 us/op
WorkloadResult  39: 255728 op, 986313375.00 ns, 3.8569 us/op
WorkloadResult  40: 255728 op, 982538469.00 ns, 3.8421 us/op
WorkloadResult  41: 255728 op, 984603158.00 ns, 3.8502 us/op
WorkloadResult  42: 255728 op, 1013542459.00 ns, 3.9634 us/op
WorkloadResult  43: 255728 op, 1086644217.00 ns, 4.2492 us/op
WorkloadResult  44: 255728 op, 988834243.00 ns, 3.8667 us/op
WorkloadResult  45: 255728 op, 1092110705.00 ns, 4.2706 us/op
WorkloadResult  46: 255728 op, 992564792.00 ns, 3.8813 us/op
WorkloadResult  47: 255728 op, 986981145.00 ns, 3.8595 us/op
WorkloadResult  48: 255728 op, 1112940285.00 ns, 4.3520 us/op
WorkloadResult  49: 255728 op, 1014681899.00 ns, 3.9678 us/op
WorkloadResult  50: 255728 op, 1010079253.00 ns, 3.9498 us/op
WorkloadResult  51: 255728 op, 985383254.00 ns, 3.8532 us/op
WorkloadResult  52: 255728 op, 987586552.00 ns, 3.8619 us/op
WorkloadResult  53: 255728 op, 1098894320.00 ns, 4.2971 us/op
WorkloadResult  54: 255728 op, 987416134.00 ns, 3.8612 us/op
WorkloadResult  55: 255728 op, 1107796808.00 ns, 4.3319 us/op
WorkloadResult  56: 255728 op, 982601274.00 ns, 3.8424 us/op
WorkloadResult  57: 255728 op, 984019940.00 ns, 3.8479 us/op
WorkloadResult  58: 255728 op, 1115042994.00 ns, 4.3603 us/op
WorkloadResult  59: 255728 op, 980593483.00 ns, 3.8345 us/op
WorkloadResult  60: 255728 op, 1019147377.00 ns, 3.9853 us/op
WorkloadResult  61: 255728 op, 988329536.00 ns, 3.8648 us/op
WorkloadResult  62: 255728 op, 985994348.00 ns, 3.8556 us/op
WorkloadResult  63: 255728 op, 1073553705.00 ns, 4.1980 us/op
WorkloadResult  64: 255728 op, 1026831444.00 ns, 4.0153 us/op
WorkloadResult  65: 255728 op, 1017428499.00 ns, 3.9786 us/op
WorkloadResult  66: 255728 op, 992903818.00 ns, 3.8827 us/op
WorkloadResult  67: 255728 op, 993403627.00 ns, 3.8846 us/op
WorkloadResult  68: 255728 op, 993931671.00 ns, 3.8867 us/op
WorkloadResult  69: 255728 op, 1098171364.00 ns, 4.2943 us/op
WorkloadResult  70: 255728 op, 968086990.00 ns, 3.7856 us/op
WorkloadResult  71: 255728 op, 984417359.00 ns, 3.8495 us/op
WorkloadResult  72: 255728 op, 982983586.00 ns, 3.8439 us/op
WorkloadResult  73: 255728 op, 984251629.00 ns, 3.8488 us/op

// AfterAll
// Benchmark Process 884149 has exited with code 0.

Mean = 4.001 μs, StdErr = 0.023 μs (0.58%), N = 73, StdDev = 0.198 μs
Min = 3.786 μs, Q1 = 3.861 μs, Median = 3.887 μs, Q3 = 4.080 μs, Max = 4.561 μs
IQR = 0.219 μs, LowerFence = 3.533 μs, UpperFence = 4.409 μs
ConfidenceInterval = [3.921 μs; 4.080 μs] (CI 99.9%), Margin = 0.079 μs (1.98% of Mean)
Skewness = 1.15, Kurtosis = 2.99, MValue = 2.5

// ** Remained 4 (40.0 %) benchmark(s) to run. Estimated finish 2026-05-26 11:28 (0h 6m from now) **
// **************************
// Benchmark: SmokeBenchByte.STJSrcGen_Ser: Energy(OutlierMode=DontRemove, IterationTime=1s)
// *** Execute ***
// Launch: 1 / 1
// Execute: dotnet JsonBench-Energy-1.dll --anonymousPipes 127 128 --benchmarkName JsonBench.Benchmarks.SmokeBenchByte.STJSrcGen_Ser --job Energy --benchmarkId 6 in /home/test/json-energy-bench/JsonBench/bin/Release/net10.0/JsonBench-Energy-1/bin/Release/net10.0
// BeforeAnythingElse

// Benchmark Process Environment Information:
// BenchmarkDotNet v0.15.5-develop (2026-05-26)
// Runtime=.NET 10.0.8 (10.0.8, 10.0.826.23019), X64 RyuJIT x86-64-v3
// GC=Concurrent Workstation
// HardwareIntrinsics=AVX2+BMI1+BMI2+F16C+FMA+LZCNT+MOVBE,AVX,SSE3+SSSE3+SSE4.1+SSE4.2+POPCNT,X86Base+SSE+SSE2,AES+PCLMUL VectorSize=256
// Job: Energy(OutlierMode=DontRemove, IterationTime=1s)

OverheadJitting  1: 1 op, 183519.00 ns, 183.5190 us/op
WorkloadJitting  1: 1 op, 9142005.00 ns, 9.1420 ms/op

OverheadJitting  2: 16 op, 501471.00 ns, 31.3419 us/op
WorkloadJitting  2: 16 op, 707723.00 ns, 44.2327 us/op

WorkloadPilot    1: 16 op, 169547.00 ns, 10.5967 us/op
WorkloadPilot    2: 94384 op, 486795492.00 ns, 5.1576 us/op
WorkloadPilot    3: 193888 op, 631058448.00 ns, 3.2548 us/op
WorkloadPilot    4: 307248 op, 870272061.00 ns, 2.8325 us/op
WorkloadPilot    5: 353056 op, 1167937823.00 ns, 3.3081 us/op
WorkloadPilot    6: 302304 op, 1014021197.00 ns, 3.3543 us/op
WorkloadPilot    7: 298128 op, 816966390.00 ns, 2.7403 us/op
WorkloadPilot    8: 364928 op, 1039083547.00 ns, 2.8474 us/op

OverheadWarmup   1: 364928 op, 1275354.00 ns, 3.4948 ns/op
OverheadWarmup   2: 364928 op, 1279013.00 ns, 3.5048 ns/op
OverheadWarmup   3: 364928 op, 1279634.00 ns, 3.5065 ns/op
OverheadWarmup   4: 364928 op, 1275298.00 ns, 3.4947 ns/op
OverheadWarmup   5: 364928 op, 1275044.00 ns, 3.4940 ns/op
OverheadWarmup   6: 364928 op, 1275086.00 ns, 3.4941 ns/op
OverheadWarmup   7: 364928 op, 1278583.00 ns, 3.5037 ns/op
OverheadWarmup   8: 364928 op, 1276613.00 ns, 3.4983 ns/op

OverheadActual   1: 364928 op, 1276047.00 ns, 3.4967 ns/op
OverheadActual   2: 364928 op, 1275049.00 ns, 3.4940 ns/op
OverheadActual   3: 364928 op, 1273085.00 ns, 3.4886 ns/op
OverheadActual   4: 364928 op, 1276916.00 ns, 3.4991 ns/op
OverheadActual   5: 364928 op, 1279755.00 ns, 3.5069 ns/op
OverheadActual   6: 364928 op, 1279401.00 ns, 3.5059 ns/op
OverheadActual   7: 364928 op, 1269574.00 ns, 3.4790 ns/op
OverheadActual   8: 364928 op, 1275456.00 ns, 3.4951 ns/op
OverheadActual   9: 364928 op, 1273374.00 ns, 3.4894 ns/op
OverheadActual  10: 364928 op, 1280204.00 ns, 3.5081 ns/op
OverheadActual  11: 364928 op, 1274312.00 ns, 3.4920 ns/op
OverheadActual  12: 364928 op, 1272741.00 ns, 3.4876 ns/op
OverheadActual  13: 364928 op, 1275669.00 ns, 3.4957 ns/op
OverheadActual  14: 364928 op, 1279172.00 ns, 3.5053 ns/op
OverheadActual  15: 364928 op, 1504224.00 ns, 4.1220 ns/op

WorkloadWarmup   1: 364928 op, 1028643605.00 ns, 2.8188 us/op
WorkloadWarmup   2: 364928 op, 1026933312.00 ns, 2.8141 us/op
WorkloadWarmup   3: 364928 op, 985982543.00 ns, 2.7019 us/op
WorkloadWarmup   4: 364928 op, 991981047.00 ns, 2.7183 us/op
WorkloadWarmup   5: 364928 op, 1103850967.00 ns, 3.0248 us/op
WorkloadWarmup   6: 364928 op, 1150234674.00 ns, 3.1519 us/op
WorkloadWarmup   7: 364928 op, 990188642.00 ns, 2.7134 us/op
WorkloadWarmup   8: 364928 op, 992834049.00 ns, 2.7206 us/op
WorkloadWarmup   9: 364928 op, 989803958.00 ns, 2.7123 us/op

// BeforeActualRun
WorkloadActual   1: 364928 op, 1081183076.00 ns, 2.9627 us/op
WorkloadActual   2: 364928 op, 1021677737.00 ns, 2.7997 us/op
WorkloadActual   3: 364928 op, 997314584.00 ns, 2.7329 us/op
WorkloadActual   4: 364928 op, 998809686.00 ns, 2.7370 us/op
WorkloadActual   5: 364928 op, 998139607.00 ns, 2.7352 us/op
WorkloadActual   6: 364928 op, 1140258964.00 ns, 3.1246 us/op
WorkloadActual   7: 364928 op, 1080632213.00 ns, 2.9612 us/op
WorkloadActual   8: 364928 op, 995665936.00 ns, 2.7284 us/op
WorkloadActual   9: 364928 op, 992064400.00 ns, 2.7185 us/op
WorkloadActual  10: 364928 op, 998618165.00 ns, 2.7365 us/op
WorkloadActual  11: 364928 op, 998783612.00 ns, 2.7369 us/op
WorkloadActual  12: 364928 op, 1118336900.00 ns, 3.0645 us/op
WorkloadActual  13: 364928 op, 993742112.00 ns, 2.7231 us/op
WorkloadActual  14: 364928 op, 996499348.00 ns, 2.7307 us/op
WorkloadActual  15: 364928 op, 996928084.00 ns, 2.7318 us/op
WorkloadActual  16: 364928 op, 1064660889.00 ns, 2.9175 us/op
WorkloadActual  17: 364928 op, 1137484043.00 ns, 3.1170 us/op
WorkloadActual  18: 364928 op, 990699680.00 ns, 2.7148 us/op
WorkloadActual  19: 364928 op, 995275268.00 ns, 2.7273 us/op
WorkloadActual  20: 364928 op, 990712203.00 ns, 2.7148 us/op
WorkloadActual  21: 364928 op, 998117806.00 ns, 2.7351 us/op
WorkloadActual  22: 364928 op, 1111960450.00 ns, 3.0471 us/op
WorkloadActual  23: 364928 op, 1023239172.00 ns, 2.8039 us/op
WorkloadActual  24: 364928 op, 997396396.00 ns, 2.7331 us/op
WorkloadActual  25: 364928 op, 1004708561.00 ns, 2.7532 us/op
WorkloadActual  26: 364928 op, 1144911655.00 ns, 3.1374 us/op
WorkloadActual  27: 364928 op, 1099911533.00 ns, 3.0141 us/op
WorkloadActual  28: 364928 op, 987236021.00 ns, 2.7053 us/op
WorkloadActual  29: 364928 op, 992446180.00 ns, 2.7196 us/op
WorkloadActual  30: 364928 op, 988232003.00 ns, 2.7080 us/op
WorkloadActual  31: 364928 op, 1001851351.00 ns, 2.7453 us/op
WorkloadActual  32: 364928 op, 1088054174.00 ns, 2.9816 us/op
WorkloadActual  33: 364928 op, 998043366.00 ns, 2.7349 us/op
WorkloadActual  34: 364928 op, 998553143.00 ns, 2.7363 us/op
WorkloadActual  35: 364928 op, 993469230.00 ns, 2.7224 us/op
WorkloadActual  36: 364928 op, 1018589190.00 ns, 2.7912 us/op
WorkloadActual  37: 364928 op, 1036980987.00 ns, 2.8416 us/op
WorkloadActual  38: 364928 op, 1059758556.00 ns, 2.9040 us/op
WorkloadActual  39: 364928 op, 991395086.00 ns, 2.7167 us/op
WorkloadActual  40: 364928 op, 963794025.00 ns, 2.6411 us/op
WorkloadActual  41: 364928 op, 974105317.00 ns, 2.6693 us/op
WorkloadActual  42: 364928 op, 1027438647.00 ns, 2.8155 us/op
WorkloadActual  43: 364928 op, 1090070063.00 ns, 2.9871 us/op
WorkloadActual  44: 364928 op, 993067004.00 ns, 2.7213 us/op
WorkloadActual  45: 364928 op, 999992856.00 ns, 2.7402 us/op
WorkloadActual  46: 364928 op, 1082255651.00 ns, 2.9657 us/op
WorkloadActual  47: 364928 op, 1005618396.00 ns, 2.7557 us/op
WorkloadActual  48: 364928 op, 1109902914.00 ns, 3.0414 us/op
WorkloadActual  49: 364928 op, 970538490.00 ns, 2.6595 us/op
WorkloadActual  50: 364928 op, 968229075.00 ns, 2.6532 us/op
WorkloadActual  51: 364928 op, 987946629.00 ns, 2.7072 us/op
WorkloadActual  52: 364928 op, 996551443.00 ns, 2.7308 us/op
WorkloadActual  53: 364928 op, 1102310496.00 ns, 3.0206 us/op
WorkloadActual  54: 364928 op, 967962016.00 ns, 2.6525 us/op
WorkloadActual  55: 364928 op, 1021784845.00 ns, 2.8000 us/op
WorkloadActual  56: 364928 op, 1034133272.00 ns, 2.8338 us/op
WorkloadActual  57: 364928 op, 990094675.00 ns, 2.7131 us/op
WorkloadActual  58: 364928 op, 1098133526.00 ns, 3.0092 us/op
WorkloadActual  59: 364928 op, 1004676308.00 ns, 2.7531 us/op
WorkloadActual  60: 364928 op, 996439529.00 ns, 2.7305 us/op
WorkloadActual  61: 364928 op, 996290337.00 ns, 2.7301 us/op
WorkloadActual  62: 364928 op, 991331794.00 ns, 2.7165 us/op
WorkloadActual  63: 364928 op, 987553458.00 ns, 2.7062 us/op
WorkloadActual  64: 364928 op, 1107122654.00 ns, 3.0338 us/op
WorkloadActual  65: 364928 op, 1040925912.00 ns, 2.8524 us/op
WorkloadActual  66: 364928 op, 980822720.00 ns, 2.6877 us/op
WorkloadActual  67: 364928 op, 989852115.00 ns, 2.7125 us/op
WorkloadActual  68: 364928 op, 987993537.00 ns, 2.7074 us/op

// AfterActualRun
WorkloadResult   1: 364928 op, 1079907407.00 ns, 2.9592 us/op
WorkloadResult   2: 364928 op, 1020402068.00 ns, 2.7962 us/op
WorkloadResult   3: 364928 op, 996038915.00 ns, 2.7294 us/op
WorkloadResult   4: 364928 op, 997534017.00 ns, 2.7335 us/op
WorkloadResult   5: 364928 op, 996863938.00 ns, 2.7317 us/op
WorkloadResult   6: 364928 op, 1138983295.00 ns, 3.1211 us/op
WorkloadResult   7: 364928 op, 1079356544.00 ns, 2.9577 us/op
WorkloadResult   8: 364928 op, 994390267.00 ns, 2.7249 us/op
WorkloadResult   9: 364928 op, 990788731.00 ns, 2.7150 us/op
WorkloadResult  10: 364928 op, 997342496.00 ns, 2.7330 us/op
WorkloadResult  11: 364928 op, 997507943.00 ns, 2.7334 us/op
WorkloadResult  12: 364928 op, 1117061231.00 ns, 3.0610 us/op
WorkloadResult  13: 364928 op, 992466443.00 ns, 2.7196 us/op
WorkloadResult  14: 364928 op, 995223679.00 ns, 2.7272 us/op
WorkloadResult  15: 364928 op, 995652415.00 ns, 2.7284 us/op
WorkloadResult  16: 364928 op, 1063385220.00 ns, 2.9140 us/op
WorkloadResult  17: 364928 op, 1136208374.00 ns, 3.1135 us/op
WorkloadResult  18: 364928 op, 989424011.00 ns, 2.7113 us/op
WorkloadResult  19: 364928 op, 993999599.00 ns, 2.7238 us/op
WorkloadResult  20: 364928 op, 989436534.00 ns, 2.7113 us/op
WorkloadResult  21: 364928 op, 996842137.00 ns, 2.7316 us/op
WorkloadResult  22: 364928 op, 1110684781.00 ns, 3.0436 us/op
WorkloadResult  23: 364928 op, 1021963503.00 ns, 2.8005 us/op
WorkloadResult  24: 364928 op, 996120727.00 ns, 2.7296 us/op
WorkloadResult  25: 364928 op, 1003432892.00 ns, 2.7497 us/op
WorkloadResult  26: 364928 op, 1143635986.00 ns, 3.1339 us/op
WorkloadResult  27: 364928 op, 1098635864.00 ns, 3.0106 us/op
WorkloadResult  28: 364928 op, 985960352.00 ns, 2.7018 us/op
WorkloadResult  29: 364928 op, 991170511.00 ns, 2.7161 us/op
WorkloadResult  30: 364928 op, 986956334.00 ns, 2.7045 us/op
WorkloadResult  31: 364928 op, 1000575682.00 ns, 2.7418 us/op
WorkloadResult  32: 364928 op, 1086778505.00 ns, 2.9781 us/op
WorkloadResult  33: 364928 op, 996767697.00 ns, 2.7314 us/op
WorkloadResult  34: 364928 op, 997277474.00 ns, 2.7328 us/op
WorkloadResult  35: 364928 op, 992193561.00 ns, 2.7189 us/op
WorkloadResult  36: 364928 op, 1017313521.00 ns, 2.7877 us/op
WorkloadResult  37: 364928 op, 1035705318.00 ns, 2.8381 us/op
WorkloadResult  38: 364928 op, 1058482887.00 ns, 2.9005 us/op
WorkloadResult  39: 364928 op, 990119417.00 ns, 2.7132 us/op
WorkloadResult  40: 364928 op, 962518356.00 ns, 2.6376 us/op
WorkloadResult  41: 364928 op, 972829648.00 ns, 2.6658 us/op
WorkloadResult  42: 364928 op, 1026162978.00 ns, 2.8120 us/op
WorkloadResult  43: 364928 op, 1088794394.00 ns, 2.9836 us/op
WorkloadResult  44: 364928 op, 991791335.00 ns, 2.7178 us/op
WorkloadResult  45: 364928 op, 998717187.00 ns, 2.7368 us/op
WorkloadResult  46: 364928 op, 1080979982.00 ns, 2.9622 us/op
WorkloadResult  47: 364928 op, 1004342727.00 ns, 2.7522 us/op
WorkloadResult  48: 364928 op, 1108627245.00 ns, 3.0379 us/op
WorkloadResult  49: 364928 op, 969262821.00 ns, 2.6560 us/op
WorkloadResult  50: 364928 op, 966953406.00 ns, 2.6497 us/op
WorkloadResult  51: 364928 op, 986670960.00 ns, 2.7037 us/op
WorkloadResult  52: 364928 op, 995275774.00 ns, 2.7273 us/op
WorkloadResult  53: 364928 op, 1101034827.00 ns, 3.0171 us/op
WorkloadResult  54: 364928 op, 966686347.00 ns, 2.6490 us/op
WorkloadResult  55: 364928 op, 1020509176.00 ns, 2.7965 us/op
WorkloadResult  56: 364928 op, 1032857603.00 ns, 2.8303 us/op
WorkloadResult  57: 364928 op, 988819006.00 ns, 2.7096 us/op
WorkloadResult  58: 364928 op, 1096857857.00 ns, 3.0057 us/op
WorkloadResult  59: 364928 op, 1003400639.00 ns, 2.7496 us/op
WorkloadResult  60: 364928 op, 995163860.00 ns, 2.7270 us/op
WorkloadResult  61: 364928 op, 995014668.00 ns, 2.7266 us/op
WorkloadResult  62: 364928 op, 990056125.00 ns, 2.7130 us/op
WorkloadResult  63: 364928 op, 986277789.00 ns, 2.7027 us/op
WorkloadResult  64: 364928 op, 1105846985.00 ns, 3.0303 us/op
WorkloadResult  65: 364928 op, 1039650243.00 ns, 2.8489 us/op
WorkloadResult  66: 364928 op, 979547051.00 ns, 2.6842 us/op
WorkloadResult  67: 364928 op, 988576446.00 ns, 2.7090 us/op
WorkloadResult  68: 364928 op, 986717868.00 ns, 2.7039 us/op

// AfterAll
// Benchmark Process 884900 has exited with code 0.

Mean = 2.801 μs, StdErr = 0.016 μs (0.58%), N = 68, StdDev = 0.134 μs
Min = 2.638 μs, Q1 = 2.715 μs, Median = 2.732 μs, Q3 = 2.862 μs, Max = 3.134 μs
IQR = 0.147 μs, LowerFence = 2.494 μs, UpperFence = 3.083 μs
ConfidenceInterval = [2.745 μs; 2.857 μs] (CI 99.9%), Margin = 0.056 μs (1.99% of Mean)
Skewness = 1.07, Kurtosis = 2.79, MValue = 2.39

// ** Remained 3 (30.0 %) benchmark(s) to run. Estimated finish 2026-05-26 11:28 (0h 4m from now) **
// **************************
// Benchmark: SmokeBenchByte.Newtonsoft_Ser: Energy(OutlierMode=DontRemove, IterationTime=1s)
// *** Execute ***
// Launch: 1 / 1
// Execute: dotnet JsonBench-Energy-1.dll --anonymousPipes 127 128 --benchmarkName JsonBench.Benchmarks.SmokeBenchByte.Newtonsoft_Ser --job Energy --benchmarkId 7 in /home/test/json-energy-bench/JsonBench/bin/Release/net10.0/JsonBench-Energy-1/bin/Release/net10.0
// BeforeAnythingElse

// Benchmark Process Environment Information:
// BenchmarkDotNet v0.15.5-develop (2026-05-26)
// Runtime=.NET 10.0.8 (10.0.8, 10.0.826.23019), X64 RyuJIT x86-64-v3
// GC=Concurrent Workstation
// HardwareIntrinsics=AVX2+BMI1+BMI2+F16C+FMA+LZCNT+MOVBE,AVX,SSE3+SSSE3+SSE4.1+SSE4.2+POPCNT,X86Base+SSE+SSE2,AES+PCLMUL VectorSize=256
// Job: Energy(OutlierMode=DontRemove, IterationTime=1s)

OverheadJitting  1: 1 op, 190241.00 ns, 190.2410 us/op
WorkloadJitting  1: 1 op, 45979697.00 ns, 45.9797 ms/op

OverheadJitting  2: 16 op, 503319.00 ns, 31.4574 us/op
WorkloadJitting  2: 16 op, 1362637.00 ns, 85.1648 us/op

WorkloadPilot    1: 16 op, 784481.00 ns, 49.0301 us/op
WorkloadPilot    2: 20400 op, 502249574.00 ns, 24.6201 us/op
WorkloadPilot    3: 40624 op, 371858226.00 ns, 9.1537 us/op
WorkloadPilot    4: 109248 op, 1092043200.00 ns, 9.9960 us/op
WorkloadPilot    5: 100048 op, 1094227476.00 ns, 10.9370 us/op
WorkloadPilot    6: 91440 op, 1029347710.00 ns, 11.2571 us/op

OverheadWarmup   1: 91440 op, 298713.00 ns, 3.2668 ns/op
OverheadWarmup   2: 91440 op, 329812.00 ns, 3.6069 ns/op
OverheadWarmup   3: 91440 op, 299942.00 ns, 3.2802 ns/op
OverheadWarmup   4: 91440 op, 300214.00 ns, 3.2832 ns/op
OverheadWarmup   5: 91440 op, 385268.00 ns, 4.2133 ns/op
OverheadWarmup   6: 91440 op, 305213.00 ns, 3.3378 ns/op

OverheadActual   1: 91440 op, 303330.00 ns, 3.3173 ns/op
OverheadActual   2: 91440 op, 299807.00 ns, 3.2787 ns/op
OverheadActual   3: 91440 op, 298006.00 ns, 3.2590 ns/op
OverheadActual   4: 91440 op, 296725.00 ns, 3.2450 ns/op
OverheadActual   5: 91440 op, 1440304.00 ns, 15.7514 ns/op
OverheadActual   6: 91440 op, 310649.00 ns, 3.3973 ns/op
OverheadActual   7: 91440 op, 544546.00 ns, 5.9552 ns/op
OverheadActual   8: 91440 op, 336740.00 ns, 3.6826 ns/op
OverheadActual   9: 91440 op, 346201.00 ns, 3.7861 ns/op
OverheadActual  10: 91440 op, 304888.00 ns, 3.3343 ns/op
OverheadActual  11: 91440 op, 296872.00 ns, 3.2466 ns/op
OverheadActual  12: 91440 op, 471003.00 ns, 5.1510 ns/op
OverheadActual  13: 91440 op, 301865.00 ns, 3.3012 ns/op
OverheadActual  14: 91440 op, 302035.00 ns, 3.3031 ns/op
OverheadActual  15: 91440 op, 315110.00 ns, 3.4461 ns/op
OverheadActual  16: 91440 op, 299934.00 ns, 3.2801 ns/op
OverheadActual  17: 91440 op, 298897.00 ns, 3.2688 ns/op
OverheadActual  18: 91440 op, 296886.00 ns, 3.2468 ns/op
OverheadActual  19: 91440 op, 510062.00 ns, 5.5781 ns/op
OverheadActual  20: 91440 op, 297207.00 ns, 3.2503 ns/op

WorkloadWarmup   1: 91440 op, 862959886.00 ns, 9.4374 us/op
WorkloadWarmup   2: 91440 op, 860418186.00 ns, 9.4096 us/op
WorkloadWarmup   3: 91440 op, 827419438.00 ns, 9.0488 us/op
WorkloadWarmup   4: 91440 op, 827196229.00 ns, 9.0463 us/op
WorkloadWarmup   5: 91440 op, 823112568.00 ns, 9.0017 us/op
WorkloadWarmup   6: 91440 op, 822715495.00 ns, 8.9973 us/op
WorkloadWarmup   7: 91440 op, 816778503.00 ns, 8.9324 us/op
WorkloadWarmup   8: 91440 op, 821870737.00 ns, 8.9881 us/op
WorkloadWarmup   9: 91440 op, 1020387872.00 ns, 11.1591 us/op
WorkloadWarmup  10: 91440 op, 879416973.00 ns, 9.6174 us/op
WorkloadWarmup  11: 91440 op, 821005848.00 ns, 8.9786 us/op
WorkloadWarmup  12: 91440 op, 842525946.00 ns, 9.2140 us/op
WorkloadWarmup  13: 91440 op, 851894914.00 ns, 9.3164 us/op
WorkloadWarmup  14: 91440 op, 832624367.00 ns, 9.1057 us/op

// BeforeActualRun
WorkloadActual   1: 91440 op, 941542164.00 ns, 10.2968 us/op
WorkloadActual   2: 91440 op, 841403609.00 ns, 9.2017 us/op
WorkloadActual   3: 91440 op, 819806569.00 ns, 8.9655 us/op
WorkloadActual   4: 91440 op, 827158015.00 ns, 9.0459 us/op
WorkloadActual   5: 91440 op, 828203428.00 ns, 9.0573 us/op
WorkloadActual   6: 91440 op, 845888312.00 ns, 9.2507 us/op
WorkloadActual   7: 91440 op, 1036835672.00 ns, 11.3390 us/op
WorkloadActual   8: 91440 op, 826290871.00 ns, 9.0364 us/op
WorkloadActual   9: 91440 op, 828054570.00 ns, 9.0557 us/op
WorkloadActual  10: 91440 op, 828535534.00 ns, 9.0610 us/op
WorkloadActual  11: 91440 op, 825859238.00 ns, 9.0317 us/op
WorkloadActual  12: 91440 op, 828135370.00 ns, 9.0566 us/op
WorkloadActual  13: 91440 op, 954530580.00 ns, 10.4389 us/op
WorkloadActual  14: 91440 op, 802390542.00 ns, 8.7750 us/op
WorkloadActual  15: 91440 op, 826649666.00 ns, 9.0404 us/op
WorkloadActual  16: 91440 op, 825779048.00 ns, 9.0308 us/op
WorkloadActual  17: 91440 op, 820136544.00 ns, 8.9691 us/op
WorkloadActual  18: 91440 op, 855812334.00 ns, 9.3593 us/op
WorkloadActual  19: 91440 op, 1013909138.00 ns, 11.0882 us/op
WorkloadActual  20: 91440 op, 838282346.00 ns, 9.1676 us/op
WorkloadActual  21: 91440 op, 829347463.00 ns, 9.0699 us/op
WorkloadActual  22: 91440 op, 839011525.00 ns, 9.1755 us/op
WorkloadActual  23: 91440 op, 825429582.00 ns, 9.0270 us/op
WorkloadActual  24: 91440 op, 822356677.00 ns, 8.9934 us/op
WorkloadActual  25: 91440 op, 821076966.00 ns, 8.9794 us/op
WorkloadActual  26: 91440 op, 951286119.00 ns, 10.4034 us/op
WorkloadActual  27: 91440 op, 821254388.00 ns, 8.9813 us/op
WorkloadActual  28: 91440 op, 841977678.00 ns, 9.2080 us/op
WorkloadActual  29: 91440 op, 817335889.00 ns, 8.9385 us/op
WorkloadActual  30: 91440 op, 962328233.00 ns, 10.5241 us/op
WorkloadActual  31: 91440 op, 877706525.00 ns, 9.5987 us/op
WorkloadActual  32: 91440 op, 953596830.00 ns, 10.4287 us/op
WorkloadActual  33: 91440 op, 820775012.00 ns, 8.9761 us/op
WorkloadActual  34: 91440 op, 822197727.00 ns, 8.9917 us/op
WorkloadActual  35: 91440 op, 818704290.00 ns, 8.9535 us/op
WorkloadActual  36: 91440 op, 820290248.00 ns, 8.9708 us/op
WorkloadActual  37: 91440 op, 818332905.00 ns, 8.9494 us/op
WorkloadActual  38: 91440 op, 958491211.00 ns, 10.4822 us/op
WorkloadActual  39: 91440 op, 818650278.00 ns, 8.9529 us/op
WorkloadActual  40: 91440 op, 819901187.00 ns, 8.9665 us/op
WorkloadActual  41: 91440 op, 822101729.00 ns, 8.9906 us/op
WorkloadActual  42: 91440 op, 838634653.00 ns, 9.1714 us/op
WorkloadActual  43: 91440 op, 816382926.00 ns, 8.9281 us/op
WorkloadActual  44: 91440 op, 916685642.00 ns, 10.0250 us/op
WorkloadActual  45: 91440 op, 836898404.00 ns, 9.1524 us/op
WorkloadActual  46: 91440 op, 818889047.00 ns, 8.9555 us/op
WorkloadActual  47: 91440 op, 819247527.00 ns, 8.9594 us/op
WorkloadActual  48: 91440 op, 819646203.00 ns, 8.9638 us/op
WorkloadActual  49: 91440 op, 820133833.00 ns, 8.9691 us/op
WorkloadActual  50: 91440 op, 817742204.00 ns, 8.9429 us/op
WorkloadActual  51: 91440 op, 948441175.00 ns, 10.3723 us/op
WorkloadActual  52: 91440 op, 819293003.00 ns, 8.9599 us/op
WorkloadActual  53: 91440 op, 830892073.00 ns, 9.0867 us/op
WorkloadActual  54: 91440 op, 936839124.00 ns, 10.2454 us/op
WorkloadActual  55: 91440 op, 824899391.00 ns, 9.0212 us/op
WorkloadActual  56: 91440 op, 819820860.00 ns, 8.9657 us/op
WorkloadActual  57: 91440 op, 957085008.00 ns, 10.4668 us/op
WorkloadActual  58: 91440 op, 820361340.00 ns, 8.9716 us/op
WorkloadActual  59: 91440 op, 845563000.00 ns, 9.2472 us/op
WorkloadActual  60: 91440 op, 820377157.00 ns, 8.9718 us/op
WorkloadActual  61: 91440 op, 819618220.00 ns, 8.9635 us/op
WorkloadActual  62: 91440 op, 820569867.00 ns, 8.9739 us/op
WorkloadActual  63: 91440 op, 946473350.00 ns, 10.3508 us/op
WorkloadActual  64: 91440 op, 820594029.00 ns, 8.9741 us/op
WorkloadActual  65: 91440 op, 903658353.00 ns, 9.8825 us/op
WorkloadActual  66: 91440 op, 825081729.00 ns, 9.0232 us/op
WorkloadActual  67: 91440 op, 818056280.00 ns, 8.9464 us/op
WorkloadActual  68: 91440 op, 817436040.00 ns, 8.9396 us/op
WorkloadActual  69: 91440 op, 922458743.00 ns, 10.0881 us/op
WorkloadActual  70: 91440 op, 841332814.00 ns, 9.2009 us/op
WorkloadActual  71: 91440 op, 821932002.00 ns, 8.9888 us/op
WorkloadActual  72: 91440 op, 820314794.00 ns, 8.9711 us/op
WorkloadActual  73: 91440 op, 818803045.00 ns, 8.9545 us/op
WorkloadActual  74: 91440 op, 819029690.00 ns, 8.9570 us/op
WorkloadActual  75: 91440 op, 818207554.00 ns, 8.9480 us/op
WorkloadActual  76: 91440 op, 934182451.00 ns, 10.2163 us/op
WorkloadActual  77: 91440 op, 849327551.00 ns, 9.2884 us/op
WorkloadActual  78: 91440 op, 818613930.00 ns, 8.9525 us/op
WorkloadActual  79: 91440 op, 820408853.00 ns, 8.9721 us/op
WorkloadActual  80: 91440 op, 819060113.00 ns, 8.9574 us/op
WorkloadActual  81: 91440 op, 822058168.00 ns, 8.9901 us/op
WorkloadActual  82: 91440 op, 944880388.00 ns, 10.3333 us/op
WorkloadActual  83: 91440 op, 818734094.00 ns, 8.9538 us/op
WorkloadActual  84: 91440 op, 820747891.00 ns, 8.9758 us/op
WorkloadActual  85: 91440 op, 819114648.00 ns, 8.9579 us/op
WorkloadActual  86: 91440 op, 820278931.00 ns, 8.9707 us/op
WorkloadActual  87: 91440 op, 818497174.00 ns, 8.9512 us/op
WorkloadActual  88: 91440 op, 935605103.00 ns, 10.2319 us/op
WorkloadActual  89: 91440 op, 888581064.00 ns, 9.7176 us/op
WorkloadActual  90: 91440 op, 813372953.00 ns, 8.8952 us/op
WorkloadActual  91: 91440 op, 814483446.00 ns, 8.9073 us/op
WorkloadActual  92: 91440 op, 815932108.00 ns, 8.9231 us/op
WorkloadActual  93: 91440 op, 820066708.00 ns, 8.9684 us/op
WorkloadActual  94: 91440 op, 818861792.00 ns, 8.9552 us/op
WorkloadActual  95: 91440 op, 948236038.00 ns, 10.3700 us/op
WorkloadActual  96: 91440 op, 845707747.00 ns, 9.2488 us/op
WorkloadActual  97: 91440 op, 821367496.00 ns, 8.9826 us/op
WorkloadActual  98: 91440 op, 818536793.00 ns, 8.9516 us/op
WorkloadActual  99: 91440 op, 819831851.00 ns, 8.9658 us/op
WorkloadActual  100: 91440 op, 822648387.00 ns, 8.9966 us/op

// AfterActualRun
WorkloadResult   1: 91440 op, 941239481.50 ns, 10.2935 us/op
WorkloadResult   2: 91440 op, 841100926.50 ns, 9.1984 us/op
WorkloadResult   3: 91440 op, 819503886.50 ns, 8.9622 us/op
WorkloadResult   4: 91440 op, 826855332.50 ns, 9.0426 us/op
WorkloadResult   5: 91440 op, 827900745.50 ns, 9.0540 us/op
WorkloadResult   6: 91440 op, 845585629.50 ns, 9.2474 us/op
WorkloadResult   7: 91440 op, 1036532989.50 ns, 11.3357 us/op
WorkloadResult   8: 91440 op, 825988188.50 ns, 9.0331 us/op
WorkloadResult   9: 91440 op, 827751887.50 ns, 9.0524 us/op
WorkloadResult  10: 91440 op, 828232851.50 ns, 9.0577 us/op
WorkloadResult  11: 91440 op, 825556555.50 ns, 9.0284 us/op
WorkloadResult  12: 91440 op, 827832687.50 ns, 9.0533 us/op
WorkloadResult  13: 91440 op, 954227897.50 ns, 10.4356 us/op
WorkloadResult  14: 91440 op, 802087859.50 ns, 8.7717 us/op
WorkloadResult  15: 91440 op, 826346983.50 ns, 9.0370 us/op
WorkloadResult  16: 91440 op, 825476365.50 ns, 9.0275 us/op
WorkloadResult  17: 91440 op, 819833861.50 ns, 8.9658 us/op
WorkloadResult  18: 91440 op, 855509651.50 ns, 9.3560 us/op
WorkloadResult  19: 91440 op, 1013606455.50 ns, 11.0849 us/op
WorkloadResult  20: 91440 op, 837979663.50 ns, 9.1643 us/op
WorkloadResult  21: 91440 op, 829044780.50 ns, 9.0665 us/op
WorkloadResult  22: 91440 op, 838708842.50 ns, 9.1722 us/op
WorkloadResult  23: 91440 op, 825126899.50 ns, 9.0237 us/op
WorkloadResult  24: 91440 op, 822053994.50 ns, 8.9901 us/op
WorkloadResult  25: 91440 op, 820774283.50 ns, 8.9761 us/op
WorkloadResult  26: 91440 op, 950983436.50 ns, 10.4001 us/op
WorkloadResult  27: 91440 op, 820951705.50 ns, 8.9780 us/op
WorkloadResult  28: 91440 op, 841674995.50 ns, 9.2047 us/op
WorkloadResult  29: 91440 op, 817033206.50 ns, 8.9352 us/op
WorkloadResult  30: 91440 op, 962025550.50 ns, 10.5208 us/op
WorkloadResult  31: 91440 op, 877403842.50 ns, 9.5954 us/op
WorkloadResult  32: 91440 op, 953294147.50 ns, 10.4254 us/op
WorkloadResult  33: 91440 op, 820472329.50 ns, 8.9728 us/op
WorkloadResult  34: 91440 op, 821895044.50 ns, 8.9884 us/op
WorkloadResult  35: 91440 op, 818401607.50 ns, 8.9501 us/op
WorkloadResult  36: 91440 op, 819987565.50 ns, 8.9675 us/op
WorkloadResult  37: 91440 op, 818030222.50 ns, 8.9461 us/op
WorkloadResult  38: 91440 op, 958188528.50 ns, 10.4789 us/op
WorkloadResult  39: 91440 op, 818347595.50 ns, 8.9496 us/op
WorkloadResult  40: 91440 op, 819598504.50 ns, 8.9632 us/op
WorkloadResult  41: 91440 op, 821799046.50 ns, 8.9873 us/op
WorkloadResult  42: 91440 op, 838331970.50 ns, 9.1681 us/op
WorkloadResult  43: 91440 op, 816080243.50 ns, 8.9248 us/op
WorkloadResult  44: 91440 op, 916382959.50 ns, 10.0217 us/op
WorkloadResult  45: 91440 op, 836595721.50 ns, 9.1491 us/op
WorkloadResult  46: 91440 op, 818586364.50 ns, 8.9522 us/op
WorkloadResult  47: 91440 op, 818944844.50 ns, 8.9561 us/op
WorkloadResult  48: 91440 op, 819343520.50 ns, 8.9604 us/op
WorkloadResult  49: 91440 op, 819831150.50 ns, 8.9658 us/op
WorkloadResult  50: 91440 op, 817439521.50 ns, 8.9396 us/op
WorkloadResult  51: 91440 op, 948138492.50 ns, 10.3690 us/op
WorkloadResult  52: 91440 op, 818990320.50 ns, 8.9566 us/op
WorkloadResult  53: 91440 op, 830589390.50 ns, 9.0834 us/op
WorkloadResult  54: 91440 op, 936536441.50 ns, 10.2421 us/op
WorkloadResult  55: 91440 op, 824596708.50 ns, 9.0179 us/op
WorkloadResult  56: 91440 op, 819518177.50 ns, 8.9624 us/op
WorkloadResult  57: 91440 op, 956782325.50 ns, 10.4635 us/op
WorkloadResult  58: 91440 op, 820058657.50 ns, 8.9683 us/op
WorkloadResult  59: 91440 op, 845260317.50 ns, 9.2439 us/op
WorkloadResult  60: 91440 op, 820074474.50 ns, 8.9684 us/op
WorkloadResult  61: 91440 op, 819315537.50 ns, 8.9601 us/op
WorkloadResult  62: 91440 op, 820267184.50 ns, 8.9706 us/op
WorkloadResult  63: 91440 op, 946170667.50 ns, 10.3474 us/op
WorkloadResult  64: 91440 op, 820291346.50 ns, 8.9708 us/op
WorkloadResult  65: 91440 op, 903355670.50 ns, 9.8792 us/op
WorkloadResult  66: 91440 op, 824779046.50 ns, 9.0199 us/op
WorkloadResult  67: 91440 op, 817753597.50 ns, 8.9431 us/op
WorkloadResult  68: 91440 op, 817133357.50 ns, 8.9363 us/op
WorkloadResult  69: 91440 op, 922156060.50 ns, 10.0848 us/op
WorkloadResult  70: 91440 op, 841030131.50 ns, 9.1976 us/op
WorkloadResult  71: 91440 op, 821629319.50 ns, 8.9854 us/op
WorkloadResult  72: 91440 op, 820012111.50 ns, 8.9678 us/op
WorkloadResult  73: 91440 op, 818500362.50 ns, 8.9512 us/op
WorkloadResult  74: 91440 op, 818727007.50 ns, 8.9537 us/op
WorkloadResult  75: 91440 op, 817904871.50 ns, 8.9447 us/op
WorkloadResult  76: 91440 op, 933879768.50 ns, 10.2130 us/op
WorkloadResult  77: 91440 op, 849024868.50 ns, 9.2850 us/op
WorkloadResult  78: 91440 op, 818311247.50 ns, 8.9492 us/op
WorkloadResult  79: 91440 op, 820106170.50 ns, 8.9688 us/op
WorkloadResult  80: 91440 op, 818757430.50 ns, 8.9540 us/op
WorkloadResult  81: 91440 op, 821755485.50 ns, 8.9868 us/op
WorkloadResult  82: 91440 op, 944577705.50 ns, 10.3300 us/op
WorkloadResult  83: 91440 op, 818431411.50 ns, 8.9505 us/op
WorkloadResult  84: 91440 op, 820445208.50 ns, 8.9725 us/op
WorkloadResult  85: 91440 op, 818811965.50 ns, 8.9546 us/op
WorkloadResult  86: 91440 op, 819976248.50 ns, 8.9674 us/op
WorkloadResult  87: 91440 op, 818194491.50 ns, 8.9479 us/op
WorkloadResult  88: 91440 op, 935302420.50 ns, 10.2286 us/op
WorkloadResult  89: 91440 op, 888278381.50 ns, 9.7143 us/op
WorkloadResult  90: 91440 op, 813070270.50 ns, 8.8918 us/op
WorkloadResult  91: 91440 op, 814180763.50 ns, 8.9040 us/op
WorkloadResult  92: 91440 op, 815629425.50 ns, 8.9198 us/op
WorkloadResult  93: 91440 op, 819764025.50 ns, 8.9650 us/op
WorkloadResult  94: 91440 op, 818559109.50 ns, 8.9519 us/op
WorkloadResult  95: 91440 op, 947933355.50 ns, 10.3667 us/op
WorkloadResult  96: 91440 op, 845405064.50 ns, 9.2455 us/op
WorkloadResult  97: 91440 op, 821064813.50 ns, 8.9793 us/op
WorkloadResult  98: 91440 op, 818234110.50 ns, 8.9483 us/op
WorkloadResult  99: 91440 op, 819529168.50 ns, 8.9625 us/op
WorkloadResult  100: 91440 op, 822345704.50 ns, 8.9933 us/op

// AfterAll
// Benchmark Process 885651 has exited with code 0.

Mean = 9.287 μs, StdErr = 0.057 μs (0.62%), N = 100, StdDev = 0.573 μs
Min = 8.772 μs, Q1 = 8.959 μs, Median = 8.988 μs, Q3 = 9.244 μs, Max = 11.336 μs
IQR = 0.285 μs, LowerFence = 8.532 μs, UpperFence = 9.672 μs
ConfidenceInterval = [9.092 μs; 9.481 μs] (CI 99.9%), Margin = 0.194 μs (2.09% of Mean)
Skewness = 1.67, Kurtosis = 4.6, MValue = 2

// ** Remained 2 (20.0 %) benchmark(s) to run. Estimated finish 2026-05-26 11:29 (0h 3m from now) **
// **************************
// Benchmark: SmokeBenchByte.SpanJson_Ser: Energy(OutlierMode=DontRemove, IterationTime=1s)
// *** Execute ***
// Launch: 1 / 1
// Execute: dotnet JsonBench-Energy-1.dll --anonymousPipes 127 128 --benchmarkName JsonBench.Benchmarks.SmokeBenchByte.SpanJson_Ser --job Energy --benchmarkId 8 in /home/test/json-energy-bench/JsonBench/bin/Release/net10.0/JsonBench-Energy-1/bin/Release/net10.0
// BeforeAnythingElse

// Benchmark Process Environment Information:
// BenchmarkDotNet v0.15.5-develop (2026-05-26)
// Runtime=.NET 10.0.8 (10.0.8, 10.0.826.23019), X64 RyuJIT x86-64-v3
// GC=Concurrent Workstation
// HardwareIntrinsics=AVX2+BMI1+BMI2+F16C+FMA+LZCNT+MOVBE,AVX,SSE3+SSSE3+SSE4.1+SSE4.2+POPCNT,X86Base+SSE+SSE2,AES+PCLMUL VectorSize=256
// Job: Energy(OutlierMode=DontRemove, IterationTime=1s)

OverheadJitting  1: 1 op, 181667.00 ns, 181.6670 us/op
WorkloadJitting  1: 1 op, 59154149.00 ns, 59.1541 ms/op

OverheadJitting  2: 16 op, 478586.00 ns, 29.9116 us/op
WorkloadJitting  2: 16 op, 1062708.00 ns, 66.4193 us/op

WorkloadPilot    1: 16 op, 452316.00 ns, 28.2698 us/op
WorkloadPilot    2: 35376 op, 253113760.00 ns, 7.1550 us/op
WorkloadPilot    3: 139776 op, 554870547.00 ns, 3.9697 us/op
WorkloadPilot    4: 251920 op, 1089604340.00 ns, 4.3252 us/op
WorkloadPilot    5: 231216 op, 1051668937.00 ns, 4.5484 us/op
WorkloadPilot    6: 219856 op, 1039625593.00 ns, 4.7287 us/op

OverheadWarmup   1: 219856 op, 748016.00 ns, 3.4023 ns/op
OverheadWarmup   2: 219856 op, 761136.00 ns, 3.4620 ns/op
OverheadWarmup   3: 219856 op, 899191.00 ns, 4.0899 ns/op
OverheadWarmup   4: 219856 op, 730585.00 ns, 3.3230 ns/op
OverheadWarmup   5: 219856 op, 1061157.00 ns, 4.8266 ns/op
OverheadWarmup   6: 219856 op, 721932.00 ns, 3.2837 ns/op

OverheadActual   1: 219856 op, 728417.00 ns, 3.3132 ns/op
OverheadActual   2: 219856 op, 723248.00 ns, 3.2896 ns/op
OverheadActual   3: 219856 op, 730445.00 ns, 3.3224 ns/op
OverheadActual   4: 219856 op, 721304.00 ns, 3.2808 ns/op
OverheadActual   5: 219856 op, 1069877.00 ns, 4.8663 ns/op
OverheadActual   6: 219856 op, 722566.00 ns, 3.2865 ns/op
OverheadActual   7: 219856 op, 1007749.00 ns, 4.5837 ns/op
OverheadActual   8: 219856 op, 756149.00 ns, 3.4393 ns/op
OverheadActual   9: 219856 op, 727142.00 ns, 3.3074 ns/op
OverheadActual  10: 219856 op, 742581.00 ns, 3.3776 ns/op
OverheadActual  11: 219856 op, 796723.00 ns, 3.6238 ns/op
OverheadActual  12: 219856 op, 961274.00 ns, 4.3723 ns/op
OverheadActual  13: 219856 op, 722776.00 ns, 3.2875 ns/op
OverheadActual  14: 219856 op, 967652.00 ns, 4.4013 ns/op
OverheadActual  15: 219856 op, 726538.00 ns, 3.3046 ns/op
OverheadActual  16: 219856 op, 723941.00 ns, 3.2928 ns/op
OverheadActual  17: 219856 op, 849087.00 ns, 3.8620 ns/op
OverheadActual  18: 219856 op, 901897.00 ns, 4.1022 ns/op
OverheadActual  19: 219856 op, 1151097.00 ns, 5.2357 ns/op
OverheadActual  20: 219856 op, 729079.00 ns, 3.3162 ns/op

WorkloadWarmup   1: 219856 op, 879009103.00 ns, 3.9981 us/op
WorkloadWarmup   2: 219856 op, 916807199.00 ns, 4.1700 us/op
WorkloadWarmup   3: 219856 op, 894852601.00 ns, 4.0702 us/op
WorkloadWarmup   4: 219856 op, 876453865.00 ns, 3.9865 us/op
WorkloadWarmup   5: 219856 op, 867354086.00 ns, 3.9451 us/op
WorkloadWarmup   6: 219856 op, 869693341.00 ns, 3.9557 us/op
WorkloadWarmup   7: 219856 op, 870333553.00 ns, 3.9587 us/op
WorkloadWarmup   8: 219856 op, 1003249522.00 ns, 4.5632 us/op
WorkloadWarmup   9: 219856 op, 937305820.00 ns, 4.2633 us/op

// BeforeActualRun
WorkloadActual   1: 219856 op, 878187063.00 ns, 3.9944 us/op
WorkloadActual   2: 219856 op, 890123387.00 ns, 4.0487 us/op
WorkloadActual   3: 219856 op, 868356726.00 ns, 3.9497 us/op
WorkloadActual   4: 219856 op, 867118792.00 ns, 3.9440 us/op
WorkloadActual   5: 219856 op, 966429683.00 ns, 4.3957 us/op
WorkloadActual   6: 219856 op, 883298785.00 ns, 4.0176 us/op
WorkloadActual   7: 219856 op, 894798432.00 ns, 4.0699 us/op
WorkloadActual   8: 219856 op, 864529259.00 ns, 3.9323 us/op
WorkloadActual   9: 219856 op, 878084709.00 ns, 3.9939 us/op
WorkloadActual  10: 219856 op, 905574360.00 ns, 4.1189 us/op
WorkloadActual  11: 219856 op, 1029087733.00 ns, 4.6807 us/op
WorkloadActual  12: 219856 op, 862719520.00 ns, 3.9240 us/op
WorkloadActual  13: 219856 op, 872801067.00 ns, 3.9699 us/op
WorkloadActual  14: 219856 op, 861108955.00 ns, 3.9167 us/op
WorkloadActual  15: 219856 op, 879886478.00 ns, 4.0021 us/op
WorkloadActual  16: 219856 op, 870056615.00 ns, 3.9574 us/op
WorkloadActual  17: 219856 op, 1001471707.00 ns, 4.5551 us/op
WorkloadActual  18: 219856 op, 864114232.00 ns, 3.9304 us/op
WorkloadActual  19: 219856 op, 862434533.00 ns, 3.9227 us/op
WorkloadActual  20: 219856 op, 868121278.00 ns, 3.9486 us/op
WorkloadActual  21: 219856 op, 854553764.00 ns, 3.8869 us/op
WorkloadActual  22: 219856 op, 938750084.00 ns, 4.2698 us/op
WorkloadActual  23: 219856 op, 970664512.00 ns, 4.4150 us/op
WorkloadActual  24: 219856 op, 871674413.00 ns, 3.9648 us/op
WorkloadActual  25: 219856 op, 856664067.00 ns, 3.8965 us/op
WorkloadActual  26: 219856 op, 854558539.00 ns, 3.8869 us/op
WorkloadActual  27: 219856 op, 880343640.00 ns, 4.0042 us/op
WorkloadActual  28: 219856 op, 879940467.00 ns, 4.0023 us/op
WorkloadActual  29: 219856 op, 968828430.00 ns, 4.4066 us/op
WorkloadActual  30: 219856 op, 877153858.00 ns, 3.9897 us/op
WorkloadActual  31: 219856 op, 864246679.00 ns, 3.9310 us/op
WorkloadActual  32: 219856 op, 869428335.00 ns, 3.9545 us/op
WorkloadActual  33: 219856 op, 966351488.00 ns, 4.3954 us/op
WorkloadActual  34: 219856 op, 1023596014.00 ns, 4.6558 us/op
WorkloadActual  35: 219856 op, 930609444.00 ns, 4.2328 us/op
WorkloadActual  36: 219856 op, 871706807.00 ns, 3.9649 us/op
WorkloadActual  37: 219856 op, 878812608.00 ns, 3.9972 us/op
WorkloadActual  38: 219856 op, 875295398.00 ns, 3.9812 us/op
WorkloadActual  39: 219856 op, 854336429.00 ns, 3.8859 us/op
WorkloadActual  40: 219856 op, 842441493.00 ns, 3.8318 us/op
WorkloadActual  41: 219856 op, 975366733.00 ns, 4.4364 us/op
WorkloadActual  42: 219856 op, 902184480.00 ns, 4.1035 us/op
WorkloadActual  43: 219856 op, 846567229.00 ns, 3.8506 us/op
WorkloadActual  44: 219856 op, 889464310.00 ns, 4.0457 us/op
WorkloadActual  45: 219856 op, 872367898.00 ns, 3.9679 us/op
WorkloadActual  46: 219856 op, 860008950.00 ns, 3.9117 us/op
WorkloadActual  47: 219856 op, 945859866.00 ns, 4.3022 us/op
WorkloadActual  48: 219856 op, 902893028.00 ns, 4.1067 us/op
WorkloadActual  49: 219856 op, 870170320.00 ns, 3.9579 us/op
WorkloadActual  50: 219856 op, 851467583.00 ns, 3.8728 us/op
WorkloadActual  51: 219856 op, 875039655.00 ns, 3.9801 us/op
WorkloadActual  52: 219856 op, 872390800.00 ns, 3.9680 us/op
WorkloadActual  53: 219856 op, 939446118.00 ns, 4.2730 us/op
WorkloadActual  54: 219856 op, 871940839.00 ns, 3.9660 us/op
WorkloadActual  55: 219856 op, 868597901.00 ns, 3.9508 us/op
WorkloadActual  56: 219856 op, 991462847.00 ns, 4.5096 us/op
WorkloadActual  57: 219856 op, 898082898.00 ns, 4.0849 us/op
WorkloadActual  58: 219856 op, 945066706.00 ns, 4.2986 us/op
WorkloadActual  59: 219856 op, 870860485.00 ns, 3.9610 us/op
WorkloadActual  60: 219856 op, 871776874.00 ns, 3.9652 us/op
WorkloadActual  61: 219856 op, 873623838.00 ns, 3.9736 us/op
WorkloadActual  62: 219856 op, 872217629.00 ns, 3.9672 us/op
WorkloadActual  63: 219856 op, 872572933.00 ns, 3.9688 us/op
WorkloadActual  64: 219856 op, 940748806.00 ns, 4.2789 us/op
WorkloadActual  65: 219856 op, 885886258.00 ns, 4.0294 us/op
WorkloadActual  66: 219856 op, 898304899.00 ns, 4.0859 us/op
WorkloadActual  67: 219856 op, 945516592.00 ns, 4.3006 us/op
WorkloadActual  68: 219856 op, 872339262.00 ns, 3.9678 us/op
WorkloadActual  69: 219856 op, 876786794.00 ns, 3.9880 us/op
WorkloadActual  70: 219856 op, 961180893.00 ns, 4.3719 us/op
WorkloadActual  71: 219856 op, 860793364.00 ns, 3.9153 us/op
WorkloadActual  72: 219856 op, 864034040.00 ns, 3.9300 us/op
WorkloadActual  73: 219856 op, 862783669.00 ns, 3.9243 us/op

// AfterActualRun
WorkloadResult   1: 219856 op, 877450550.00 ns, 3.9910 us/op
WorkloadResult   2: 219856 op, 889386874.00 ns, 4.0453 us/op
WorkloadResult   3: 219856 op, 867620213.00 ns, 3.9463 us/op
WorkloadResult   4: 219856 op, 866382279.00 ns, 3.9407 us/op
WorkloadResult   5: 219856 op, 965693170.00 ns, 4.3924 us/op
WorkloadResult   6: 219856 op, 882562272.00 ns, 4.0143 us/op
WorkloadResult   7: 219856 op, 894061919.00 ns, 4.0666 us/op
WorkloadResult   8: 219856 op, 863792746.00 ns, 3.9289 us/op
WorkloadResult   9: 219856 op, 877348196.00 ns, 3.9906 us/op
WorkloadResult  10: 219856 op, 904837847.00 ns, 4.1156 us/op
WorkloadResult  11: 219856 op, 1028351220.00 ns, 4.6774 us/op
WorkloadResult  12: 219856 op, 861983007.00 ns, 3.9207 us/op
WorkloadResult  13: 219856 op, 872064554.00 ns, 3.9665 us/op
WorkloadResult  14: 219856 op, 860372442.00 ns, 3.9133 us/op
WorkloadResult  15: 219856 op, 879149965.00 ns, 3.9988 us/op
WorkloadResult  16: 219856 op, 869320102.00 ns, 3.9540 us/op
WorkloadResult  17: 219856 op, 1000735194.00 ns, 4.5518 us/op
WorkloadResult  18: 219856 op, 863377719.00 ns, 3.9270 us/op
WorkloadResult  19: 219856 op, 861698020.00 ns, 3.9194 us/op
WorkloadResult  20: 219856 op, 867384765.00 ns, 3.9452 us/op
WorkloadResult  21: 219856 op, 853817251.00 ns, 3.8835 us/op
WorkloadResult  22: 219856 op, 938013571.00 ns, 4.2665 us/op
WorkloadResult  23: 219856 op, 969927999.00 ns, 4.4117 us/op
WorkloadResult  24: 219856 op, 870937900.00 ns, 3.9614 us/op
WorkloadResult  25: 219856 op, 855927554.00 ns, 3.8931 us/op
WorkloadResult  26: 219856 op, 853822026.00 ns, 3.8836 us/op
WorkloadResult  27: 219856 op, 879607127.00 ns, 4.0008 us/op
WorkloadResult  28: 219856 op, 879203954.00 ns, 3.9990 us/op
WorkloadResult  29: 219856 op, 968091917.00 ns, 4.4033 us/op
WorkloadResult  30: 219856 op, 876417345.00 ns, 3.9863 us/op
WorkloadResult  31: 219856 op, 863510166.00 ns, 3.9276 us/op
WorkloadResult  32: 219856 op, 868691822.00 ns, 3.9512 us/op
WorkloadResult  33: 219856 op, 965614975.00 ns, 4.3920 us/op
WorkloadResult  34: 219856 op, 1022859501.00 ns, 4.6524 us/op
WorkloadResult  35: 219856 op, 929872931.00 ns, 4.2295 us/op
WorkloadResult  36: 219856 op, 870970294.00 ns, 3.9615 us/op
WorkloadResult  37: 219856 op, 878076095.00 ns, 3.9939 us/op
WorkloadResult  38: 219856 op, 874558885.00 ns, 3.9779 us/op
WorkloadResult  39: 219856 op, 853599916.00 ns, 3.8825 us/op
WorkloadResult  40: 219856 op, 841704980.00 ns, 3.8284 us/op
WorkloadResult  41: 219856 op, 974630220.00 ns, 4.4330 us/op
WorkloadResult  42: 219856 op, 901447967.00 ns, 4.1002 us/op
WorkloadResult  43: 219856 op, 845830716.00 ns, 3.8472 us/op
WorkloadResult  44: 219856 op, 888727797.00 ns, 4.0423 us/op
WorkloadResult  45: 219856 op, 871631385.00 ns, 3.9646 us/op
WorkloadResult  46: 219856 op, 859272437.00 ns, 3.9083 us/op
WorkloadResult  47: 219856 op, 945123353.00 ns, 4.2988 us/op
WorkloadResult  48: 219856 op, 902156515.00 ns, 4.1034 us/op
WorkloadResult  49: 219856 op, 869433807.00 ns, 3.9546 us/op
WorkloadResult  50: 219856 op, 850731070.00 ns, 3.8695 us/op
WorkloadResult  51: 219856 op, 874303142.00 ns, 3.9767 us/op
WorkloadResult  52: 219856 op, 871654287.00 ns, 3.9647 us/op
WorkloadResult  53: 219856 op, 938709605.00 ns, 4.2697 us/op
WorkloadResult  54: 219856 op, 871204326.00 ns, 3.9626 us/op
WorkloadResult  55: 219856 op, 867861388.00 ns, 3.9474 us/op
WorkloadResult  56: 219856 op, 990726334.00 ns, 4.5063 us/op
WorkloadResult  57: 219856 op, 897346385.00 ns, 4.0815 us/op
WorkloadResult  58: 219856 op, 944330193.00 ns, 4.2952 us/op
WorkloadResult  59: 219856 op, 870123972.00 ns, 3.9577 us/op
WorkloadResult  60: 219856 op, 871040361.00 ns, 3.9619 us/op
WorkloadResult  61: 219856 op, 872887325.00 ns, 3.9703 us/op
WorkloadResult  62: 219856 op, 871481116.00 ns, 3.9639 us/op
WorkloadResult  63: 219856 op, 871836420.00 ns, 3.9655 us/op
WorkloadResult  64: 219856 op, 940012293.00 ns, 4.2756 us/op
WorkloadResult  65: 219856 op, 885149745.00 ns, 4.0260 us/op
WorkloadResult  66: 219856 op, 897568386.00 ns, 4.0825 us/op
WorkloadResult  67: 219856 op, 944780079.00 ns, 4.2973 us/op
WorkloadResult  68: 219856 op, 871602749.00 ns, 3.9644 us/op
WorkloadResult  69: 219856 op, 876050281.00 ns, 3.9847 us/op
WorkloadResult  70: 219856 op, 960444380.00 ns, 4.3685 us/op
WorkloadResult  71: 219856 op, 860056851.00 ns, 3.9119 us/op
WorkloadResult  72: 219856 op, 863297527.00 ns, 3.9266 us/op
WorkloadResult  73: 219856 op, 862047156.00 ns, 3.9210 us/op

// AfterAll
// Benchmark Process 886411 has exited with code 0.

Mean = 4.066 μs, StdErr = 0.024 μs (0.58%), N = 73, StdDev = 0.201 μs
Min = 3.828 μs, Q1 = 3.945 μs, Median = 3.977 μs, Q3 = 4.103 μs, Max = 4.677 μs
IQR = 0.158 μs, LowerFence = 3.708 μs, UpperFence = 4.341 μs
ConfidenceInterval = [3.985 μs; 4.146 μs] (CI 99.9%), Margin = 0.081 μs (1.99% of Mean)
Skewness = 1.37, Kurtosis = 3.88, MValue = 2

// ** Remained 1 (10.0 %) benchmark(s) to run. Estimated finish 2026-05-26 11:29 (0h 1m from now) **
// **************************
// Benchmark: SmokeBenchByte.Utf8Json_Ser: Energy(OutlierMode=DontRemove, IterationTime=1s)
// *** Execute ***
// Launch: 1 / 1
// Execute: dotnet JsonBench-Energy-1.dll --anonymousPipes 127 128 --benchmarkName JsonBench.Benchmarks.SmokeBenchByte.Utf8Json_Ser --job Energy --benchmarkId 9 in /home/test/json-energy-bench/JsonBench/bin/Release/net10.0/JsonBench-Energy-1/bin/Release/net10.0
// BeforeAnythingElse

// Benchmark Process Environment Information:
// BenchmarkDotNet v0.15.5-develop (2026-05-26)
// Runtime=.NET 10.0.8 (10.0.8, 10.0.826.23019), X64 RyuJIT x86-64-v3
// GC=Concurrent Workstation
// HardwareIntrinsics=AVX2+BMI1+BMI2+F16C+FMA+LZCNT+MOVBE,AVX,SSE3+SSSE3+SSE4.1+SSE4.2+POPCNT,X86Base+SSE+SSE2,AES+PCLMUL VectorSize=256
// Job: Energy(OutlierMode=DontRemove, IterationTime=1s)

OverheadJitting  1: 1 op, 188339.00 ns, 188.3390 us/op
WorkloadJitting  1: 1 op, 64521612.00 ns, 64.5216 ms/op

OverheadJitting  2: 16 op, 527742.00 ns, 32.9839 us/op
WorkloadJitting  2: 16 op, 1016326.00 ns, 63.5204 us/op

WorkloadPilot    1: 16 op, 518094.00 ns, 32.3809 us/op
WorkloadPilot    2: 30896 op, 269196764.00 ns, 8.7130 us/op
WorkloadPilot    3: 114784 op, 591316982.00 ns, 5.1516 us/op
WorkloadPilot    4: 194128 op, 1110559119.00 ns, 5.7208 us/op
WorkloadPilot    5: 174816 op, 1050335209.00 ns, 6.0082 us/op
WorkloadPilot    6: 166448 op, 1026370760.00 ns, 6.1663 us/op

OverheadWarmup   1: 166448 op, 586975.00 ns, 3.5265 ns/op
OverheadWarmup   2: 166448 op, 599733.00 ns, 3.6031 ns/op
OverheadWarmup   3: 166448 op, 598712.00 ns, 3.5970 ns/op
OverheadWarmup   4: 166448 op, 594524.00 ns, 3.5718 ns/op
OverheadWarmup   5: 166448 op, 585447.00 ns, 3.5173 ns/op
OverheadWarmup   6: 166448 op, 592615.00 ns, 3.5604 ns/op
OverheadWarmup   7: 166448 op, 586384.00 ns, 3.5229 ns/op

OverheadActual   1: 166448 op, 579302.00 ns, 3.4804 ns/op
OverheadActual   2: 166448 op, 581899.00 ns, 3.4960 ns/op
OverheadActual   3: 166448 op, 579835.00 ns, 3.4836 ns/op
OverheadActual   4: 166448 op, 615344.00 ns, 3.6969 ns/op
OverheadActual   5: 166448 op, 584979.00 ns, 3.5145 ns/op
OverheadActual   6: 166448 op, 592568.00 ns, 3.5601 ns/op
OverheadActual   7: 166448 op, 587528.00 ns, 3.5298 ns/op
OverheadActual   8: 166448 op, 1501083.00 ns, 9.0183 ns/op
OverheadActual   9: 166448 op, 2132028.00 ns, 12.8090 ns/op
OverheadActual  10: 166448 op, 1213925.00 ns, 7.2931 ns/op
OverheadActual  11: 166448 op, 585358.00 ns, 3.5168 ns/op
OverheadActual  12: 166448 op, 586489.00 ns, 3.5236 ns/op
OverheadActual  13: 166448 op, 592302.00 ns, 3.5585 ns/op
OverheadActual  14: 166448 op, 586771.00 ns, 3.5253 ns/op
OverheadActual  15: 166448 op, 591040.00 ns, 3.5509 ns/op
OverheadActual  16: 166448 op, 584936.00 ns, 3.5142 ns/op
OverheadActual  17: 166448 op, 590115.00 ns, 3.5453 ns/op
OverheadActual  18: 166448 op, 576026.00 ns, 3.4607 ns/op
OverheadActual  19: 166448 op, 591298.00 ns, 3.5524 ns/op
OverheadActual  20: 166448 op, 583737.00 ns, 3.5070 ns/op

WorkloadWarmup   1: 166448 op, 864309161.00 ns, 5.1927 us/op
WorkloadWarmup   2: 166448 op, 884909649.00 ns, 5.3164 us/op
WorkloadWarmup   3: 166448 op, 864182875.00 ns, 5.1919 us/op
WorkloadWarmup   4: 166448 op, 855750937.00 ns, 5.1413 us/op
WorkloadWarmup   5: 166448 op, 861770144.00 ns, 5.1774 us/op
WorkloadWarmup   6: 166448 op, 859542982.00 ns, 5.1640 us/op

// BeforeActualRun
WorkloadActual   1: 166448 op, 853215141.00 ns, 5.1260 us/op
WorkloadActual   2: 166448 op, 965367125.00 ns, 5.7998 us/op
WorkloadActual   3: 166448 op, 990007515.00 ns, 5.9478 us/op
WorkloadActual   4: 166448 op, 859739890.00 ns, 5.1652 us/op
WorkloadActual   5: 166448 op, 866460079.00 ns, 5.2056 us/op
WorkloadActual   6: 166448 op, 855691312.00 ns, 5.1409 us/op
WorkloadActual   7: 166448 op, 855319954.00 ns, 5.1387 us/op
WorkloadActual   8: 166448 op, 947843784.00 ns, 5.6945 us/op
WorkloadActual   9: 166448 op, 865015207.00 ns, 5.1969 us/op
WorkloadActual  10: 166448 op, 858414691.00 ns, 5.1573 us/op
WorkloadActual  11: 166448 op, 854094142.00 ns, 5.1313 us/op
WorkloadActual  12: 166448 op, 857021450.00 ns, 5.1489 us/op
WorkloadActual  13: 166448 op, 855573875.00 ns, 5.1402 us/op
WorkloadActual  14: 166448 op, 1003910937.00 ns, 6.0314 us/op
WorkloadActual  15: 166448 op, 856123470.00 ns, 5.1435 us/op
WorkloadActual  16: 166448 op, 852719539.00 ns, 5.1230 us/op
WorkloadActual  17: 166448 op, 858357059.00 ns, 5.1569 us/op
WorkloadActual  18: 166448 op, 887064012.00 ns, 5.3294 us/op
WorkloadActual  19: 166448 op, 889503014.00 ns, 5.3440 us/op
WorkloadActual  20: 166448 op, 932551196.00 ns, 5.6027 us/op
WorkloadActual  21: 166448 op, 860670080.00 ns, 5.1708 us/op
WorkloadActual  22: 166448 op, 863499810.00 ns, 5.1878 us/op
WorkloadActual  23: 166448 op, 853238656.00 ns, 5.1262 us/op
WorkloadActual  24: 166448 op, 855003064.00 ns, 5.1368 us/op
WorkloadActual  25: 166448 op, 953730978.00 ns, 5.7299 us/op
WorkloadActual  26: 166448 op, 957306243.00 ns, 5.7514 us/op
WorkloadActual  27: 166448 op, 858276201.00 ns, 5.1564 us/op
WorkloadActual  28: 166448 op, 861819212.00 ns, 5.1777 us/op
WorkloadActual  29: 166448 op, 853539164.00 ns, 5.1280 us/op
WorkloadActual  30: 166448 op, 851082662.00 ns, 5.1132 us/op
WorkloadActual  31: 166448 op, 859415639.00 ns, 5.1633 us/op
WorkloadActual  32: 166448 op, 921169196.00 ns, 5.5343 us/op
WorkloadActual  33: 166448 op, 922690013.00 ns, 5.5434 us/op
WorkloadActual  34: 166448 op, 877278841.00 ns, 5.2706 us/op
WorkloadActual  35: 166448 op, 857822197.00 ns, 5.1537 us/op
WorkloadActual  36: 166448 op, 906773127.00 ns, 5.4478 us/op
WorkloadActual  37: 166448 op, 978468781.00 ns, 5.8785 us/op
WorkloadActual  38: 166448 op, 930123462.00 ns, 5.5881 us/op
WorkloadActual  39: 166448 op, 886149138.00 ns, 5.3239 us/op
WorkloadActual  40: 166448 op, 855656552.00 ns, 5.1407 us/op
WorkloadActual  41: 166448 op, 863340179.00 ns, 5.1868 us/op
WorkloadActual  42: 166448 op, 858387954.00 ns, 5.1571 us/op
WorkloadActual  43: 166448 op, 856808212.00 ns, 5.1476 us/op
WorkloadActual  44: 166448 op, 933861477.00 ns, 5.6105 us/op
WorkloadActual  45: 166448 op, 938027700.00 ns, 5.6356 us/op
WorkloadActual  46: 166448 op, 857889596.00 ns, 5.1541 us/op
WorkloadActual  47: 166448 op, 855604755.00 ns, 5.1404 us/op
WorkloadActual  48: 166448 op, 877564945.00 ns, 5.2723 us/op
WorkloadActual  49: 166448 op, 881250598.00 ns, 5.2944 us/op
WorkloadActual  50: 166448 op, 963735945.00 ns, 5.7900 us/op
WorkloadActual  51: 166448 op, 856572252.00 ns, 5.1462 us/op
WorkloadActual  52: 166448 op, 851315932.00 ns, 5.1146 us/op
WorkloadActual  53: 166448 op, 865938641.00 ns, 5.2025 us/op
WorkloadActual  54: 166448 op, 856036678.00 ns, 5.1430 us/op
WorkloadActual  55: 166448 op, 849264712.00 ns, 5.1023 us/op
WorkloadActual  56: 166448 op, 954075368.00 ns, 5.7320 us/op
WorkloadActual  57: 166448 op, 857559471.00 ns, 5.1521 us/op
WorkloadActual  58: 166448 op, 852995095.00 ns, 5.1247 us/op
WorkloadActual  59: 166448 op, 936628925.00 ns, 5.6272 us/op
WorkloadActual  60: 166448 op, 865538426.00 ns, 5.2001 us/op
WorkloadActual  61: 166448 op, 860439005.00 ns, 5.1694 us/op
WorkloadActual  62: 166448 op, 1010852431.00 ns, 6.0731 us/op
WorkloadActual  63: 166448 op, 851114264.00 ns, 5.1134 us/op
WorkloadActual  64: 166448 op, 847938350.00 ns, 5.0943 us/op
WorkloadActual  65: 166448 op, 853119339.00 ns, 5.1254 us/op
WorkloadActual  66: 166448 op, 853424847.00 ns, 5.1273 us/op
WorkloadActual  67: 166448 op, 853213772.00 ns, 5.1260 us/op
WorkloadActual  68: 166448 op, 924374964.00 ns, 5.5535 us/op
WorkloadActual  69: 166448 op, 858391699.00 ns, 5.1571 us/op
WorkloadActual  70: 166448 op, 858977969.00 ns, 5.1606 us/op
WorkloadActual  71: 166448 op, 932228176.00 ns, 5.6007 us/op
WorkloadActual  72: 166448 op, 913141670.00 ns, 5.4860 us/op
WorkloadActual  73: 166448 op, 850814520.00 ns, 5.1116 us/op

// AfterActualRun
WorkloadResult   1: 166448 op, 852627991.50 ns, 5.1225 us/op
WorkloadResult   2: 166448 op, 964779975.50 ns, 5.7963 us/op
WorkloadResult   3: 166448 op, 989420365.50 ns, 5.9443 us/op
WorkloadResult   4: 166448 op, 859152740.50 ns, 5.1617 us/op
WorkloadResult   5: 166448 op, 865872929.50 ns, 5.2021 us/op
WorkloadResult   6: 166448 op, 855104162.50 ns, 5.1374 us/op
WorkloadResult   7: 166448 op, 854732804.50 ns, 5.1351 us/op
WorkloadResult   8: 166448 op, 947256634.50 ns, 5.6910 us/op
WorkloadResult   9: 166448 op, 864428057.50 ns, 5.1934 us/op
WorkloadResult  10: 166448 op, 857827541.50 ns, 5.1537 us/op
WorkloadResult  11: 166448 op, 853506992.50 ns, 5.1278 us/op
WorkloadResult  12: 166448 op, 856434300.50 ns, 5.1454 us/op
WorkloadResult  13: 166448 op, 854986725.50 ns, 5.1367 us/op
WorkloadResult  14: 166448 op, 1003323787.50 ns, 6.0279 us/op
WorkloadResult  15: 166448 op, 855536320.50 ns, 5.1400 us/op
WorkloadResult  16: 166448 op, 852132389.50 ns, 5.1195 us/op
WorkloadResult  17: 166448 op, 857769909.50 ns, 5.1534 us/op
WorkloadResult  18: 166448 op, 886476862.50 ns, 5.3258 us/op
WorkloadResult  19: 166448 op, 888915864.50 ns, 5.3405 us/op
WorkloadResult  20: 166448 op, 931964046.50 ns, 5.5991 us/op
WorkloadResult  21: 166448 op, 860082930.50 ns, 5.1673 us/op
WorkloadResult  22: 166448 op, 862912660.50 ns, 5.1843 us/op
WorkloadResult  23: 166448 op, 852651506.50 ns, 5.1226 us/op
WorkloadResult  24: 166448 op, 854415914.50 ns, 5.1332 us/op
WorkloadResult  25: 166448 op, 953143828.50 ns, 5.7264 us/op
WorkloadResult  26: 166448 op, 956719093.50 ns, 5.7479 us/op
WorkloadResult  27: 166448 op, 857689051.50 ns, 5.1529 us/op
WorkloadResult  28: 166448 op, 861232062.50 ns, 5.1742 us/op
WorkloadResult  29: 166448 op, 852952014.50 ns, 5.1244 us/op
WorkloadResult  30: 166448 op, 850495512.50 ns, 5.1097 us/op
WorkloadResult  31: 166448 op, 858828489.50 ns, 5.1597 us/op
WorkloadResult  32: 166448 op, 920582046.50 ns, 5.5307 us/op
WorkloadResult  33: 166448 op, 922102863.50 ns, 5.5399 us/op
WorkloadResult  34: 166448 op, 876691691.50 ns, 5.2671 us/op
WorkloadResult  35: 166448 op, 857235047.50 ns, 5.1502 us/op
WorkloadResult  36: 166448 op, 906185977.50 ns, 5.4443 us/op
WorkloadResult  37: 166448 op, 977881631.50 ns, 5.8750 us/op
WorkloadResult  38: 166448 op, 929536312.50 ns, 5.5845 us/op
WorkloadResult  39: 166448 op, 885561988.50 ns, 5.3204 us/op
WorkloadResult  40: 166448 op, 855069402.50 ns, 5.1372 us/op
WorkloadResult  41: 166448 op, 862753029.50 ns, 5.1833 us/op
WorkloadResult  42: 166448 op, 857800804.50 ns, 5.1536 us/op
WorkloadResult  43: 166448 op, 856221062.50 ns, 5.1441 us/op
WorkloadResult  44: 166448 op, 933274327.50 ns, 5.6070 us/op
WorkloadResult  45: 166448 op, 937440550.50 ns, 5.6320 us/op
WorkloadResult  46: 166448 op, 857302446.50 ns, 5.1506 us/op
WorkloadResult  47: 166448 op, 855017605.50 ns, 5.1368 us/op
WorkloadResult  48: 166448 op, 876977795.50 ns, 5.2688 us/op
WorkloadResult  49: 166448 op, 880663448.50 ns, 5.2909 us/op
WorkloadResult  50: 166448 op, 963148795.50 ns, 5.7865 us/op
WorkloadResult  51: 166448 op, 855985102.50 ns, 5.1427 us/op
WorkloadResult  52: 166448 op, 850728782.50 ns, 5.1111 us/op
WorkloadResult  53: 166448 op, 865351491.50 ns, 5.1989 us/op
WorkloadResult  54: 166448 op, 855449528.50 ns, 5.1394 us/op
WorkloadResult  55: 166448 op, 848677562.50 ns, 5.0988 us/op
WorkloadResult  56: 166448 op, 953488218.50 ns, 5.7284 us/op
WorkloadResult  57: 166448 op, 856972321.50 ns, 5.1486 us/op
WorkloadResult  58: 166448 op, 852407945.50 ns, 5.1212 us/op
WorkloadResult  59: 166448 op, 936041775.50 ns, 5.6236 us/op
WorkloadResult  60: 166448 op, 864951276.50 ns, 5.1965 us/op
WorkloadResult  61: 166448 op, 859851855.50 ns, 5.1659 us/op
WorkloadResult  62: 166448 op, 1010265281.50 ns, 6.0696 us/op
WorkloadResult  63: 166448 op, 850527114.50 ns, 5.1099 us/op
WorkloadResult  64: 166448 op, 847351200.50 ns, 5.0908 us/op
WorkloadResult  65: 166448 op, 852532189.50 ns, 5.1219 us/op
WorkloadResult  66: 166448 op, 852837697.50 ns, 5.1237 us/op
WorkloadResult  67: 166448 op, 852626622.50 ns, 5.1225 us/op
WorkloadResult  68: 166448 op, 923787814.50 ns, 5.5500 us/op
WorkloadResult  69: 166448 op, 857804549.50 ns, 5.1536 us/op
WorkloadResult  70: 166448 op, 858390819.50 ns, 5.1571 us/op
WorkloadResult  71: 166448 op, 931641026.50 ns, 5.5972 us/op
WorkloadResult  72: 166448 op, 912554520.50 ns, 5.4825 us/op
WorkloadResult  73: 166448 op, 850227370.50 ns, 5.1081 us/op

// AfterAll
// Benchmark Process 887163 has exited with code 0.

Mean = 5.315 μs, StdErr = 0.031 μs (0.58%), N = 73, StdDev = 0.264 μs
Min = 5.091 μs, Q1 = 5.137 μs, Median = 5.162 μs, Q3 = 5.531 μs, Max = 6.070 μs
IQR = 0.394 μs, LowerFence = 4.546 μs, UpperFence = 6.122 μs
ConfidenceInterval = [5.209 μs; 5.421 μs] (CI 99.9%), Margin = 0.106 μs (1.99% of Mean)
Skewness = 1.23, Kurtosis = 3.26, MValue = 2.13

// ** Remained 0 (0.0 %) benchmark(s) to run. Estimated finish 2026-05-26 11:28 (0h 0m from now) **
// ***** BenchmarkRunner: Finish  *****

// * Export *
  BenchmarkArtifacts/results/JsonBench.Benchmarks.SmokeBenchByte-report.csv
  BenchmarkArtifacts/results/JsonBench.Benchmarks.SmokeBenchByte-report-github.md
  BenchmarkArtifacts/results/JsonBench.Benchmarks.SmokeBenchByte-report.html
  BenchmarkArtifacts/results/JsonBench.Benchmarks.SmokeBenchByte-measurements.csv

// * Detailed results *
SmokeBenchByte.SpanJson_Deser: Energy(OutlierMode=DontRemove, IterationTime=1s)
Runtime = .NET 10.0.8 (10.0.8, 10.0.826.23019), X64 RyuJIT x86-64-v3; GC = Concurrent Workstation
Mean = 5.666 μs, StdErr = 0.032 μs (0.57%), N = 54, StdDev = 0.235 μs
Min = 5.447 μs, Q1 = 5.506 μs, Median = 5.526 μs, Q3 = 5.808 μs, Max = 6.325 μs
IQR = 0.302 μs, LowerFence = 5.054 μs, UpperFence = 6.260 μs
ConfidenceInterval = [5.554 μs; 5.777 μs] (CI 99.9%), Margin = 0.112 μs (1.97% of Mean)
Skewness = 1.18, Kurtosis = 2.97, MValue = 2.37
-------------------- Histogram --------------------
[5.365 μs ; 5.636 μs) | @@@@@@@@@@@@@@@@@@@@@@@@@@@@@@@@@@@@
[5.636 μs ; 5.760 μs) | @@
[5.760 μs ; 5.923 μs) | @@@@@@@
[5.923 μs ; 6.167 μs) | @@@@@@@@
[6.167 μs ; 6.407 μs) | @
---------------------------------------------------

SmokeBenchByte.STJSrcGen_Deser: Energy(OutlierMode=DontRemove, IterationTime=1s)
Runtime = .NET 10.0.8 (10.0.8, 10.0.826.23019), X64 RyuJIT x86-64-v3; GC = Concurrent Workstation
Mean = 7.647 μs, StdErr = 0.044 μs (0.57%), N = 54, StdDev = 0.320 μs
Min = 7.258 μs, Q1 = 7.419 μs, Median = 7.467 μs, Q3 = 7.926 μs, Max = 8.327 μs
IQR = 0.507 μs, LowerFence = 6.659 μs, UpperFence = 8.686 μs
ConfidenceInterval = [7.496 μs; 7.799 μs] (CI 99.9%), Margin = 0.152 μs (1.98% of Mean)
Skewness = 0.86, Kurtosis = 2.1, MValue = 2.7
-------------------- Histogram --------------------
[7.258 μs ; 7.480 μs) | @@@@@@@@@@@@@@@@@@@@@@@@@@@@@@@@
[7.480 μs ; 7.739 μs) | @@@@@@
[7.739 μs ; 7.992 μs) | @@@@
[7.992 μs ; 8.272 μs) | @@@@@@@@@@@
[8.272 μs ; 8.438 μs) | @
---------------------------------------------------

SmokeBenchByte.STJRefGen_Deser: Energy(OutlierMode=DontRemove, IterationTime=1s)
Runtime = .NET 10.0.8 (10.0.8, 10.0.826.23019), X64 RyuJIT x86-64-v3; GC = Concurrent Workstation
Mean = 7.916 μs, StdErr = 0.046 μs (0.58%), N = 70, StdDev = 0.384 μs
Min = 7.392 μs, Q1 = 7.641 μs, Median = 7.719 μs, Q3 = 8.116 μs, Max = 9.215 μs
IQR = 0.476 μs, LowerFence = 6.927 μs, UpperFence = 8.830 μs
ConfidenceInterval = [7.758 μs; 8.074 μs] (CI 99.9%), Margin = 0.158 μs (1.99% of Mean)
Skewness = 1.18, Kurtosis = 3.54, MValue = 2.25
-------------------- Histogram --------------------
[7.269 μs ; 7.557 μs) | @
[7.557 μs ; 7.802 μs) | @@@@@@@@@@@@@@@@@@@@@@@@@@@@@@@@@@@@@
[7.802 μs ; 8.048 μs) | @@@@@@@@@@@@@
[8.048 μs ; 8.302 μs) | @@@@@
[8.302 μs ; 8.624 μs) | @@@@@@@@@@
[8.624 μs ; 8.805 μs) | @@@
[8.805 μs ; 9.093 μs) | 
[9.093 μs ; 9.337 μs) | @
---------------------------------------------------

SmokeBenchByte.Utf8Json_Deser: Energy(OutlierMode=DontRemove, IterationTime=1s)
Runtime = .NET 10.0.8 (10.0.8, 10.0.826.23019), X64 RyuJIT x86-64-v3; GC = Concurrent Workstation
Mean = 8.770 μs, StdErr = 0.050 μs (0.57%), N = 64, StdDev = 0.401 μs
Min = 8.468 μs, Q1 = 8.528 μs, Median = 8.566 μs, Q3 = 8.821 μs, Max = 10.085 μs
IQR = 0.293 μs, LowerFence = 8.088 μs, UpperFence = 9.261 μs
ConfidenceInterval = [8.597 μs; 8.943 μs] (CI 99.9%), Margin = 0.173 μs (1.97% of Mean)
Skewness = 1.72, Kurtosis = 5.08, MValue = 2.17
-------------------- Histogram --------------------
[8.460 μs ;  8.723 μs) | @@@@@@@@@@@@@@@@@@@@@@@@@@@@@@@@@@@@@@@@@@@@@@
[8.723 μs ;  9.009 μs) | @@@@
[9.009 μs ;  9.303 μs) | @@@@@@@
[9.303 μs ;  9.599 μs) | @@@@
[9.599 μs ;  9.849 μs) | 
[9.849 μs ; 10.112 μs) | @@@
---------------------------------------------------

SmokeBenchByte.Newtonsoft_Deser: Energy(OutlierMode=DontRemove, IterationTime=1s)
Runtime = .NET 10.0.8 (10.0.8, 10.0.826.23019), X64 RyuJIT x86-64-v3; GC = Concurrent Workstation
Mean = 15.495 μs, StdErr = 0.091 μs (0.59%), N = 94, StdDev = 0.883 μs
Min = 14.808 μs, Q1 = 14.991 μs, Median = 15.052 μs, Q3 = 15.559 μs, Max = 18.814 μs
IQR = 0.568 μs, LowerFence = 14.140 μs, UpperFence = 16.410 μs
ConfidenceInterval = [15.185 μs; 15.805 μs] (CI 99.9%), Margin = 0.310 μs (2.00% of Mean)
Skewness = 1.82, Kurtosis = 5.56, MValue = 2
-------------------- Histogram --------------------
[14.553 μs ; 15.340 μs) | @@@@@@@@@@@@@@@@@@@@@@@@@@@@@@@@@@@@@@@@@@@@@@@@@@@@@@@@@@@@@@@@@@@@
[15.340 μs ; 15.968 μs) | @@@@@@@@
[15.968 μs ; 16.604 μs) | @@
[16.604 μs ; 17.232 μs) | @@@@@@@@@@@@@
[17.232 μs ; 17.952 μs) | @
[17.952 μs ; 18.478 μs) | 
[18.478 μs ; 19.069 μs) | @@
---------------------------------------------------

SmokeBenchByte.STJSrcGen_Ser: Energy(OutlierMode=DontRemove, IterationTime=1s)
Runtime = .NET 10.0.8 (10.0.8, 10.0.826.23019), X64 RyuJIT x86-64-v3; GC = Concurrent Workstation
Mean = 2.801 μs, StdErr = 0.016 μs (0.58%), N = 68, StdDev = 0.134 μs
Min = 2.638 μs, Q1 = 2.715 μs, Median = 2.732 μs, Q3 = 2.862 μs, Max = 3.134 μs
IQR = 0.147 μs, LowerFence = 2.494 μs, UpperFence = 3.083 μs
ConfidenceInterval = [2.745 μs; 2.857 μs] (CI 99.9%), Margin = 0.056 μs (1.99% of Mean)
Skewness = 1.07, Kurtosis = 2.79, MValue = 2.39
-------------------- Histogram --------------------
[2.595 μs ; 2.675 μs) | @@@@@
[2.675 μs ; 2.775 μs) | @@@@@@@@@@@@@@@@@@@@@@@@@@@@@@@@@@@@@@
[2.775 μs ; 2.861 μs) | @@@@@@@@
[2.861 μs ; 2.958 μs) | @@
[2.958 μs ; 3.044 μs) | @@@@@@@@@@@
[3.044 μs ; 3.140 μs) | @@@@
---------------------------------------------------

SmokeBenchByte.STJRefGen_Ser: Energy(OutlierMode=DontRemove, IterationTime=1s)
Runtime = .NET 10.0.8 (10.0.8, 10.0.826.23019), X64 RyuJIT x86-64-v3; GC = Concurrent Workstation
Mean = 4.001 μs, StdErr = 0.023 μs (0.58%), N = 73, StdDev = 0.198 μs
Min = 3.786 μs, Q1 = 3.861 μs, Median = 3.887 μs, Q3 = 4.080 μs, Max = 4.561 μs
IQR = 0.219 μs, LowerFence = 3.533 μs, UpperFence = 4.409 μs
ConfidenceInterval = [3.921 μs; 4.080 μs] (CI 99.9%), Margin = 0.079 μs (1.98% of Mean)
Skewness = 1.15, Kurtosis = 2.99, MValue = 2.5
-------------------- Histogram --------------------
[3.724 μs ; 3.841 μs) | @@@
[3.841 μs ; 3.965 μs) | @@@@@@@@@@@@@@@@@@@@@@@@@@@@@@@@@@@@@@@@@
[3.965 μs ; 4.086 μs) | @@@@@@@@@@@
[4.086 μs ; 4.243 μs) | @@@
[4.243 μs ; 4.367 μs) | @@@@@@@@@@@@
[4.367 μs ; 4.476 μs) | @
[4.476 μs ; 4.623 μs) | @@
---------------------------------------------------

SmokeBenchByte.SpanJson_Ser: Energy(OutlierMode=DontRemove, IterationTime=1s)
Runtime = .NET 10.0.8 (10.0.8, 10.0.826.23019), X64 RyuJIT x86-64-v3; GC = Concurrent Workstation
Mean = 4.066 μs, StdErr = 0.024 μs (0.58%), N = 73, StdDev = 0.201 μs
Min = 3.828 μs, Q1 = 3.945 μs, Median = 3.977 μs, Q3 = 4.103 μs, Max = 4.677 μs
IQR = 0.158 μs, LowerFence = 3.708 μs, UpperFence = 4.341 μs
ConfidenceInterval = [3.985 μs; 4.146 μs] (CI 99.9%), Margin = 0.081 μs (1.99% of Mean)
Skewness = 1.37, Kurtosis = 3.88, MValue = 2
-------------------- Histogram --------------------
[3.765 μs ; 3.879 μs) | @@@
[3.879 μs ; 4.005 μs) | @@@@@@@@@@@@@@@@@@@@@@@@@@@@@@@@@@@@@@@@@@@
[4.005 μs ; 4.128 μs) | @@@@@@@@@@
[4.128 μs ; 4.266 μs) | @
[4.266 μs ; 4.393 μs) | @@@@@@@@@
[4.393 μs ; 4.551 μs) | @@@@
[4.551 μs ; 4.678 μs) | @@@
---------------------------------------------------

SmokeBenchByte.Utf8Json_Ser: Energy(OutlierMode=DontRemove, IterationTime=1s)
Runtime = .NET 10.0.8 (10.0.8, 10.0.826.23019), X64 RyuJIT x86-64-v3; GC = Concurrent Workstation
Mean = 5.315 μs, StdErr = 0.031 μs (0.58%), N = 73, StdDev = 0.264 μs
Min = 5.091 μs, Q1 = 5.137 μs, Median = 5.162 μs, Q3 = 5.531 μs, Max = 6.070 μs
IQR = 0.394 μs, LowerFence = 4.546 μs, UpperFence = 6.122 μs
ConfidenceInterval = [5.209 μs; 5.421 μs] (CI 99.9%), Margin = 0.106 μs (1.99% of Mean)
Skewness = 1.23, Kurtosis = 3.26, MValue = 2.13
-------------------- Histogram --------------------
[5.064 μs ; 5.229 μs) | @@@@@@@@@@@@@@@@@@@@@@@@@@@@@@@@@@@@@@@@@@@@@@
[5.229 μs ; 5.474 μs) | @@@@@@@
[5.474 μs ; 5.640 μs) | @@@@@@@@@@
[5.640 μs ; 5.826 μs) | @@@@@@
[5.826 μs ; 6.090 μs) | @@@@
---------------------------------------------------

SmokeBenchByte.Newtonsoft_Ser: Energy(OutlierMode=DontRemove, IterationTime=1s)
Runtime = .NET 10.0.8 (10.0.8, 10.0.826.23019), X64 RyuJIT x86-64-v3; GC = Concurrent Workstation
Mean = 9.287 μs, StdErr = 0.057 μs (0.62%), N = 100, StdDev = 0.573 μs
Min = 8.772 μs, Q1 = 8.959 μs, Median = 8.988 μs, Q3 = 9.244 μs, Max = 11.336 μs
IQR = 0.285 μs, LowerFence = 8.532 μs, UpperFence = 9.672 μs
ConfidenceInterval = [9.092 μs; 9.481 μs] (CI 99.9%), Margin = 0.194 μs (2.09% of Mean)
Skewness = 1.67, Kurtosis = 4.6, MValue = 2
-------------------- Histogram --------------------
[ 8.610 μs ;  8.886 μs) | @
[ 8.886 μs ;  9.210 μs) | @@@@@@@@@@@@@@@@@@@@@@@@@@@@@@@@@@@@@@@@@@@@@@@@@@@@@@@@@@@@@@@@@@@@@@@@@
[ 9.210 μs ;  9.462 μs) | @@@@@
[ 9.462 μs ;  9.820 μs) | @@
[ 9.820 μs ; 10.205 μs) | @@@
[10.205 μs ; 10.529 μs) | @@@@@@@@@@@@@@
[10.529 μs ; 10.853 μs) | 
[10.853 μs ; 11.372 μs) | @@
---------------------------------------------------

// * Summary *

BenchmarkDotNet v0.15.5-develop (2026-05-26), Linux Ubuntu 24.04.4 LTS (Noble Numbat)
Intel Core i9-9900K CPU 3.60GHz (Max: 0.80GHz) (Coffee Lake), 1 CPU, 16 logical and 8 physical cores
.NET SDK 10.0.108
  [Host] : .NET 10.0.8 (10.0.8, 10.0.826.23019), X64 RyuJIT x86-64-v3
  Energy : .NET 10.0.8 (10.0.8, 10.0.826.23019), X64 RyuJIT x86-64-v3

Job=Energy  OutlierMode=DontRemove  IterationTime=1s  

| Method           | Mean      | Error     | StdDev    | Operations | Median    | Iterations | Metrion CPU Energy (uJ/op) | Metrion CPU Energy (uJ/iter) |
|----------------- |----------:|----------:|----------:|-----------:|----------:|-----------:|---------------------------:|-----------------------------:|
| SpanJson_Deser   |  5.666 μs | 0.1116 μs | 0.2355 μs |    181,600 |  5.526 μs |      54.00 |                     139.01 |                  25245115.05 |
| STJSrcGen_Deser  |  7.647 μs | 0.1518 μs | 0.3201 μs |    135,456 |  7.467 μs |      54.00 |                     196.49 |                  26615999.76 |
| STJRefGen_Deser  |  7.916 μs | 0.1579 μs | 0.3844 μs |    131,504 |  7.719 μs |      70.00 |                     201.22 |                  26461012.12 |
| Utf8Json_Deser   |  8.770 μs | 0.1730 μs | 0.4010 μs |    100,048 |  8.566 μs |      64.00 |                     232.09 |                  23220261.67 |
| Newtonsoft_Deser | 15.495 μs | 0.3096 μs | 0.8832 μs |     54,512 | 15.052 μs |      94.00 |                     391.05 |                  21316698.38 |
|                  |           |           |           |            |           |            |                            |                              |
| STJSrcGen_Ser    |  2.801 μs | 0.0559 μs | 0.1338 μs |    364,928 |  2.732 μs |      68.00 |                      71.89 |                  26236013.30 |
| STJRefGen_Ser    |  4.001 μs | 0.0793 μs | 0.1975 μs |    255,728 |  3.887 μs |      73.00 |                     103.70 |                  26518085.68 |
| SpanJson_Ser     |  4.066 μs | 0.0807 μs | 0.2010 μs |    219,856 |  3.977 μs |      73.00 |                     101.79 |                  22379832.81 |
| Utf8Json_Ser     |  5.315 μs | 0.1059 μs | 0.2636 μs |    166,448 |  5.162 μs |      73.00 |                     133.04 |                  22144503.85 |
| Newtonsoft_Ser   |  9.287 μs | 0.1942 μs | 0.5727 μs |     91,440 |  8.988 μs |     100.00 |                     242.20 |                  22147039.86 |

// * Hints *
Outliers
  SmokeBenchByte.SpanJson_Deser: Energy   -> 1 outlier  was  detected (6.33 μs)
  SmokeBenchByte.STJRefGen_Deser: Energy  -> 1 outlier  was  detected (9.22 μs)
  SmokeBenchByte.Utf8Json_Deser: Energy   -> 8 outliers were detected (9.28 μs..10.09 μs)
  SmokeBenchByte.Newtonsoft_Deser: Energy -> 17 outliers were detected (16.59 μs..18.82 μs)
  SmokeBenchByte.STJSrcGen_Ser: Energy    -> 3 outliers were detected (3.12 μs..3.14 μs)
  SmokeBenchByte.STJRefGen_Ser: Energy    -> 2 outliers were detected (4.52 μs, 4.56 μs)
  SmokeBenchByte.SpanJson_Ser: Energy     -> 10 outliers were detected (4.37 μs..4.68 μs)
  SmokeBenchByte.Newtonsoft_Ser: Energy   -> 20 outliers were detected (9.72 μs..11.34 μs)

// * Legends *
  Mean                         : Arithmetic mean of all measurements
  Error                        : Half of 99.9% confidence interval
  StdDev                       : Standard deviation of all measurements
  Operations                   : Actual invocations per measured iteration (from measurements)
  Median                       : Value separating the higher half of all measurements (50th percentile)
  Iterations                   : Number of target iterations
  Metrion CPU Energy (uJ/op)   : Average CPU core energy consumed per benchmark operation (uJ), captured with Metrion.
  Metrion CPU Energy (uJ/iter) : Average CPU core energy consumed per benchmark iteration (uJ), captured with Metrion.
  1 μs                         : 1 Microsecond (0.000001 sec)

// * Diagnostic Output - MetrionEnergyProfiler *
Metrion measured the energy for a total of 10 benchmarks.
The measurements details of Actual Stage for each benchmark:
BenchmarkMethod - StartTimestamp - EndTimestamp - TotalEnergyFromSummary - TotalEnergyFromRawMeasurements
STJRefGen_Deser: 2026-05-26T11:12:57.291780 - 2026-05-26T11:14:10.296995 - 1850.4404347030381 - 1852.2708485045148
STJSrcGen_Deser: 2026-05-26T11:14:44.108142 - 2026-05-26T11:15:40.148920 - 1435.299962621403 - 1437.2639868116173
Newtonsoft_Deser: 2026-05-26T11:16:02.893089 - 2026-05-26T11:17:22.420523 - 2010.7572499404698 - 2003.7696479486385
SpanJson_Deser: 2026-05-26T11:17:52.064572 - 2026-05-26T11:18:47.724166 - 1346.5180357462807 - 1363.2362126007909
Utf8Json_Deser: 2026-05-26T11:19:14.103747 - 2026-05-26T11:20:10.412485 - 1480.0217371771928 - 1486.0967467090763
STJRefGen_Ser: 2026-05-26T11:20:38.929427 - 2026-05-26T11:21:53.750726 - 1942.2682509311874 - 1935.8202545928891
STJSrcGen_Ser: 2026-05-26T11:22:25.564505 - 2026-05-26T11:23:35.227633 - 1773.7195132922027 - 1784.0489045145455
Newtonsoft_Ser: 2026-05-26T11:24:07.405537 - 2026-05-26T11:25:32.462004 - 2225.959587305078 - 2214.7039856960487
SpanJson_Ser: 2026-05-26T11:26:00.980808 - 2026-05-26T11:27:06.381463 - 1648.377103620022 - 1633.7277950612415
Utf8Json_Ser: 2026-05-26T11:27:31.337254 - 2026-05-26T11:28:36.053972 - 1603.5856106548458 - 1616.5487812850192


// ***** BenchmarkRunner: End *****
Run time: 00:16:14 (974.93 sec), executed benchmarks: 10

Global total time: 00:16:20 (980.56 sec), executed benchmarks: 10
// * Artifacts cleanup *
Artifacts cleanup is finished
