// Validating benchmarks:
// ***** BenchmarkRunner: Start   *****
// ***** Found 10 benchmark(s) in total *****
// ***** Building 1 exe(s) in Parallel: Start   *****
// start dotnet  restore --nodeReuse:false /p:UseSharedCompilation=false /p:Deterministic=true /p:Optimize=true /p:ArtifactsPath="/home/test/json-energy-bench/JsonBench/bin/Release/net10.0/JsonBench-Energy-1/" /p:OutDir="/home/test/json-energy-bench/JsonBench/bin/Release/net10.0/JsonBench-Energy-1/bin/Release/net10.0/" /p:OutputPath="/home/test/json-energy-bench/JsonBench/bin/Release/net10.0/JsonBench-Energy-1/bin/Release/net10.0/" /p:PublishDir="/home/test/json-energy-bench/JsonBench/bin/Release/net10.0/JsonBench-Energy-1/publish/" in /home/test/json-energy-bench/JsonBench/bin/Release/net10.0/JsonBench-Energy-1
// command took 1.37 sec and exited with 0
// start dotnet  build -c Release --no-restore --nodeReuse:false /p:UseSharedCompilation=false /p:Deterministic=true /p:Optimize=true /p:ArtifactsPath="/home/test/json-energy-bench/JsonBench/bin/Release/net10.0/JsonBench-Energy-1/" /p:OutDir="/home/test/json-energy-bench/JsonBench/bin/Release/net10.0/JsonBench-Energy-1/bin/Release/net10.0/" /p:OutputPath="/home/test/json-energy-bench/JsonBench/bin/Release/net10.0/JsonBench-Energy-1/bin/Release/net10.0/" /p:PublishDir="/home/test/json-energy-bench/JsonBench/bin/Release/net10.0/JsonBench-Energy-1/publish/" --output "/home/test/json-energy-bench/JsonBench/bin/Release/net10.0/JsonBench-Energy-1/bin/Release/net10.0/" in /home/test/json-energy-bench/JsonBench/bin/Release/net10.0/JsonBench-Energy-1
// command took 4.59 sec and exited with 0
// ***** Done, took 00:00:06 (6.02 sec)   *****
// Found 10 benchmarks:
//   SmokeBenchByte.STJRefGen_Deser: Energy(OutlierMode=DontRemove, IterationTime=1s)
//   SmokeBenchByte.STJSrcGen_Deser: Energy(OutlierMode=DontRemove, IterationTime=1s)
//   SmokeBenchByte.Newtonsoft_Deser: Energy(OutlierMode=DontRemove, IterationTime=1s)
//   SmokeBenchByte.SpanJson_Deser: Energy(OutlierMode=DontRemove, IterationTime=1s)
//   SmokeBenchByte.Utf8Json_Deser: Energy(OutlierMode=DontRemove, IterationTime=1s)
//   SmokeBenchByte.STJRefGen_Ser: Energy(OutlierMode=DontRemove, IterationTime=1s)
//   SmokeBenchByte.STJSrcGen_Ser: Energy(OutlierMode=DontRemove, IterationTime=1s)
//   SmokeBenchByte.Newtonsoft_Ser: Energy(OutlierMode=DontRemove, IterationTime=1s)
//   SmokeBenchByte.SpanJson_Ser: Energy(OutlierMode=DontRemove, IterationTime=1s)
//   SmokeBenchByte.Utf8Json_Ser: Energy(OutlierMode=DontRemove, IterationTime=1s)

// **************************
// Benchmark: SmokeBenchByte.STJRefGen_Deser: Energy(OutlierMode=DontRemove, IterationTime=1s)
// *** Execute ***
// Launch: 1 / 1
// Execute: dotnet JsonBench-Energy-1.dll --anonymousPipes 160 161 --benchmarkName JsonBench.Benchmarks.SmokeBenchByte.STJRefGen_Deser --job Energy --benchmarkId 0 in /home/test/json-energy-bench/JsonBench/bin/Release/net10.0/JsonBench-Energy-1/bin/Release/net10.0
// BeforeAnythingElse

// Benchmark Process Environment Information:
// BenchmarkDotNet v0.15.5-develop (2026-05-17)
// Runtime=.NET 10.0.7 (10.0.7, 10.0.726.21808), X64 RyuJIT x86-64-v3
// GC=Concurrent Workstation
// HardwareIntrinsics=AVX2+BMI1+BMI2+F16C+FMA+LZCNT+MOVBE,AVX,SSE3+SSSE3+SSE4.1+SSE4.2+POPCNT,X86Base+SSE+SSE2,AES+PCLMUL VectorSize=256
// Job: Energy(OutlierMode=DontRemove, IterationTime=1s)

OverheadJitting  1: 1 op, 192171.00 ns, 192.1710 us/op
WorkloadJitting  1: 1 op, 281126.00 ns, 281.1260 us/op

OverheadJitting  2: 16 op, 504767.00 ns, 31.5479 us/op
WorkloadJitting  2: 16 op, 841047.00 ns, 52.5654 us/op

WorkloadPilot    1: 16 op, 291742.00 ns, 18.2339 us/op
WorkloadPilot    2: 54848 op, 790166393.00 ns, 14.4065 us/op
WorkloadPilot    3: 69424 op, 716276068.00 ns, 10.3174 us/op
WorkloadPilot    4: 96928 op, 905633385.00 ns, 9.3434 us/op
WorkloadPilot    5: 107040 op, 1223017960.00 ns, 11.4258 us/op
WorkloadPilot    6: 87536 op, 942495882.00 ns, 10.7670 us/op
WorkloadPilot    7: 92880 op, 988036206.00 ns, 10.6378 us/op
WorkloadPilot    8: 94016 op, 1111874671.00 ns, 11.8264 us/op
WorkloadPilot    9: 84560 op, 734197914.00 ns, 8.6826 us/op
WorkloadPilot   10: 115184 op, 951315623.00 ns, 8.2591 us/op
WorkloadPilot   11: 121088 op, 933346032.00 ns, 7.7080 us/op
WorkloadPilot   12: 129744 op, 995227394.00 ns, 7.6707 us/op
WorkloadPilot   13: 130368 op, 1280442526.00 ns, 9.8218 us/op

OverheadWarmup   1: 130368 op, 853311.00 ns, 6.5454 ns/op
OverheadWarmup   2: 130368 op, 934402.00 ns, 7.1674 ns/op
OverheadWarmup   3: 130368 op, 634472.00 ns, 4.8668 ns/op
OverheadWarmup   4: 130368 op, 658771.00 ns, 5.0532 ns/op
OverheadWarmup   5: 130368 op, 667764.00 ns, 5.1221 ns/op
OverheadWarmup   6: 130368 op, 697346.00 ns, 5.3491 ns/op
OverheadWarmup   7: 130368 op, 860469.00 ns, 6.6003 ns/op
OverheadWarmup   8: 130368 op, 842961.00 ns, 6.4660 ns/op

OverheadActual   1: 130368 op, 877966.00 ns, 6.7345 ns/op
OverheadActual   2: 130368 op, 828934.00 ns, 6.3584 ns/op
OverheadActual   3: 130368 op, 816698.00 ns, 6.2646 ns/op
OverheadActual   4: 130368 op, 894602.00 ns, 6.8621 ns/op
OverheadActual   5: 130368 op, 862265.00 ns, 6.6141 ns/op
OverheadActual   6: 130368 op, 781931.00 ns, 5.9979 ns/op
OverheadActual   7: 130368 op, 655250.00 ns, 5.0262 ns/op
OverheadActual   8: 130368 op, 667395.00 ns, 5.1193 ns/op
OverheadActual   9: 130368 op, 661359.00 ns, 5.0730 ns/op
OverheadActual  10: 130368 op, 858273.00 ns, 6.5835 ns/op
OverheadActual  11: 130368 op, 789912.00 ns, 6.0591 ns/op
OverheadActual  12: 130368 op, 719112.00 ns, 5.5160 ns/op
OverheadActual  13: 130368 op, 472953.00 ns, 3.6278 ns/op
OverheadActual  14: 130368 op, 2132801.00 ns, 16.3599 ns/op
OverheadActual  15: 130368 op, 474165.00 ns, 3.6371 ns/op
OverheadActual  16: 130368 op, 522005.00 ns, 4.0041 ns/op
OverheadActual  17: 130368 op, 453239.00 ns, 3.4766 ns/op
OverheadActual  18: 130368 op, 473100.00 ns, 3.6290 ns/op
OverheadActual  19: 130368 op, 569100.00 ns, 4.3653 ns/op
OverheadActual  20: 130368 op, 458359.00 ns, 3.5159 ns/op

WorkloadWarmup   1: 130368 op, 1351732406.00 ns, 10.3686 us/op
WorkloadWarmup   2: 130368 op, 1161306141.00 ns, 8.9079 us/op
WorkloadWarmup   3: 130368 op, 1158470174.00 ns, 8.8862 us/op
WorkloadWarmup   4: 130368 op, 1143898527.00 ns, 8.7744 us/op
WorkloadWarmup   5: 130368 op, 1322349052.00 ns, 10.1432 us/op
WorkloadWarmup   6: 130368 op, 1124374285.00 ns, 8.6246 us/op
WorkloadWarmup   7: 130368 op, 1116443724.00 ns, 8.5638 us/op
WorkloadWarmup   8: 130368 op, 1131635918.00 ns, 8.6803 us/op
WorkloadWarmup   9: 130368 op, 1329353066.00 ns, 10.1969 us/op
WorkloadWarmup  10: 130368 op, 1101752183.00 ns, 8.4511 us/op

// BeforeActualRun
WorkloadActual   1: 130368 op, 1134944420.00 ns, 8.7057 us/op
WorkloadActual   2: 130368 op, 1090127420.00 ns, 8.3619 us/op
WorkloadActual   3: 130368 op, 1019501919.00 ns, 7.8202 us/op
WorkloadActual   4: 130368 op, 1133956921.00 ns, 8.6981 us/op
WorkloadActual   5: 130368 op, 1019937186.00 ns, 7.8235 us/op
WorkloadActual   6: 130368 op, 1007888985.00 ns, 7.7311 us/op
WorkloadActual   7: 130368 op, 1011768955.00 ns, 7.7609 us/op
WorkloadActual   8: 130368 op, 1159160344.00 ns, 8.8914 us/op
WorkloadActual   9: 130368 op, 1220936992.00 ns, 9.3653 us/op
WorkloadActual  10: 130368 op, 1076553307.00 ns, 8.2578 us/op
WorkloadActual  11: 130368 op, 1016120751.00 ns, 7.7942 us/op
WorkloadActual  12: 130368 op, 1020365593.00 ns, 7.8268 us/op
WorkloadActual  13: 130368 op, 1041458452.00 ns, 7.9886 us/op
WorkloadActual  14: 130368 op, 1195530943.00 ns, 9.1704 us/op
WorkloadActual  15: 130368 op, 1006302790.00 ns, 7.7189 us/op
WorkloadActual  16: 130368 op, 1009332792.00 ns, 7.7422 us/op
WorkloadActual  17: 130368 op, 1069925953.00 ns, 8.2070 us/op
WorkloadActual  18: 130368 op, 1166964933.00 ns, 8.9513 us/op
WorkloadActual  19: 130368 op, 1168877198.00 ns, 8.9660 us/op
WorkloadActual  20: 130368 op, 1229609261.00 ns, 9.4318 us/op
WorkloadActual  21: 130368 op, 1158353108.00 ns, 8.8853 us/op
WorkloadActual  22: 130368 op, 1098830007.00 ns, 8.4287 us/op
WorkloadActual  23: 130368 op, 1119221607.00 ns, 8.5851 us/op
WorkloadActual  24: 130368 op, 1175698230.00 ns, 9.0183 us/op
WorkloadActual  25: 130368 op, 1137887429.00 ns, 8.7283 us/op
WorkloadActual  26: 130368 op, 1233736474.00 ns, 9.4635 us/op
WorkloadActual  27: 130368 op, 1171908140.00 ns, 8.9892 us/op
WorkloadActual  28: 130368 op, 1211578170.00 ns, 9.2935 us/op
WorkloadActual  29: 130368 op, 1144762484.00 ns, 8.7810 us/op
WorkloadActual  30: 130368 op, 1135171614.00 ns, 8.7074 us/op
WorkloadActual  31: 130368 op, 1103342271.00 ns, 8.4633 us/op
WorkloadActual  32: 130368 op, 1132155662.00 ns, 8.6843 us/op
WorkloadActual  33: 130368 op, 1051331904.00 ns, 8.0643 us/op
WorkloadActual  34: 130368 op, 1023357528.00 ns, 7.8498 us/op
WorkloadActual  35: 130368 op, 1193783965.00 ns, 9.1570 us/op
WorkloadActual  36: 130368 op, 1084413889.00 ns, 8.3181 us/op
WorkloadActual  37: 130368 op, 1135466087.00 ns, 8.7097 us/op
WorkloadActual  38: 130368 op, 1024863313.00 ns, 7.8613 us/op
WorkloadActual  39: 130368 op, 1015471753.00 ns, 7.7893 us/op
WorkloadActual  40: 130368 op, 1005603104.00 ns, 7.7136 us/op
WorkloadActual  41: 130368 op, 1002142135.00 ns, 7.6870 us/op
WorkloadActual  42: 130368 op, 1188284062.00 ns, 9.1148 us/op
WorkloadActual  43: 130368 op, 1071880667.00 ns, 8.2220 us/op
WorkloadActual  44: 130368 op, 1177031226.00 ns, 9.0285 us/op
WorkloadActual  45: 130368 op, 1112724487.00 ns, 8.5353 us/op
WorkloadActual  46: 130368 op, 1005906395.00 ns, 7.7159 us/op
WorkloadActual  47: 130368 op, 1143036011.00 ns, 8.7678 us/op
WorkloadActual  48: 130368 op, 1069621099.00 ns, 8.2046 us/op
WorkloadActual  49: 130368 op, 1102492095.00 ns, 8.4568 us/op
WorkloadActual  50: 130368 op, 1065080392.00 ns, 8.1698 us/op
WorkloadActual  51: 130368 op, 1005361895.00 ns, 7.7117 us/op
WorkloadActual  52: 130368 op, 1189332237.00 ns, 9.1229 us/op
WorkloadActual  53: 130368 op, 1207603757.00 ns, 9.2630 us/op
WorkloadActual  54: 130368 op, 1034284837.00 ns, 7.9336 us/op
WorkloadActual  55: 130368 op, 1015725455.00 ns, 7.7912 us/op
WorkloadActual  56: 130368 op, 1040887547.00 ns, 7.9842 us/op
WorkloadActual  57: 130368 op, 1210295078.00 ns, 9.2837 us/op
WorkloadActual  58: 130368 op, 1012882958.00 ns, 7.7694 us/op
WorkloadActual  59: 130368 op, 1038810196.00 ns, 7.9683 us/op
WorkloadActual  60: 130368 op, 1119319315.00 ns, 8.5858 us/op
WorkloadActual  61: 130368 op, 1070540860.00 ns, 8.2117 us/op
WorkloadActual  62: 130368 op, 1039790537.00 ns, 7.9758 us/op
WorkloadActual  63: 130368 op, 1161463335.00 ns, 8.9091 us/op
WorkloadActual  64: 130368 op, 1040143317.00 ns, 7.9785 us/op
WorkloadActual  65: 130368 op, 1166517813.00 ns, 8.9479 us/op
WorkloadActual  66: 130368 op, 1148157007.00 ns, 8.8070 us/op
WorkloadActual  67: 130368 op, 1087486533.00 ns, 8.3417 us/op
WorkloadActual  68: 130368 op, 1046523688.00 ns, 8.0275 us/op
WorkloadActual  69: 130368 op, 1019941539.00 ns, 7.8236 us/op
WorkloadActual  70: 130368 op, 1017750856.00 ns, 7.8068 us/op
WorkloadActual  71: 130368 op, 1142651578.00 ns, 8.7648 us/op
WorkloadActual  72: 130368 op, 1157866689.00 ns, 8.8815 us/op
WorkloadActual  73: 130368 op, 1067122385.00 ns, 8.1855 us/op
WorkloadActual  74: 130368 op, 1019633314.00 ns, 7.8212 us/op
WorkloadActual  75: 130368 op, 1111975042.00 ns, 8.5295 us/op
WorkloadActual  76: 130368 op, 1184188305.00 ns, 9.0834 us/op
WorkloadActual  77: 130368 op, 1041707564.00 ns, 7.9905 us/op
WorkloadActual  78: 130368 op, 1107047295.00 ns, 8.4917 us/op
WorkloadActual  79: 130368 op, 1066776069.00 ns, 8.1828 us/op
WorkloadActual  80: 130368 op, 1057272945.00 ns, 8.1099 us/op
WorkloadActual  81: 130368 op, 1387251174.00 ns, 10.6410 us/op
WorkloadActual  82: 130368 op, 1083893680.00 ns, 8.3141 us/op
WorkloadActual  83: 130368 op, 1016969048.00 ns, 7.8008 us/op
WorkloadActual  84: 130368 op, 1011735465.00 ns, 7.7606 us/op
WorkloadActual  85: 130368 op, 1021765182.00 ns, 7.8375 us/op
WorkloadActual  86: 130368 op, 1179552647.00 ns, 9.0479 us/op
WorkloadActual  87: 130368 op, 1030470471.00 ns, 7.9043 us/op
WorkloadActual  88: 130368 op, 1021823380.00 ns, 7.8380 us/op
WorkloadActual  89: 130368 op, 1019709482.00 ns, 7.8218 us/op
WorkloadActual  90: 130368 op, 1401683585.00 ns, 10.7517 us/op
WorkloadActual  91: 130368 op, 1022831221.00 ns, 7.8457 us/op
WorkloadActual  92: 130368 op, 1022451347.00 ns, 7.8428 us/op
WorkloadActual  93: 130368 op, 1019011880.00 ns, 7.8164 us/op
WorkloadActual  94: 130368 op, 1032399401.00 ns, 7.9191 us/op
WorkloadActual  95: 130368 op, 1133463476.00 ns, 8.6943 us/op
WorkloadActual  96: 130368 op, 1046476825.00 ns, 8.0271 us/op
WorkloadActual  97: 130368 op, 1007680014.00 ns, 7.7295 us/op
WorkloadActual  98: 130368 op, 1002763648.00 ns, 7.6918 us/op
WorkloadActual  99: 130368 op, 1000860448.00 ns, 7.6772 us/op
WorkloadActual  100: 130368 op, 1316387603.00 ns, 10.0975 us/op

// AfterActualRun
WorkloadResult   1: 130368 op, 1134251166.50 ns, 8.7004 us/op
WorkloadResult   2: 130368 op, 1089434166.50 ns, 8.3566 us/op
WorkloadResult   3: 130368 op, 1018808665.50 ns, 7.8149 us/op
WorkloadResult   4: 130368 op, 1133263667.50 ns, 8.6928 us/op
WorkloadResult   5: 130368 op, 1019243932.50 ns, 7.8182 us/op
WorkloadResult   6: 130368 op, 1007195731.50 ns, 7.7258 us/op
WorkloadResult   7: 130368 op, 1011075701.50 ns, 7.7556 us/op
WorkloadResult   8: 130368 op, 1158467090.50 ns, 8.8861 us/op
WorkloadResult   9: 130368 op, 1220243738.50 ns, 9.3600 us/op
WorkloadResult  10: 130368 op, 1075860053.50 ns, 8.2525 us/op
WorkloadResult  11: 130368 op, 1015427497.50 ns, 7.7889 us/op
WorkloadResult  12: 130368 op, 1019672339.50 ns, 7.8215 us/op
WorkloadResult  13: 130368 op, 1040765198.50 ns, 7.9833 us/op
WorkloadResult  14: 130368 op, 1194837689.50 ns, 9.1651 us/op
WorkloadResult  15: 130368 op, 1005609536.50 ns, 7.7136 us/op
WorkloadResult  16: 130368 op, 1008639538.50 ns, 7.7369 us/op
WorkloadResult  17: 130368 op, 1069232699.50 ns, 8.2016 us/op
WorkloadResult  18: 130368 op, 1166271679.50 ns, 8.9460 us/op
WorkloadResult  19: 130368 op, 1168183944.50 ns, 8.9607 us/op
WorkloadResult  20: 130368 op, 1228916007.50 ns, 9.4265 us/op
WorkloadResult  21: 130368 op, 1157659854.50 ns, 8.8799 us/op
WorkloadResult  22: 130368 op, 1098136753.50 ns, 8.4234 us/op
WorkloadResult  23: 130368 op, 1118528353.50 ns, 8.5798 us/op
WorkloadResult  24: 130368 op, 1175004976.50 ns, 9.0130 us/op
WorkloadResult  25: 130368 op, 1137194175.50 ns, 8.7230 us/op
WorkloadResult  26: 130368 op, 1233043220.50 ns, 9.4582 us/op
WorkloadResult  27: 130368 op, 1171214886.50 ns, 8.9839 us/op
WorkloadResult  28: 130368 op, 1210884916.50 ns, 9.2882 us/op
WorkloadResult  29: 130368 op, 1144069230.50 ns, 8.7757 us/op
WorkloadResult  30: 130368 op, 1134478360.50 ns, 8.7021 us/op
WorkloadResult  31: 130368 op, 1102649017.50 ns, 8.4580 us/op
WorkloadResult  32: 130368 op, 1131462408.50 ns, 8.6790 us/op
WorkloadResult  33: 130368 op, 1050638650.50 ns, 8.0590 us/op
WorkloadResult  34: 130368 op, 1022664274.50 ns, 7.8444 us/op
WorkloadResult  35: 130368 op, 1193090711.50 ns, 9.1517 us/op
WorkloadResult  36: 130368 op, 1083720635.50 ns, 8.3128 us/op
WorkloadResult  37: 130368 op, 1134772833.50 ns, 8.7044 us/op
WorkloadResult  38: 130368 op, 1024170059.50 ns, 7.8560 us/op
WorkloadResult  39: 130368 op, 1014778499.50 ns, 7.7840 us/op
WorkloadResult  40: 130368 op, 1004909850.50 ns, 7.7083 us/op
WorkloadResult  41: 130368 op, 1001448881.50 ns, 7.6817 us/op
WorkloadResult  42: 130368 op, 1187590808.50 ns, 9.1095 us/op
WorkloadResult  43: 130368 op, 1071187413.50 ns, 8.2166 us/op
WorkloadResult  44: 130368 op, 1176337972.50 ns, 9.0232 us/op
WorkloadResult  45: 130368 op, 1112031233.50 ns, 8.5299 us/op
WorkloadResult  46: 130368 op, 1005213141.50 ns, 7.7106 us/op
WorkloadResult  47: 130368 op, 1142342757.50 ns, 8.7624 us/op
WorkloadResult  48: 130368 op, 1068927845.50 ns, 8.1993 us/op
WorkloadResult  49: 130368 op, 1101798841.50 ns, 8.4515 us/op
WorkloadResult  50: 130368 op, 1064387138.50 ns, 8.1645 us/op
WorkloadResult  51: 130368 op, 1004668641.50 ns, 7.7064 us/op
WorkloadResult  52: 130368 op, 1188638983.50 ns, 9.1176 us/op
WorkloadResult  53: 130368 op, 1206910503.50 ns, 9.2577 us/op
WorkloadResult  54: 130368 op, 1033591583.50 ns, 7.9283 us/op
WorkloadResult  55: 130368 op, 1015032201.50 ns, 7.7859 us/op
WorkloadResult  56: 130368 op, 1040194293.50 ns, 7.9789 us/op
WorkloadResult  57: 130368 op, 1209601824.50 ns, 9.2784 us/op
WorkloadResult  58: 130368 op, 1012189704.50 ns, 7.7641 us/op
WorkloadResult  59: 130368 op, 1038116942.50 ns, 7.9630 us/op
WorkloadResult  60: 130368 op, 1118626061.50 ns, 8.5805 us/op
WorkloadResult  61: 130368 op, 1069847606.50 ns, 8.2064 us/op
WorkloadResult  62: 130368 op, 1039097283.50 ns, 7.9705 us/op
WorkloadResult  63: 130368 op, 1160770081.50 ns, 8.9038 us/op
WorkloadResult  64: 130368 op, 1039450063.50 ns, 7.9732 us/op
WorkloadResult  65: 130368 op, 1165824559.50 ns, 8.9426 us/op
WorkloadResult  66: 130368 op, 1147463753.50 ns, 8.8017 us/op
WorkloadResult  67: 130368 op, 1086793279.50 ns, 8.3364 us/op
WorkloadResult  68: 130368 op, 1045830434.50 ns, 8.0221 us/op
WorkloadResult  69: 130368 op, 1019248285.50 ns, 7.8182 us/op
WorkloadResult  70: 130368 op, 1017057602.50 ns, 7.8014 us/op
WorkloadResult  71: 130368 op, 1141958324.50 ns, 8.7595 us/op
WorkloadResult  72: 130368 op, 1157173435.50 ns, 8.8762 us/op
WorkloadResult  73: 130368 op, 1066429131.50 ns, 8.1801 us/op
WorkloadResult  74: 130368 op, 1018940060.50 ns, 7.8159 us/op
WorkloadResult  75: 130368 op, 1111281788.50 ns, 8.5242 us/op
WorkloadResult  76: 130368 op, 1183495051.50 ns, 9.0781 us/op
WorkloadResult  77: 130368 op, 1041014310.50 ns, 7.9852 us/op
WorkloadResult  78: 130368 op, 1106354041.50 ns, 8.4864 us/op
WorkloadResult  79: 130368 op, 1066082815.50 ns, 8.1775 us/op
WorkloadResult  80: 130368 op, 1056579691.50 ns, 8.1046 us/op
WorkloadResult  81: 130368 op, 1386557920.50 ns, 10.6357 us/op
WorkloadResult  82: 130368 op, 1083200426.50 ns, 8.3088 us/op
WorkloadResult  83: 130368 op, 1016275794.50 ns, 7.7954 us/op
WorkloadResult  84: 130368 op, 1011042211.50 ns, 7.7553 us/op
WorkloadResult  85: 130368 op, 1021071928.50 ns, 7.8322 us/op
WorkloadResult  86: 130368 op, 1178859393.50 ns, 9.0426 us/op
WorkloadResult  87: 130368 op, 1029777217.50 ns, 7.8990 us/op
WorkloadResult  88: 130368 op, 1021130126.50 ns, 7.8327 us/op
WorkloadResult  89: 130368 op, 1019016228.50 ns, 7.8165 us/op
WorkloadResult  90: 130368 op, 1400990331.50 ns, 10.7464 us/op
WorkloadResult  91: 130368 op, 1022137967.50 ns, 7.8404 us/op
WorkloadResult  92: 130368 op, 1021758093.50 ns, 7.8375 us/op
WorkloadResult  93: 130368 op, 1018318626.50 ns, 7.8111 us/op
WorkloadResult  94: 130368 op, 1031706147.50 ns, 7.9138 us/op
WorkloadResult  95: 130368 op, 1132770222.50 ns, 8.6890 us/op
WorkloadResult  96: 130368 op, 1045783571.50 ns, 8.0218 us/op
WorkloadResult  97: 130368 op, 1006986760.50 ns, 7.7242 us/op
WorkloadResult  98: 130368 op, 1002070394.50 ns, 7.6865 us/op
WorkloadResult  99: 130368 op, 1000167194.50 ns, 7.6719 us/op
WorkloadResult  100: 130368 op, 1315694349.50 ns, 10.0922 us/op

// AfterAll
// Benchmark Process 1016989 has exited with code 0.

Mean = 8.394 μs, StdErr = 0.064 μs (0.77%), N = 100, StdDev = 0.642 μs
Min = 7.672 μs, Q1 = 7.830 μs, Median = 8.212 μs, Q3 = 8.820 μs, Max = 10.746 μs
IQR = 0.991 μs, LowerFence = 6.343 μs, UpperFence = 10.307 μs
ConfidenceInterval = [8.176 μs; 8.612 μs] (CI 99.9%), Margin = 0.218 μs (2.60% of Mean)
Skewness = 1.14, Kurtosis = 4.53, MValue = 3.3

// ** Remained 9 (90.0 %) benchmark(s) to run. Estimated finish 2026-05-17 16:31 (0h 22m from now) **
// **************************
// Benchmark: SmokeBenchByte.STJSrcGen_Deser: Energy(OutlierMode=DontRemove, IterationTime=1s)
// *** Execute ***
// Launch: 1 / 1
// Execute: dotnet JsonBench-Energy-1.dll --anonymousPipes 123 124 --benchmarkName JsonBench.Benchmarks.SmokeBenchByte.STJSrcGen_Deser --job Energy --benchmarkId 1 in /home/test/json-energy-bench/JsonBench/bin/Release/net10.0/JsonBench-Energy-1/bin/Release/net10.0
// BeforeAnythingElse

// Benchmark Process Environment Information:
// BenchmarkDotNet v0.15.5-develop (2026-05-17)
// Runtime=.NET 10.0.7 (10.0.7, 10.0.726.21808), X64 RyuJIT x86-64-v3
// GC=Concurrent Workstation
// HardwareIntrinsics=AVX2+BMI1+BMI2+F16C+FMA+LZCNT+MOVBE,AVX,SSE3+SSSE3+SSE4.1+SSE4.2+POPCNT,X86Base+SSE+SSE2,AES+PCLMUL VectorSize=256
// Job: Energy(OutlierMode=DontRemove, IterationTime=1s)

OverheadJitting  1: 1 op, 258329.00 ns, 258.3290 us/op
WorkloadJitting  1: 1 op, 10199274.00 ns, 10.1993 ms/op

OverheadJitting  2: 16 op, 496098.00 ns, 31.0061 us/op
WorkloadJitting  2: 16 op, 859631.00 ns, 53.7269 us/op

WorkloadPilot    1: 16 op, 347812.00 ns, 21.7383 us/op
WorkloadPilot    2: 46016 op, 669793160.00 ns, 14.5557 us/op
WorkloadPilot    3: 68704 op, 648941949.00 ns, 9.4455 us/op
WorkloadPilot    4: 105872 op, 995575388.00 ns, 9.4036 us/op
WorkloadPilot    5: 106352 op, 1159271193.00 ns, 10.9003 us/op
WorkloadPilot    6: 91744 op, 999739316.00 ns, 10.8971 us/op
WorkloadPilot    7: 91776 op, 1006824942.00 ns, 10.9705 us/op
WorkloadPilot    8: 91168 op, 1042878357.00 ns, 11.4391 us/op

OverheadWarmup   1: 91168 op, 533909.00 ns, 5.8563 ns/op
OverheadWarmup   2: 91168 op, 645182.00 ns, 7.0768 ns/op
OverheadWarmup   3: 91168 op, 678489.00 ns, 7.4422 ns/op
OverheadWarmup   4: 91168 op, 657551.00 ns, 7.2125 ns/op
OverheadWarmup   5: 91168 op, 624758.00 ns, 6.8528 ns/op
OverheadWarmup   6: 91168 op, 690878.00 ns, 7.5781 ns/op
OverheadWarmup   7: 91168 op, 646042.00 ns, 7.0863 ns/op

OverheadActual   1: 91168 op, 613618.00 ns, 6.7306 ns/op
OverheadActual   2: 91168 op, 639656.00 ns, 7.0162 ns/op
OverheadActual   3: 91168 op, 502888.00 ns, 5.5161 ns/op
OverheadActual   4: 91168 op, 461747.00 ns, 5.0648 ns/op
OverheadActual   5: 91168 op, 496646.00 ns, 5.4476 ns/op
OverheadActual   6: 91168 op, 595512.00 ns, 6.5320 ns/op
OverheadActual   7: 91168 op, 638304.00 ns, 7.0014 ns/op
OverheadActual   8: 91168 op, 586290.00 ns, 6.4309 ns/op
OverheadActual   9: 91168 op, 589018.00 ns, 6.4608 ns/op
OverheadActual  10: 91168 op, 448323.00 ns, 4.9175 ns/op
OverheadActual  11: 91168 op, 316051.00 ns, 3.4667 ns/op
OverheadActual  12: 91168 op, 320492.00 ns, 3.5154 ns/op
OverheadActual  13: 91168 op, 319915.00 ns, 3.5091 ns/op
OverheadActual  14: 91168 op, 320425.00 ns, 3.5147 ns/op
OverheadActual  15: 91168 op, 320044.00 ns, 3.5105 ns/op
OverheadActual  16: 91168 op, 319927.00 ns, 3.5092 ns/op
OverheadActual  17: 91168 op, 320008.00 ns, 3.5101 ns/op
OverheadActual  18: 91168 op, 323251.00 ns, 3.5457 ns/op
OverheadActual  19: 91168 op, 316204.00 ns, 3.4684 ns/op
OverheadActual  20: 91168 op, 316269.00 ns, 3.4691 ns/op

WorkloadWarmup   1: 91168 op, 833956023.00 ns, 9.1475 us/op
WorkloadWarmup   2: 91168 op, 779688118.00 ns, 8.5522 us/op
WorkloadWarmup   3: 91168 op, 753311982.00 ns, 8.2629 us/op
WorkloadWarmup   4: 91168 op, 707066682.00 ns, 7.7556 us/op
WorkloadWarmup   5: 91168 op, 704029496.00 ns, 7.7223 us/op
WorkloadWarmup   6: 91168 op, 701450373.00 ns, 7.6940 us/op
WorkloadWarmup   7: 91168 op, 977640669.00 ns, 10.7235 us/op
WorkloadWarmup   8: 91168 op, 893126163.00 ns, 9.7965 us/op
WorkloadWarmup   9: 91168 op, 777686394.00 ns, 8.5303 us/op
WorkloadWarmup  10: 91168 op, 785591366.00 ns, 8.6170 us/op
WorkloadWarmup  11: 91168 op, 706251752.00 ns, 7.7467 us/op

// BeforeActualRun
WorkloadActual   1: 91168 op, 701788679.00 ns, 7.6978 us/op
WorkloadActual   2: 91168 op, 813170492.00 ns, 8.9195 us/op
WorkloadActual   3: 91168 op, 802768818.00 ns, 8.8054 us/op
WorkloadActual   4: 91168 op, 699757105.00 ns, 7.6755 us/op
WorkloadActual   5: 91168 op, 781467121.00 ns, 8.5717 us/op
WorkloadActual   6: 91168 op, 761601637.00 ns, 8.3538 us/op
WorkloadActual   7: 91168 op, 729168819.00 ns, 7.9981 us/op
WorkloadActual   8: 91168 op, 773202561.00 ns, 8.4811 us/op
WorkloadActual   9: 91168 op, 965703157.00 ns, 10.5926 us/op
WorkloadActual  10: 91168 op, 747832072.00 ns, 8.2028 us/op
WorkloadActual  11: 91168 op, 692839717.00 ns, 7.5996 us/op
WorkloadActual  12: 91168 op, 739087378.00 ns, 8.1069 us/op
WorkloadActual  13: 91168 op, 703742585.00 ns, 7.7192 us/op
WorkloadActual  14: 91168 op, 701395797.00 ns, 7.6934 us/op
WorkloadActual  15: 91168 op, 708733523.00 ns, 7.7739 us/op
WorkloadActual  16: 91168 op, 833934324.00 ns, 9.1472 us/op
WorkloadActual  17: 91168 op, 705919365.00 ns, 7.7431 us/op
WorkloadActual  18: 91168 op, 696450003.00 ns, 7.6392 us/op
WorkloadActual  19: 91168 op, 722659559.00 ns, 7.9267 us/op
WorkloadActual  20: 91168 op, 704690553.00 ns, 7.7296 us/op
WorkloadActual  21: 91168 op, 757836293.00 ns, 8.3125 us/op
WorkloadActual  22: 91168 op, 847459042.00 ns, 9.2956 us/op
WorkloadActual  23: 91168 op, 973465245.00 ns, 10.6777 us/op
WorkloadActual  24: 91168 op, 777472751.00 ns, 8.5279 us/op
WorkloadActual  25: 91168 op, 814779517.00 ns, 8.9371 us/op
WorkloadActual  26: 91168 op, 774500995.00 ns, 8.4953 us/op
WorkloadActual  27: 91168 op, 776258618.00 ns, 8.5146 us/op
WorkloadActual  28: 91168 op, 782660284.00 ns, 8.5848 us/op
WorkloadActual  29: 91168 op, 798558144.00 ns, 8.7592 us/op
WorkloadActual  30: 91168 op, 878346164.00 ns, 9.6344 us/op
WorkloadActual  31: 91168 op, 704619688.00 ns, 7.7288 us/op
WorkloadActual  32: 91168 op, 814719962.00 ns, 8.9365 us/op
WorkloadActual  33: 91168 op, 866249190.00 ns, 9.5017 us/op
WorkloadActual  34: 91168 op, 817045873.00 ns, 8.9620 us/op
WorkloadActual  35: 91168 op, 919315739.00 ns, 10.0838 us/op
WorkloadActual  36: 91168 op, 880242074.00 ns, 9.6552 us/op
WorkloadActual  37: 91168 op, 698699658.00 ns, 7.6639 us/op
WorkloadActual  38: 91168 op, 716752911.00 ns, 7.8619 us/op
WorkloadActual  39: 91168 op, 703879993.00 ns, 7.7207 us/op
WorkloadActual  40: 91168 op, 705608989.00 ns, 7.7397 us/op
WorkloadActual  41: 91168 op, 707715766.00 ns, 7.7628 us/op
WorkloadActual  42: 91168 op, 707238710.00 ns, 7.7575 us/op
WorkloadActual  43: 91168 op, 866661548.00 ns, 9.5062 us/op
WorkloadActual  44: 91168 op, 736921582.00 ns, 8.0831 us/op
WorkloadActual  45: 91168 op, 779327353.00 ns, 8.5483 us/op
WorkloadActual  46: 91168 op, 780697587.00 ns, 8.5633 us/op
WorkloadActual  47: 91168 op, 762899904.00 ns, 8.3681 us/op
WorkloadActual  48: 91168 op, 874244254.00 ns, 9.5894 us/op
WorkloadActual  49: 91168 op, 806483265.00 ns, 8.8461 us/op
WorkloadActual  50: 91168 op, 837537296.00 ns, 9.1867 us/op
WorkloadActual  51: 91168 op, 702875211.00 ns, 7.7097 us/op
WorkloadActual  52: 91168 op, 704517732.00 ns, 7.7277 us/op
WorkloadActual  53: 91168 op, 704596648.00 ns, 7.7286 us/op
WorkloadActual  54: 91168 op, 706735521.00 ns, 7.7520 us/op
WorkloadActual  55: 91168 op, 697597715.00 ns, 7.6518 us/op
WorkloadActual  56: 91168 op, 700195818.00 ns, 7.6803 us/op
WorkloadActual  57: 91168 op, 800475837.00 ns, 8.7802 us/op
WorkloadActual  58: 91168 op, 701495378.00 ns, 7.6945 us/op
WorkloadActual  59: 91168 op, 703782489.00 ns, 7.7196 us/op
WorkloadActual  60: 91168 op, 704779311.00 ns, 7.7306 us/op
WorkloadActual  61: 91168 op, 861442393.00 ns, 9.4490 us/op
WorkloadActual  62: 91168 op, 832447496.00 ns, 9.1309 us/op
WorkloadActual  63: 91168 op, 790247970.00 ns, 8.6680 us/op
WorkloadActual  64: 91168 op, 926891647.00 ns, 10.1669 us/op
WorkloadActual  65: 91168 op, 785272516.00 ns, 8.6135 us/op
WorkloadActual  66: 91168 op, 703370876.00 ns, 7.7151 us/op
WorkloadActual  67: 91168 op, 713761505.00 ns, 7.8291 us/op
WorkloadActual  68: 91168 op, 714775328.00 ns, 7.8402 us/op
WorkloadActual  69: 91168 op, 754040979.00 ns, 8.2709 us/op
WorkloadActual  70: 91168 op, 728519419.00 ns, 7.9910 us/op
WorkloadActual  71: 91168 op, 828939853.00 ns, 9.0924 us/op
WorkloadActual  72: 91168 op, 695573953.00 ns, 7.6296 us/op
WorkloadActual  73: 91168 op, 696390640.00 ns, 7.6385 us/op
WorkloadActual  74: 91168 op, 823421585.00 ns, 9.0319 us/op
WorkloadActual  75: 91168 op, 707886479.00 ns, 7.7646 us/op
WorkloadActual  76: 91168 op, 697802492.00 ns, 7.6540 us/op
WorkloadActual  77: 91168 op, 698658281.00 ns, 7.6634 us/op
WorkloadActual  78: 91168 op, 807003584.00 ns, 8.8518 us/op
WorkloadActual  79: 91168 op, 699030703.00 ns, 7.6675 us/op
WorkloadActual  80: 91168 op, 706048968.00 ns, 7.7445 us/op
WorkloadActual  81: 91168 op, 703816461.00 ns, 7.7200 us/op
WorkloadActual  82: 91168 op, 706988041.00 ns, 7.7548 us/op
WorkloadActual  83: 91168 op, 695223459.00 ns, 7.6257 us/op
WorkloadActual  84: 91168 op, 706668533.00 ns, 7.7513 us/op
WorkloadActual  85: 91168 op, 724638723.00 ns, 7.9484 us/op
WorkloadActual  86: 91168 op, 862876596.00 ns, 9.4647 us/op
WorkloadActual  87: 91168 op, 796090410.00 ns, 8.7321 us/op
WorkloadActual  88: 91168 op, 839436602.00 ns, 9.2076 us/op
WorkloadActual  89: 91168 op, 705426304.00 ns, 7.7377 us/op
WorkloadActual  90: 91168 op, 715708932.00 ns, 7.8504 us/op
WorkloadActual  91: 91168 op, 707324290.00 ns, 7.7585 us/op
WorkloadActual  92: 91168 op, 799469496.00 ns, 8.7692 us/op
WorkloadActual  93: 91168 op, 765211541.00 ns, 8.3934 us/op
WorkloadActual  94: 91168 op, 768871112.00 ns, 8.4336 us/op
WorkloadActual  95: 91168 op, 788011968.00 ns, 8.6435 us/op
WorkloadActual  96: 91168 op, 794597274.00 ns, 8.7157 us/op
WorkloadActual  97: 91168 op, 773681147.00 ns, 8.4863 us/op
WorkloadActual  98: 91168 op, 754135411.00 ns, 8.2719 us/op
WorkloadActual  99: 91168 op, 796781138.00 ns, 8.7397 us/op
WorkloadActual  100: 91168 op, 820347777.00 ns, 8.9982 us/op

// AfterActualRun
WorkloadResult   1: 91168 op, 701402892.00 ns, 7.6935 us/op
WorkloadResult   2: 91168 op, 812784705.00 ns, 8.9152 us/op
WorkloadResult   3: 91168 op, 802383031.00 ns, 8.8011 us/op
WorkloadResult   4: 91168 op, 699371318.00 ns, 7.6712 us/op
WorkloadResult   5: 91168 op, 781081334.00 ns, 8.5675 us/op
WorkloadResult   6: 91168 op, 761215850.00 ns, 8.3496 us/op
WorkloadResult   7: 91168 op, 728783032.00 ns, 7.9938 us/op
WorkloadResult   8: 91168 op, 772816774.00 ns, 8.4768 us/op
WorkloadResult   9: 91168 op, 965317370.00 ns, 10.5883 us/op
WorkloadResult  10: 91168 op, 747446285.00 ns, 8.1986 us/op
WorkloadResult  11: 91168 op, 692453930.00 ns, 7.5954 us/op
WorkloadResult  12: 91168 op, 738701591.00 ns, 8.1026 us/op
WorkloadResult  13: 91168 op, 703356798.00 ns, 7.7150 us/op
WorkloadResult  14: 91168 op, 701010010.00 ns, 7.6892 us/op
WorkloadResult  15: 91168 op, 708347736.00 ns, 7.7697 us/op
WorkloadResult  16: 91168 op, 833548537.00 ns, 9.1430 us/op
WorkloadResult  17: 91168 op, 705533578.00 ns, 7.7388 us/op
WorkloadResult  18: 91168 op, 696064216.00 ns, 7.6350 us/op
WorkloadResult  19: 91168 op, 722273772.00 ns, 7.9224 us/op
WorkloadResult  20: 91168 op, 704304766.00 ns, 7.7254 us/op
WorkloadResult  21: 91168 op, 757450506.00 ns, 8.3083 us/op
WorkloadResult  22: 91168 op, 847073255.00 ns, 9.2913 us/op
WorkloadResult  23: 91168 op, 973079458.00 ns, 10.6735 us/op
WorkloadResult  24: 91168 op, 777086964.00 ns, 8.5237 us/op
WorkloadResult  25: 91168 op, 814393730.00 ns, 8.9329 us/op
WorkloadResult  26: 91168 op, 774115208.00 ns, 8.4911 us/op
WorkloadResult  27: 91168 op, 775872831.00 ns, 8.5104 us/op
WorkloadResult  28: 91168 op, 782274497.00 ns, 8.5806 us/op
WorkloadResult  29: 91168 op, 798172357.00 ns, 8.7550 us/op
WorkloadResult  30: 91168 op, 877960377.00 ns, 9.6301 us/op
WorkloadResult  31: 91168 op, 704233901.00 ns, 7.7246 us/op
WorkloadResult  32: 91168 op, 814334175.00 ns, 8.9322 us/op
WorkloadResult  33: 91168 op, 865863403.00 ns, 9.4974 us/op
WorkloadResult  34: 91168 op, 816660086.00 ns, 8.9577 us/op
WorkloadResult  35: 91168 op, 918929952.00 ns, 10.0795 us/op
WorkloadResult  36: 91168 op, 879856287.00 ns, 9.6509 us/op
WorkloadResult  37: 91168 op, 698313871.00 ns, 7.6596 us/op
WorkloadResult  38: 91168 op, 716367124.00 ns, 7.8577 us/op
WorkloadResult  39: 91168 op, 703494206.00 ns, 7.7165 us/op
WorkloadResult  40: 91168 op, 705223202.00 ns, 7.7354 us/op
WorkloadResult  41: 91168 op, 707329979.00 ns, 7.7585 us/op
WorkloadResult  42: 91168 op, 706852923.00 ns, 7.7533 us/op
WorkloadResult  43: 91168 op, 866275761.00 ns, 9.5020 us/op
WorkloadResult  44: 91168 op, 736535795.00 ns, 8.0789 us/op
WorkloadResult  45: 91168 op, 778941566.00 ns, 8.5440 us/op
WorkloadResult  46: 91168 op, 780311800.00 ns, 8.5591 us/op
WorkloadResult  47: 91168 op, 762514117.00 ns, 8.3638 us/op
WorkloadResult  48: 91168 op, 873858467.00 ns, 9.5851 us/op
WorkloadResult  49: 91168 op, 806097478.00 ns, 8.8419 us/op
WorkloadResult  50: 91168 op, 837151509.00 ns, 9.1825 us/op
WorkloadResult  51: 91168 op, 702489424.00 ns, 7.7054 us/op
WorkloadResult  52: 91168 op, 704131945.00 ns, 7.7235 us/op
WorkloadResult  53: 91168 op, 704210861.00 ns, 7.7243 us/op
WorkloadResult  54: 91168 op, 706349734.00 ns, 7.7478 us/op
WorkloadResult  55: 91168 op, 697211928.00 ns, 7.6476 us/op
WorkloadResult  56: 91168 op, 699810031.00 ns, 7.6760 us/op
WorkloadResult  57: 91168 op, 800090050.00 ns, 8.7760 us/op
WorkloadResult  58: 91168 op, 701109591.00 ns, 7.6903 us/op
WorkloadResult  59: 91168 op, 703396702.00 ns, 7.7154 us/op
WorkloadResult  60: 91168 op, 704393524.00 ns, 7.7263 us/op
WorkloadResult  61: 91168 op, 861056606.00 ns, 9.4447 us/op
WorkloadResult  62: 91168 op, 832061709.00 ns, 9.1267 us/op
WorkloadResult  63: 91168 op, 789862183.00 ns, 8.6638 us/op
WorkloadResult  64: 91168 op, 926505860.00 ns, 10.1626 us/op
WorkloadResult  65: 91168 op, 784886729.00 ns, 8.6092 us/op
WorkloadResult  66: 91168 op, 702985089.00 ns, 7.7109 us/op
WorkloadResult  67: 91168 op, 713375718.00 ns, 7.8248 us/op
WorkloadResult  68: 91168 op, 714389541.00 ns, 7.8360 us/op
WorkloadResult  69: 91168 op, 753655192.00 ns, 8.2667 us/op
WorkloadResult  70: 91168 op, 728133632.00 ns, 7.9867 us/op
WorkloadResult  71: 91168 op, 828554066.00 ns, 9.0882 us/op
WorkloadResult  72: 91168 op, 695188166.00 ns, 7.6254 us/op
WorkloadResult  73: 91168 op, 696004853.00 ns, 7.6343 us/op
WorkloadResult  74: 91168 op, 823035798.00 ns, 9.0277 us/op
WorkloadResult  75: 91168 op, 707500692.00 ns, 7.7604 us/op
WorkloadResult  76: 91168 op, 697416705.00 ns, 7.6498 us/op
WorkloadResult  77: 91168 op, 698272494.00 ns, 7.6592 us/op
WorkloadResult  78: 91168 op, 806617797.00 ns, 8.8476 us/op
WorkloadResult  79: 91168 op, 698644916.00 ns, 7.6633 us/op
WorkloadResult  80: 91168 op, 705663181.00 ns, 7.7403 us/op
WorkloadResult  81: 91168 op, 703430674.00 ns, 7.7158 us/op
WorkloadResult  82: 91168 op, 706602254.00 ns, 7.7506 us/op
WorkloadResult  83: 91168 op, 694837672.00 ns, 7.6215 us/op
WorkloadResult  84: 91168 op, 706282746.00 ns, 7.7470 us/op
WorkloadResult  85: 91168 op, 724252936.00 ns, 7.9442 us/op
WorkloadResult  86: 91168 op, 862490809.00 ns, 9.4605 us/op
WorkloadResult  87: 91168 op, 795704623.00 ns, 8.7279 us/op
WorkloadResult  88: 91168 op, 839050815.00 ns, 9.2033 us/op
WorkloadResult  89: 91168 op, 705040517.00 ns, 7.7334 us/op
WorkloadResult  90: 91168 op, 715323145.00 ns, 7.8462 us/op
WorkloadResult  91: 91168 op, 706938503.00 ns, 7.7542 us/op
WorkloadResult  92: 91168 op, 799083709.00 ns, 8.7650 us/op
WorkloadResult  93: 91168 op, 764825754.00 ns, 8.3892 us/op
WorkloadResult  94: 91168 op, 768485325.00 ns, 8.4293 us/op
WorkloadResult  95: 91168 op, 787626181.00 ns, 8.6393 us/op
WorkloadResult  96: 91168 op, 794211487.00 ns, 8.7115 us/op
WorkloadResult  97: 91168 op, 773295360.00 ns, 8.4821 us/op
WorkloadResult  98: 91168 op, 753749624.00 ns, 8.2677 us/op
WorkloadResult  99: 91168 op, 796395351.00 ns, 8.7355 us/op
WorkloadResult  100: 91168 op, 819961990.00 ns, 8.9940 us/op

// AfterAll
// Benchmark Process 1017764 has exited with code 0.

Mean = 8.373 μs, StdErr = 0.073 μs (0.87%), N = 100, StdDev = 0.731 μs
Min = 7.595 μs, Q1 = 7.726 μs, Median = 8.267 μs, Q3 = 8.811 μs, Max = 10.673 μs
IQR = 1.085 μs, LowerFence = 6.098 μs, UpperFence = 10.439 μs
ConfidenceInterval = [8.126 μs; 8.621 μs] (CI 99.9%), Margin = 0.248 μs (2.96% of Mean)
Skewness = 0.96, Kurtosis = 3.36, MValue = 2.58

// ** Remained 8 (80.0 %) benchmark(s) to run. Estimated finish 2026-05-17 16:27 (0h 16m from now) **
// **************************
// Benchmark: SmokeBenchByte.Newtonsoft_Deser: Energy(OutlierMode=DontRemove, IterationTime=1s)
// *** Execute ***
// Launch: 1 / 1
// Execute: dotnet JsonBench-Energy-1.dll --anonymousPipes 125 126 --benchmarkName JsonBench.Benchmarks.SmokeBenchByte.Newtonsoft_Deser --job Energy --benchmarkId 2 in /home/test/json-energy-bench/JsonBench/bin/Release/net10.0/JsonBench-Energy-1/bin/Release/net10.0
// BeforeAnythingElse

// Benchmark Process Environment Information:
// BenchmarkDotNet v0.15.5-develop (2026-05-17)
// Runtime=.NET 10.0.7 (10.0.7, 10.0.726.21808), X64 RyuJIT x86-64-v3
// GC=Concurrent Workstation
// HardwareIntrinsics=AVX2+BMI1+BMI2+F16C+FMA+LZCNT+MOVBE,AVX,SSE3+SSSE3+SSE4.1+SSE4.2+POPCNT,X86Base+SSE+SSE2,AES+PCLMUL VectorSize=256
// Job: Energy(OutlierMode=DontRemove, IterationTime=1s)

OverheadJitting  1: 1 op, 192725.00 ns, 192.7250 us/op
WorkloadJitting  1: 1 op, 49063809.00 ns, 49.0638 ms/op

OverheadJitting  2: 16 op, 512123.00 ns, 32.0077 us/op
WorkloadJitting  2: 16 op, 1880934.00 ns, 117.5584 us/op

WorkloadPilot    1: 16 op, 1369967.00 ns, 85.6229 us/op
WorkloadPilot    2: 11680 op, 517511340.00 ns, 44.3075 us/op
WorkloadPilot    3: 22576 op, 419913207.00 ns, 18.6000 us/op
WorkloadPilot    4: 53776 op, 1046430847.00 ns, 19.4591 us/op
WorkloadPilot    5: 51392 op, 1136014865.00 ns, 22.1049 us/op
WorkloadPilot    6: 45248 op, 968975191.00 ns, 21.4148 us/op
WorkloadPilot    7: 46704 op, 997852469.00 ns, 21.3655 us/op
WorkloadPilot    8: 46816 op, 1010644365.00 ns, 21.5876 us/op

OverheadWarmup   1: 46816 op, 264197.00 ns, 5.6433 ns/op
OverheadWarmup   2: 46816 op, 1104960.00 ns, 23.6022 ns/op
OverheadWarmup   3: 46816 op, 164654.00 ns, 3.5170 ns/op
OverheadWarmup   4: 46816 op, 322045.00 ns, 6.8790 ns/op
OverheadWarmup   5: 46816 op, 163826.00 ns, 3.4994 ns/op

OverheadActual   1: 46816 op, 172842.00 ns, 3.6919 ns/op
OverheadActual   2: 46816 op, 171608.00 ns, 3.6656 ns/op
OverheadActual   3: 46816 op, 270825.00 ns, 5.7849 ns/op
OverheadActual   4: 46816 op, 265119.00 ns, 5.6630 ns/op
OverheadActual   5: 46816 op, 379887.00 ns, 8.1145 ns/op
OverheadActual   6: 46816 op, 329999.00 ns, 7.0489 ns/op
OverheadActual   7: 46816 op, 337686.00 ns, 7.2130 ns/op
OverheadActual   8: 46816 op, 175171.00 ns, 3.7417 ns/op
OverheadActual   9: 46816 op, 258086.00 ns, 5.5128 ns/op
OverheadActual  10: 46816 op, 176255.00 ns, 3.7648 ns/op
OverheadActual  11: 46816 op, 252917.00 ns, 5.4024 ns/op
OverheadActual  12: 46816 op, 251518.00 ns, 5.3725 ns/op
OverheadActual  13: 46816 op, 176938.00 ns, 3.7794 ns/op
OverheadActual  14: 46816 op, 495497.00 ns, 10.5839 ns/op
OverheadActual  15: 46816 op, 263348.00 ns, 5.6252 ns/op
OverheadActual  16: 46816 op, 160085.00 ns, 3.4195 ns/op
OverheadActual  17: 46816 op, 160186.00 ns, 3.4216 ns/op
OverheadActual  18: 46816 op, 190122.00 ns, 4.0610 ns/op
OverheadActual  19: 46816 op, 160653.00 ns, 3.4316 ns/op
OverheadActual  20: 46816 op, 160149.00 ns, 3.4208 ns/op

WorkloadWarmup   1: 46816 op, 873148307.00 ns, 18.6506 us/op
WorkloadWarmup   2: 46816 op, 741419400.00 ns, 15.8369 us/op
WorkloadWarmup   3: 46816 op, 727373957.00 ns, 15.5369 us/op
WorkloadWarmup   4: 46816 op, 818934235.00 ns, 17.4926 us/op
WorkloadWarmup   5: 46816 op, 813607125.00 ns, 17.3788 us/op
WorkloadWarmup   6: 46816 op, 754002763.00 ns, 16.1057 us/op
WorkloadWarmup   7: 46816 op, 999326941.00 ns, 21.3458 us/op
WorkloadWarmup   8: 46816 op, 873077798.00 ns, 18.6491 us/op

// BeforeActualRun
WorkloadActual   1: 46816 op, 729570678.00 ns, 15.5838 us/op
WorkloadActual   2: 46816 op, 733669983.00 ns, 15.6714 us/op
WorkloadActual   3: 46816 op, 733107916.00 ns, 15.6593 us/op
WorkloadActual   4: 46816 op, 825964621.00 ns, 17.6428 us/op
WorkloadActual   5: 46816 op, 889249523.00 ns, 18.9946 us/op
WorkloadActual   6: 46816 op, 801863292.00 ns, 17.1280 us/op
WorkloadActual   7: 46816 op, 867496454.00 ns, 18.5299 us/op
WorkloadActual   8: 46816 op, 734299496.00 ns, 15.6848 us/op
WorkloadActual   9: 46816 op, 732627521.00 ns, 15.6491 us/op
WorkloadActual  10: 46816 op, 725692026.00 ns, 15.5009 us/op
WorkloadActual  11: 46816 op, 866787938.00 ns, 18.5148 us/op
WorkloadActual  12: 46816 op, 1011842310.00 ns, 21.6132 us/op
WorkloadActual  13: 46816 op, 813680142.00 ns, 17.3804 us/op
WorkloadActual  14: 46816 op, 801341766.00 ns, 17.1168 us/op
WorkloadActual  15: 46816 op, 760037851.00 ns, 16.2346 us/op
WorkloadActual  16: 46816 op, 748613923.00 ns, 15.9906 us/op
WorkloadActual  17: 46816 op, 731070964.00 ns, 15.6158 us/op
WorkloadActual  18: 46816 op, 793443791.00 ns, 16.9481 us/op
WorkloadActual  19: 46816 op, 809118173.00 ns, 17.2829 us/op
WorkloadActual  20: 46816 op, 735486475.00 ns, 15.7102 us/op
WorkloadActual  21: 46816 op, 851506022.00 ns, 18.1884 us/op
WorkloadActual  22: 46816 op, 754404688.00 ns, 16.1142 us/op
WorkloadActual  23: 46816 op, 783145483.00 ns, 16.7282 us/op
WorkloadActual  24: 46816 op, 851815629.00 ns, 18.1950 us/op
WorkloadActual  25: 46816 op, 867948204.00 ns, 18.5396 us/op
WorkloadActual  26: 46816 op, 746713132.00 ns, 15.9500 us/op
WorkloadActual  27: 46816 op, 732945983.00 ns, 15.6559 us/op
WorkloadActual  28: 46816 op, 732186409.00 ns, 15.6397 us/op
WorkloadActual  29: 46816 op, 737275327.00 ns, 15.7484 us/op
WorkloadActual  30: 46816 op, 729532047.00 ns, 15.5830 us/op
WorkloadActual  31: 46816 op, 728586675.00 ns, 15.5628 us/op
WorkloadActual  32: 46816 op, 897039750.00 ns, 19.1610 us/op
WorkloadActual  33: 46816 op, 731524737.00 ns, 15.6255 us/op
WorkloadActual  34: 46816 op, 734487870.00 ns, 15.6888 us/op
WorkloadActual  35: 46816 op, 728939434.00 ns, 15.5703 us/op
WorkloadActual  36: 46816 op, 753406974.00 ns, 16.0929 us/op
WorkloadActual  37: 46816 op, 996129345.00 ns, 21.2775 us/op
WorkloadActual  38: 46816 op, 1034575449.00 ns, 22.0988 us/op
WorkloadActual  39: 46816 op, 833597270.00 ns, 17.8058 us/op
WorkloadActual  40: 46816 op, 805921283.00 ns, 17.2147 us/op
WorkloadActual  41: 46816 op, 799112525.00 ns, 17.0692 us/op
WorkloadActual  42: 46816 op, 724862085.00 ns, 15.4832 us/op
WorkloadActual  43: 46816 op, 728199934.00 ns, 15.5545 us/op
WorkloadActual  44: 46816 op, 729370025.00 ns, 15.5795 us/op
WorkloadActual  45: 46816 op, 825792530.00 ns, 17.6391 us/op
WorkloadActual  46: 46816 op, 753108887.00 ns, 16.0866 us/op
WorkloadActual  47: 46816 op, 731867053.00 ns, 15.6328 us/op
WorkloadActual  48: 46816 op, 733114124.00 ns, 15.6595 us/op
WorkloadActual  49: 46816 op, 781600760.00 ns, 16.6952 us/op
WorkloadActual  50: 46816 op, 839319425.00 ns, 17.9280 us/op
WorkloadActual  51: 46816 op, 795477926.00 ns, 16.9916 us/op
WorkloadActual  52: 46816 op, 871163947.00 ns, 18.6083 us/op
WorkloadActual  53: 46816 op, 792140169.00 ns, 16.9203 us/op
WorkloadActual  54: 46816 op, 730548919.00 ns, 15.6047 us/op
WorkloadActual  55: 46816 op, 725584750.00 ns, 15.4986 us/op
WorkloadActual  56: 46816 op, 724174469.00 ns, 15.4685 us/op
WorkloadActual  57: 46816 op, 724615885.00 ns, 15.4780 us/op
WorkloadActual  58: 46816 op, 735243578.00 ns, 15.7050 us/op
WorkloadActual  59: 46816 op, 917121873.00 ns, 19.5899 us/op
WorkloadActual  60: 46816 op, 804578794.00 ns, 17.1860 us/op
WorkloadActual  61: 46816 op, 725976274.00 ns, 15.5070 us/op
WorkloadActual  62: 46816 op, 729883204.00 ns, 15.5905 us/op
WorkloadActual  63: 46816 op, 901175468.00 ns, 19.2493 us/op
WorkloadActual  64: 46816 op, 871002595.00 ns, 18.6048 us/op
WorkloadActual  65: 46816 op, 820118721.00 ns, 17.5179 us/op
WorkloadActual  66: 46816 op, 842129603.00 ns, 17.9881 us/op
WorkloadActual  67: 46816 op, 921726760.00 ns, 19.6883 us/op
WorkloadActual  68: 46816 op, 732148106.00 ns, 15.6388 us/op
WorkloadActual  69: 46816 op, 724699072.00 ns, 15.4797 us/op
WorkloadActual  70: 46816 op, 738601634.00 ns, 15.7767 us/op
WorkloadActual  71: 46816 op, 725275002.00 ns, 15.4920 us/op
WorkloadActual  72: 46816 op, 881306736.00 ns, 18.8249 us/op
WorkloadActual  73: 46816 op, 865689354.00 ns, 18.4913 us/op
WorkloadActual  74: 46816 op, 731921550.00 ns, 15.6340 us/op
WorkloadActual  75: 46816 op, 894076094.00 ns, 19.0977 us/op
WorkloadActual  76: 46816 op, 731996321.00 ns, 15.6356 us/op
WorkloadActual  77: 46816 op, 735119555.00 ns, 15.7023 us/op
WorkloadActual  78: 46816 op, 727292796.00 ns, 15.5351 us/op
WorkloadActual  79: 46816 op, 859249443.00 ns, 18.3538 us/op
WorkloadActual  80: 46816 op, 729226607.00 ns, 15.5764 us/op
WorkloadActual  81: 46816 op, 731869535.00 ns, 15.6329 us/op
WorkloadActual  82: 46816 op, 730199548.00 ns, 15.5972 us/op
WorkloadActual  83: 46816 op, 725415946.00 ns, 15.4950 us/op
WorkloadActual  84: 46816 op, 767289118.00 ns, 16.3895 us/op
WorkloadActual  85: 46816 op, 775621693.00 ns, 16.5674 us/op
WorkloadActual  86: 46816 op, 812188458.00 ns, 17.3485 us/op
WorkloadActual  87: 46816 op, 808667369.00 ns, 17.2733 us/op
WorkloadActual  88: 46816 op, 898424829.00 ns, 19.1906 us/op
WorkloadActual  89: 46816 op, 754901793.00 ns, 16.1249 us/op
WorkloadActual  90: 46816 op, 752460455.00 ns, 16.0727 us/op
WorkloadActual  91: 46816 op, 762054228.00 ns, 16.2776 us/op
WorkloadActual  92: 46816 op, 884504293.00 ns, 18.8932 us/op
WorkloadActual  93: 46816 op, 731949849.00 ns, 15.6346 us/op
WorkloadActual  94: 46816 op, 725027622.00 ns, 15.4867 us/op
WorkloadActual  95: 46816 op, 723324829.00 ns, 15.4504 us/op
WorkloadActual  96: 46816 op, 729343388.00 ns, 15.5789 us/op
WorkloadActual  97: 46816 op, 731592627.00 ns, 15.6270 us/op
WorkloadActual  98: 46816 op, 782935511.00 ns, 16.7237 us/op
WorkloadActual  99: 46816 op, 837276966.00 ns, 17.8844 us/op
WorkloadActual  100: 46816 op, 836583368.00 ns, 17.8696 us/op

// AfterActualRun
WorkloadResult   1: 46816 op, 729349858.00 ns, 15.5791 us/op
WorkloadResult   2: 46816 op, 733449163.00 ns, 15.6666 us/op
WorkloadResult   3: 46816 op, 732887096.00 ns, 15.6546 us/op
WorkloadResult   4: 46816 op, 825743801.00 ns, 17.6381 us/op
WorkloadResult   5: 46816 op, 889028703.00 ns, 18.9898 us/op
WorkloadResult   6: 46816 op, 801642472.00 ns, 17.1233 us/op
WorkloadResult   7: 46816 op, 867275634.00 ns, 18.5252 us/op
WorkloadResult   8: 46816 op, 734078676.00 ns, 15.6801 us/op
WorkloadResult   9: 46816 op, 732406701.00 ns, 15.6444 us/op
WorkloadResult  10: 46816 op, 725471206.00 ns, 15.4962 us/op
WorkloadResult  11: 46816 op, 866567118.00 ns, 18.5101 us/op
WorkloadResult  12: 46816 op, 1011621490.00 ns, 21.6085 us/op
WorkloadResult  13: 46816 op, 813459322.00 ns, 17.3757 us/op
WorkloadResult  14: 46816 op, 801120946.00 ns, 17.1121 us/op
WorkloadResult  15: 46816 op, 759817031.00 ns, 16.2299 us/op
WorkloadResult  16: 46816 op, 748393103.00 ns, 15.9858 us/op
WorkloadResult  17: 46816 op, 730850144.00 ns, 15.6111 us/op
WorkloadResult  18: 46816 op, 793222971.00 ns, 16.9434 us/op
WorkloadResult  19: 46816 op, 808897353.00 ns, 17.2782 us/op
WorkloadResult  20: 46816 op, 735265655.00 ns, 15.7054 us/op
WorkloadResult  21: 46816 op, 851285202.00 ns, 18.1836 us/op
WorkloadResult  22: 46816 op, 754183868.00 ns, 16.1095 us/op
WorkloadResult  23: 46816 op, 782924663.00 ns, 16.7234 us/op
WorkloadResult  24: 46816 op, 851594809.00 ns, 18.1903 us/op
WorkloadResult  25: 46816 op, 867727384.00 ns, 18.5348 us/op
WorkloadResult  26: 46816 op, 746492312.00 ns, 15.9452 us/op
WorkloadResult  27: 46816 op, 732725163.00 ns, 15.6512 us/op
WorkloadResult  28: 46816 op, 731965589.00 ns, 15.6349 us/op
WorkloadResult  29: 46816 op, 737054507.00 ns, 15.7436 us/op
WorkloadResult  30: 46816 op, 729311227.00 ns, 15.5782 us/op
WorkloadResult  31: 46816 op, 728365855.00 ns, 15.5581 us/op
WorkloadResult  32: 46816 op, 896818930.00 ns, 19.1562 us/op
WorkloadResult  33: 46816 op, 731303917.00 ns, 15.6208 us/op
WorkloadResult  34: 46816 op, 734267050.00 ns, 15.6841 us/op
WorkloadResult  35: 46816 op, 728718614.00 ns, 15.5656 us/op
WorkloadResult  36: 46816 op, 753186154.00 ns, 16.0882 us/op
WorkloadResult  37: 46816 op, 995908525.00 ns, 21.2728 us/op
WorkloadResult  38: 46816 op, 1034354629.00 ns, 22.0940 us/op
WorkloadResult  39: 46816 op, 833376450.00 ns, 17.8011 us/op
WorkloadResult  40: 46816 op, 805700463.00 ns, 17.2099 us/op
WorkloadResult  41: 46816 op, 798891705.00 ns, 17.0645 us/op
WorkloadResult  42: 46816 op, 724641265.00 ns, 15.4785 us/op
WorkloadResult  43: 46816 op, 727979114.00 ns, 15.5498 us/op
WorkloadResult  44: 46816 op, 729149205.00 ns, 15.5748 us/op
WorkloadResult  45: 46816 op, 825571710.00 ns, 17.6344 us/op
WorkloadResult  46: 46816 op, 752888067.00 ns, 16.0819 us/op
WorkloadResult  47: 46816 op, 731646233.00 ns, 15.6281 us/op
WorkloadResult  48: 46816 op, 732893304.00 ns, 15.6548 us/op
WorkloadResult  49: 46816 op, 781379940.00 ns, 16.6904 us/op
WorkloadResult  50: 46816 op, 839098605.00 ns, 17.9233 us/op
WorkloadResult  51: 46816 op, 795257106.00 ns, 16.9869 us/op
WorkloadResult  52: 46816 op, 870943127.00 ns, 18.6035 us/op
WorkloadResult  53: 46816 op, 791919349.00 ns, 16.9156 us/op
WorkloadResult  54: 46816 op, 730328099.00 ns, 15.6000 us/op
WorkloadResult  55: 46816 op, 725363930.00 ns, 15.4939 us/op
WorkloadResult  56: 46816 op, 723953649.00 ns, 15.4638 us/op
WorkloadResult  57: 46816 op, 724395065.00 ns, 15.4732 us/op
WorkloadResult  58: 46816 op, 735022758.00 ns, 15.7002 us/op
WorkloadResult  59: 46816 op, 916901053.00 ns, 19.5852 us/op
WorkloadResult  60: 46816 op, 804357974.00 ns, 17.1813 us/op
WorkloadResult  61: 46816 op, 725755454.00 ns, 15.5023 us/op
WorkloadResult  62: 46816 op, 729662384.00 ns, 15.5857 us/op
WorkloadResult  63: 46816 op, 900954648.00 ns, 19.2446 us/op
WorkloadResult  64: 46816 op, 870781775.00 ns, 18.6001 us/op
WorkloadResult  65: 46816 op, 819897901.00 ns, 17.5132 us/op
WorkloadResult  66: 46816 op, 841908783.00 ns, 17.9834 us/op
WorkloadResult  67: 46816 op, 921505940.00 ns, 19.6836 us/op
WorkloadResult  68: 46816 op, 731927286.00 ns, 15.6341 us/op
WorkloadResult  69: 46816 op, 724478252.00 ns, 15.4750 us/op
WorkloadResult  70: 46816 op, 738380814.00 ns, 15.7720 us/op
WorkloadResult  71: 46816 op, 725054182.00 ns, 15.4873 us/op
WorkloadResult  72: 46816 op, 881085916.00 ns, 18.8202 us/op
WorkloadResult  73: 46816 op, 865468534.00 ns, 18.4866 us/op
WorkloadResult  74: 46816 op, 731700730.00 ns, 15.6293 us/op
WorkloadResult  75: 46816 op, 893855274.00 ns, 19.0929 us/op
WorkloadResult  76: 46816 op, 731775501.00 ns, 15.6309 us/op
WorkloadResult  77: 46816 op, 734898735.00 ns, 15.6976 us/op
WorkloadResult  78: 46816 op, 727071976.00 ns, 15.5304 us/op
WorkloadResult  79: 46816 op, 859028623.00 ns, 18.3490 us/op
WorkloadResult  80: 46816 op, 729005787.00 ns, 15.5717 us/op
WorkloadResult  81: 46816 op, 731648715.00 ns, 15.6282 us/op
WorkloadResult  82: 46816 op, 729978728.00 ns, 15.5925 us/op
WorkloadResult  83: 46816 op, 725195126.00 ns, 15.4903 us/op
WorkloadResult  84: 46816 op, 767068298.00 ns, 16.3847 us/op
WorkloadResult  85: 46816 op, 775400873.00 ns, 16.5627 us/op
WorkloadResult  86: 46816 op, 811967638.00 ns, 17.3438 us/op
WorkloadResult  87: 46816 op, 808446549.00 ns, 17.2686 us/op
WorkloadResult  88: 46816 op, 898204009.00 ns, 19.1858 us/op
WorkloadResult  89: 46816 op, 754680973.00 ns, 16.1202 us/op
WorkloadResult  90: 46816 op, 752239635.00 ns, 16.0680 us/op
WorkloadResult  91: 46816 op, 761833408.00 ns, 16.2729 us/op
WorkloadResult  92: 46816 op, 884283473.00 ns, 18.8885 us/op
WorkloadResult  93: 46816 op, 731729029.00 ns, 15.6299 us/op
WorkloadResult  94: 46816 op, 724806802.00 ns, 15.4820 us/op
WorkloadResult  95: 46816 op, 723104009.00 ns, 15.4457 us/op
WorkloadResult  96: 46816 op, 729122568.00 ns, 15.5742 us/op
WorkloadResult  97: 46816 op, 731371807.00 ns, 15.6223 us/op
WorkloadResult  98: 46816 op, 782714691.00 ns, 16.7190 us/op
WorkloadResult  99: 46816 op, 837056146.00 ns, 17.8797 us/op
WorkloadResult  100: 46816 op, 836362548.00 ns, 17.8649 us/op

// AfterAll
// Benchmark Process 1018517 has exited with code 0.

Mean = 16.813 μs, StdErr = 0.152 μs (0.90%), N = 100, StdDev = 1.516 μs
Min = 15.446 μs, Q1 = 15.622 μs, Median = 16.099 μs, Q3 = 17.817 μs, Max = 22.094 μs
IQR = 2.195 μs, LowerFence = 12.329 μs, UpperFence = 21.110 μs
ConfidenceInterval = [16.299 μs; 17.327 μs] (CI 99.9%), Margin = 0.514 μs (3.06% of Mean)
Skewness = 1.24, Kurtosis = 4.14, MValue = 2.54

// ** Remained 7 (70.0 %) benchmark(s) to run. Estimated finish 2026-05-17 16:26 (0h 14m from now) **
// **************************
// Benchmark: SmokeBenchByte.SpanJson_Deser: Energy(OutlierMode=DontRemove, IterationTime=1s)
// *** Execute ***
// Launch: 1 / 1
// Execute: dotnet JsonBench-Energy-1.dll --anonymousPipes 125 126 --benchmarkName JsonBench.Benchmarks.SmokeBenchByte.SpanJson_Deser --job Energy --benchmarkId 3 in /home/test/json-energy-bench/JsonBench/bin/Release/net10.0/JsonBench-Energy-1/bin/Release/net10.0
// BeforeAnythingElse

// Benchmark Process Environment Information:
// BenchmarkDotNet v0.15.5-develop (2026-05-17)
// Runtime=.NET 10.0.7 (10.0.7, 10.0.726.21808), X64 RyuJIT x86-64-v3
// GC=Concurrent Workstation
// HardwareIntrinsics=AVX2+BMI1+BMI2+F16C+FMA+LZCNT+MOVBE,AVX,SSE3+SSSE3+SSE4.1+SSE4.2+POPCNT,X86Base+SSE+SSE2,AES+PCLMUL VectorSize=256
// Job: Energy(OutlierMode=DontRemove, IterationTime=1s)

OverheadJitting  1: 1 op, 191942.00 ns, 191.9420 us/op
WorkloadJitting  1: 1 op, 61300602.00 ns, 61.3006 ms/op

OverheadJitting  2: 16 op, 518740.00 ns, 32.4213 us/op
WorkloadJitting  2: 16 op, 890091.00 ns, 55.6307 us/op

WorkloadPilot    1: 16 op, 338279.00 ns, 21.1424 us/op
WorkloadPilot    2: 47312 op, 529211237.00 ns, 11.1856 us/op
WorkloadPilot    3: 89408 op, 531907672.00 ns, 5.9492 us/op
WorkloadPilot    4: 168096 op, 1199720645.00 ns, 7.1371 us/op
WorkloadPilot    5: 140128 op, 1120732847.00 ns, 7.9979 us/op
WorkloadPilot    6: 125040 op, 998576479.00 ns, 7.9861 us/op
WorkloadPilot    7: 125232 op, 1058770836.00 ns, 8.4545 us/op

OverheadWarmup   1: 125232 op, 762035.00 ns, 6.0850 ns/op
OverheadWarmup   2: 125232 op, 429463.00 ns, 3.4293 ns/op
OverheadWarmup   3: 125232 op, 651303.00 ns, 5.2008 ns/op
OverheadWarmup   4: 125232 op, 436292.00 ns, 3.4839 ns/op
OverheadWarmup   5: 125232 op, 451439.00 ns, 3.6048 ns/op
OverheadWarmup   6: 125232 op, 462665.00 ns, 3.6945 ns/op
OverheadWarmup   7: 125232 op, 437967.00 ns, 3.4972 ns/op

OverheadActual   1: 125232 op, 437254.00 ns, 3.4916 ns/op
OverheadActual   2: 125232 op, 445558.00 ns, 3.5579 ns/op
OverheadActual   3: 125232 op, 455906.00 ns, 3.6405 ns/op
OverheadActual   4: 125232 op, 434526.00 ns, 3.4698 ns/op
OverheadActual   5: 125232 op, 597726.00 ns, 4.7729 ns/op
OverheadActual   6: 125232 op, 746070.00 ns, 5.9575 ns/op
OverheadActual   7: 125232 op, 428425.00 ns, 3.4211 ns/op
OverheadActual   8: 125232 op, 784219.00 ns, 6.2621 ns/op
OverheadActual   9: 125232 op, 436408.00 ns, 3.4848 ns/op
OverheadActual  10: 125232 op, 475417.00 ns, 3.7963 ns/op
OverheadActual  11: 125232 op, 703446.00 ns, 5.6171 ns/op
OverheadActual  12: 125232 op, 427435.00 ns, 3.4131 ns/op
OverheadActual  13: 125232 op, 456095.00 ns, 3.6420 ns/op
OverheadActual  14: 125232 op, 520266.00 ns, 4.1544 ns/op
OverheadActual  15: 125232 op, 426935.00 ns, 3.4092 ns/op
OverheadActual  16: 125232 op, 440612.00 ns, 3.5184 ns/op
OverheadActual  17: 125232 op, 695944.00 ns, 5.5572 ns/op
OverheadActual  18: 125232 op, 435047.00 ns, 3.4739 ns/op
OverheadActual  19: 125232 op, 419094.00 ns, 3.3465 ns/op
OverheadActual  20: 125232 op, 444689.00 ns, 3.5509 ns/op

WorkloadWarmup   1: 125232 op, 1066439656.00 ns, 8.5157 us/op
WorkloadWarmup   2: 125232 op, 811480314.00 ns, 6.4798 us/op
WorkloadWarmup   3: 125232 op, 716675237.00 ns, 5.7228 us/op
WorkloadWarmup   4: 125232 op, 821654711.00 ns, 6.5611 us/op
WorkloadWarmup   5: 125232 op, 809288576.00 ns, 6.4623 us/op
WorkloadWarmup   6: 125232 op, 704895673.00 ns, 5.6287 us/op
WorkloadWarmup   7: 125232 op, 854498508.00 ns, 6.8233 us/op
WorkloadWarmup   8: 125232 op, 908323574.00 ns, 7.2531 us/op
WorkloadWarmup   9: 125232 op, 793714698.00 ns, 6.3380 us/op

// BeforeActualRun
WorkloadActual   1: 125232 op, 709978206.00 ns, 5.6693 us/op
WorkloadActual   2: 125232 op, 715239470.00 ns, 5.7113 us/op
WorkloadActual   3: 125232 op, 764980666.00 ns, 6.1085 us/op
WorkloadActual   4: 125232 op, 814197917.00 ns, 6.5015 us/op
WorkloadActual   5: 125232 op, 930094148.00 ns, 7.4270 us/op
WorkloadActual   6: 125232 op, 848686474.00 ns, 6.7769 us/op
WorkloadActual   7: 125232 op, 777623622.00 ns, 6.2095 us/op
WorkloadActual   8: 125232 op, 717050349.00 ns, 5.7258 us/op
WorkloadActual   9: 125232 op, 718891471.00 ns, 5.7405 us/op
WorkloadActual  10: 125232 op, 718792131.00 ns, 5.7397 us/op
WorkloadActual  11: 125232 op, 727818299.00 ns, 5.8118 us/op
WorkloadActual  12: 125232 op, 1046312478.00 ns, 8.3550 us/op
WorkloadActual  13: 125232 op, 731111166.00 ns, 5.8381 us/op
WorkloadActual  14: 125232 op, 721259350.00 ns, 5.7594 us/op
WorkloadActual  15: 125232 op, 742751273.00 ns, 5.9310 us/op
WorkloadActual  16: 125232 op, 727292645.00 ns, 5.8076 us/op
WorkloadActual  17: 125232 op, 720328871.00 ns, 5.7520 us/op
WorkloadActual  18: 125232 op, 744212802.00 ns, 5.9427 us/op
WorkloadActual  19: 125232 op, 937282849.00 ns, 7.4844 us/op
WorkloadActual  20: 125232 op, 794975327.00 ns, 6.3480 us/op
WorkloadActual  21: 125232 op, 792837800.00 ns, 6.3310 us/op
WorkloadActual  22: 125232 op, 795963508.00 ns, 6.3559 us/op
WorkloadActual  23: 125232 op, 805802386.00 ns, 6.4345 us/op
WorkloadActual  24: 125232 op, 805312109.00 ns, 6.4306 us/op
WorkloadActual  25: 125232 op, 1067865992.00 ns, 8.5271 us/op
WorkloadActual  26: 125232 op, 814362797.00 ns, 6.5028 us/op
WorkloadActual  27: 125232 op, 812685648.00 ns, 6.4894 us/op
WorkloadActual  28: 125232 op, 749706288.00 ns, 5.9865 us/op
WorkloadActual  29: 125232 op, 774340119.00 ns, 6.1832 us/op
WorkloadActual  30: 125232 op, 717235043.00 ns, 5.7273 us/op
WorkloadActual  31: 125232 op, 720375270.00 ns, 5.7523 us/op
WorkloadActual  32: 125232 op, 820150553.00 ns, 6.5490 us/op
WorkloadActual  33: 125232 op, 708972948.00 ns, 5.6613 us/op
WorkloadActual  34: 125232 op, 709637409.00 ns, 5.6666 us/op
WorkloadActual  35: 125232 op, 712138408.00 ns, 5.6866 us/op
WorkloadActual  36: 125232 op, 721779479.00 ns, 5.7635 us/op
WorkloadActual  37: 125232 op, 850044171.00 ns, 6.7878 us/op
WorkloadActual  38: 125232 op, 718215111.00 ns, 5.7351 us/op
WorkloadActual  39: 125232 op, 868666931.00 ns, 6.9365 us/op
WorkloadActual  40: 125232 op, 764111667.00 ns, 6.1016 us/op
WorkloadActual  41: 125232 op, 709401887.00 ns, 5.6647 us/op
WorkloadActual  42: 125232 op, 741165056.00 ns, 5.9183 us/op
WorkloadActual  43: 125232 op, 720227383.00 ns, 5.7511 us/op
WorkloadActual  44: 125232 op, 710781602.00 ns, 5.6757 us/op
WorkloadActual  45: 125232 op, 708223763.00 ns, 5.6553 us/op
WorkloadActual  46: 125232 op, 841349524.00 ns, 6.7183 us/op
WorkloadActual  47: 125232 op, 729685646.00 ns, 5.8267 us/op
WorkloadActual  48: 125232 op, 714192364.00 ns, 5.7030 us/op
WorkloadActual  49: 125232 op, 714350564.00 ns, 5.7042 us/op
WorkloadActual  50: 125232 op, 798581623.00 ns, 6.3768 us/op
WorkloadActual  51: 125232 op, 852999122.00 ns, 6.8114 us/op
WorkloadActual  52: 125232 op, 734246067.00 ns, 5.8631 us/op
WorkloadActual  53: 125232 op, 825703961.00 ns, 6.5934 us/op
WorkloadActual  54: 125232 op, 716349936.00 ns, 5.7202 us/op
WorkloadActual  55: 125232 op, 714321947.00 ns, 5.7040 us/op
WorkloadActual  56: 125232 op, 719493515.00 ns, 5.7453 us/op
WorkloadActual  57: 125232 op, 722742905.00 ns, 5.7712 us/op
WorkloadActual  58: 125232 op, 717776083.00 ns, 5.7316 us/op
WorkloadActual  59: 125232 op, 713192373.00 ns, 5.6950 us/op
WorkloadActual  60: 125232 op, 851912126.00 ns, 6.8027 us/op
WorkloadActual  61: 125232 op, 798953336.00 ns, 6.3798 us/op
WorkloadActual  62: 125232 op, 724628979.00 ns, 5.7863 us/op
WorkloadActual  63: 125232 op, 811652780.00 ns, 6.4812 us/op
WorkloadActual  64: 125232 op, 817400490.00 ns, 6.5271 us/op
WorkloadActual  65: 125232 op, 707919361.00 ns, 5.6529 us/op
WorkloadActual  66: 125232 op, 749491083.00 ns, 5.9848 us/op
WorkloadActual  67: 125232 op, 872415591.00 ns, 6.9664 us/op
WorkloadActual  68: 125232 op, 708955222.00 ns, 5.6611 us/op
WorkloadActual  69: 125232 op, 710557794.00 ns, 5.6739 us/op
WorkloadActual  70: 125232 op, 716665849.00 ns, 5.7227 us/op
WorkloadActual  71: 125232 op, 707330319.00 ns, 5.6482 us/op
WorkloadActual  72: 125232 op, 715817191.00 ns, 5.7159 us/op
WorkloadActual  73: 125232 op, 708135575.00 ns, 5.6546 us/op
WorkloadActual  74: 125232 op, 802088529.00 ns, 6.4048 us/op
WorkloadActual  75: 125232 op, 707427892.00 ns, 5.6489 us/op
WorkloadActual  76: 125232 op, 708719425.00 ns, 5.6593 us/op
WorkloadActual  77: 125232 op, 998479030.00 ns, 7.9730 us/op
WorkloadActual  78: 125232 op, 828528289.00 ns, 6.6159 us/op
WorkloadActual  79: 125232 op, 708366413.00 ns, 5.6564 us/op
WorkloadActual  80: 125232 op, 707387715.00 ns, 5.6486 us/op
WorkloadActual  81: 125232 op, 812252035.00 ns, 6.4860 us/op
WorkloadActual  82: 125232 op, 710731662.00 ns, 5.6753 us/op
WorkloadActual  83: 125232 op, 706762167.00 ns, 5.6436 us/op
WorkloadActual  84: 125232 op, 705159394.00 ns, 5.6308 us/op
WorkloadActual  85: 125232 op, 706630539.00 ns, 5.6426 us/op
WorkloadActual  86: 125232 op, 705512123.00 ns, 5.6336 us/op
WorkloadActual  87: 125232 op, 707167059.00 ns, 5.6469 us/op
WorkloadActual  88: 125232 op, 835135506.00 ns, 6.6687 us/op
WorkloadActual  89: 125232 op, 709431339.00 ns, 5.6649 us/op
WorkloadActual  90: 125232 op, 733488673.00 ns, 5.8570 us/op
WorkloadActual  91: 125232 op, 809418684.00 ns, 6.4634 us/op
WorkloadActual  92: 125232 op, 708575816.00 ns, 5.6581 us/op
WorkloadActual  93: 125232 op, 709721775.00 ns, 5.6673 us/op
WorkloadActual  94: 125232 op, 706177731.00 ns, 5.6390 us/op
WorkloadActual  95: 125232 op, 824511191.00 ns, 6.5839 us/op
WorkloadActual  96: 125232 op, 791368102.00 ns, 6.3192 us/op
WorkloadActual  97: 125232 op, 766762254.00 ns, 6.1227 us/op
WorkloadActual  98: 125232 op, 890442032.00 ns, 7.1103 us/op
WorkloadActual  99: 125232 op, 835018180.00 ns, 6.6678 us/op
WorkloadActual  100: 125232 op, 795692162.00 ns, 6.3537 us/op

// AfterActualRun
WorkloadResult   1: 125232 op, 709533082.50 ns, 5.6657 us/op
WorkloadResult   2: 125232 op, 714794346.50 ns, 5.7078 us/op
WorkloadResult   3: 125232 op, 764535542.50 ns, 6.1050 us/op
WorkloadResult   4: 125232 op, 813752793.50 ns, 6.4980 us/op
WorkloadResult   5: 125232 op, 929649024.50 ns, 7.4234 us/op
WorkloadResult   6: 125232 op, 848241350.50 ns, 6.7734 us/op
WorkloadResult   7: 125232 op, 777178498.50 ns, 6.2059 us/op
WorkloadResult   8: 125232 op, 716605225.50 ns, 5.7222 us/op
WorkloadResult   9: 125232 op, 718446347.50 ns, 5.7369 us/op
WorkloadResult  10: 125232 op, 718347007.50 ns, 5.7361 us/op
WorkloadResult  11: 125232 op, 727373175.50 ns, 5.8082 us/op
WorkloadResult  12: 125232 op, 1045867354.50 ns, 8.3514 us/op
WorkloadResult  13: 125232 op, 730666042.50 ns, 5.8345 us/op
WorkloadResult  14: 125232 op, 720814226.50 ns, 5.7558 us/op
WorkloadResult  15: 125232 op, 742306149.50 ns, 5.9274 us/op
WorkloadResult  16: 125232 op, 726847521.50 ns, 5.8040 us/op
WorkloadResult  17: 125232 op, 719883747.50 ns, 5.7484 us/op
WorkloadResult  18: 125232 op, 743767678.50 ns, 5.9391 us/op
WorkloadResult  19: 125232 op, 936837725.50 ns, 7.4808 us/op
WorkloadResult  20: 125232 op, 794530203.50 ns, 6.3445 us/op
WorkloadResult  21: 125232 op, 792392676.50 ns, 6.3274 us/op
WorkloadResult  22: 125232 op, 795518384.50 ns, 6.3524 us/op
WorkloadResult  23: 125232 op, 805357262.50 ns, 6.4309 us/op
WorkloadResult  24: 125232 op, 804866985.50 ns, 6.4270 us/op
WorkloadResult  25: 125232 op, 1067420868.50 ns, 8.5235 us/op
WorkloadResult  26: 125232 op, 813917673.50 ns, 6.4993 us/op
WorkloadResult  27: 125232 op, 812240524.50 ns, 6.4859 us/op
WorkloadResult  28: 125232 op, 749261164.50 ns, 5.9830 us/op
WorkloadResult  29: 125232 op, 773894995.50 ns, 6.1797 us/op
WorkloadResult  30: 125232 op, 716789919.50 ns, 5.7237 us/op
WorkloadResult  31: 125232 op, 719930146.50 ns, 5.7488 us/op
WorkloadResult  32: 125232 op, 819705429.50 ns, 6.5455 us/op
WorkloadResult  33: 125232 op, 708527824.50 ns, 5.6577 us/op
WorkloadResult  34: 125232 op, 709192285.50 ns, 5.6630 us/op
WorkloadResult  35: 125232 op, 711693284.50 ns, 5.6830 us/op
WorkloadResult  36: 125232 op, 721334355.50 ns, 5.7600 us/op
WorkloadResult  37: 125232 op, 849599047.50 ns, 6.7842 us/op
WorkloadResult  38: 125232 op, 717769987.50 ns, 5.7315 us/op
WorkloadResult  39: 125232 op, 868221807.50 ns, 6.9329 us/op
WorkloadResult  40: 125232 op, 763666543.50 ns, 6.0980 us/op
WorkloadResult  41: 125232 op, 708956763.50 ns, 5.6611 us/op
WorkloadResult  42: 125232 op, 740719932.50 ns, 5.9148 us/op
WorkloadResult  43: 125232 op, 719782259.50 ns, 5.7476 us/op
WorkloadResult  44: 125232 op, 710336478.50 ns, 5.6722 us/op
WorkloadResult  45: 125232 op, 707778639.50 ns, 5.6517 us/op
WorkloadResult  46: 125232 op, 840904400.50 ns, 6.7148 us/op
WorkloadResult  47: 125232 op, 729240522.50 ns, 5.8231 us/op
WorkloadResult  48: 125232 op, 713747240.50 ns, 5.6994 us/op
WorkloadResult  49: 125232 op, 713905440.50 ns, 5.7007 us/op
WorkloadResult  50: 125232 op, 798136499.50 ns, 6.3733 us/op
WorkloadResult  51: 125232 op, 852553998.50 ns, 6.8078 us/op
WorkloadResult  52: 125232 op, 733800943.50 ns, 5.8595 us/op
WorkloadResult  53: 125232 op, 825258837.50 ns, 6.5898 us/op
WorkloadResult  54: 125232 op, 715904812.50 ns, 5.7166 us/op
WorkloadResult  55: 125232 op, 713876823.50 ns, 5.7004 us/op
WorkloadResult  56: 125232 op, 719048391.50 ns, 5.7417 us/op
WorkloadResult  57: 125232 op, 722297781.50 ns, 5.7677 us/op
WorkloadResult  58: 125232 op, 717330959.50 ns, 5.7280 us/op
WorkloadResult  59: 125232 op, 712747249.50 ns, 5.6914 us/op
WorkloadResult  60: 125232 op, 851467002.50 ns, 6.7991 us/op
WorkloadResult  61: 125232 op, 798508212.50 ns, 6.3762 us/op
WorkloadResult  62: 125232 op, 724183855.50 ns, 5.7827 us/op
WorkloadResult  63: 125232 op, 811207656.50 ns, 6.4776 us/op
WorkloadResult  64: 125232 op, 816955366.50 ns, 6.5235 us/op
WorkloadResult  65: 125232 op, 707474237.50 ns, 5.6493 us/op
WorkloadResult  66: 125232 op, 749045959.50 ns, 5.9813 us/op
WorkloadResult  67: 125232 op, 871970467.50 ns, 6.9628 us/op
WorkloadResult  68: 125232 op, 708510098.50 ns, 5.6576 us/op
WorkloadResult  69: 125232 op, 710112670.50 ns, 5.6704 us/op
WorkloadResult  70: 125232 op, 716220725.50 ns, 5.7192 us/op
WorkloadResult  71: 125232 op, 706885195.50 ns, 5.6446 us/op
WorkloadResult  72: 125232 op, 715372067.50 ns, 5.7124 us/op
WorkloadResult  73: 125232 op, 707690451.50 ns, 5.6510 us/op
WorkloadResult  74: 125232 op, 801643405.50 ns, 6.4013 us/op
WorkloadResult  75: 125232 op, 706982768.50 ns, 5.6454 us/op
WorkloadResult  76: 125232 op, 708274301.50 ns, 5.6557 us/op
WorkloadResult  77: 125232 op, 998033906.50 ns, 7.9695 us/op
WorkloadResult  78: 125232 op, 828083165.50 ns, 6.6124 us/op
WorkloadResult  79: 125232 op, 707921289.50 ns, 5.6529 us/op
WorkloadResult  80: 125232 op, 706942591.50 ns, 5.6451 us/op
WorkloadResult  81: 125232 op, 811806911.50 ns, 6.4824 us/op
WorkloadResult  82: 125232 op, 710286538.50 ns, 5.6718 us/op
WorkloadResult  83: 125232 op, 706317043.50 ns, 5.6401 us/op
WorkloadResult  84: 125232 op, 704714270.50 ns, 5.6273 us/op
WorkloadResult  85: 125232 op, 706185415.50 ns, 5.6390 us/op
WorkloadResult  86: 125232 op, 705066999.50 ns, 5.6301 us/op
WorkloadResult  87: 125232 op, 706721935.50 ns, 5.6433 us/op
WorkloadResult  88: 125232 op, 834690382.50 ns, 6.6652 us/op
WorkloadResult  89: 125232 op, 708986215.50 ns, 5.6614 us/op
WorkloadResult  90: 125232 op, 733043549.50 ns, 5.8535 us/op
WorkloadResult  91: 125232 op, 808973560.50 ns, 6.4598 us/op
WorkloadResult  92: 125232 op, 708130692.50 ns, 5.6546 us/op
WorkloadResult  93: 125232 op, 709276651.50 ns, 5.6637 us/op
WorkloadResult  94: 125232 op, 705732607.50 ns, 5.6354 us/op
WorkloadResult  95: 125232 op, 824066067.50 ns, 6.5803 us/op
WorkloadResult  96: 125232 op, 790922978.50 ns, 6.3157 us/op
WorkloadResult  97: 125232 op, 766317130.50 ns, 6.1192 us/op
WorkloadResult  98: 125232 op, 889996908.50 ns, 7.1068 us/op
WorkloadResult  99: 125232 op, 834573056.50 ns, 6.6642 us/op
WorkloadResult  100: 125232 op, 795247038.50 ns, 6.3502 us/op

// AfterAll
// Benchmark Process 1019269 has exited with code 0.

Mean = 6.119 μs, StdErr = 0.059 μs (0.97%), N = 100, StdDev = 0.594 μs
Min = 5.627 μs, Q1 = 5.680 μs, Median = 5.816 μs, Q3 = 6.464 μs, Max = 8.524 μs
IQR = 0.784 μs, LowerFence = 4.504 μs, UpperFence = 7.640 μs
ConfidenceInterval = [5.918 μs; 6.321 μs] (CI 99.9%), Margin = 0.202 μs (3.29% of Mean)
Skewness = 1.75, Kurtosis = 6.54, MValue = 2.67

// ** Remained 6 (60.0 %) benchmark(s) to run. Estimated finish 2026-05-17 16:26 (0h 11m from now) **
// **************************
// Benchmark: SmokeBenchByte.Utf8Json_Deser: Energy(OutlierMode=DontRemove, IterationTime=1s)
// *** Execute ***
// Launch: 1 / 1
// Execute: dotnet JsonBench-Energy-1.dll --anonymousPipes 125 126 --benchmarkName JsonBench.Benchmarks.SmokeBenchByte.Utf8Json_Deser --job Energy --benchmarkId 4 in /home/test/json-energy-bench/JsonBench/bin/Release/net10.0/JsonBench-Energy-1/bin/Release/net10.0
// BeforeAnythingElse

// Benchmark Process Environment Information:
// BenchmarkDotNet v0.15.5-develop (2026-05-17)
// Runtime=.NET 10.0.7 (10.0.7, 10.0.726.21808), X64 RyuJIT x86-64-v3
// GC=Concurrent Workstation
// HardwareIntrinsics=AVX2+BMI1+BMI2+F16C+FMA+LZCNT+MOVBE,AVX,SSE3+SSSE3+SSE4.1+SSE4.2+POPCNT,X86Base+SSE+SSE2,AES+PCLMUL VectorSize=256
// Job: Energy(OutlierMode=DontRemove, IterationTime=1s)

OverheadJitting  1: 1 op, 188436.00 ns, 188.4360 us/op
WorkloadJitting  1: 1 op, 77886160.00 ns, 77.8862 ms/op

WorkloadPilot    1: 4 op, 224678.00 ns, 56.1695 us/op
WorkloadPilot    2: 17803 op, 527667424.00 ns, 29.6392 us/op
WorkloadPilot    3: 33739 op, 321630802.00 ns, 9.5329 us/op
WorkloadPilot    4: 104900 op, 1065520092.00 ns, 10.1575 us/op
WorkloadPilot    5: 98450 op, 1052168401.00 ns, 10.6873 us/op
WorkloadPilot    6: 93569 op, 1111514382.00 ns, 11.8791 us/op

WorkloadWarmup   1: 93569 op, 1263059369.00 ns, 13.4987 us/op
WorkloadWarmup   2: 93569 op, 1088010523.00 ns, 11.6279 us/op
WorkloadWarmup   3: 93569 op, 882093640.00 ns, 9.4272 us/op
WorkloadWarmup   4: 93569 op, 877036760.00 ns, 9.3732 us/op
WorkloadWarmup   5: 93569 op, 886376099.00 ns, 9.4730 us/op
WorkloadWarmup   6: 93569 op, 861757058.00 ns, 9.2099 us/op
WorkloadWarmup   7: 93569 op, 798371076.00 ns, 8.5324 us/op
WorkloadWarmup   8: 93569 op, 965308889.00 ns, 10.3165 us/op
WorkloadWarmup   9: 93569 op, 889802036.00 ns, 9.5096 us/op

// BeforeActualRun
WorkloadActual   1: 93569 op, 804606887.00 ns, 8.5991 us/op
WorkloadActual   2: 93569 op, 792796761.00 ns, 8.4729 us/op
WorkloadActual   3: 93569 op, 792052004.00 ns, 8.4649 us/op
WorkloadActual   4: 93569 op, 796145092.00 ns, 8.5086 us/op
WorkloadActual   5: 93569 op, 899864970.00 ns, 9.6171 us/op
WorkloadActual   6: 93569 op, 783482137.00 ns, 8.3733 us/op
WorkloadActual   7: 93569 op, 788319859.00 ns, 8.4250 us/op
WorkloadActual   8: 93569 op, 789113208.00 ns, 8.4335 us/op
WorkloadActual   9: 93569 op, 826332537.00 ns, 8.8313 us/op
WorkloadActual  10: 93569 op, 829232211.00 ns, 8.8623 us/op
WorkloadActual  11: 93569 op, 895619543.00 ns, 9.5718 us/op
WorkloadActual  12: 93569 op, 1131769442.00 ns, 12.0956 us/op
WorkloadActual  13: 93569 op, 911468419.00 ns, 9.7411 us/op
WorkloadActual  14: 93569 op, 790146273.00 ns, 8.4445 us/op
WorkloadActual  15: 93569 op, 778888300.00 ns, 8.3242 us/op
WorkloadActual  16: 93569 op, 829714773.00 ns, 8.8674 us/op
WorkloadActual  17: 93569 op, 956007515.00 ns, 10.2171 us/op
WorkloadActual  18: 93569 op, 948361197.00 ns, 10.1354 us/op
WorkloadActual  19: 93569 op, 775664473.00 ns, 8.2898 us/op
WorkloadActual  20: 93569 op, 837496739.00 ns, 8.9506 us/op
WorkloadActual  21: 93569 op, 779528658.00 ns, 8.3311 us/op
WorkloadActual  22: 93569 op, 791703647.00 ns, 8.4612 us/op
WorkloadActual  23: 93569 op, 938774885.00 ns, 10.0330 us/op
WorkloadActual  24: 93569 op, 1146018793.00 ns, 12.2478 us/op
WorkloadActual  25: 93569 op, 907170983.00 ns, 9.6952 us/op
WorkloadActual  26: 93569 op, 795266417.00 ns, 8.4993 us/op
WorkloadActual  27: 93569 op, 777038644.00 ns, 8.3044 us/op
WorkloadActual  28: 93569 op, 777238427.00 ns, 8.3066 us/op
WorkloadActual  29: 93569 op, 778344008.00 ns, 8.3184 us/op
WorkloadActual  30: 93569 op, 914545271.00 ns, 9.7740 us/op
WorkloadActual  31: 93569 op, 881308372.00 ns, 9.4188 us/op
WorkloadActual  32: 93569 op, 875600510.00 ns, 9.3578 us/op
WorkloadActual  33: 93569 op, 871158348.00 ns, 9.3103 us/op
WorkloadActual  34: 93569 op, 940353498.00 ns, 10.0498 us/op
WorkloadActual  35: 93569 op, 878669613.00 ns, 9.3906 us/op
WorkloadActual  36: 93569 op, 986061254.00 ns, 10.5383 us/op
WorkloadActual  37: 93569 op, 874482316.00 ns, 9.3459 us/op
WorkloadActual  38: 93569 op, 822988672.00 ns, 8.7955 us/op
WorkloadActual  39: 93569 op, 784628593.00 ns, 8.3856 us/op
WorkloadActual  40: 93569 op, 832514374.00 ns, 8.8973 us/op
WorkloadActual  41: 93569 op, 809533257.00 ns, 8.6517 us/op
WorkloadActual  42: 93569 op, 908372834.00 ns, 9.7081 us/op
WorkloadActual  43: 93569 op, 784610143.00 ns, 8.3854 us/op
WorkloadActual  44: 93569 op, 788290720.00 ns, 8.4247 us/op
WorkloadActual  45: 93569 op, 787862055.00 ns, 8.4201 us/op
WorkloadActual  46: 93569 op, 892782539.00 ns, 9.5414 us/op
WorkloadActual  47: 93569 op, 924968758.00 ns, 9.8854 us/op
WorkloadActual  48: 93569 op, 975892938.00 ns, 10.4297 us/op
WorkloadActual  49: 93569 op, 904189986.00 ns, 9.6633 us/op
WorkloadActual  50: 93569 op, 837764976.00 ns, 8.9534 us/op
WorkloadActual  51: 93569 op, 777076969.00 ns, 8.3049 us/op
WorkloadActual  52: 93569 op, 778247932.00 ns, 8.3174 us/op
WorkloadActual  53: 93569 op, 775804282.00 ns, 8.2913 us/op
WorkloadActual  54: 93569 op, 780190784.00 ns, 8.3381 us/op
WorkloadActual  55: 93569 op, 894461529.00 ns, 9.5594 us/op
WorkloadActual  56: 93569 op, 857907855.00 ns, 9.1687 us/op
WorkloadActual  57: 93569 op, 880743201.00 ns, 9.4128 us/op
WorkloadActual  58: 93569 op, 1039049113.00 ns, 11.1046 us/op
WorkloadActual  59: 93569 op, 891028320.00 ns, 9.5227 us/op
WorkloadActual  60: 93569 op, 920249596.00 ns, 9.8350 us/op
WorkloadActual  61: 93569 op, 949967713.00 ns, 10.1526 us/op
WorkloadActual  62: 93569 op, 889925771.00 ns, 9.5109 us/op
WorkloadActual  63: 93569 op, 808359130.00 ns, 8.6392 us/op
WorkloadActual  64: 93569 op, 779910067.00 ns, 8.3351 us/op
WorkloadActual  65: 93569 op, 798343121.00 ns, 8.5321 us/op
WorkloadActual  66: 93569 op, 889196631.00 ns, 9.5031 us/op
WorkloadActual  67: 93569 op, 953546328.00 ns, 10.1908 us/op
WorkloadActual  68: 93569 op, 936250010.00 ns, 10.0060 us/op
WorkloadActual  69: 93569 op, 962030892.00 ns, 10.2815 us/op
WorkloadActual  70: 93569 op, 877483877.00 ns, 9.3779 us/op
WorkloadActual  71: 93569 op, 877458977.00 ns, 9.3777 us/op
WorkloadActual  72: 93569 op, 906630039.00 ns, 9.6894 us/op
WorkloadActual  73: 93569 op, 861523753.00 ns, 9.2074 us/op
WorkloadActual  74: 93569 op, 790663811.00 ns, 8.4501 us/op
WorkloadActual  75: 93569 op, 786122668.00 ns, 8.4015 us/op
WorkloadActual  76: 93569 op, 788949521.00 ns, 8.4317 us/op
WorkloadActual  77: 93569 op, 865040490.00 ns, 9.2449 us/op
WorkloadActual  78: 93569 op, 896102067.00 ns, 9.5769 us/op
WorkloadActual  79: 93569 op, 922023750.00 ns, 9.8539 us/op
WorkloadActual  80: 93569 op, 842279081.00 ns, 9.0017 us/op
WorkloadActual  81: 93569 op, 888624896.00 ns, 9.4970 us/op
WorkloadActual  82: 93569 op, 929762697.00 ns, 9.9367 us/op
WorkloadActual  83: 93569 op, 891050669.00 ns, 9.5229 us/op
WorkloadActual  84: 93569 op, 990596280.00 ns, 10.5868 us/op
WorkloadActual  85: 93569 op, 887321738.00 ns, 9.4831 us/op
WorkloadActual  86: 93569 op, 803206963.00 ns, 8.5841 us/op
WorkloadActual  87: 93569 op, 881713709.00 ns, 9.4231 us/op
WorkloadActual  88: 93569 op, 874428717.00 ns, 9.3453 us/op
WorkloadActual  89: 93569 op, 884573815.00 ns, 9.4537 us/op
WorkloadActual  90: 93569 op, 890269895.00 ns, 9.5146 us/op
WorkloadActual  91: 93569 op, 956794161.00 ns, 10.2255 us/op
WorkloadActual  92: 93569 op, 980714274.00 ns, 10.4812 us/op
WorkloadActual  93: 93569 op, 787539210.00 ns, 8.4167 us/op
WorkloadActual  94: 93569 op, 783253854.00 ns, 8.3709 us/op
WorkloadActual  95: 93569 op, 832160587.00 ns, 8.8936 us/op
WorkloadActual  96: 93569 op, 782446744.00 ns, 8.3622 us/op
WorkloadActual  97: 93569 op, 959984544.00 ns, 10.2596 us/op
WorkloadActual  98: 93569 op, 781202921.00 ns, 8.3490 us/op
WorkloadActual  99: 93569 op, 784479824.00 ns, 8.3840 us/op
WorkloadActual  100: 93569 op, 780432583.00 ns, 8.3407 us/op

// AfterActualRun
WorkloadResult   1: 93569 op, 804606887.00 ns, 8.5991 us/op
WorkloadResult   2: 93569 op, 792796761.00 ns, 8.4729 us/op
WorkloadResult   3: 93569 op, 792052004.00 ns, 8.4649 us/op
WorkloadResult   4: 93569 op, 796145092.00 ns, 8.5086 us/op
WorkloadResult   5: 93569 op, 899864970.00 ns, 9.6171 us/op
WorkloadResult   6: 93569 op, 783482137.00 ns, 8.3733 us/op
WorkloadResult   7: 93569 op, 788319859.00 ns, 8.4250 us/op
WorkloadResult   8: 93569 op, 789113208.00 ns, 8.4335 us/op
WorkloadResult   9: 93569 op, 826332537.00 ns, 8.8313 us/op
WorkloadResult  10: 93569 op, 829232211.00 ns, 8.8623 us/op
WorkloadResult  11: 93569 op, 895619543.00 ns, 9.5718 us/op
WorkloadResult  12: 93569 op, 1131769442.00 ns, 12.0956 us/op
WorkloadResult  13: 93569 op, 911468419.00 ns, 9.7411 us/op
WorkloadResult  14: 93569 op, 790146273.00 ns, 8.4445 us/op
WorkloadResult  15: 93569 op, 778888300.00 ns, 8.3242 us/op
WorkloadResult  16: 93569 op, 829714773.00 ns, 8.8674 us/op
WorkloadResult  17: 93569 op, 956007515.00 ns, 10.2171 us/op
WorkloadResult  18: 93569 op, 948361197.00 ns, 10.1354 us/op
WorkloadResult  19: 93569 op, 775664473.00 ns, 8.2898 us/op
WorkloadResult  20: 93569 op, 837496739.00 ns, 8.9506 us/op
WorkloadResult  21: 93569 op, 779528658.00 ns, 8.3311 us/op
WorkloadResult  22: 93569 op, 791703647.00 ns, 8.4612 us/op
WorkloadResult  23: 93569 op, 938774885.00 ns, 10.0330 us/op
WorkloadResult  24: 93569 op, 1146018793.00 ns, 12.2478 us/op
WorkloadResult  25: 93569 op, 907170983.00 ns, 9.6952 us/op
WorkloadResult  26: 93569 op, 795266417.00 ns, 8.4993 us/op
WorkloadResult  27: 93569 op, 777038644.00 ns, 8.3044 us/op
WorkloadResult  28: 93569 op, 777238427.00 ns, 8.3066 us/op
WorkloadResult  29: 93569 op, 778344008.00 ns, 8.3184 us/op
WorkloadResult  30: 93569 op, 914545271.00 ns, 9.7740 us/op
WorkloadResult  31: 93569 op, 881308372.00 ns, 9.4188 us/op
WorkloadResult  32: 93569 op, 875600510.00 ns, 9.3578 us/op
WorkloadResult  33: 93569 op, 871158348.00 ns, 9.3103 us/op
WorkloadResult  34: 93569 op, 940353498.00 ns, 10.0498 us/op
WorkloadResult  35: 93569 op, 878669613.00 ns, 9.3906 us/op
WorkloadResult  36: 93569 op, 986061254.00 ns, 10.5383 us/op
WorkloadResult  37: 93569 op, 874482316.00 ns, 9.3459 us/op
WorkloadResult  38: 93569 op, 822988672.00 ns, 8.7955 us/op
WorkloadResult  39: 93569 op, 784628593.00 ns, 8.3856 us/op
WorkloadResult  40: 93569 op, 832514374.00 ns, 8.8973 us/op
WorkloadResult  41: 93569 op, 809533257.00 ns, 8.6517 us/op
WorkloadResult  42: 93569 op, 908372834.00 ns, 9.7081 us/op
WorkloadResult  43: 93569 op, 784610143.00 ns, 8.3854 us/op
WorkloadResult  44: 93569 op, 788290720.00 ns, 8.4247 us/op
WorkloadResult  45: 93569 op, 787862055.00 ns, 8.4201 us/op
WorkloadResult  46: 93569 op, 892782539.00 ns, 9.5414 us/op
WorkloadResult  47: 93569 op, 924968758.00 ns, 9.8854 us/op
WorkloadResult  48: 93569 op, 975892938.00 ns, 10.4297 us/op
WorkloadResult  49: 93569 op, 904189986.00 ns, 9.6633 us/op
WorkloadResult  50: 93569 op, 837764976.00 ns, 8.9534 us/op
WorkloadResult  51: 93569 op, 777076969.00 ns, 8.3049 us/op
WorkloadResult  52: 93569 op, 778247932.00 ns, 8.3174 us/op
WorkloadResult  53: 93569 op, 775804282.00 ns, 8.2913 us/op
WorkloadResult  54: 93569 op, 780190784.00 ns, 8.3381 us/op
WorkloadResult  55: 93569 op, 894461529.00 ns, 9.5594 us/op
WorkloadResult  56: 93569 op, 857907855.00 ns, 9.1687 us/op
WorkloadResult  57: 93569 op, 880743201.00 ns, 9.4128 us/op
WorkloadResult  58: 93569 op, 1039049113.00 ns, 11.1046 us/op
WorkloadResult  59: 93569 op, 891028320.00 ns, 9.5227 us/op
WorkloadResult  60: 93569 op, 920249596.00 ns, 9.8350 us/op
WorkloadResult  61: 93569 op, 949967713.00 ns, 10.1526 us/op
WorkloadResult  62: 93569 op, 889925771.00 ns, 9.5109 us/op
WorkloadResult  63: 93569 op, 808359130.00 ns, 8.6392 us/op
WorkloadResult  64: 93569 op, 779910067.00 ns, 8.3351 us/op
WorkloadResult  65: 93569 op, 798343121.00 ns, 8.5321 us/op
WorkloadResult  66: 93569 op, 889196631.00 ns, 9.5031 us/op
WorkloadResult  67: 93569 op, 953546328.00 ns, 10.1908 us/op
WorkloadResult  68: 93569 op, 936250010.00 ns, 10.0060 us/op
WorkloadResult  69: 93569 op, 962030892.00 ns, 10.2815 us/op
WorkloadResult  70: 93569 op, 877483877.00 ns, 9.3779 us/op
WorkloadResult  71: 93569 op, 877458977.00 ns, 9.3777 us/op
WorkloadResult  72: 93569 op, 906630039.00 ns, 9.6894 us/op
WorkloadResult  73: 93569 op, 861523753.00 ns, 9.2074 us/op
WorkloadResult  74: 93569 op, 790663811.00 ns, 8.4501 us/op
WorkloadResult  75: 93569 op, 786122668.00 ns, 8.4015 us/op
WorkloadResult  76: 93569 op, 788949521.00 ns, 8.4317 us/op
WorkloadResult  77: 93569 op, 865040490.00 ns, 9.2449 us/op
WorkloadResult  78: 93569 op, 896102067.00 ns, 9.5769 us/op
WorkloadResult  79: 93569 op, 922023750.00 ns, 9.8539 us/op
WorkloadResult  80: 93569 op, 842279081.00 ns, 9.0017 us/op
WorkloadResult  81: 93569 op, 888624896.00 ns, 9.4970 us/op
WorkloadResult  82: 93569 op, 929762697.00 ns, 9.9367 us/op
WorkloadResult  83: 93569 op, 891050669.00 ns, 9.5229 us/op
WorkloadResult  84: 93569 op, 990596280.00 ns, 10.5868 us/op
WorkloadResult  85: 93569 op, 887321738.00 ns, 9.4831 us/op
WorkloadResult  86: 93569 op, 803206963.00 ns, 8.5841 us/op
WorkloadResult  87: 93569 op, 881713709.00 ns, 9.4231 us/op
WorkloadResult  88: 93569 op, 874428717.00 ns, 9.3453 us/op
WorkloadResult  89: 93569 op, 884573815.00 ns, 9.4537 us/op
WorkloadResult  90: 93569 op, 890269895.00 ns, 9.5146 us/op
WorkloadResult  91: 93569 op, 956794161.00 ns, 10.2255 us/op
WorkloadResult  92: 93569 op, 980714274.00 ns, 10.4812 us/op
WorkloadResult  93: 93569 op, 787539210.00 ns, 8.4167 us/op
WorkloadResult  94: 93569 op, 783253854.00 ns, 8.3709 us/op
WorkloadResult  95: 93569 op, 832160587.00 ns, 8.8936 us/op
WorkloadResult  96: 93569 op, 782446744.00 ns, 8.3622 us/op
WorkloadResult  97: 93569 op, 959984544.00 ns, 10.2596 us/op
WorkloadResult  98: 93569 op, 781202921.00 ns, 8.3490 us/op
WorkloadResult  99: 93569 op, 784479824.00 ns, 8.3840 us/op
WorkloadResult  100: 93569 op, 780432583.00 ns, 8.3407 us/op

// AfterAll
// Benchmark Process 1020019 has exited with code 0.

Mean = 9.218 μs, StdErr = 0.082 μs (0.89%), N = 100, StdDev = 0.825 μs
Min = 8.290 μs, Q1 = 8.433 μs, Median = 9.278 μs, Q3 = 9.691 μs, Max = 12.248 μs
IQR = 1.258 μs, LowerFence = 6.546 μs, UpperFence = 11.578 μs
ConfidenceInterval = [8.938 μs; 9.498 μs] (CI 99.9%), Margin = 0.280 μs (3.03% of Mean)
Skewness = 1.01, Kurtosis = 4.4, MValue = 3.11

// ** Remained 5 (50.0 %) benchmark(s) to run. Estimated finish 2026-05-17 16:26 (0h 9m from now) **
// **************************
// Benchmark: SmokeBenchByte.STJRefGen_Ser: Energy(OutlierMode=DontRemove, IterationTime=1s)
// *** Execute ***
// Launch: 1 / 1
// Execute: dotnet JsonBench-Energy-1.dll --anonymousPipes 125 126 --benchmarkName JsonBench.Benchmarks.SmokeBenchByte.STJRefGen_Ser --job Energy --benchmarkId 5 in /home/test/json-energy-bench/JsonBench/bin/Release/net10.0/JsonBench-Energy-1/bin/Release/net10.0
// BeforeAnythingElse

// Benchmark Process Environment Information:
// BenchmarkDotNet v0.15.5-develop (2026-05-17)
// Runtime=.NET 10.0.7 (10.0.7, 10.0.726.21808), X64 RyuJIT x86-64-v3
// GC=Concurrent Workstation
// HardwareIntrinsics=AVX2+BMI1+BMI2+F16C+FMA+LZCNT+MOVBE,AVX,SSE3+SSSE3+SSE4.1+SSE4.2+POPCNT,X86Base+SSE+SSE2,AES+PCLMUL VectorSize=256
// Job: Energy(OutlierMode=DontRemove, IterationTime=1s)

OverheadJitting  1: 1 op, 187495.00 ns, 187.4950 us/op
WorkloadJitting  1: 1 op, 2983959.00 ns, 2.9840 ms/op

OverheadJitting  2: 16 op, 506233.00 ns, 31.6396 us/op
WorkloadJitting  2: 16 op, 738116.00 ns, 46.1323 us/op

WorkloadPilot    1: 16 op, 226980.00 ns, 14.1863 us/op
WorkloadPilot    2: 70496 op, 638904172.00 ns, 9.0630 us/op
WorkloadPilot    3: 110352 op, 457457357.00 ns, 4.1454 us/op
WorkloadPilot    4: 241232 op, 1300383441.00 ns, 5.3906 us/op
WorkloadPilot    5: 185520 op, 1140005399.00 ns, 6.1449 us/op
WorkloadPilot    6: 162736 op, 942033500.00 ns, 5.7887 us/op
WorkloadPilot    7: 172752 op, 1052272862.00 ns, 6.0912 us/op

OverheadWarmup   1: 172752 op, 712906.00 ns, 4.1268 ns/op
OverheadWarmup   2: 172752 op, 641710.00 ns, 3.7146 ns/op
OverheadWarmup   3: 172752 op, 1016771.00 ns, 5.8857 ns/op
OverheadWarmup   4: 172752 op, 1290113.00 ns, 7.4680 ns/op
OverheadWarmup   5: 172752 op, 1210623.00 ns, 7.0079 ns/op
OverheadWarmup   6: 172752 op, 1095925.00 ns, 6.3439 ns/op
OverheadWarmup   7: 172752 op, 1144044.00 ns, 6.6225 ns/op
OverheadWarmup   8: 172752 op, 1181764.00 ns, 6.8408 ns/op
OverheadWarmup   9: 172752 op, 1168466.00 ns, 6.7638 ns/op

OverheadActual   1: 172752 op, 977823.00 ns, 5.6603 ns/op
OverheadActual   2: 172752 op, 1181479.00 ns, 6.8392 ns/op
OverheadActual   3: 172752 op, 1161106.00 ns, 6.7212 ns/op
OverheadActual   4: 172752 op, 1113712.00 ns, 6.4469 ns/op
OverheadActual   5: 172752 op, 1177277.00 ns, 6.8148 ns/op
OverheadActual   6: 172752 op, 637643.00 ns, 3.6911 ns/op
OverheadActual   7: 172752 op, 620768.00 ns, 3.5934 ns/op
OverheadActual   8: 172752 op, 610151.00 ns, 3.5319 ns/op
OverheadActual   9: 172752 op, 616145.00 ns, 3.5666 ns/op
OverheadActual  10: 172752 op, 918486.00 ns, 5.3168 ns/op
OverheadActual  11: 172752 op, 611956.00 ns, 3.5424 ns/op
OverheadActual  12: 172752 op, 613859.00 ns, 3.5534 ns/op
OverheadActual  13: 172752 op, 1018062.00 ns, 5.8932 ns/op
OverheadActual  14: 172752 op, 1052873.00 ns, 6.0947 ns/op
OverheadActual  15: 172752 op, 1103415.00 ns, 6.3873 ns/op
OverheadActual  16: 172752 op, 874843.00 ns, 5.0642 ns/op
OverheadActual  17: 172752 op, 838446.00 ns, 4.8535 ns/op
OverheadActual  18: 172752 op, 910204.00 ns, 5.2688 ns/op
OverheadActual  19: 172752 op, 941913.00 ns, 5.4524 ns/op
OverheadActual  20: 172752 op, 1223424.00 ns, 7.0820 ns/op

WorkloadWarmup   1: 172752 op, 1014928244.00 ns, 5.8751 us/op
WorkloadWarmup   2: 172752 op, 784232530.00 ns, 4.5396 us/op
WorkloadWarmup   3: 172752 op, 783917920.00 ns, 4.5378 us/op
WorkloadWarmup   4: 172752 op, 791080550.00 ns, 4.5793 us/op
WorkloadWarmup   5: 172752 op, 801445098.00 ns, 4.6393 us/op
WorkloadWarmup   6: 172752 op, 793075355.00 ns, 4.5908 us/op
WorkloadWarmup   7: 172752 op, 924627714.00 ns, 5.3523 us/op
WorkloadWarmup   8: 172752 op, 903846326.00 ns, 5.2320 us/op

// BeforeActualRun
WorkloadActual   1: 172752 op, 833597086.00 ns, 4.8254 us/op
WorkloadActual   2: 172752 op, 772533662.00 ns, 4.4719 us/op
WorkloadActual   3: 172752 op, 739288378.00 ns, 4.2795 us/op
WorkloadActual   4: 172752 op, 757946906.00 ns, 4.3875 us/op
WorkloadActual   5: 172752 op, 775352470.00 ns, 4.4882 us/op
WorkloadActual   6: 172752 op, 840391867.00 ns, 4.8647 us/op
WorkloadActual   7: 172752 op, 724095081.00 ns, 4.1915 us/op
WorkloadActual   8: 172752 op, 715108965.00 ns, 4.1395 us/op
WorkloadActual   9: 172752 op, 725527280.00 ns, 4.1998 us/op
WorkloadActual  10: 172752 op, 795401490.00 ns, 4.6043 us/op
WorkloadActual  11: 172752 op, 787737419.00 ns, 4.5599 us/op
WorkloadActual  12: 172752 op, 831352956.00 ns, 4.8124 us/op
WorkloadActual  13: 172752 op, 1017933169.00 ns, 5.8925 us/op
WorkloadActual  14: 172752 op, 822320293.00 ns, 4.7601 us/op
WorkloadActual  15: 172752 op, 803731384.00 ns, 4.6525 us/op
WorkloadActual  16: 172752 op, 842130457.00 ns, 4.8748 us/op
WorkloadActual  17: 172752 op, 840992939.00 ns, 4.8682 us/op
WorkloadActual  18: 172752 op, 795933038.00 ns, 4.6074 us/op
WorkloadActual  19: 172752 op, 854904836.00 ns, 4.9487 us/op
WorkloadActual  20: 172752 op, 775615019.00 ns, 4.4898 us/op
WorkloadActual  21: 172752 op, 737649304.00 ns, 4.2700 us/op
WorkloadActual  22: 172752 op, 754004230.00 ns, 4.3647 us/op
WorkloadActual  23: 172752 op, 707477399.00 ns, 4.0953 us/op
WorkloadActual  24: 172752 op, 780040508.00 ns, 4.5154 us/op
WorkloadActual  25: 172752 op, 877029705.00 ns, 5.0768 us/op
WorkloadActual  26: 172752 op, 873175883.00 ns, 5.0545 us/op
WorkloadActual  27: 172752 op, 811977931.00 ns, 4.7003 us/op
WorkloadActual  28: 172752 op, 796338763.00 ns, 4.6097 us/op
WorkloadActual  29: 172752 op, 785582034.00 ns, 4.5475 us/op
WorkloadActual  30: 172752 op, 787401274.00 ns, 4.5580 us/op
WorkloadActual  31: 172752 op, 782188575.00 ns, 4.5278 us/op
WorkloadActual  32: 172752 op, 915910347.00 ns, 5.3019 us/op
WorkloadActual  33: 172752 op, 785482140.00 ns, 4.5469 us/op
WorkloadActual  34: 172752 op, 807025664.00 ns, 4.6716 us/op
WorkloadActual  35: 172752 op, 707766776.00 ns, 4.0970 us/op
WorkloadActual  36: 172752 op, 705752161.00 ns, 4.0853 us/op
WorkloadActual  37: 172752 op, 887746360.00 ns, 5.1388 us/op
WorkloadActual  38: 172752 op, 805746100.00 ns, 4.6642 us/op
WorkloadActual  39: 172752 op, 892309919.00 ns, 5.1653 us/op
WorkloadActual  40: 172752 op, 863033147.00 ns, 4.9958 us/op
WorkloadActual  41: 172752 op, 776385762.00 ns, 4.4942 us/op
WorkloadActual  42: 172752 op, 801981421.00 ns, 4.6424 us/op
WorkloadActual  43: 172752 op, 782222848.00 ns, 4.5280 us/op
WorkloadActual  44: 172752 op, 725585679.00 ns, 4.2002 us/op
WorkloadActual  45: 172752 op, 806875478.00 ns, 4.6707 us/op
WorkloadActual  46: 172752 op, 738001408.00 ns, 4.2720 us/op
WorkloadActual  47: 172752 op, 759239613.00 ns, 4.3950 us/op
WorkloadActual  48: 172752 op, 706911812.00 ns, 4.0921 us/op
WorkloadActual  49: 172752 op, 719201715.00 ns, 4.1632 us/op
WorkloadActual  50: 172752 op, 941896035.00 ns, 5.4523 us/op
WorkloadActual  51: 172752 op, 738239869.00 ns, 4.2734 us/op
WorkloadActual  52: 172752 op, 869365418.00 ns, 5.0324 us/op
WorkloadActual  53: 172752 op, 709698732.00 ns, 4.1082 us/op
WorkloadActual  54: 172752 op, 717783341.00 ns, 4.1550 us/op
WorkloadActual  55: 172752 op, 717244200.00 ns, 4.1519 us/op
WorkloadActual  56: 172752 op, 720960382.00 ns, 4.1734 us/op
WorkloadActual  57: 172752 op, 715982096.00 ns, 4.1446 us/op
WorkloadActual  58: 172752 op, 722793680.00 ns, 4.1840 us/op
WorkloadActual  59: 172752 op, 793645242.00 ns, 4.5941 us/op
WorkloadActual  60: 172752 op, 742571364.00 ns, 4.2985 us/op
WorkloadActual  61: 172752 op, 718828769.00 ns, 4.1610 us/op
WorkloadActual  62: 172752 op, 725319138.00 ns, 4.1986 us/op
WorkloadActual  63: 172752 op, 862909509.00 ns, 4.9951 us/op
WorkloadActual  64: 172752 op, 723575804.00 ns, 4.1885 us/op
WorkloadActual  65: 172752 op, 731076340.00 ns, 4.2319 us/op
WorkloadActual  66: 172752 op, 839314053.00 ns, 4.8585 us/op
WorkloadActual  67: 172752 op, 724824337.00 ns, 4.1958 us/op
WorkloadActual  68: 172752 op, 751895418.00 ns, 4.3525 us/op
WorkloadActual  69: 172752 op, 759674243.00 ns, 4.3975 us/op
WorkloadActual  70: 172752 op, 720053587.00 ns, 4.1681 us/op
WorkloadActual  71: 172752 op, 713638013.00 ns, 4.1310 us/op
WorkloadActual  72: 172752 op, 717289032.00 ns, 4.1521 us/op
WorkloadActual  73: 172752 op, 816193394.00 ns, 4.7247 us/op
WorkloadActual  74: 172752 op, 814968426.00 ns, 4.7176 us/op
WorkloadActual  75: 172752 op, 749823688.00 ns, 4.3405 us/op
WorkloadActual  76: 172752 op, 762488452.00 ns, 4.4138 us/op
WorkloadActual  77: 172752 op, 883883561.00 ns, 5.1165 us/op
WorkloadActual  78: 172752 op, 804663586.00 ns, 4.6579 us/op
WorkloadActual  79: 172752 op, 711910528.00 ns, 4.1210 us/op
WorkloadActual  80: 172752 op, 834536772.00 ns, 4.8308 us/op
WorkloadActual  81: 172752 op, 762072731.00 ns, 4.4114 us/op
WorkloadActual  82: 172752 op, 711032850.00 ns, 4.1159 us/op
WorkloadActual  83: 172752 op, 707401879.00 ns, 4.0949 us/op
WorkloadActual  84: 172752 op, 704154031.00 ns, 4.0761 us/op
WorkloadActual  85: 172752 op, 706760801.00 ns, 4.0912 us/op
WorkloadActual  86: 172752 op, 704569286.00 ns, 4.0785 us/op
WorkloadActual  87: 172752 op, 842056388.00 ns, 4.8744 us/op
WorkloadActual  88: 172752 op, 757434985.00 ns, 4.3845 us/op
WorkloadActual  89: 172752 op, 840129023.00 ns, 4.8632 us/op
WorkloadActual  90: 172752 op, 858242505.00 ns, 4.9681 us/op
WorkloadActual  91: 172752 op, 779631550.00 ns, 4.5130 us/op
WorkloadActual  92: 172752 op, 705402849.00 ns, 4.0833 us/op
WorkloadActual  93: 172752 op, 712089965.00 ns, 4.1220 us/op
WorkloadActual  94: 172752 op, 843701771.00 ns, 4.8839 us/op
WorkloadActual  95: 172752 op, 794204994.00 ns, 4.5974 us/op
WorkloadActual  96: 172752 op, 712942160.00 ns, 4.1270 us/op
WorkloadActual  97: 172752 op, 713028747.00 ns, 4.1275 us/op
WorkloadActual  98: 172752 op, 725305195.00 ns, 4.1985 us/op
WorkloadActual  99: 172752 op, 755261802.00 ns, 4.3719 us/op
WorkloadActual  100: 172752 op, 710954494.00 ns, 4.1155 us/op

// AfterActualRun
WorkloadResult   1: 172752 op, 832666886.50 ns, 4.8200 us/op
WorkloadResult   2: 172752 op, 771603462.50 ns, 4.4665 us/op
WorkloadResult   3: 172752 op, 738358178.50 ns, 4.2741 us/op
WorkloadResult   4: 172752 op, 757016706.50 ns, 4.3821 us/op
WorkloadResult   5: 172752 op, 774422270.50 ns, 4.4829 us/op
WorkloadResult   6: 172752 op, 839461667.50 ns, 4.8593 us/op
WorkloadResult   7: 172752 op, 723164881.50 ns, 4.1861 us/op
WorkloadResult   8: 172752 op, 714178765.50 ns, 4.1341 us/op
WorkloadResult   9: 172752 op, 724597080.50 ns, 4.1944 us/op
WorkloadResult  10: 172752 op, 794471290.50 ns, 4.5989 us/op
WorkloadResult  11: 172752 op, 786807219.50 ns, 4.5545 us/op
WorkloadResult  12: 172752 op, 830422756.50 ns, 4.8070 us/op
WorkloadResult  13: 172752 op, 1017002969.50 ns, 5.8871 us/op
WorkloadResult  14: 172752 op, 821390093.50 ns, 4.7547 us/op
WorkloadResult  15: 172752 op, 802801184.50 ns, 4.6471 us/op
WorkloadResult  16: 172752 op, 841200257.50 ns, 4.8694 us/op
WorkloadResult  17: 172752 op, 840062739.50 ns, 4.8628 us/op
WorkloadResult  18: 172752 op, 795002838.50 ns, 4.6020 us/op
WorkloadResult  19: 172752 op, 853974636.50 ns, 4.9434 us/op
WorkloadResult  20: 172752 op, 774684819.50 ns, 4.4844 us/op
WorkloadResult  21: 172752 op, 736719104.50 ns, 4.2646 us/op
WorkloadResult  22: 172752 op, 753074030.50 ns, 4.3593 us/op
WorkloadResult  23: 172752 op, 706547199.50 ns, 4.0900 us/op
WorkloadResult  24: 172752 op, 779110308.50 ns, 4.5100 us/op
WorkloadResult  25: 172752 op, 876099505.50 ns, 5.0714 us/op
WorkloadResult  26: 172752 op, 872245683.50 ns, 5.0491 us/op
WorkloadResult  27: 172752 op, 811047731.50 ns, 4.6949 us/op
WorkloadResult  28: 172752 op, 795408563.50 ns, 4.6043 us/op
WorkloadResult  29: 172752 op, 784651834.50 ns, 4.5421 us/op
WorkloadResult  30: 172752 op, 786471074.50 ns, 4.5526 us/op
WorkloadResult  31: 172752 op, 781258375.50 ns, 4.5224 us/op
WorkloadResult  32: 172752 op, 914980147.50 ns, 5.2965 us/op
WorkloadResult  33: 172752 op, 784551940.50 ns, 4.5415 us/op
WorkloadResult  34: 172752 op, 806095464.50 ns, 4.6662 us/op
WorkloadResult  35: 172752 op, 706836576.50 ns, 4.0916 us/op
WorkloadResult  36: 172752 op, 704821961.50 ns, 4.0800 us/op
WorkloadResult  37: 172752 op, 886816160.50 ns, 5.1335 us/op
WorkloadResult  38: 172752 op, 804815900.50 ns, 4.6588 us/op
WorkloadResult  39: 172752 op, 891379719.50 ns, 5.1599 us/op
WorkloadResult  40: 172752 op, 862102947.50 ns, 4.9904 us/op
WorkloadResult  41: 172752 op, 775455562.50 ns, 4.4888 us/op
WorkloadResult  42: 172752 op, 801051221.50 ns, 4.6370 us/op
WorkloadResult  43: 172752 op, 781292648.50 ns, 4.5226 us/op
WorkloadResult  44: 172752 op, 724655479.50 ns, 4.1948 us/op
WorkloadResult  45: 172752 op, 805945278.50 ns, 4.6653 us/op
WorkloadResult  46: 172752 op, 737071208.50 ns, 4.2666 us/op
WorkloadResult  47: 172752 op, 758309413.50 ns, 4.3896 us/op
WorkloadResult  48: 172752 op, 705981612.50 ns, 4.0867 us/op
WorkloadResult  49: 172752 op, 718271515.50 ns, 4.1578 us/op
WorkloadResult  50: 172752 op, 940965835.50 ns, 5.4469 us/op
WorkloadResult  51: 172752 op, 737309669.50 ns, 4.2680 us/op
WorkloadResult  52: 172752 op, 868435218.50 ns, 5.0271 us/op
WorkloadResult  53: 172752 op, 708768532.50 ns, 4.1028 us/op
WorkloadResult  54: 172752 op, 716853141.50 ns, 4.1496 us/op
WorkloadResult  55: 172752 op, 716314000.50 ns, 4.1465 us/op
WorkloadResult  56: 172752 op, 720030182.50 ns, 4.1680 us/op
WorkloadResult  57: 172752 op, 715051896.50 ns, 4.1392 us/op
WorkloadResult  58: 172752 op, 721863480.50 ns, 4.1786 us/op
WorkloadResult  59: 172752 op, 792715042.50 ns, 4.5887 us/op
WorkloadResult  60: 172752 op, 741641164.50 ns, 4.2931 us/op
WorkloadResult  61: 172752 op, 717898569.50 ns, 4.1557 us/op
WorkloadResult  62: 172752 op, 724388938.50 ns, 4.1932 us/op
WorkloadResult  63: 172752 op, 861979309.50 ns, 4.9897 us/op
WorkloadResult  64: 172752 op, 722645604.50 ns, 4.1831 us/op
WorkloadResult  65: 172752 op, 730146140.50 ns, 4.2266 us/op
WorkloadResult  66: 172752 op, 838383853.50 ns, 4.8531 us/op
WorkloadResult  67: 172752 op, 723894137.50 ns, 4.1904 us/op
WorkloadResult  68: 172752 op, 750965218.50 ns, 4.3471 us/op
WorkloadResult  69: 172752 op, 758744043.50 ns, 4.3921 us/op
WorkloadResult  70: 172752 op, 719123387.50 ns, 4.1627 us/op
WorkloadResult  71: 172752 op, 712707813.50 ns, 4.1256 us/op
WorkloadResult  72: 172752 op, 716358832.50 ns, 4.1467 us/op
WorkloadResult  73: 172752 op, 815263194.50 ns, 4.7193 us/op
WorkloadResult  74: 172752 op, 814038226.50 ns, 4.7122 us/op
WorkloadResult  75: 172752 op, 748893488.50 ns, 4.3351 us/op
WorkloadResult  76: 172752 op, 761558252.50 ns, 4.4084 us/op
WorkloadResult  77: 172752 op, 882953361.50 ns, 5.1111 us/op
WorkloadResult  78: 172752 op, 803733386.50 ns, 4.6525 us/op
WorkloadResult  79: 172752 op, 710980328.50 ns, 4.1156 us/op
WorkloadResult  80: 172752 op, 833606572.50 ns, 4.8255 us/op
WorkloadResult  81: 172752 op, 761142531.50 ns, 4.4060 us/op
WorkloadResult  82: 172752 op, 710102650.50 ns, 4.1105 us/op
WorkloadResult  83: 172752 op, 706471679.50 ns, 4.0895 us/op
WorkloadResult  84: 172752 op, 703223831.50 ns, 4.0707 us/op
WorkloadResult  85: 172752 op, 705830601.50 ns, 4.0858 us/op
WorkloadResult  86: 172752 op, 703639086.50 ns, 4.0731 us/op
WorkloadResult  87: 172752 op, 841126188.50 ns, 4.8690 us/op
WorkloadResult  88: 172752 op, 756504785.50 ns, 4.3791 us/op
WorkloadResult  89: 172752 op, 839198823.50 ns, 4.8578 us/op
WorkloadResult  90: 172752 op, 857312305.50 ns, 4.9627 us/op
WorkloadResult  91: 172752 op, 778701350.50 ns, 4.5076 us/op
WorkloadResult  92: 172752 op, 704472649.50 ns, 4.0779 us/op
WorkloadResult  93: 172752 op, 711159765.50 ns, 4.1167 us/op
WorkloadResult  94: 172752 op, 842771571.50 ns, 4.8785 us/op
WorkloadResult  95: 172752 op, 793274794.50 ns, 4.5920 us/op
WorkloadResult  96: 172752 op, 712011960.50 ns, 4.1216 us/op
WorkloadResult  97: 172752 op, 712098547.50 ns, 4.1221 us/op
WorkloadResult  98: 172752 op, 724374995.50 ns, 4.1931 us/op
WorkloadResult  99: 172752 op, 754331602.50 ns, 4.3666 us/op
WorkloadResult  100: 172752 op, 710024294.50 ns, 4.1101 us/op

// AfterAll
// Benchmark Process 1020775 has exited with code 0.

Mean = 4.494 μs, StdErr = 0.037 μs (0.81%), N = 100, StdDev = 0.365 μs
Min = 4.071 μs, Q1 = 4.167 μs, Median = 4.437 μs, Q3 = 4.714 μs, Max = 5.887 μs
IQR = 0.547 μs, LowerFence = 3.346 μs, UpperFence = 5.535 μs
ConfidenceInterval = [4.371 μs; 4.618 μs] (CI 99.9%), Margin = 0.124 μs (2.76% of Mean)
Skewness = 0.95, Kurtosis = 3.84, MValue = 3.06

// ** Remained 4 (40.0 %) benchmark(s) to run. Estimated finish 2026-05-17 16:25 (0h 7m from now) **
// **************************
// Benchmark: SmokeBenchByte.STJSrcGen_Ser: Energy(OutlierMode=DontRemove, IterationTime=1s)
// *** Execute ***
// Launch: 1 / 1
// Execute: dotnet JsonBench-Energy-1.dll --anonymousPipes 125 126 --benchmarkName JsonBench.Benchmarks.SmokeBenchByte.STJSrcGen_Ser --job Energy --benchmarkId 6 in /home/test/json-energy-bench/JsonBench/bin/Release/net10.0/JsonBench-Energy-1/bin/Release/net10.0
// BeforeAnythingElse

// Benchmark Process Environment Information:
// BenchmarkDotNet v0.15.5-develop (2026-05-17)
// Runtime=.NET 10.0.7 (10.0.7, 10.0.726.21808), X64 RyuJIT x86-64-v3
// GC=Concurrent Workstation
// HardwareIntrinsics=AVX2+BMI1+BMI2+F16C+FMA+LZCNT+MOVBE,AVX,SSE3+SSSE3+SSE4.1+SSE4.2+POPCNT,X86Base+SSE+SSE2,AES+PCLMUL VectorSize=256
// Job: Energy(OutlierMode=DontRemove, IterationTime=1s)

OverheadJitting  1: 1 op, 188856.00 ns, 188.8560 us/op
WorkloadJitting  1: 1 op, 9258748.00 ns, 9.2587 ms/op

OverheadJitting  2: 16 op, 515684.00 ns, 32.2303 us/op
WorkloadJitting  2: 16 op, 696668.00 ns, 43.5418 us/op

WorkloadPilot    1: 16 op, 163680.00 ns, 10.2300 us/op
WorkloadPilot    2: 97760 op, 516744469.00 ns, 5.2858 us/op
WorkloadPilot    3: 189184 op, 574881572.00 ns, 3.0387 us/op
WorkloadPilot    4: 329088 op, 1188065085.00 ns, 3.6102 us/op
WorkloadPilot    5: 277008 op, 1138451578.00 ns, 4.1098 us/op
WorkloadPilot    6: 243328 op, 910295987.00 ns, 3.7410 us/op
WorkloadPilot    7: 267312 op, 1086940444.00 ns, 4.0662 us/op

OverheadWarmup   1: 267312 op, 1289201.00 ns, 4.8228 ns/op
OverheadWarmup   2: 267312 op, 1700256.00 ns, 6.3606 ns/op
OverheadWarmup   3: 267312 op, 1413867.00 ns, 5.2892 ns/op
OverheadWarmup   4: 267312 op, 1609981.00 ns, 6.0229 ns/op
OverheadWarmup   5: 267312 op, 1904660.00 ns, 7.1252 ns/op
OverheadWarmup   6: 267312 op, 1775232.00 ns, 6.6410 ns/op

OverheadActual   1: 267312 op, 1387258.00 ns, 5.1897 ns/op
OverheadActual   2: 267312 op, 1519638.00 ns, 5.6849 ns/op
OverheadActual   3: 267312 op, 2039846.00 ns, 7.6310 ns/op
OverheadActual   4: 267312 op, 2130527.00 ns, 7.9702 ns/op
OverheadActual   5: 267312 op, 2040188.00 ns, 7.6322 ns/op
OverheadActual   6: 267312 op, 1803102.00 ns, 6.7453 ns/op
OverheadActual   7: 267312 op, 1869825.00 ns, 6.9949 ns/op
OverheadActual   8: 267312 op, 950622.00 ns, 3.5562 ns/op
OverheadActual   9: 267312 op, 1249175.00 ns, 4.6731 ns/op
OverheadActual  10: 267312 op, 946431.00 ns, 3.5405 ns/op
OverheadActual  11: 267312 op, 1240352.00 ns, 4.6401 ns/op
OverheadActual  12: 267312 op, 944664.00 ns, 3.5339 ns/op
OverheadActual  13: 267312 op, 1317441.00 ns, 4.9285 ns/op
OverheadActual  14: 267312 op, 997210.00 ns, 3.7305 ns/op
OverheadActual  15: 267312 op, 1549071.00 ns, 5.7950 ns/op
OverheadActual  16: 267312 op, 1975058.00 ns, 7.3886 ns/op
OverheadActual  17: 267312 op, 2164110.00 ns, 8.0958 ns/op
OverheadActual  18: 267312 op, 2065464.00 ns, 7.7268 ns/op
OverheadActual  19: 267312 op, 1793290.00 ns, 6.7086 ns/op
OverheadActual  20: 267312 op, 934762.00 ns, 3.4969 ns/op

WorkloadWarmup   1: 267312 op, 1126781361.00 ns, 4.2152 us/op
WorkloadWarmup   2: 267312 op, 793892775.00 ns, 2.9699 us/op
WorkloadWarmup   3: 267312 op, 765461633.00 ns, 2.8636 us/op
WorkloadWarmup   4: 267312 op, 752120166.00 ns, 2.8136 us/op
WorkloadWarmup   5: 267312 op, 744823764.00 ns, 2.7863 us/op
WorkloadWarmup   6: 267312 op, 752931349.00 ns, 2.8167 us/op
WorkloadWarmup   7: 267312 op, 851425411.00 ns, 3.1851 us/op
WorkloadWarmup   8: 267312 op, 1002309801.00 ns, 3.7496 us/op
WorkloadWarmup   9: 267312 op, 785210458.00 ns, 2.9374 us/op
WorkloadWarmup  10: 267312 op, 743096333.00 ns, 2.7799 us/op
WorkloadWarmup  11: 267312 op, 811946803.00 ns, 3.0374 us/op
WorkloadWarmup  12: 267312 op, 796509559.00 ns, 2.9797 us/op

// BeforeActualRun
WorkloadActual   1: 267312 op, 747739572.00 ns, 2.7973 us/op
WorkloadActual   2: 267312 op, 911390914.00 ns, 3.4095 us/op
WorkloadActual   3: 267312 op, 839678068.00 ns, 3.1412 us/op
WorkloadActual   4: 267312 op, 808100969.00 ns, 3.0231 us/op
WorkloadActual   5: 267312 op, 751627056.00 ns, 2.8118 us/op
WorkloadActual   6: 267312 op, 747804966.00 ns, 2.7975 us/op
WorkloadActual   7: 267312 op, 753041143.00 ns, 2.8171 us/op
WorkloadActual   8: 267312 op, 942734413.00 ns, 3.5267 us/op
WorkloadActual   9: 267312 op, 1003882453.00 ns, 3.7555 us/op
WorkloadActual  10: 267312 op, 836824207.00 ns, 3.1305 us/op
WorkloadActual  11: 267312 op, 824168918.00 ns, 3.0832 us/op
WorkloadActual  12: 267312 op, 884082249.00 ns, 3.3073 us/op
WorkloadActual  13: 267312 op, 837958020.00 ns, 3.1348 us/op
WorkloadActual  14: 267312 op, 856206166.00 ns, 3.2030 us/op
WorkloadActual  15: 267312 op, 903361543.00 ns, 3.3794 us/op
WorkloadActual  16: 267312 op, 752994632.00 ns, 2.8169 us/op
WorkloadActual  17: 267312 op, 817873317.00 ns, 3.0596 us/op
WorkloadActual  18: 267312 op, 758740823.00 ns, 2.8384 us/op
WorkloadActual  19: 267312 op, 837364827.00 ns, 3.1325 us/op
WorkloadActual  20: 267312 op, 971360100.00 ns, 3.6338 us/op
WorkloadActual  21: 267312 op, 1040767075.00 ns, 3.8935 us/op
WorkloadActual  22: 267312 op, 828653866.00 ns, 3.1000 us/op
WorkloadActual  23: 267312 op, 860334593.00 ns, 3.2185 us/op
WorkloadActual  24: 267312 op, 877036614.00 ns, 3.2809 us/op
WorkloadActual  25: 267312 op, 840185215.00 ns, 3.1431 us/op
WorkloadActual  26: 267312 op, 832152026.00 ns, 3.1130 us/op
WorkloadActual  27: 267312 op, 907427464.00 ns, 3.3946 us/op
WorkloadActual  28: 267312 op, 834896340.00 ns, 3.1233 us/op
WorkloadActual  29: 267312 op, 845008998.00 ns, 3.1611 us/op
WorkloadActual  30: 267312 op, 762877222.00 ns, 2.8539 us/op
WorkloadActual  31: 267312 op, 921455548.00 ns, 3.4471 us/op
WorkloadActual  32: 267312 op, 808311891.00 ns, 3.0239 us/op
WorkloadActual  33: 267312 op, 926597323.00 ns, 3.4664 us/op
WorkloadActual  34: 267312 op, 775207534.00 ns, 2.9000 us/op
WorkloadActual  35: 267312 op, 756641136.00 ns, 2.8306 us/op
WorkloadActual  36: 267312 op, 757098393.00 ns, 2.8323 us/op
WorkloadActual  37: 267312 op, 756118531.00 ns, 2.8286 us/op
WorkloadActual  38: 267312 op, 756993834.00 ns, 2.8319 us/op
WorkloadActual  39: 267312 op, 759918088.00 ns, 2.8428 us/op
WorkloadActual  40: 267312 op, 893903251.00 ns, 3.3440 us/op
WorkloadActual  41: 267312 op, 845162874.00 ns, 3.1617 us/op
WorkloadActual  42: 267312 op, 801551191.00 ns, 2.9986 us/op
WorkloadActual  43: 267312 op, 856272127.00 ns, 3.2033 us/op
WorkloadActual  44: 267312 op, 872215382.00 ns, 3.2629 us/op
WorkloadActual  45: 267312 op, 748503660.00 ns, 2.8001 us/op
WorkloadActual  46: 267312 op, 823928636.00 ns, 3.0823 us/op
WorkloadActual  47: 267312 op, 824415889.00 ns, 3.0841 us/op
WorkloadActual  48: 267312 op, 773324170.00 ns, 2.8930 us/op
WorkloadActual  49: 267312 op, 754278317.00 ns, 2.8217 us/op
WorkloadActual  50: 267312 op, 825191616.00 ns, 3.0870 us/op
WorkloadActual  51: 267312 op, 749414096.00 ns, 2.8035 us/op
WorkloadActual  52: 267312 op, 854115821.00 ns, 3.1952 us/op
WorkloadActual  53: 267312 op, 925506190.00 ns, 3.4623 us/op
WorkloadActual  54: 267312 op, 843307799.00 ns, 3.1548 us/op
WorkloadActual  55: 267312 op, 830978591.00 ns, 3.1086 us/op
WorkloadActual  56: 267312 op, 1000534026.00 ns, 3.7429 us/op
WorkloadActual  57: 267312 op, 750087399.00 ns, 2.8060 us/op
WorkloadActual  58: 267312 op, 744871963.00 ns, 2.7865 us/op
WorkloadActual  59: 267312 op, 922990784.00 ns, 3.4529 us/op
WorkloadActual  60: 267312 op, 787302412.00 ns, 2.9453 us/op
WorkloadActual  61: 267312 op, 852191989.00 ns, 3.1880 us/op
WorkloadActual  62: 267312 op, 757193074.00 ns, 2.8326 us/op
WorkloadActual  63: 267312 op, 780936064.00 ns, 2.9214 us/op
WorkloadActual  64: 267312 op, 837088769.00 ns, 3.1315 us/op
WorkloadActual  65: 267312 op, 872766032.00 ns, 3.2650 us/op
WorkloadActual  66: 267312 op, 886751517.00 ns, 3.3173 us/op
WorkloadActual  67: 267312 op, 764764923.00 ns, 2.8609 us/op
WorkloadActual  68: 267312 op, 848360361.00 ns, 3.1737 us/op
WorkloadActual  69: 267312 op, 816868561.00 ns, 3.0559 us/op
WorkloadActual  70: 267312 op, 750299946.00 ns, 2.8068 us/op
WorkloadActual  71: 267312 op, 754199388.00 ns, 2.8214 us/op
WorkloadActual  72: 267312 op, 864742512.00 ns, 3.2350 us/op
WorkloadActual  73: 267312 op, 786282641.00 ns, 2.9414 us/op
WorkloadActual  74: 267312 op, 798084161.00 ns, 2.9856 us/op
WorkloadActual  75: 267312 op, 792510475.00 ns, 2.9647 us/op
WorkloadActual  76: 267312 op, 747036780.00 ns, 2.7946 us/op
WorkloadActual  77: 267312 op, 748725244.00 ns, 2.8009 us/op
WorkloadActual  78: 267312 op, 755471970.00 ns, 2.8262 us/op
WorkloadActual  79: 267312 op, 875068734.00 ns, 3.2736 us/op
WorkloadActual  80: 267312 op, 770314167.00 ns, 2.8817 us/op
WorkloadActual  81: 267312 op, 845353765.00 ns, 3.1624 us/op
WorkloadActual  82: 267312 op, 757032716.00 ns, 2.8320 us/op
WorkloadActual  83: 267312 op, 756355354.00 ns, 2.8295 us/op
WorkloadActual  84: 267312 op, 747367404.00 ns, 2.7959 us/op
WorkloadActual  85: 267312 op, 807161228.00 ns, 3.0195 us/op
WorkloadActual  86: 267312 op, 828252196.00 ns, 3.0984 us/op
WorkloadActual  87: 267312 op, 788785457.00 ns, 2.9508 us/op
WorkloadActual  88: 267312 op, 755109437.00 ns, 2.8248 us/op
WorkloadActual  89: 267312 op, 817212863.00 ns, 3.0571 us/op
WorkloadActual  90: 267312 op, 798390814.00 ns, 2.9867 us/op
WorkloadActual  91: 267312 op, 748842710.00 ns, 2.8014 us/op
WorkloadActual  92: 267312 op, 841728672.00 ns, 3.1489 us/op
WorkloadActual  93: 267312 op, 833543588.00 ns, 3.1182 us/op
WorkloadActual  94: 267312 op, 865832457.00 ns, 3.2390 us/op
WorkloadActual  95: 267312 op, 748510242.00 ns, 2.8001 us/op
WorkloadActual  96: 267312 op, 757888398.00 ns, 2.8352 us/op
WorkloadActual  97: 267312 op, 826086574.00 ns, 3.0903 us/op
WorkloadActual  98: 267312 op, 752659322.00 ns, 2.8157 us/op
WorkloadActual  99: 267312 op, 927283307.00 ns, 3.4689 us/op
WorkloadActual  100: 267312 op, 753859406.00 ns, 2.8201 us/op

// AfterActualRun
WorkloadResult   1: 267312 op, 746205217.50 ns, 2.7915 us/op
WorkloadResult   2: 267312 op, 909856559.50 ns, 3.4037 us/op
WorkloadResult   3: 267312 op, 838143713.50 ns, 3.1355 us/op
WorkloadResult   4: 267312 op, 806566614.50 ns, 3.0173 us/op
WorkloadResult   5: 267312 op, 750092701.50 ns, 2.8061 us/op
WorkloadResult   6: 267312 op, 746270611.50 ns, 2.7918 us/op
WorkloadResult   7: 267312 op, 751506788.50 ns, 2.8113 us/op
WorkloadResult   8: 267312 op, 941200058.50 ns, 3.5210 us/op
WorkloadResult   9: 267312 op, 1002348098.50 ns, 3.7497 us/op
WorkloadResult  10: 267312 op, 835289852.50 ns, 3.1248 us/op
WorkloadResult  11: 267312 op, 822634563.50 ns, 3.0774 us/op
WorkloadResult  12: 267312 op, 882547894.50 ns, 3.3016 us/op
WorkloadResult  13: 267312 op, 836423665.50 ns, 3.1290 us/op
WorkloadResult  14: 267312 op, 854671811.50 ns, 3.1973 us/op
WorkloadResult  15: 267312 op, 901827188.50 ns, 3.3737 us/op
WorkloadResult  16: 267312 op, 751460277.50 ns, 2.8112 us/op
WorkloadResult  17: 267312 op, 816338962.50 ns, 3.0539 us/op
WorkloadResult  18: 267312 op, 757206468.50 ns, 2.8327 us/op
WorkloadResult  19: 267312 op, 835830472.50 ns, 3.1268 us/op
WorkloadResult  20: 267312 op, 969825745.50 ns, 3.6281 us/op
WorkloadResult  21: 267312 op, 1039232720.50 ns, 3.8877 us/op
WorkloadResult  22: 267312 op, 827119511.50 ns, 3.0942 us/op
WorkloadResult  23: 267312 op, 858800238.50 ns, 3.2127 us/op
WorkloadResult  24: 267312 op, 875502259.50 ns, 3.2752 us/op
WorkloadResult  25: 267312 op, 838650860.50 ns, 3.1373 us/op
WorkloadResult  26: 267312 op, 830617671.50 ns, 3.1073 us/op
WorkloadResult  27: 267312 op, 905893109.50 ns, 3.3889 us/op
WorkloadResult  28: 267312 op, 833361985.50 ns, 3.1176 us/op
WorkloadResult  29: 267312 op, 843474643.50 ns, 3.1554 us/op
WorkloadResult  30: 267312 op, 761342867.50 ns, 2.8481 us/op
WorkloadResult  31: 267312 op, 919921193.50 ns, 3.4414 us/op
WorkloadResult  32: 267312 op, 806777536.50 ns, 3.0181 us/op
WorkloadResult  33: 267312 op, 925062968.50 ns, 3.4606 us/op
WorkloadResult  34: 267312 op, 773673179.50 ns, 2.8943 us/op
WorkloadResult  35: 267312 op, 755106781.50 ns, 2.8248 us/op
WorkloadResult  36: 267312 op, 755564038.50 ns, 2.8265 us/op
WorkloadResult  37: 267312 op, 754584176.50 ns, 2.8229 us/op
WorkloadResult  38: 267312 op, 755459479.50 ns, 2.8261 us/op
WorkloadResult  39: 267312 op, 758383733.50 ns, 2.8371 us/op
WorkloadResult  40: 267312 op, 892368896.50 ns, 3.3383 us/op
WorkloadResult  41: 267312 op, 843628519.50 ns, 3.1560 us/op
WorkloadResult  42: 267312 op, 800016836.50 ns, 2.9928 us/op
WorkloadResult  43: 267312 op, 854737772.50 ns, 3.1975 us/op
WorkloadResult  44: 267312 op, 870681027.50 ns, 3.2572 us/op
WorkloadResult  45: 267312 op, 746969305.50 ns, 2.7944 us/op
WorkloadResult  46: 267312 op, 822394281.50 ns, 3.0765 us/op
WorkloadResult  47: 267312 op, 822881534.50 ns, 3.0784 us/op
WorkloadResult  48: 267312 op, 771789815.50 ns, 2.8872 us/op
WorkloadResult  49: 267312 op, 752743962.50 ns, 2.8160 us/op
WorkloadResult  50: 267312 op, 823657261.50 ns, 3.0813 us/op
WorkloadResult  51: 267312 op, 747879741.50 ns, 2.7978 us/op
WorkloadResult  52: 267312 op, 852581466.50 ns, 3.1895 us/op
WorkloadResult  53: 267312 op, 923971835.50 ns, 3.4565 us/op
WorkloadResult  54: 267312 op, 841773444.50 ns, 3.1490 us/op
WorkloadResult  55: 267312 op, 829444236.50 ns, 3.1029 us/op
WorkloadResult  56: 267312 op, 998999671.50 ns, 3.7372 us/op
WorkloadResult  57: 267312 op, 748553044.50 ns, 2.8003 us/op
WorkloadResult  58: 267312 op, 743337608.50 ns, 2.7808 us/op
WorkloadResult  59: 267312 op, 921456429.50 ns, 3.4471 us/op
WorkloadResult  60: 267312 op, 785768057.50 ns, 2.9395 us/op
WorkloadResult  61: 267312 op, 850657634.50 ns, 3.1823 us/op
WorkloadResult  62: 267312 op, 755658719.50 ns, 2.8269 us/op
WorkloadResult  63: 267312 op, 779401709.50 ns, 2.9157 us/op
WorkloadResult  64: 267312 op, 835554414.50 ns, 3.1258 us/op
WorkloadResult  65: 267312 op, 871231677.50 ns, 3.2592 us/op
WorkloadResult  66: 267312 op, 885217162.50 ns, 3.3116 us/op
WorkloadResult  67: 267312 op, 763230568.50 ns, 2.8552 us/op
WorkloadResult  68: 267312 op, 846826006.50 ns, 3.1679 us/op
WorkloadResult  69: 267312 op, 815334206.50 ns, 3.0501 us/op
WorkloadResult  70: 267312 op, 748765591.50 ns, 2.8011 us/op
WorkloadResult  71: 267312 op, 752665033.50 ns, 2.8157 us/op
WorkloadResult  72: 267312 op, 863208157.50 ns, 3.2292 us/op
WorkloadResult  73: 267312 op, 784748286.50 ns, 2.9357 us/op
WorkloadResult  74: 267312 op, 796549806.50 ns, 2.9799 us/op
WorkloadResult  75: 267312 op, 790976120.50 ns, 2.9590 us/op
WorkloadResult  76: 267312 op, 745502425.50 ns, 2.7889 us/op
WorkloadResult  77: 267312 op, 747190889.50 ns, 2.7952 us/op
WorkloadResult  78: 267312 op, 753937615.50 ns, 2.8204 us/op
WorkloadResult  79: 267312 op, 873534379.50 ns, 3.2678 us/op
WorkloadResult  80: 267312 op, 768779812.50 ns, 2.8760 us/op
WorkloadResult  81: 267312 op, 843819410.50 ns, 3.1567 us/op
WorkloadResult  82: 267312 op, 755498361.50 ns, 2.8263 us/op
WorkloadResult  83: 267312 op, 754820999.50 ns, 2.8237 us/op
WorkloadResult  84: 267312 op, 745833049.50 ns, 2.7901 us/op
WorkloadResult  85: 267312 op, 805626873.50 ns, 3.0138 us/op
WorkloadResult  86: 267312 op, 826717841.50 ns, 3.0927 us/op
WorkloadResult  87: 267312 op, 787251102.50 ns, 2.9451 us/op
WorkloadResult  88: 267312 op, 753575082.50 ns, 2.8191 us/op
WorkloadResult  89: 267312 op, 815678508.50 ns, 3.0514 us/op
WorkloadResult  90: 267312 op, 796856459.50 ns, 2.9810 us/op
WorkloadResult  91: 267312 op, 747308355.50 ns, 2.7956 us/op
WorkloadResult  92: 267312 op, 840194317.50 ns, 3.1431 us/op
WorkloadResult  93: 267312 op, 832009233.50 ns, 3.1125 us/op
WorkloadResult  94: 267312 op, 864298102.50 ns, 3.2333 us/op
WorkloadResult  95: 267312 op, 746975887.50 ns, 2.7944 us/op
WorkloadResult  96: 267312 op, 756354043.50 ns, 2.8295 us/op
WorkloadResult  97: 267312 op, 824552219.50 ns, 3.0846 us/op
WorkloadResult  98: 267312 op, 751124967.50 ns, 2.8099 us/op
WorkloadResult  99: 267312 op, 925748952.50 ns, 3.4632 us/op
WorkloadResult  100: 267312 op, 752325051.50 ns, 2.8144 us/op

// AfterAll
// Benchmark Process 1021526 has exited with code 0.

Mean = 3.065 μs, StdErr = 0.025 μs (0.81%), N = 100, StdDev = 0.248 μs
Min = 2.781 μs, Q1 = 2.826 μs, Median = 3.065 μs, Q3 = 3.191 μs, Max = 3.888 μs
IQR = 0.365 μs, LowerFence = 2.278 μs, UpperFence = 3.739 μs
ConfidenceInterval = [2.981 μs; 3.149 μs] (CI 99.9%), Margin = 0.084 μs (2.74% of Mean)
Skewness = 0.92, Kurtosis = 3.55, MValue = 2.76

// ** Remained 3 (30.0 %) benchmark(s) to run. Estimated finish 2026-05-17 16:25 (0h 5m from now) **
// **************************
// Benchmark: SmokeBenchByte.Newtonsoft_Ser: Energy(OutlierMode=DontRemove, IterationTime=1s)
// *** Execute ***
// Launch: 1 / 1
// Execute: dotnet JsonBench-Energy-1.dll --anonymousPipes 125 126 --benchmarkName JsonBench.Benchmarks.SmokeBenchByte.Newtonsoft_Ser --job Energy --benchmarkId 7 in /home/test/json-energy-bench/JsonBench/bin/Release/net10.0/JsonBench-Energy-1/bin/Release/net10.0
// BeforeAnythingElse

// Benchmark Process Environment Information:
// BenchmarkDotNet v0.15.5-develop (2026-05-17)
// Runtime=.NET 10.0.7 (10.0.7, 10.0.726.21808), X64 RyuJIT x86-64-v3
// GC=Concurrent Workstation
// HardwareIntrinsics=AVX2+BMI1+BMI2+F16C+FMA+LZCNT+MOVBE,AVX,SSE3+SSSE3+SSE4.1+SSE4.2+POPCNT,X86Base+SSE+SSE2,AES+PCLMUL VectorSize=256
// Job: Energy(OutlierMode=DontRemove, IterationTime=1s)

OverheadJitting  1: 1 op, 185113.00 ns, 185.1130 us/op
WorkloadJitting  1: 1 op, 45657891.00 ns, 45.6579 ms/op

OverheadJitting  2: 16 op, 526573.00 ns, 32.9108 us/op
WorkloadJitting  2: 16 op, 1825658.00 ns, 114.1036 us/op

WorkloadPilot    1: 16 op, 903303.00 ns, 56.4564 us/op
WorkloadPilot    2: 17728 op, 542784313.00 ns, 30.6173 us/op
WorkloadPilot    3: 32672 op, 297625171.00 ns, 9.1095 us/op
WorkloadPilot    4: 109776 op, 1194286213.00 ns, 10.8793 us/op
WorkloadPilot    5: 91920 op, 1177795185.00 ns, 12.8133 us/op
WorkloadPilot    6: 78048 op, 1111871560.00 ns, 14.2460 us/op

OverheadWarmup   1: 78048 op, 281482.00 ns, 3.6065 ns/op
OverheadWarmup   2: 78048 op, 290623.00 ns, 3.7236 ns/op
OverheadWarmup   3: 78048 op, 415054.00 ns, 5.3179 ns/op
OverheadWarmup   4: 78048 op, 280733.00 ns, 3.5969 ns/op
OverheadWarmup   5: 78048 op, 282315.00 ns, 3.6172 ns/op
OverheadWarmup   6: 78048 op, 325652.00 ns, 4.1725 ns/op
OverheadWarmup   7: 78048 op, 288472.00 ns, 3.6961 ns/op

OverheadActual   1: 78048 op, 303802.00 ns, 3.8925 ns/op
OverheadActual   2: 78048 op, 561289.00 ns, 7.1916 ns/op
OverheadActual   3: 78048 op, 362100.00 ns, 4.6395 ns/op
OverheadActual   4: 78048 op, 275078.00 ns, 3.5245 ns/op
OverheadActual   5: 78048 op, 402569.00 ns, 5.1580 ns/op
OverheadActual   6: 78048 op, 274108.00 ns, 3.5120 ns/op
OverheadActual   7: 78048 op, 273876.00 ns, 3.5091 ns/op
OverheadActual   8: 78048 op, 648391.00 ns, 8.3076 ns/op
OverheadActual   9: 78048 op, 266878.00 ns, 3.4194 ns/op
OverheadActual  10: 78048 op, 393968.00 ns, 5.0478 ns/op
OverheadActual  11: 78048 op, 427671.00 ns, 5.4796 ns/op
OverheadActual  12: 78048 op, 267164.00 ns, 3.4231 ns/op
OverheadActual  13: 78048 op, 268295.00 ns, 3.4376 ns/op
OverheadActual  14: 78048 op, 430675.00 ns, 5.5181 ns/op
OverheadActual  15: 78048 op, 272715.00 ns, 3.4942 ns/op
OverheadActual  16: 78048 op, 418962.00 ns, 5.3680 ns/op
OverheadActual  17: 78048 op, 1530716.00 ns, 19.6125 ns/op
OverheadActual  18: 78048 op, 279297.00 ns, 3.5785 ns/op
OverheadActual  19: 78048 op, 277014.00 ns, 3.5493 ns/op
OverheadActual  20: 78048 op, 529842.00 ns, 6.7887 ns/op

WorkloadWarmup   1: 78048 op, 1059667180.00 ns, 13.5771 us/op
WorkloadWarmup   2: 78048 op, 968040294.00 ns, 12.4031 us/op
WorkloadWarmup   3: 78048 op, 736095486.00 ns, 9.4313 us/op
WorkloadWarmup   4: 78048 op, 715415228.00 ns, 9.1663 us/op
WorkloadWarmup   5: 78048 op, 757022111.00 ns, 9.6994 us/op
WorkloadWarmup   6: 78048 op, 714109309.00 ns, 9.1496 us/op
WorkloadWarmup   7: 78048 op, 750385749.00 ns, 9.6144 us/op
WorkloadWarmup   8: 78048 op, 719277363.00 ns, 9.2158 us/op

// BeforeActualRun
WorkloadActual   1: 78048 op, 924407957.00 ns, 11.8441 us/op
WorkloadActual   2: 78048 op, 906518567.00 ns, 11.6149 us/op
WorkloadActual   3: 78048 op, 722906698.00 ns, 9.2623 us/op
WorkloadActual   4: 78048 op, 719636282.00 ns, 9.2204 us/op
WorkloadActual   5: 78048 op, 723683539.00 ns, 9.2723 us/op
WorkloadActual   6: 78048 op, 731234790.00 ns, 9.3690 us/op
WorkloadActual   7: 78048 op, 722636879.00 ns, 9.2589 us/op
WorkloadActual   8: 78048 op, 853035593.00 ns, 10.9296 us/op
WorkloadActual   9: 78048 op, 727770341.00 ns, 9.3247 us/op
WorkloadActual  10: 78048 op, 763187883.00 ns, 9.7784 us/op
WorkloadActual  11: 78048 op, 799813764.00 ns, 10.2477 us/op
WorkloadActual  12: 78048 op, 721133833.00 ns, 9.2396 us/op
WorkloadActual  13: 78048 op, 722627098.00 ns, 9.2588 us/op
WorkloadActual  14: 78048 op, 928836074.00 ns, 11.9008 us/op
WorkloadActual  15: 78048 op, 922462507.00 ns, 11.8192 us/op
WorkloadActual  16: 78048 op, 766231025.00 ns, 9.8174 us/op
WorkloadActual  17: 78048 op, 764710488.00 ns, 9.7980 us/op
WorkloadActual  18: 78048 op, 732737432.00 ns, 9.3883 us/op
WorkloadActual  19: 78048 op, 729507083.00 ns, 9.3469 us/op
WorkloadActual  20: 78048 op, 753554843.00 ns, 9.6550 us/op
WorkloadActual  21: 78048 op, 841207032.00 ns, 10.7781 us/op
WorkloadActual  22: 78048 op, 724309273.00 ns, 9.2803 us/op
WorkloadActual  23: 78048 op, 747637806.00 ns, 9.5792 us/op
WorkloadActual  24: 78048 op, 734972319.00 ns, 9.4169 us/op
WorkloadActual  25: 78048 op, 718118602.00 ns, 9.2010 us/op
WorkloadActual  26: 78048 op, 723848678.00 ns, 9.2744 us/op
WorkloadActual  27: 78048 op, 857503751.00 ns, 10.9869 us/op
WorkloadActual  28: 78048 op, 850830207.00 ns, 10.9014 us/op
WorkloadActual  29: 78048 op, 898189259.00 ns, 11.5082 us/op
WorkloadActual  30: 78048 op, 795449474.00 ns, 10.1918 us/op
WorkloadActual  31: 78048 op, 782019436.00 ns, 10.0197 us/op
WorkloadActual  32: 78048 op, 777554456.00 ns, 9.9625 us/op
WorkloadActual  33: 78048 op, 712567655.00 ns, 9.1299 us/op
WorkloadActual  34: 78048 op, 708411286.00 ns, 9.0766 us/op
WorkloadActual  35: 78048 op, 826996946.00 ns, 10.5960 us/op
WorkloadActual  36: 78048 op, 723957595.00 ns, 9.2758 us/op
WorkloadActual  37: 78048 op, 749060313.00 ns, 9.5974 us/op
WorkloadActual  38: 78048 op, 719041243.00 ns, 9.2128 us/op
WorkloadActual  39: 78048 op, 718902417.00 ns, 9.2110 us/op
WorkloadActual  40: 78048 op, 864325185.00 ns, 11.0743 us/op
WorkloadActual  41: 78048 op, 866267474.00 ns, 11.0992 us/op
WorkloadActual  42: 78048 op, 878381748.00 ns, 11.2544 us/op
WorkloadActual  43: 78048 op, 768538609.00 ns, 9.8470 us/op
WorkloadActual  44: 78048 op, 730877086.00 ns, 9.3645 us/op
WorkloadActual  45: 78048 op, 783481659.00 ns, 10.0385 us/op
WorkloadActual  46: 78048 op, 774604874.00 ns, 9.9247 us/op
WorkloadActual  47: 78048 op, 721574098.00 ns, 9.2453 us/op
WorkloadActual  48: 78048 op, 714251706.00 ns, 9.1514 us/op
WorkloadActual  49: 78048 op, 885641216.00 ns, 11.3474 us/op
WorkloadActual  50: 78048 op, 780052125.00 ns, 9.9945 us/op
WorkloadActual  51: 78048 op, 781879891.00 ns, 10.0179 us/op
WorkloadActual  52: 78048 op, 789554651.00 ns, 10.1163 us/op
WorkloadActual  53: 78048 op, 1009845902.00 ns, 12.9388 us/op
WorkloadActual  54: 78048 op, 740409334.00 ns, 9.4866 us/op
WorkloadActual  55: 78048 op, 821894094.00 ns, 10.5306 us/op
WorkloadActual  56: 78048 op, 733640372.00 ns, 9.3999 us/op
WorkloadActual  57: 78048 op, 708563209.00 ns, 9.0786 us/op
WorkloadActual  58: 78048 op, 715259700.00 ns, 9.1644 us/op
WorkloadActual  59: 78048 op, 723136414.00 ns, 9.2653 us/op
WorkloadActual  60: 78048 op, 715022007.00 ns, 9.1613 us/op
WorkloadActual  61: 78048 op, 714833603.00 ns, 9.1589 us/op
WorkloadActual  62: 78048 op, 835557005.00 ns, 10.7057 us/op
WorkloadActual  63: 78048 op, 761269290.00 ns, 9.7539 us/op
WorkloadActual  64: 78048 op, 714081261.00 ns, 9.1493 us/op
WorkloadActual  65: 78048 op, 739386620.00 ns, 9.4735 us/op
WorkloadActual  66: 78048 op, 845209954.00 ns, 10.8294 us/op
WorkloadActual  67: 78048 op, 713279414.00 ns, 9.1390 us/op
WorkloadActual  68: 78048 op, 710455353.00 ns, 9.1028 us/op
WorkloadActual  69: 78048 op, 864024684.00 ns, 11.0704 us/op
WorkloadActual  70: 78048 op, 716747025.00 ns, 9.1834 us/op
WorkloadActual  71: 78048 op, 714535464.00 ns, 9.1551 us/op
WorkloadActual  72: 78048 op, 722351340.00 ns, 9.2552 us/op
WorkloadActual  73: 78048 op, 719940762.00 ns, 9.2243 us/op
WorkloadActual  74: 78048 op, 721688653.00 ns, 9.2467 us/op
WorkloadActual  75: 78048 op, 714940234.00 ns, 9.1603 us/op
WorkloadActual  76: 78048 op, 881449419.00 ns, 11.2937 us/op
WorkloadActual  77: 78048 op, 781464836.00 ns, 10.0126 us/op
WorkloadActual  78: 78048 op, 782568270.00 ns, 10.0268 us/op
WorkloadActual  79: 78048 op, 909798146.00 ns, 11.6569 us/op
WorkloadActual  80: 78048 op, 723346512.00 ns, 9.2680 us/op
WorkloadActual  81: 78048 op, 747767509.00 ns, 9.5809 us/op
WorkloadActual  82: 78048 op, 796935289.00 ns, 10.2108 us/op
WorkloadActual  83: 78048 op, 906533483.00 ns, 11.6151 us/op
WorkloadActual  84: 78048 op, 794970158.00 ns, 10.1857 us/op
WorkloadActual  85: 78048 op, 784897102.00 ns, 10.0566 us/op
WorkloadActual  86: 78048 op, 775404957.00 ns, 9.9350 us/op
WorkloadActual  87: 78048 op, 834940911.00 ns, 10.6978 us/op
WorkloadActual  88: 78048 op, 783358839.00 ns, 10.0369 us/op
WorkloadActual  89: 78048 op, 815042591.00 ns, 10.4428 us/op
WorkloadActual  90: 78048 op, 723118279.00 ns, 9.2650 us/op
WorkloadActual  91: 78048 op, 724882896.00 ns, 9.2877 us/op
WorkloadActual  92: 78048 op, 805515392.00 ns, 10.3208 us/op
WorkloadActual  93: 78048 op, 721271127.00 ns, 9.2414 us/op
WorkloadActual  94: 78048 op, 721684081.00 ns, 9.2467 us/op
WorkloadActual  95: 78048 op, 709443518.00 ns, 9.0898 us/op
WorkloadActual  96: 78048 op, 793394239.00 ns, 10.1655 us/op
WorkloadActual  97: 78048 op, 735908115.00 ns, 9.4289 us/op
WorkloadActual  98: 78048 op, 707165338.00 ns, 9.0606 us/op
WorkloadActual  99: 78048 op, 713250508.00 ns, 9.1386 us/op
WorkloadActual  100: 78048 op, 713510822.00 ns, 9.1419 us/op

// AfterActualRun
WorkloadResult   1: 78048 op, 924075006.00 ns, 11.8398 us/op
WorkloadResult   2: 78048 op, 906185616.00 ns, 11.6106 us/op
WorkloadResult   3: 78048 op, 722573747.00 ns, 9.2581 us/op
WorkloadResult   4: 78048 op, 719303331.00 ns, 9.2162 us/op
WorkloadResult   5: 78048 op, 723350588.00 ns, 9.2680 us/op
WorkloadResult   6: 78048 op, 730901839.00 ns, 9.3648 us/op
WorkloadResult   7: 78048 op, 722303928.00 ns, 9.2546 us/op
WorkloadResult   8: 78048 op, 852702642.00 ns, 10.9254 us/op
WorkloadResult   9: 78048 op, 727437390.00 ns, 9.3204 us/op
WorkloadResult  10: 78048 op, 762854932.00 ns, 9.7742 us/op
WorkloadResult  11: 78048 op, 799480813.00 ns, 10.2435 us/op
WorkloadResult  12: 78048 op, 720800882.00 ns, 9.2354 us/op
WorkloadResult  13: 78048 op, 722294147.00 ns, 9.2545 us/op
WorkloadResult  14: 78048 op, 928503123.00 ns, 11.8966 us/op
WorkloadResult  15: 78048 op, 922129556.00 ns, 11.8149 us/op
WorkloadResult  16: 78048 op, 765898074.00 ns, 9.8132 us/op
WorkloadResult  17: 78048 op, 764377537.00 ns, 9.7937 us/op
WorkloadResult  18: 78048 op, 732404481.00 ns, 9.3840 us/op
WorkloadResult  19: 78048 op, 729174132.00 ns, 9.3426 us/op
WorkloadResult  20: 78048 op, 753221892.00 ns, 9.6508 us/op
WorkloadResult  21: 78048 op, 840874081.00 ns, 10.7738 us/op
WorkloadResult  22: 78048 op, 723976322.00 ns, 9.2760 us/op
WorkloadResult  23: 78048 op, 747304855.00 ns, 9.5749 us/op
WorkloadResult  24: 78048 op, 734639368.00 ns, 9.4127 us/op
WorkloadResult  25: 78048 op, 717785651.00 ns, 9.1967 us/op
WorkloadResult  26: 78048 op, 723515727.00 ns, 9.2701 us/op
WorkloadResult  27: 78048 op, 857170800.00 ns, 10.9826 us/op
WorkloadResult  28: 78048 op, 850497256.00 ns, 10.8971 us/op
WorkloadResult  29: 78048 op, 897856308.00 ns, 11.5039 us/op
WorkloadResult  30: 78048 op, 795116523.00 ns, 10.1875 us/op
WorkloadResult  31: 78048 op, 781686485.00 ns, 10.0155 us/op
WorkloadResult  32: 78048 op, 777221505.00 ns, 9.9583 us/op
WorkloadResult  33: 78048 op, 712234704.00 ns, 9.1256 us/op
WorkloadResult  34: 78048 op, 708078335.00 ns, 9.0723 us/op
WorkloadResult  35: 78048 op, 826663995.00 ns, 10.5917 us/op
WorkloadResult  36: 78048 op, 723624644.00 ns, 9.2715 us/op
WorkloadResult  37: 78048 op, 748727362.00 ns, 9.5932 us/op
WorkloadResult  38: 78048 op, 718708292.00 ns, 9.2085 us/op
WorkloadResult  39: 78048 op, 718569466.00 ns, 9.2068 us/op
WorkloadResult  40: 78048 op, 863992234.00 ns, 11.0700 us/op
WorkloadResult  41: 78048 op, 865934523.00 ns, 11.0949 us/op
WorkloadResult  42: 78048 op, 878048797.00 ns, 11.2501 us/op
WorkloadResult  43: 78048 op, 768205658.00 ns, 9.8427 us/op
WorkloadResult  44: 78048 op, 730544135.00 ns, 9.3602 us/op
WorkloadResult  45: 78048 op, 783148708.00 ns, 10.0342 us/op
WorkloadResult  46: 78048 op, 774271923.00 ns, 9.9205 us/op
WorkloadResult  47: 78048 op, 721241147.00 ns, 9.2410 us/op
WorkloadResult  48: 78048 op, 713918755.00 ns, 9.1472 us/op
WorkloadResult  49: 78048 op, 885308265.00 ns, 11.3431 us/op
WorkloadResult  50: 78048 op, 779719174.00 ns, 9.9903 us/op
WorkloadResult  51: 78048 op, 781546940.00 ns, 10.0137 us/op
WorkloadResult  52: 78048 op, 789221700.00 ns, 10.1120 us/op
WorkloadResult  53: 78048 op, 1009512951.00 ns, 12.9345 us/op
WorkloadResult  54: 78048 op, 740076383.00 ns, 9.4823 us/op
WorkloadResult  55: 78048 op, 821561143.00 ns, 10.5264 us/op
WorkloadResult  56: 78048 op, 733307421.00 ns, 9.3956 us/op
WorkloadResult  57: 78048 op, 708230258.00 ns, 9.0743 us/op
WorkloadResult  58: 78048 op, 714926749.00 ns, 9.1601 us/op
WorkloadResult  59: 78048 op, 722803463.00 ns, 9.2610 us/op
WorkloadResult  60: 78048 op, 714689056.00 ns, 9.1570 us/op
WorkloadResult  61: 78048 op, 714500652.00 ns, 9.1546 us/op
WorkloadResult  62: 78048 op, 835224054.00 ns, 10.7014 us/op
WorkloadResult  63: 78048 op, 760936339.00 ns, 9.7496 us/op
WorkloadResult  64: 78048 op, 713748310.00 ns, 9.1450 us/op
WorkloadResult  65: 78048 op, 739053669.00 ns, 9.4692 us/op
WorkloadResult  66: 78048 op, 844877003.00 ns, 10.8251 us/op
WorkloadResult  67: 78048 op, 712946463.00 ns, 9.1347 us/op
WorkloadResult  68: 78048 op, 710122402.00 ns, 9.0985 us/op
WorkloadResult  69: 78048 op, 863691733.00 ns, 11.0662 us/op
WorkloadResult  70: 78048 op, 716414074.00 ns, 9.1791 us/op
WorkloadResult  71: 78048 op, 714202513.00 ns, 9.1508 us/op
WorkloadResult  72: 78048 op, 722018389.00 ns, 9.2510 us/op
WorkloadResult  73: 78048 op, 719607811.00 ns, 9.2201 us/op
WorkloadResult  74: 78048 op, 721355702.00 ns, 9.2425 us/op
WorkloadResult  75: 78048 op, 714607283.00 ns, 9.1560 us/op
WorkloadResult  76: 78048 op, 881116468.00 ns, 11.2894 us/op
WorkloadResult  77: 78048 op, 781131885.00 ns, 10.0084 us/op
WorkloadResult  78: 78048 op, 782235319.00 ns, 10.0225 us/op
WorkloadResult  79: 78048 op, 909465195.00 ns, 11.6526 us/op
WorkloadResult  80: 78048 op, 723013561.00 ns, 9.2637 us/op
WorkloadResult  81: 78048 op, 747434558.00 ns, 9.5766 us/op
WorkloadResult  82: 78048 op, 796602338.00 ns, 10.2066 us/op
WorkloadResult  83: 78048 op, 906200532.00 ns, 11.6108 us/op
WorkloadResult  84: 78048 op, 794637207.00 ns, 10.1814 us/op
WorkloadResult  85: 78048 op, 784564151.00 ns, 10.0523 us/op
WorkloadResult  86: 78048 op, 775072006.00 ns, 9.9307 us/op
WorkloadResult  87: 78048 op, 834607960.00 ns, 10.6935 us/op
WorkloadResult  88: 78048 op, 783025888.00 ns, 10.0326 us/op
WorkloadResult  89: 78048 op, 814709640.00 ns, 10.4386 us/op
WorkloadResult  90: 78048 op, 722785328.00 ns, 9.2608 us/op
WorkloadResult  91: 78048 op, 724549945.00 ns, 9.2834 us/op
WorkloadResult  92: 78048 op, 805182441.00 ns, 10.3165 us/op
WorkloadResult  93: 78048 op, 720938176.00 ns, 9.2371 us/op
WorkloadResult  94: 78048 op, 721351130.00 ns, 9.2424 us/op
WorkloadResult  95: 78048 op, 709110567.00 ns, 9.0856 us/op
WorkloadResult  96: 78048 op, 793061288.00 ns, 10.1612 us/op
WorkloadResult  97: 78048 op, 735575164.00 ns, 9.4247 us/op
WorkloadResult  98: 78048 op, 706832387.00 ns, 9.0564 us/op
WorkloadResult  99: 78048 op, 712917557.00 ns, 9.1343 us/op
WorkloadResult  100: 78048 op, 713177871.00 ns, 9.1377 us/op

// AfterAll
// Benchmark Process 1022281 has exited with code 0.

Mean = 9.906 μs, StdErr = 0.086 μs (0.87%), N = 100, StdDev = 0.857 μs
Min = 9.056 μs, Q1 = 9.242 μs, Median = 9.576 μs, Q3 = 10.262 μs, Max = 12.935 μs
IQR = 1.020 μs, LowerFence = 7.713 μs, UpperFence = 11.791 μs
ConfidenceInterval = [9.616 μs; 10.197 μs] (CI 99.9%), Margin = 0.291 μs (2.93% of Mean)
Skewness = 1.15, Kurtosis = 3.59, MValue = 2.75

// ** Remained 2 (20.0 %) benchmark(s) to run. Estimated finish 2026-05-17 16:25 (0h 3m from now) **
// **************************
// Benchmark: SmokeBenchByte.SpanJson_Ser: Energy(OutlierMode=DontRemove, IterationTime=1s)
// *** Execute ***
// Launch: 1 / 1
// Execute: dotnet JsonBench-Energy-1.dll --anonymousPipes 125 126 --benchmarkName JsonBench.Benchmarks.SmokeBenchByte.SpanJson_Ser --job Energy --benchmarkId 8 in /home/test/json-energy-bench/JsonBench/bin/Release/net10.0/JsonBench-Energy-1/bin/Release/net10.0
// BeforeAnythingElse

// Benchmark Process Environment Information:
// BenchmarkDotNet v0.15.5-develop (2026-05-17)
// Runtime=.NET 10.0.7 (10.0.7, 10.0.726.21808), X64 RyuJIT x86-64-v3
// GC=Concurrent Workstation
// HardwareIntrinsics=AVX2+BMI1+BMI2+F16C+FMA+LZCNT+MOVBE,AVX,SSE3+SSSE3+SSE4.1+SSE4.2+POPCNT,X86Base+SSE+SSE2,AES+PCLMUL VectorSize=256
// Job: Energy(OutlierMode=DontRemove, IterationTime=1s)

OverheadJitting  1: 1 op, 185786.00 ns, 185.7860 us/op
WorkloadJitting  1: 1 op, 71919594.00 ns, 71.9196 ms/op

WorkloadPilot    1: 4 op, 153396.00 ns, 38.3490 us/op
WorkloadPilot    2: 26076 op, 320616966.00 ns, 12.2955 us/op
WorkloadPilot    3: 81331 op, 406519878.00 ns, 4.9983 us/op
WorkloadPilot    4: 200066 op, 1020700685.00 ns, 5.1018 us/op
WorkloadPilot    5: 196008 op, 1114198191.00 ns, 5.6845 us/op
WorkloadPilot    6: 175918 op, 1053656837.00 ns, 5.9895 us/op

WorkloadWarmup   1: 175918 op, 1129241845.00 ns, 6.4191 us/op
WorkloadWarmup   2: 175918 op, 1058079380.00 ns, 6.0146 us/op
WorkloadWarmup   3: 175918 op, 977513560.00 ns, 5.5566 us/op
WorkloadWarmup   4: 175918 op, 872529499.00 ns, 4.9599 us/op
WorkloadWarmup   5: 175918 op, 782625545.00 ns, 4.4488 us/op
WorkloadWarmup   6: 175918 op, 789570754.00 ns, 4.4883 us/op
WorkloadWarmup   7: 175918 op, 814210256.00 ns, 4.6284 us/op
WorkloadWarmup   8: 175918 op, 882684294.00 ns, 5.0176 us/op
WorkloadWarmup   9: 175918 op, 1017071553.00 ns, 5.7815 us/op
WorkloadWarmup  10: 175918 op, 780104585.00 ns, 4.4345 us/op
WorkloadWarmup  11: 175918 op, 781925478.00 ns, 4.4448 us/op
WorkloadWarmup  12: 175918 op, 775235704.00 ns, 4.4068 us/op

// BeforeActualRun
WorkloadActual   1: 175918 op, 783709554.00 ns, 4.4550 us/op
WorkloadActual   2: 175918 op, 780062745.00 ns, 4.4342 us/op
WorkloadActual   3: 175918 op, 875940135.00 ns, 4.9793 us/op
WorkloadActual   4: 175918 op, 871050494.00 ns, 4.9515 us/op
WorkloadActual   5: 175918 op, 870597320.00 ns, 4.9489 us/op
WorkloadActual   6: 175918 op, 937566738.00 ns, 5.3296 us/op
WorkloadActual   7: 175918 op, 882448094.00 ns, 5.0162 us/op
WorkloadActual   8: 175918 op, 847586618.00 ns, 4.8181 us/op
WorkloadActual   9: 175918 op, 948032508.00 ns, 5.3891 us/op
WorkloadActual  10: 175918 op, 787158273.00 ns, 4.4746 us/op
WorkloadActual  11: 175918 op, 781698455.00 ns, 4.4435 us/op
WorkloadActual  12: 175918 op, 808935569.00 ns, 4.5984 us/op
WorkloadActual  13: 175918 op, 785857364.00 ns, 4.4672 us/op
WorkloadActual  14: 175918 op, 781371830.00 ns, 4.4417 us/op
WorkloadActual  15: 175918 op, 855506260.00 ns, 4.8631 us/op
WorkloadActual  16: 175918 op, 799102708.00 ns, 4.5425 us/op
WorkloadActual  17: 175918 op, 787348671.00 ns, 4.4757 us/op
WorkloadActual  18: 175918 op, 780883296.00 ns, 4.4389 us/op
WorkloadActual  19: 175918 op, 786571028.00 ns, 4.4712 us/op
WorkloadActual  20: 175918 op, 791394199.00 ns, 4.4987 us/op
WorkloadActual  21: 175918 op, 930728774.00 ns, 5.2907 us/op
WorkloadActual  22: 175918 op, 963858517.00 ns, 5.4790 us/op
WorkloadActual  23: 175918 op, 870237305.00 ns, 4.9468 us/op
WorkloadActual  24: 175918 op, 903672147.00 ns, 5.1369 us/op
WorkloadActual  25: 175918 op, 919624387.00 ns, 5.2276 us/op
WorkloadActual  26: 175918 op, 851972146.00 ns, 4.8430 us/op
WorkloadActual  27: 175918 op, 871335619.00 ns, 4.9531 us/op
WorkloadActual  28: 175918 op, 954459201.00 ns, 5.4256 us/op
WorkloadActual  29: 175918 op, 820509607.00 ns, 4.6642 us/op
WorkloadActual  30: 175918 op, 785612318.00 ns, 4.4658 us/op
WorkloadActual  31: 175918 op, 790558527.00 ns, 4.4939 us/op
WorkloadActual  32: 175918 op, 855372757.00 ns, 4.8623 us/op
WorkloadActual  33: 175918 op, 938584719.00 ns, 5.3354 us/op
WorkloadActual  34: 175918 op, 922280401.00 ns, 5.2427 us/op
WorkloadActual  35: 175918 op, 823901177.00 ns, 4.6834 us/op
WorkloadActual  36: 175918 op, 790087540.00 ns, 4.4912 us/op
WorkloadActual  37: 175918 op, 787996977.00 ns, 4.4793 us/op
WorkloadActual  38: 175918 op, 816196189.00 ns, 4.6396 us/op
WorkloadActual  39: 175918 op, 865091404.00 ns, 4.9176 us/op
WorkloadActual  40: 175918 op, 871083313.00 ns, 4.9516 us/op
WorkloadActual  41: 175918 op, 777309399.00 ns, 4.4186 us/op
WorkloadActual  42: 175918 op, 777961137.00 ns, 4.4223 us/op
WorkloadActual  43: 175918 op, 783596090.00 ns, 4.4543 us/op
WorkloadActual  44: 175918 op, 858203005.00 ns, 4.8784 us/op
WorkloadActual  45: 175918 op, 890244400.00 ns, 5.0606 us/op
WorkloadActual  46: 175918 op, 873311671.00 ns, 4.9643 us/op
WorkloadActual  47: 175918 op, 1027064352.00 ns, 5.8383 us/op
WorkloadActual  48: 175918 op, 796588852.00 ns, 4.5282 us/op
WorkloadActual  49: 175918 op, 816547170.00 ns, 4.6416 us/op
WorkloadActual  50: 175918 op, 902623750.00 ns, 5.1309 us/op
WorkloadActual  51: 175918 op, 837578699.00 ns, 4.7612 us/op
WorkloadActual  52: 175918 op, 875913621.00 ns, 4.9791 us/op
WorkloadActual  53: 175918 op, 940029843.00 ns, 5.3436 us/op
WorkloadActual  54: 175918 op, 856100459.00 ns, 4.8665 us/op
WorkloadActual  55: 175918 op, 844316513.00 ns, 4.7995 us/op
WorkloadActual  56: 175918 op, 957671848.00 ns, 5.4439 us/op
WorkloadActual  57: 175918 op, 784593872.00 ns, 4.4600 us/op
WorkloadActual  58: 175918 op, 818813290.00 ns, 4.6545 us/op
WorkloadActual  59: 175918 op, 881643332.00 ns, 5.0117 us/op
WorkloadActual  60: 175918 op, 803588555.00 ns, 4.5680 us/op
WorkloadActual  61: 175918 op, 867322039.00 ns, 4.9303 us/op
WorkloadActual  62: 175918 op, 803423674.00 ns, 4.5670 us/op
WorkloadActual  63: 175918 op, 812742342.00 ns, 4.6200 us/op
WorkloadActual  64: 175918 op, 788140039.00 ns, 4.4802 us/op
WorkloadActual  65: 175918 op, 899841465.00 ns, 5.1151 us/op
WorkloadActual  66: 175918 op, 783716841.00 ns, 4.4550 us/op
WorkloadActual  67: 175918 op, 807220319.00 ns, 4.5886 us/op
WorkloadActual  68: 175918 op, 985965112.00 ns, 5.6047 us/op
WorkloadActual  69: 175918 op, 789471423.00 ns, 4.4877 us/op
WorkloadActual  70: 175918 op, 779442614.00 ns, 4.4307 us/op
WorkloadActual  71: 175918 op, 877775508.00 ns, 4.9897 us/op
WorkloadActual  72: 175918 op, 935331070.00 ns, 5.3169 us/op
WorkloadActual  73: 175918 op, 914097918.00 ns, 5.1962 us/op
WorkloadActual  74: 175918 op, 897258010.00 ns, 5.1004 us/op
WorkloadActual  75: 175918 op, 933500947.00 ns, 5.3065 us/op
WorkloadActual  76: 175918 op, 863211225.00 ns, 4.9069 us/op
WorkloadActual  77: 175918 op, 894610738.00 ns, 5.0854 us/op
WorkloadActual  78: 175918 op, 825157342.00 ns, 4.6906 us/op
WorkloadActual  79: 175918 op, 806014186.00 ns, 4.5818 us/op
WorkloadActual  80: 175918 op, 931179467.00 ns, 5.2933 us/op
WorkloadActual  81: 175918 op, 784583495.00 ns, 4.4599 us/op
WorkloadActual  82: 175918 op, 781361891.00 ns, 4.4416 us/op
WorkloadActual  83: 175918 op, 845284804.00 ns, 4.8050 us/op
WorkloadActual  84: 175918 op, 843841056.00 ns, 4.7968 us/op
WorkloadActual  85: 175918 op, 788475294.00 ns, 4.4821 us/op
WorkloadActual  86: 175918 op, 791866625.00 ns, 4.5013 us/op
WorkloadActual  87: 175918 op, 781663688.00 ns, 4.4433 us/op
WorkloadActual  88: 175918 op, 779148593.00 ns, 4.4290 us/op
WorkloadActual  89: 175918 op, 791864331.00 ns, 4.5013 us/op
WorkloadActual  90: 175918 op, 899411316.00 ns, 5.1127 us/op
WorkloadActual  91: 175918 op, 880438140.00 ns, 5.0048 us/op
WorkloadActual  92: 175918 op, 865779582.00 ns, 4.9215 us/op
WorkloadActual  93: 175918 op, 790355295.00 ns, 4.4927 us/op
WorkloadActual  94: 175918 op, 791965337.00 ns, 4.5019 us/op
WorkloadActual  95: 175918 op, 788483547.00 ns, 4.4821 us/op
WorkloadActual  96: 175918 op, 871416482.00 ns, 4.9535 us/op
WorkloadActual  97: 175918 op, 935364839.00 ns, 5.3171 us/op
WorkloadActual  98: 175918 op, 873087595.00 ns, 4.9630 us/op
WorkloadActual  99: 175918 op, 867137411.00 ns, 4.9292 us/op
WorkloadActual  100: 175918 op, 817042379.00 ns, 4.6445 us/op

// AfterActualRun
WorkloadResult   1: 175918 op, 783709554.00 ns, 4.4550 us/op
WorkloadResult   2: 175918 op, 780062745.00 ns, 4.4342 us/op
WorkloadResult   3: 175918 op, 875940135.00 ns, 4.9793 us/op
WorkloadResult   4: 175918 op, 871050494.00 ns, 4.9515 us/op
WorkloadResult   5: 175918 op, 870597320.00 ns, 4.9489 us/op
WorkloadResult   6: 175918 op, 937566738.00 ns, 5.3296 us/op
WorkloadResult   7: 175918 op, 882448094.00 ns, 5.0162 us/op
WorkloadResult   8: 175918 op, 847586618.00 ns, 4.8181 us/op
WorkloadResult   9: 175918 op, 948032508.00 ns, 5.3891 us/op
WorkloadResult  10: 175918 op, 787158273.00 ns, 4.4746 us/op
WorkloadResult  11: 175918 op, 781698455.00 ns, 4.4435 us/op
WorkloadResult  12: 175918 op, 808935569.00 ns, 4.5984 us/op
WorkloadResult  13: 175918 op, 785857364.00 ns, 4.4672 us/op
WorkloadResult  14: 175918 op, 781371830.00 ns, 4.4417 us/op
WorkloadResult  15: 175918 op, 855506260.00 ns, 4.8631 us/op
WorkloadResult  16: 175918 op, 799102708.00 ns, 4.5425 us/op
WorkloadResult  17: 175918 op, 787348671.00 ns, 4.4757 us/op
WorkloadResult  18: 175918 op, 780883296.00 ns, 4.4389 us/op
WorkloadResult  19: 175918 op, 786571028.00 ns, 4.4712 us/op
WorkloadResult  20: 175918 op, 791394199.00 ns, 4.4987 us/op
WorkloadResult  21: 175918 op, 930728774.00 ns, 5.2907 us/op
WorkloadResult  22: 175918 op, 963858517.00 ns, 5.4790 us/op
WorkloadResult  23: 175918 op, 870237305.00 ns, 4.9468 us/op
WorkloadResult  24: 175918 op, 903672147.00 ns, 5.1369 us/op
WorkloadResult  25: 175918 op, 919624387.00 ns, 5.2276 us/op
WorkloadResult  26: 175918 op, 851972146.00 ns, 4.8430 us/op
WorkloadResult  27: 175918 op, 871335619.00 ns, 4.9531 us/op
WorkloadResult  28: 175918 op, 954459201.00 ns, 5.4256 us/op
WorkloadResult  29: 175918 op, 820509607.00 ns, 4.6642 us/op
WorkloadResult  30: 175918 op, 785612318.00 ns, 4.4658 us/op
WorkloadResult  31: 175918 op, 790558527.00 ns, 4.4939 us/op
WorkloadResult  32: 175918 op, 855372757.00 ns, 4.8623 us/op
WorkloadResult  33: 175918 op, 938584719.00 ns, 5.3354 us/op
WorkloadResult  34: 175918 op, 922280401.00 ns, 5.2427 us/op
WorkloadResult  35: 175918 op, 823901177.00 ns, 4.6834 us/op
WorkloadResult  36: 175918 op, 790087540.00 ns, 4.4912 us/op
WorkloadResult  37: 175918 op, 787996977.00 ns, 4.4793 us/op
WorkloadResult  38: 175918 op, 816196189.00 ns, 4.6396 us/op
WorkloadResult  39: 175918 op, 865091404.00 ns, 4.9176 us/op
WorkloadResult  40: 175918 op, 871083313.00 ns, 4.9516 us/op
WorkloadResult  41: 175918 op, 777309399.00 ns, 4.4186 us/op
WorkloadResult  42: 175918 op, 777961137.00 ns, 4.4223 us/op
WorkloadResult  43: 175918 op, 783596090.00 ns, 4.4543 us/op
WorkloadResult  44: 175918 op, 858203005.00 ns, 4.8784 us/op
WorkloadResult  45: 175918 op, 890244400.00 ns, 5.0606 us/op
WorkloadResult  46: 175918 op, 873311671.00 ns, 4.9643 us/op
WorkloadResult  47: 175918 op, 1027064352.00 ns, 5.8383 us/op
WorkloadResult  48: 175918 op, 796588852.00 ns, 4.5282 us/op
WorkloadResult  49: 175918 op, 816547170.00 ns, 4.6416 us/op
WorkloadResult  50: 175918 op, 902623750.00 ns, 5.1309 us/op
WorkloadResult  51: 175918 op, 837578699.00 ns, 4.7612 us/op
WorkloadResult  52: 175918 op, 875913621.00 ns, 4.9791 us/op
WorkloadResult  53: 175918 op, 940029843.00 ns, 5.3436 us/op
WorkloadResult  54: 175918 op, 856100459.00 ns, 4.8665 us/op
WorkloadResult  55: 175918 op, 844316513.00 ns, 4.7995 us/op
WorkloadResult  56: 175918 op, 957671848.00 ns, 5.4439 us/op
WorkloadResult  57: 175918 op, 784593872.00 ns, 4.4600 us/op
WorkloadResult  58: 175918 op, 818813290.00 ns, 4.6545 us/op
WorkloadResult  59: 175918 op, 881643332.00 ns, 5.0117 us/op
WorkloadResult  60: 175918 op, 803588555.00 ns, 4.5680 us/op
WorkloadResult  61: 175918 op, 867322039.00 ns, 4.9303 us/op
WorkloadResult  62: 175918 op, 803423674.00 ns, 4.5670 us/op
WorkloadResult  63: 175918 op, 812742342.00 ns, 4.6200 us/op
WorkloadResult  64: 175918 op, 788140039.00 ns, 4.4802 us/op
WorkloadResult  65: 175918 op, 899841465.00 ns, 5.1151 us/op
WorkloadResult  66: 175918 op, 783716841.00 ns, 4.4550 us/op
WorkloadResult  67: 175918 op, 807220319.00 ns, 4.5886 us/op
WorkloadResult  68: 175918 op, 985965112.00 ns, 5.6047 us/op
WorkloadResult  69: 175918 op, 789471423.00 ns, 4.4877 us/op
WorkloadResult  70: 175918 op, 779442614.00 ns, 4.4307 us/op
WorkloadResult  71: 175918 op, 877775508.00 ns, 4.9897 us/op
WorkloadResult  72: 175918 op, 935331070.00 ns, 5.3169 us/op
WorkloadResult  73: 175918 op, 914097918.00 ns, 5.1962 us/op
WorkloadResult  74: 175918 op, 897258010.00 ns, 5.1004 us/op
WorkloadResult  75: 175918 op, 933500947.00 ns, 5.3065 us/op
WorkloadResult  76: 175918 op, 863211225.00 ns, 4.9069 us/op
WorkloadResult  77: 175918 op, 894610738.00 ns, 5.0854 us/op
WorkloadResult  78: 175918 op, 825157342.00 ns, 4.6906 us/op
WorkloadResult  79: 175918 op, 806014186.00 ns, 4.5818 us/op
WorkloadResult  80: 175918 op, 931179467.00 ns, 5.2933 us/op
WorkloadResult  81: 175918 op, 784583495.00 ns, 4.4599 us/op
WorkloadResult  82: 175918 op, 781361891.00 ns, 4.4416 us/op
WorkloadResult  83: 175918 op, 845284804.00 ns, 4.8050 us/op
WorkloadResult  84: 175918 op, 843841056.00 ns, 4.7968 us/op
WorkloadResult  85: 175918 op, 788475294.00 ns, 4.4821 us/op
WorkloadResult  86: 175918 op, 791866625.00 ns, 4.5013 us/op
WorkloadResult  87: 175918 op, 781663688.00 ns, 4.4433 us/op
WorkloadResult  88: 175918 op, 779148593.00 ns, 4.4290 us/op
WorkloadResult  89: 175918 op, 791864331.00 ns, 4.5013 us/op
WorkloadResult  90: 175918 op, 899411316.00 ns, 5.1127 us/op
WorkloadResult  91: 175918 op, 880438140.00 ns, 5.0048 us/op
WorkloadResult  92: 175918 op, 865779582.00 ns, 4.9215 us/op
WorkloadResult  93: 175918 op, 790355295.00 ns, 4.4927 us/op
WorkloadResult  94: 175918 op, 791965337.00 ns, 4.5019 us/op
WorkloadResult  95: 175918 op, 788483547.00 ns, 4.4821 us/op
WorkloadResult  96: 175918 op, 871416482.00 ns, 4.9535 us/op
WorkloadResult  97: 175918 op, 935364839.00 ns, 5.3171 us/op
WorkloadResult  98: 175918 op, 873087595.00 ns, 4.9630 us/op
WorkloadResult  99: 175918 op, 867137411.00 ns, 4.9292 us/op
WorkloadResult  100: 175918 op, 817042379.00 ns, 4.6445 us/op

// AfterAll
// Benchmark Process 1023044 has exited with code 0.

Mean = 4.817 μs, StdErr = 0.034 μs (0.70%), N = 100, StdDev = 0.338 μs
Min = 4.419 μs, Q1 = 4.490 μs, Median = 4.802 μs, Q3 = 5.013 μs, Max = 5.838 μs
IQR = 0.522 μs, LowerFence = 3.707 μs, UpperFence = 5.797 μs
ConfidenceInterval = [4.702 μs; 4.932 μs] (CI 99.9%), Margin = 0.115 μs (2.38% of Mean)
Skewness = 0.61, Kurtosis = 2.48, MValue = 2.8

// ** Remained 1 (10.0 %) benchmark(s) to run. Estimated finish 2026-05-17 16:25 (0h 1m from now) **
// **************************
// Benchmark: SmokeBenchByte.Utf8Json_Ser: Energy(OutlierMode=DontRemove, IterationTime=1s)
// *** Execute ***
// Launch: 1 / 1
// Execute: dotnet JsonBench-Energy-1.dll --anonymousPipes 125 126 --benchmarkName JsonBench.Benchmarks.SmokeBenchByte.Utf8Json_Ser --job Energy --benchmarkId 9 in /home/test/json-energy-bench/JsonBench/bin/Release/net10.0/JsonBench-Energy-1/bin/Release/net10.0
// BeforeAnythingElse

// Benchmark Process Environment Information:
// BenchmarkDotNet v0.15.5-develop (2026-05-17)
// Runtime=.NET 10.0.7 (10.0.7, 10.0.726.21808), X64 RyuJIT x86-64-v3
// GC=Concurrent Workstation
// HardwareIntrinsics=AVX2+BMI1+BMI2+F16C+FMA+LZCNT+MOVBE,AVX,SSE3+SSSE3+SSE4.1+SSE4.2+POPCNT,X86Base+SSE+SSE2,AES+PCLMUL VectorSize=256
// Job: Energy(OutlierMode=DontRemove, IterationTime=1s)

OverheadJitting  1: 1 op, 187058.00 ns, 187.0580 us/op
WorkloadJitting  1: 1 op, 66590383.00 ns, 66.5904 ms/op

OverheadJitting  2: 16 op, 510363.00 ns, 31.8977 us/op
WorkloadJitting  2: 16 op, 1067264.00 ns, 66.7040 us/op

WorkloadPilot    1: 16 op, 558877.00 ns, 34.9298 us/op
WorkloadPilot    2: 28640 op, 272239007.00 ns, 9.5056 us/op
WorkloadPilot    3: 105216 op, 562222498.00 ns, 5.3435 us/op
WorkloadPilot    4: 187152 op, 1279211896.00 ns, 6.8351 us/op
WorkloadPilot    5: 146304 op, 1117808380.00 ns, 7.6403 us/op
WorkloadPilot    6: 130896 op, 1041480630.00 ns, 7.9566 us/op

OverheadWarmup   1: 130896 op, 824530.00 ns, 6.2991 ns/op
OverheadWarmup   2: 130896 op, 815508.00 ns, 6.2302 ns/op
OverheadWarmup   3: 130896 op, 656601.00 ns, 5.0162 ns/op
OverheadWarmup   4: 130896 op, 672555.00 ns, 5.1381 ns/op
OverheadWarmup   5: 130896 op, 696656.00 ns, 5.3222 ns/op
OverheadWarmup   6: 130896 op, 705860.00 ns, 5.3925 ns/op
OverheadWarmup   7: 130896 op, 890534.00 ns, 6.8034 ns/op
OverheadWarmup   8: 130896 op, 878960.00 ns, 6.7149 ns/op
OverheadWarmup   9: 130896 op, 931496.00 ns, 7.1163 ns/op
OverheadWarmup  10: 130896 op, 902364.00 ns, 6.8937 ns/op

OverheadActual   1: 130896 op, 777237.00 ns, 5.9378 ns/op
OverheadActual   2: 130896 op, 801263.00 ns, 6.1214 ns/op
OverheadActual   3: 130896 op, 760631.00 ns, 5.8110 ns/op
OverheadActual   4: 130896 op, 745560.00 ns, 5.6958 ns/op
OverheadActual   5: 130896 op, 756686.00 ns, 5.7808 ns/op
OverheadActual   6: 130896 op, 3798780.00 ns, 29.0214 ns/op
OverheadActual   7: 130896 op, 3797579.00 ns, 29.0122 ns/op
OverheadActual   8: 130896 op, 3790107.00 ns, 28.9551 ns/op
OverheadActual   9: 130896 op, 489607.00 ns, 3.7404 ns/op
OverheadActual  10: 130896 op, 495262.00 ns, 3.7836 ns/op
OverheadActual  11: 130896 op, 490999.00 ns, 3.7511 ns/op
OverheadActual  12: 130896 op, 496444.00 ns, 3.7927 ns/op
OverheadActual  13: 130896 op, 734360.00 ns, 5.6103 ns/op
OverheadActual  14: 130896 op, 2048977.00 ns, 15.6535 ns/op
OverheadActual  15: 130896 op, 485983.00 ns, 3.7127 ns/op
OverheadActual  16: 130896 op, 755087.00 ns, 5.7686 ns/op
OverheadActual  17: 130896 op, 495808.00 ns, 3.7878 ns/op
OverheadActual  18: 130896 op, 488720.00 ns, 3.7337 ns/op
OverheadActual  19: 130896 op, 493237.00 ns, 3.7682 ns/op
OverheadActual  20: 130896 op, 489954.00 ns, 3.7431 ns/op

WorkloadWarmup   1: 130896 op, 981347744.00 ns, 7.4972 us/op
WorkloadWarmup   2: 130896 op, 941681563.00 ns, 7.1941 us/op
WorkloadWarmup   3: 130896 op, 778900756.00 ns, 5.9505 us/op
WorkloadWarmup   4: 130896 op, 755839808.00 ns, 5.7744 us/op
WorkloadWarmup   5: 130896 op, 807631535.00 ns, 6.1700 us/op
WorkloadWarmup   6: 130896 op, 797258807.00 ns, 6.0908 us/op
WorkloadWarmup   7: 130896 op, 767149526.00 ns, 5.8608 us/op
WorkloadWarmup   8: 130896 op, 773064031.00 ns, 5.9059 us/op
WorkloadWarmup   9: 130896 op, 938029474.00 ns, 7.1662 us/op
WorkloadWarmup  10: 130896 op, 824311932.00 ns, 6.2975 us/op

// BeforeActualRun
WorkloadActual   1: 130896 op, 803442873.00 ns, 6.1380 us/op
WorkloadActual   2: 130896 op, 702546872.00 ns, 5.3672 us/op
WorkloadActual   3: 130896 op, 694241854.00 ns, 5.3038 us/op
WorkloadActual   4: 130896 op, 712086426.00 ns, 5.4401 us/op
WorkloadActual   5: 130896 op, 713157490.00 ns, 5.4483 us/op
WorkloadActual   6: 130896 op, 851976542.00 ns, 6.5088 us/op
WorkloadActual   7: 130896 op, 707885980.00 ns, 5.4080 us/op
WorkloadActual   8: 130896 op, 703944942.00 ns, 5.3779 us/op
WorkloadActual   9: 130896 op, 695608203.00 ns, 5.3142 us/op
WorkloadActual  10: 130896 op, 699324789.00 ns, 5.3426 us/op
WorkloadActual  11: 130896 op, 697384016.00 ns, 5.3278 us/op
WorkloadActual  12: 130896 op, 754584544.00 ns, 5.7648 us/op
WorkloadActual  13: 130896 op, 947359210.00 ns, 7.2375 us/op
WorkloadActual  14: 130896 op, 792597644.00 ns, 6.0552 us/op
WorkloadActual  15: 130896 op, 707674940.00 ns, 5.4064 us/op
WorkloadActual  16: 130896 op, 715413186.00 ns, 5.4655 us/op
WorkloadActual  17: 130896 op, 698659834.00 ns, 5.3375 us/op
WorkloadActual  18: 130896 op, 701330444.00 ns, 5.3579 us/op
WorkloadActual  19: 130896 op, 701498605.00 ns, 5.3592 us/op
WorkloadActual  20: 130896 op, 835103844.00 ns, 6.3799 us/op
WorkloadActual  21: 130896 op, 722306899.00 ns, 5.5182 us/op
WorkloadActual  22: 130896 op, 703230723.00 ns, 5.3724 us/op
WorkloadActual  23: 130896 op, 704433607.00 ns, 5.3816 us/op
WorkloadActual  24: 130896 op, 702173935.00 ns, 5.3644 us/op
WorkloadActual  25: 130896 op, 710343993.00 ns, 5.4268 us/op
WorkloadActual  26: 130896 op, 793219064.00 ns, 6.0599 us/op
WorkloadActual  27: 130896 op, 1002791846.00 ns, 7.6610 us/op
WorkloadActual  28: 130896 op, 777884700.00 ns, 5.9428 us/op
WorkloadActual  29: 130896 op, 703340496.00 ns, 5.3733 us/op
WorkloadActual  30: 130896 op, 730082833.00 ns, 5.5776 us/op
WorkloadActual  31: 130896 op, 702473125.00 ns, 5.3667 us/op
WorkloadActual  32: 130896 op, 706508683.00 ns, 5.3975 us/op
WorkloadActual  33: 130896 op, 764698843.00 ns, 5.8420 us/op
WorkloadActual  34: 130896 op, 837669045.00 ns, 6.3995 us/op
WorkloadActual  35: 130896 op, 760425705.00 ns, 5.8094 us/op
WorkloadActual  36: 130896 op, 799437648.00 ns, 6.1074 us/op
WorkloadActual  37: 130896 op, 796608617.00 ns, 6.0858 us/op
WorkloadActual  38: 130896 op, 718529750.00 ns, 5.4893 us/op
WorkloadActual  39: 130896 op, 871950630.00 ns, 6.6614 us/op
WorkloadActual  40: 130896 op, 812659099.00 ns, 6.2084 us/op
WorkloadActual  41: 130896 op, 782424939.00 ns, 5.9775 us/op
WorkloadActual  42: 130896 op, 769235125.00 ns, 5.8767 us/op
WorkloadActual  43: 130896 op, 787218521.00 ns, 6.0141 us/op
WorkloadActual  44: 130896 op, 726851694.00 ns, 5.5529 us/op
WorkloadActual  45: 130896 op, 746643298.00 ns, 5.7041 us/op
WorkloadActual  46: 130896 op, 863068139.00 ns, 6.5935 us/op
WorkloadActual  47: 130896 op, 890112625.00 ns, 6.8002 us/op
WorkloadActual  48: 130896 op, 705325532.00 ns, 5.3884 us/op
WorkloadActual  49: 130896 op, 705086881.00 ns, 5.3866 us/op
WorkloadActual  50: 130896 op, 711650163.00 ns, 5.4368 us/op
WorkloadActual  51: 130896 op, 706020609.00 ns, 5.3938 us/op
WorkloadActual  52: 130896 op, 763852539.00 ns, 5.8356 us/op
WorkloadActual  53: 130896 op, 745553790.00 ns, 5.6958 us/op
WorkloadActual  54: 130896 op, 899315774.00 ns, 6.8705 us/op
WorkloadActual  55: 130896 op, 758013016.00 ns, 5.7910 us/op
WorkloadActual  56: 130896 op, 691317164.00 ns, 5.2814 us/op
WorkloadActual  57: 130896 op, 693161169.00 ns, 5.2955 us/op
WorkloadActual  58: 130896 op, 700146653.00 ns, 5.3489 us/op
WorkloadActual  59: 130896 op, 702164896.00 ns, 5.3643 us/op
WorkloadActual  60: 130896 op, 694417249.00 ns, 5.3051 us/op
WorkloadActual  61: 130896 op, 745931977.00 ns, 5.6987 us/op
WorkloadActual  62: 130896 op, 849621881.00 ns, 6.4908 us/op
WorkloadActual  63: 130896 op, 746168728.00 ns, 5.7005 us/op
WorkloadActual  64: 130896 op, 702306645.00 ns, 5.3654 us/op
WorkloadActual  65: 130896 op, 871820036.00 ns, 6.6604 us/op
WorkloadActual  66: 130896 op, 745208142.00 ns, 5.6931 us/op
WorkloadActual  67: 130896 op, 707882241.00 ns, 5.4080 us/op
WorkloadActual  68: 130896 op, 783585794.00 ns, 5.9863 us/op
WorkloadActual  69: 130896 op, 811397277.00 ns, 6.1988 us/op
WorkloadActual  70: 130896 op, 783825026.00 ns, 5.9882 us/op
WorkloadActual  71: 130896 op, 706183087.00 ns, 5.3950 us/op
WorkloadActual  72: 130896 op, 695255348.00 ns, 5.3115 us/op
WorkloadActual  73: 130896 op, 689783838.00 ns, 5.2697 us/op
WorkloadActual  74: 130896 op, 692719576.00 ns, 5.2921 us/op
WorkloadActual  75: 130896 op, 781415793.00 ns, 5.9697 us/op
WorkloadActual  76: 130896 op, 848171131.00 ns, 6.4797 us/op
WorkloadActual  77: 130896 op, 853997163.00 ns, 6.5242 us/op
WorkloadActual  78: 130896 op, 721117497.00 ns, 5.5091 us/op
WorkloadActual  79: 130896 op, 898239670.00 ns, 6.8622 us/op
WorkloadActual  80: 130896 op, 772984919.00 ns, 5.9053 us/op
WorkloadActual  81: 130896 op, 773480613.00 ns, 5.9091 us/op
WorkloadActual  82: 130896 op, 792307390.00 ns, 6.0530 us/op
WorkloadActual  83: 130896 op, 688201967.00 ns, 5.2576 us/op
WorkloadActual  84: 130896 op, 690559840.00 ns, 5.2756 us/op
WorkloadActual  85: 130896 op, 692884659.00 ns, 5.2934 us/op
WorkloadActual  86: 130896 op, 694554608.00 ns, 5.3062 us/op
WorkloadActual  87: 130896 op, 689620862.00 ns, 5.2685 us/op
WorkloadActual  88: 130896 op, 702261124.00 ns, 5.3650 us/op
WorkloadActual  89: 130896 op, 754055051.00 ns, 5.7607 us/op
WorkloadActual  90: 130896 op, 857377137.00 ns, 6.5501 us/op
WorkloadActual  91: 130896 op, 814261085.00 ns, 6.2207 us/op
WorkloadActual  92: 130896 op, 899325973.00 ns, 6.8705 us/op
WorkloadActual  93: 130896 op, 777550776.00 ns, 5.9402 us/op
WorkloadActual  94: 130896 op, 771591816.00 ns, 5.8947 us/op
WorkloadActual  95: 130896 op, 701934041.00 ns, 5.3625 us/op
WorkloadActual  96: 130896 op, 771011996.00 ns, 5.8903 us/op
WorkloadActual  97: 130896 op, 705457798.00 ns, 5.3895 us/op
WorkloadActual  98: 130896 op, 745833465.00 ns, 5.6979 us/op
WorkloadActual  99: 130896 op, 695935426.00 ns, 5.3167 us/op
WorkloadActual  100: 130896 op, 696254611.00 ns, 5.3191 us/op

// AfterActualRun
WorkloadResult   1: 130896 op, 802702913.00 ns, 6.1324 us/op
WorkloadResult   2: 130896 op, 701806912.00 ns, 5.3616 us/op
WorkloadResult   3: 130896 op, 693501894.00 ns, 5.2981 us/op
WorkloadResult   4: 130896 op, 711346466.00 ns, 5.4344 us/op
WorkloadResult   5: 130896 op, 712417530.00 ns, 5.4426 us/op
WorkloadResult   6: 130896 op, 851236582.00 ns, 6.5032 us/op
WorkloadResult   7: 130896 op, 707146020.00 ns, 5.4024 us/op
WorkloadResult   8: 130896 op, 703204982.00 ns, 5.3722 us/op
WorkloadResult   9: 130896 op, 694868243.00 ns, 5.3086 us/op
WorkloadResult  10: 130896 op, 698584829.00 ns, 5.3369 us/op
WorkloadResult  11: 130896 op, 696644056.00 ns, 5.3221 us/op
WorkloadResult  12: 130896 op, 753844584.00 ns, 5.7591 us/op
WorkloadResult  13: 130896 op, 946619250.00 ns, 7.2318 us/op
WorkloadResult  14: 130896 op, 791857684.00 ns, 6.0495 us/op
WorkloadResult  15: 130896 op, 706934980.00 ns, 5.4007 us/op
WorkloadResult  16: 130896 op, 714673226.00 ns, 5.4599 us/op
WorkloadResult  17: 130896 op, 697919874.00 ns, 5.3319 us/op
WorkloadResult  18: 130896 op, 700590484.00 ns, 5.3523 us/op
WorkloadResult  19: 130896 op, 700758645.00 ns, 5.3536 us/op
WorkloadResult  20: 130896 op, 834363884.00 ns, 6.3743 us/op
WorkloadResult  21: 130896 op, 721566939.00 ns, 5.5125 us/op
WorkloadResult  22: 130896 op, 702490763.00 ns, 5.3668 us/op
WorkloadResult  23: 130896 op, 703693647.00 ns, 5.3760 us/op
WorkloadResult  24: 130896 op, 701433975.00 ns, 5.3587 us/op
WorkloadResult  25: 130896 op, 709604033.00 ns, 5.4211 us/op
WorkloadResult  26: 130896 op, 792479104.00 ns, 6.0543 us/op
WorkloadResult  27: 130896 op, 1002051886.00 ns, 7.6553 us/op
WorkloadResult  28: 130896 op, 777144740.00 ns, 5.9371 us/op
WorkloadResult  29: 130896 op, 702600536.00 ns, 5.3676 us/op
WorkloadResult  30: 130896 op, 729342873.00 ns, 5.5719 us/op
WorkloadResult  31: 130896 op, 701733165.00 ns, 5.3610 us/op
WorkloadResult  32: 130896 op, 705768723.00 ns, 5.3918 us/op
WorkloadResult  33: 130896 op, 763958883.00 ns, 5.8364 us/op
WorkloadResult  34: 130896 op, 836929085.00 ns, 6.3938 us/op
WorkloadResult  35: 130896 op, 759685745.00 ns, 5.8037 us/op
WorkloadResult  36: 130896 op, 798697688.00 ns, 6.1018 us/op
WorkloadResult  37: 130896 op, 795868657.00 ns, 6.0802 us/op
WorkloadResult  38: 130896 op, 717789790.00 ns, 5.4837 us/op
WorkloadResult  39: 130896 op, 871210670.00 ns, 6.6557 us/op
WorkloadResult  40: 130896 op, 811919139.00 ns, 6.2028 us/op
WorkloadResult  41: 130896 op, 781684979.00 ns, 5.9718 us/op
WorkloadResult  42: 130896 op, 768495165.00 ns, 5.8710 us/op
WorkloadResult  43: 130896 op, 786478561.00 ns, 6.0084 us/op
WorkloadResult  44: 130896 op, 726111734.00 ns, 5.5472 us/op
WorkloadResult  45: 130896 op, 745903338.00 ns, 5.6984 us/op
WorkloadResult  46: 130896 op, 862328179.00 ns, 6.5879 us/op
WorkloadResult  47: 130896 op, 889372665.00 ns, 6.7945 us/op
WorkloadResult  48: 130896 op, 704585572.00 ns, 5.3828 us/op
WorkloadResult  49: 130896 op, 704346921.00 ns, 5.3810 us/op
WorkloadResult  50: 130896 op, 710910203.00 ns, 5.4311 us/op
WorkloadResult  51: 130896 op, 705280649.00 ns, 5.3881 us/op
WorkloadResult  52: 130896 op, 763112579.00 ns, 5.8299 us/op
WorkloadResult  53: 130896 op, 744813830.00 ns, 5.6901 us/op
WorkloadResult  54: 130896 op, 898575814.00 ns, 6.8648 us/op
WorkloadResult  55: 130896 op, 757273056.00 ns, 5.7853 us/op
WorkloadResult  56: 130896 op, 690577204.00 ns, 5.2758 us/op
WorkloadResult  57: 130896 op, 692421209.00 ns, 5.2899 us/op
WorkloadResult  58: 130896 op, 699406693.00 ns, 5.3432 us/op
WorkloadResult  59: 130896 op, 701424936.00 ns, 5.3586 us/op
WorkloadResult  60: 130896 op, 693677289.00 ns, 5.2995 us/op
WorkloadResult  61: 130896 op, 745192017.00 ns, 5.6930 us/op
WorkloadResult  62: 130896 op, 848881921.00 ns, 6.4852 us/op
WorkloadResult  63: 130896 op, 745428768.00 ns, 5.6948 us/op
WorkloadResult  64: 130896 op, 701566685.00 ns, 5.3597 us/op
WorkloadResult  65: 130896 op, 871080076.00 ns, 6.6547 us/op
WorkloadResult  66: 130896 op, 744468182.00 ns, 5.6875 us/op
WorkloadResult  67: 130896 op, 707142281.00 ns, 5.4023 us/op
WorkloadResult  68: 130896 op, 782845834.00 ns, 5.9807 us/op
WorkloadResult  69: 130896 op, 810657317.00 ns, 6.1931 us/op
WorkloadResult  70: 130896 op, 783085066.00 ns, 5.9825 us/op
WorkloadResult  71: 130896 op, 705443127.00 ns, 5.3893 us/op
WorkloadResult  72: 130896 op, 694515388.00 ns, 5.3059 us/op
WorkloadResult  73: 130896 op, 689043878.00 ns, 5.2641 us/op
WorkloadResult  74: 130896 op, 691979616.00 ns, 5.2865 us/op
WorkloadResult  75: 130896 op, 780675833.00 ns, 5.9641 us/op
WorkloadResult  76: 130896 op, 847431171.00 ns, 6.4741 us/op
WorkloadResult  77: 130896 op, 853257203.00 ns, 6.5186 us/op
WorkloadResult  78: 130896 op, 720377537.00 ns, 5.5034 us/op
WorkloadResult  79: 130896 op, 897499710.00 ns, 6.8566 us/op
WorkloadResult  80: 130896 op, 772244959.00 ns, 5.8997 us/op
WorkloadResult  81: 130896 op, 772740653.00 ns, 5.9035 us/op
WorkloadResult  82: 130896 op, 791567430.00 ns, 6.0473 us/op
WorkloadResult  83: 130896 op, 687462007.00 ns, 5.2520 us/op
WorkloadResult  84: 130896 op, 689819880.00 ns, 5.2700 us/op
WorkloadResult  85: 130896 op, 692144699.00 ns, 5.2877 us/op
WorkloadResult  86: 130896 op, 693814648.00 ns, 5.3005 us/op
WorkloadResult  87: 130896 op, 688880902.00 ns, 5.2628 us/op
WorkloadResult  88: 130896 op, 701521164.00 ns, 5.3594 us/op
WorkloadResult  89: 130896 op, 753315091.00 ns, 5.7551 us/op
WorkloadResult  90: 130896 op, 856637177.00 ns, 6.5444 us/op
WorkloadResult  91: 130896 op, 813521125.00 ns, 6.2150 us/op
WorkloadResult  92: 130896 op, 898586013.00 ns, 6.8649 us/op
WorkloadResult  93: 130896 op, 776810816.00 ns, 5.9346 us/op
WorkloadResult  94: 130896 op, 770851856.00 ns, 5.8890 us/op
WorkloadResult  95: 130896 op, 701194081.00 ns, 5.3569 us/op
WorkloadResult  96: 130896 op, 770272036.00 ns, 5.8846 us/op
WorkloadResult  97: 130896 op, 704717838.00 ns, 5.3838 us/op
WorkloadResult  98: 130896 op, 745093505.00 ns, 5.6923 us/op
WorkloadResult  99: 130896 op, 695195466.00 ns, 5.3111 us/op
WorkloadResult  100: 130896 op, 695514651.00 ns, 5.3135 us/op

// AfterAll
// Benchmark Process 1023798 has exited with code 0.

Mean = 5.764 μs, StdErr = 0.051 μs (0.89%), N = 100, StdDev = 0.514 μs
Min = 5.252 μs, Q1 = 5.360 μs, Median = 5.560 μs, Q3 = 6.018 μs, Max = 7.655 μs
IQR = 0.659 μs, LowerFence = 4.372 μs, UpperFence = 7.006 μs
ConfidenceInterval = [5.590 μs; 5.938 μs] (CI 99.9%), Margin = 0.174 μs (3.02% of Mean)
Skewness = 1.22, Kurtosis = 4.05, MValue = 2.96

// ** Remained 0 (0.0 %) benchmark(s) to run. Estimated finish 2026-05-17 16:25 (0h 0m from now) **
// ***** BenchmarkRunner: Finish  *****

// * Export *
  BenchmarkArtifacts/results/JsonBench.Benchmarks.SmokeBenchByte-report.csv
  BenchmarkArtifacts/results/JsonBench.Benchmarks.SmokeBenchByte-report-github.md
  BenchmarkArtifacts/results/JsonBench.Benchmarks.SmokeBenchByte-report.html
  BenchmarkArtifacts/results/JsonBench.Benchmarks.SmokeBenchByte-measurements.csv

// * Detailed results *
SmokeBenchByte.SpanJson_Deser: Energy(OutlierMode=DontRemove, IterationTime=1s)
Runtime = .NET 10.0.7 (10.0.7, 10.0.726.21808), X64 RyuJIT x86-64-v3; GC = Concurrent Workstation
Mean = 6.119 μs, StdErr = 0.059 μs (0.97%), N = 100, StdDev = 0.594 μs
Min = 5.627 μs, Q1 = 5.680 μs, Median = 5.816 μs, Q3 = 6.464 μs, Max = 8.524 μs
IQR = 0.784 μs, LowerFence = 4.504 μs, UpperFence = 7.640 μs
ConfidenceInterval = [5.918 μs; 6.321 μs] (CI 99.9%), Margin = 0.202 μs (3.29% of Mean)
Skewness = 1.75, Kurtosis = 6.54, MValue = 2.67
-------------------- Histogram --------------------
[5.615 μs ; 5.951 μs) | @@@@@@@@@@@@@@@@@@@@@@@@@@@@@@@@@@@@@@@@@@@@@@@@@@@@@@@@@
[5.951 μs ; 6.296 μs) | @@@@@@@
[6.296 μs ; 6.632 μs) | @@@@@@@@@@@@@@@@@@@@@
[6.632 μs ; 6.982 μs) | @@@@@@@@@
[6.982 μs ; 7.284 μs) | @
[7.284 μs ; 7.620 μs) | @@
[7.620 μs ; 7.801 μs) | 
[7.801 μs ; 8.137 μs) | @
[8.137 μs ; 8.605 μs) | @@
---------------------------------------------------

SmokeBenchByte.STJSrcGen_Deser: Energy(OutlierMode=DontRemove, IterationTime=1s)
Runtime = .NET 10.0.7 (10.0.7, 10.0.726.21808), X64 RyuJIT x86-64-v3; GC = Concurrent Workstation
Mean = 8.373 μs, StdErr = 0.073 μs (0.87%), N = 100, StdDev = 0.731 μs
Min = 7.595 μs, Q1 = 7.726 μs, Median = 8.267 μs, Q3 = 8.811 μs, Max = 10.673 μs
IQR = 1.085 μs, LowerFence = 6.098 μs, UpperFence = 10.439 μs
ConfidenceInterval = [8.126 μs; 8.621 μs] (CI 99.9%), Margin = 0.248 μs (2.96% of Mean)
Skewness = 0.96, Kurtosis = 3.36, MValue = 2.58
-------------------- Histogram --------------------
[ 7.588 μs ;  8.001 μs) | @@@@@@@@@@@@@@@@@@@@@@@@@@@@@@@@@@@@@@@@@@@@@@
[ 8.001 μs ;  8.456 μs) | @@@@@@@@@@
[ 8.456 μs ;  8.869 μs) | @@@@@@@@@@@@@@@@@@@@@
[ 8.869 μs ;  9.310 μs) | @@@@@@@@@@@@
[ 9.310 μs ;  9.754 μs) | @@@@@@@
[ 9.754 μs ; 10.328 μs) | @@
[10.328 μs ; 10.880 μs) | @@
---------------------------------------------------

SmokeBenchByte.STJRefGen_Deser: Energy(OutlierMode=DontRemove, IterationTime=1s)
Runtime = .NET 10.0.7 (10.0.7, 10.0.726.21808), X64 RyuJIT x86-64-v3; GC = Concurrent Workstation
Mean = 8.394 μs, StdErr = 0.064 μs (0.77%), N = 100, StdDev = 0.642 μs
Min = 7.672 μs, Q1 = 7.830 μs, Median = 8.212 μs, Q3 = 8.820 μs, Max = 10.746 μs
IQR = 0.991 μs, LowerFence = 6.343 μs, UpperFence = 10.307 μs
ConfidenceInterval = [8.176 μs; 8.612 μs] (CI 99.9%), Margin = 0.218 μs (2.60% of Mean)
Skewness = 1.14, Kurtosis = 4.53, MValue = 3.3
-------------------- Histogram --------------------
[ 7.665 μs ;  8.029 μs) | @@@@@@@@@@@@@@@@@@@@@@@@@@@@@@@@@@@@@@@@@@
[ 8.029 μs ;  8.535 μs) | @@@@@@@@@@@@@@@@@@@@
[ 8.535 μs ;  9.033 μs) | @@@@@@@@@@@@@@@@@@@@@@@
[ 9.033 μs ;  9.383 μs) | @@@@@@@@@@
[ 9.383 μs ;  9.624 μs) | @@
[ 9.624 μs ;  9.911 μs) | 
[ 9.911 μs ; 10.274 μs) | @
[10.274 μs ; 10.509 μs) | 
[10.509 μs ; 10.928 μs) | @@
---------------------------------------------------

SmokeBenchByte.Utf8Json_Deser: Energy(OutlierMode=DontRemove, IterationTime=1s)
Runtime = .NET 10.0.7 (10.0.7, 10.0.726.21808), X64 RyuJIT x86-64-v3; GC = Concurrent Workstation
Mean = 9.218 μs, StdErr = 0.082 μs (0.89%), N = 100, StdDev = 0.825 μs
Min = 8.290 μs, Q1 = 8.433 μs, Median = 9.278 μs, Q3 = 9.691 μs, Max = 12.248 μs
IQR = 1.258 μs, LowerFence = 6.546 μs, UpperFence = 11.578 μs
ConfidenceInterval = [8.938 μs; 9.498 μs] (CI 99.9%), Margin = 0.280 μs (3.03% of Mean)
Skewness = 1.01, Kurtosis = 4.4, MValue = 3.11
-------------------- Histogram --------------------
[ 8.238 μs ;  8.787 μs) | @@@@@@@@@@@@@@@@@@@@@@@@@@@@@@@@@@@@@@
[ 8.787 μs ;  9.309 μs) | @@@@@@@@@@@@
[ 9.309 μs ;  9.775 μs) | @@@@@@@@@@@@@@@@@@@@@@@@@@@@@
[ 9.775 μs ; 10.291 μs) | @@@@@@@@@@@@@@
[10.291 μs ; 10.871 μs) | @@@@
[10.871 μs ; 11.338 μs) | @
[11.338 μs ; 11.939 μs) | 
[11.939 μs ; 12.481 μs) | @@
---------------------------------------------------

SmokeBenchByte.Newtonsoft_Deser: Energy(OutlierMode=DontRemove, IterationTime=1s)
Runtime = .NET 10.0.7 (10.0.7, 10.0.726.21808), X64 RyuJIT x86-64-v3; GC = Concurrent Workstation
Mean = 16.813 μs, StdErr = 0.152 μs (0.90%), N = 100, StdDev = 1.516 μs
Min = 15.446 μs, Q1 = 15.622 μs, Median = 16.099 μs, Q3 = 17.817 μs, Max = 22.094 μs
IQR = 2.195 μs, LowerFence = 12.329 μs, UpperFence = 21.110 μs
ConfidenceInterval = [16.299 μs; 17.327 μs] (CI 99.9%), Margin = 0.514 μs (3.06% of Mean)
Skewness = 1.24, Kurtosis = 4.14, MValue = 2.54
-------------------- Histogram --------------------
[15.431 μs ; 16.540 μs) | @@@@@@@@@@@@@@@@@@@@@@@@@@@@@@@@@@@@@@@@@@@@@@@@@@@@@@@
[16.540 μs ; 17.398 μs) | @@@@@@@@@@@@@@@@
[17.398 μs ; 17.774 μs) | @@@
[17.774 μs ; 18.631 μs) | @@@@@@@@@@@@@@
[18.631 μs ; 19.631 μs) | @@@@@@@@
[19.631 μs ; 20.112 μs) | @
[20.112 μs ; 20.970 μs) | 
[20.970 μs ; 22.112 μs) | @@@
---------------------------------------------------

SmokeBenchByte.STJSrcGen_Ser: Energy(OutlierMode=DontRemove, IterationTime=1s)
Runtime = .NET 10.0.7 (10.0.7, 10.0.726.21808), X64 RyuJIT x86-64-v3; GC = Concurrent Workstation
Mean = 3.065 μs, StdErr = 0.025 μs (0.81%), N = 100, StdDev = 0.248 μs
Min = 2.781 μs, Q1 = 2.826 μs, Median = 3.065 μs, Q3 = 3.191 μs, Max = 3.888 μs
IQR = 0.365 μs, LowerFence = 2.278 μs, UpperFence = 3.739 μs
ConfidenceInterval = [2.981 μs; 3.149 μs] (CI 99.9%), Margin = 0.084 μs (2.74% of Mean)
Skewness = 0.92, Kurtosis = 3.55, MValue = 2.76
-------------------- Histogram --------------------
[2.778 μs ; 2.918 μs) | @@@@@@@@@@@@@@@@@@@@@@@@@@@@@@@@@@@@@
[2.918 μs ; 3.075 μs) | @@@@@@@@@@@@@
[3.075 μs ; 3.215 μs) | @@@@@@@@@@@@@@@@@@@@@@@@@@@@
[3.215 μs ; 3.354 μs) | @@@@@@@@@
[3.354 μs ; 3.489 μs) | @@@@@@@@
[3.489 μs ; 3.619 μs) | @
[3.619 μs ; 3.818 μs) | @@@
[3.818 μs ; 3.958 μs) | @
---------------------------------------------------

SmokeBenchByte.STJRefGen_Ser: Energy(OutlierMode=DontRemove, IterationTime=1s)
Runtime = .NET 10.0.7 (10.0.7, 10.0.726.21808), X64 RyuJIT x86-64-v3; GC = Concurrent Workstation
Mean = 4.494 μs, StdErr = 0.037 μs (0.81%), N = 100, StdDev = 0.365 μs
Min = 4.071 μs, Q1 = 4.167 μs, Median = 4.437 μs, Q3 = 4.714 μs, Max = 5.887 μs
IQR = 0.547 μs, LowerFence = 3.346 μs, UpperFence = 5.535 μs
ConfidenceInterval = [4.371 μs; 4.618 μs] (CI 99.9%), Margin = 0.124 μs (2.76% of Mean)
Skewness = 0.95, Kurtosis = 3.84, MValue = 3.06
-------------------- Histogram --------------------
[4.069 μs ; 4.276 μs) | @@@@@@@@@@@@@@@@@@@@@@@@@@@@@@@@@@@@@@@
[4.276 μs ; 4.463 μs) | @@@@@@@@@@@
[4.463 μs ; 4.670 μs) | @@@@@@@@@@@@@@@@@@@@@@@
[4.670 μs ; 4.795 μs) | @@@@
[4.795 μs ; 5.002 μs) | @@@@@@@@@@@@@@
[5.002 μs ; 5.268 μs) | @@@@@@
[5.268 μs ; 5.475 μs) | @@
[5.475 μs ; 5.784 μs) | 
[5.784 μs ; 5.990 μs) | @
---------------------------------------------------

SmokeBenchByte.SpanJson_Ser: Energy(OutlierMode=DontRemove, IterationTime=1s)
Runtime = .NET 10.0.7 (10.0.7, 10.0.726.21808), X64 RyuJIT x86-64-v3; GC = Concurrent Workstation
Mean = 4.817 μs, StdErr = 0.034 μs (0.70%), N = 100, StdDev = 0.338 μs
Min = 4.419 μs, Q1 = 4.490 μs, Median = 4.802 μs, Q3 = 5.013 μs, Max = 5.838 μs
IQR = 0.522 μs, LowerFence = 3.707 μs, UpperFence = 5.797 μs
ConfidenceInterval = [4.702 μs; 4.932 μs] (CI 99.9%), Margin = 0.115 μs (2.38% of Mean)
Skewness = 0.61, Kurtosis = 2.48, MValue = 2.8
-------------------- Histogram --------------------
[4.413 μs ; 4.633 μs) | @@@@@@@@@@@@@@@@@@@@@@@@@@@@@@@@@@@@@@@@
[4.633 μs ; 4.834 μs) | @@@@@@@@@@@@
[4.834 μs ; 5.025 μs) | @@@@@@@@@@@@@@@@@@@@@@@@
[5.025 μs ; 5.247 μs) | @@@@@@@@@@
[5.247 μs ; 5.481 μs) | @@@@@@@@@@@@
[5.481 μs ; 5.700 μs) | @
[5.700 μs ; 5.934 μs) | @
---------------------------------------------------

SmokeBenchByte.Utf8Json_Ser: Energy(OutlierMode=DontRemove, IterationTime=1s)
Runtime = .NET 10.0.7 (10.0.7, 10.0.726.21808), X64 RyuJIT x86-64-v3; GC = Concurrent Workstation
Mean = 5.764 μs, StdErr = 0.051 μs (0.89%), N = 100, StdDev = 0.514 μs
Min = 5.252 μs, Q1 = 5.360 μs, Median = 5.560 μs, Q3 = 6.018 μs, Max = 7.655 μs
IQR = 0.659 μs, LowerFence = 4.372 μs, UpperFence = 7.006 μs
ConfidenceInterval = [5.590 μs; 5.938 μs] (CI 99.9%), Margin = 0.174 μs (3.02% of Mean)
Skewness = 1.22, Kurtosis = 4.05, MValue = 2.96
-------------------- Histogram --------------------
[5.237 μs ; 5.527 μs) | @@@@@@@@@@@@@@@@@@@@@@@@@@@@@@@@@@@@@@@@@@@@@@@@@
[5.527 μs ; 5.684 μs) | @@
[5.684 μs ; 5.975 μs) | @@@@@@@@@@@@@@@@@@@@@
[5.975 μs ; 6.243 μs) | @@@@@@@@@@@@
[6.243 μs ; 6.370 μs) | 
[6.370 μs ; 6.660 μs) | @@@@@@@@@@
[6.660 μs ; 6.975 μs) | @@@@
[6.975 μs ; 7.377 μs) | @
[7.377 μs ; 7.801 μs) | @
---------------------------------------------------

SmokeBenchByte.Newtonsoft_Ser: Energy(OutlierMode=DontRemove, IterationTime=1s)
Runtime = .NET 10.0.7 (10.0.7, 10.0.726.21808), X64 RyuJIT x86-64-v3; GC = Concurrent Workstation
Mean = 9.906 μs, StdErr = 0.086 μs (0.87%), N = 100, StdDev = 0.857 μs
Min = 9.056 μs, Q1 = 9.242 μs, Median = 9.576 μs, Q3 = 10.262 μs, Max = 12.935 μs
IQR = 1.020 μs, LowerFence = 7.713 μs, UpperFence = 11.791 μs
ConfidenceInterval = [9.616 μs; 10.197 μs] (CI 99.9%), Margin = 0.291 μs (2.93% of Mean)
Skewness = 1.15, Kurtosis = 3.59, MValue = 2.75
-------------------- Histogram --------------------
[ 9.027 μs ;  9.512 μs) | @@@@@@@@@@@@@@@@@@@@@@@@@@@@@@@@@@@@@@@@@@@@@@@@@
[ 9.512 μs ;  9.736 μs) | @@@@
[ 9.736 μs ; 10.220 μs) | @@@@@@@@@@@@@@@@@@@@@
[10.220 μs ; 10.652 μs) | @@@@@
[10.652 μs ; 11.137 μs) | @@@@@@@@@@
[11.137 μs ; 11.458 μs) | @@@
[11.458 μs ; 11.943 μs) | @@@@@@@
[11.943 μs ; 12.427 μs) | 
[12.427 μs ; 12.692 μs) | 
[12.692 μs ; 13.177 μs) | @
---------------------------------------------------

// * Summary *

BenchmarkDotNet v0.15.5-develop (2026-05-17), Linux Ubuntu 24.04.4 LTS (Noble Numbat)
Intel Core i9-9900K CPU 3.60GHz (Max: 0.80GHz) (Coffee Lake), 1 CPU, 16 logical and 8 physical cores
.NET SDK 10.0.107
  [Host] : .NET 10.0.7 (10.0.7, 10.0.726.21808), X64 RyuJIT x86-64-v3
  Energy : .NET 10.0.7 (10.0.7, 10.0.726.21808), X64 RyuJIT x86-64-v3

Job=Energy  OutlierMode=DontRemove  IterationTime=1s  

| Method           | Mean      | Error     | StdDev    | Operations | Median    | Iterations | Metrion CPU Energy (uJ/op) | Metrion CPU Energy (uJ/iter) |
|----------------- |----------:|----------:|----------:|-----------:|----------:|-----------:|---------------------------:|-----------------------------:|
| SpanJson_Deser   |  6.119 μs | 0.2015 μs | 0.5941 μs |    125,232 |  5.816 μs |      100.0 |                      89.18 |                  11167697.81 |
| STJSrcGen_Deser  |  8.373 μs | 0.2479 μs | 0.7309 μs |     91,168 |  8.267 μs |      100.0 |                     124.64 |                  11363497.70 |
| STJRefGen_Deser  |  8.394 μs | 0.2178 μs | 0.6423 μs |    130,368 |  8.212 μs |      100.0 |                     119.80 |                  15618737.77 |
| Utf8Json_Deser   |  9.218 μs | 0.2796 μs | 0.8245 μs |     93,569 |  9.278 μs |      100.0 |                     132.42 |                  12390230.86 |
| Newtonsoft_Deser | 16.813 μs | 0.5143 μs | 1.5164 μs |     46,816 | 16.099 μs |      100.0 |                     248.03 |                  11611810.10 |
|                  |           |           |           |            |           |            |                            |                              |
| STJSrcGen_Ser    |  3.065 μs | 0.0841 μs | 0.2479 μs |    267,312 |  3.065 μs |      100.0 |                      44.77 |                  11968574.17 |
| STJRefGen_Ser    |  4.494 μs | 0.1238 μs | 0.3651 μs |    172,752 |  4.437 μs |      100.0 |                      67.48 |                  11657673.44 |
| SpanJson_Ser     |  4.817 μs | 0.1147 μs | 0.3383 μs |    175,918 |  4.802 μs |      100.0 |                      69.76 |                  12271753.49 |
| Utf8Json_Ser     |  5.764 μs | 0.1742 μs | 0.5136 μs |    130,896 |  5.560 μs |      100.0 |                      82.90 |                  10851642.67 |
| Newtonsoft_Ser   |  9.906 μs | 0.2907 μs | 0.8572 μs |     78,048 |  9.576 μs |      100.0 |                     142.80 |                  11145292.42 |

// * Warnings *
MultimodalDistribution
  SmokeBenchByte.STJRefGen_Deser: Energy -> It seems that the distribution is bimodal (mValue = 3.3)
  SmokeBenchByte.Utf8Json_Deser: Energy  -> It seems that the distribution can have several modes (mValue = 3.11)
  SmokeBenchByte.STJRefGen_Ser: Energy   -> It seems that the distribution can have several modes (mValue = 3.06)
  SmokeBenchByte.Utf8Json_Ser: Energy    -> It seems that the distribution can have several modes (mValue = 2.96)

// * Hints *
Outliers
  SmokeBenchByte.SpanJson_Deser: Energy   -> 3 outliers were detected (7.97 μs..8.53 μs)
  SmokeBenchByte.STJSrcGen_Deser: Energy  -> 2 outliers were detected (10.59 μs, 10.68 μs)
  SmokeBenchByte.STJRefGen_Deser: Energy  -> 2 outliers were detected (10.64 μs, 10.75 μs)
  SmokeBenchByte.Utf8Json_Deser: Energy   -> 2 outliers were detected (12.10 μs, 12.25 μs)
  SmokeBenchByte.Newtonsoft_Deser: Energy -> 3 outliers were detected (21.28 μs..22.10 μs)
  SmokeBenchByte.STJSrcGen_Ser: Energy    -> 2 outliers were detected (3.76 μs, 3.89 μs)
  SmokeBenchByte.STJRefGen_Ser: Energy    -> 1 outlier  was  detected (5.89 μs)
  SmokeBenchByte.SpanJson_Ser: Energy     -> 1 outlier  was  detected (5.84 μs)
  SmokeBenchByte.Utf8Json_Ser: Energy     -> 2 outliers were detected (7.24 μs, 7.66 μs)
  SmokeBenchByte.Newtonsoft_Ser: Energy   -> 4 outliers were detected (11.82 μs..12.94 μs)

// * Legends *
  Mean                         : Arithmetic mean of all measurements
  Error                        : Half of 99.9% confidence interval
  StdDev                       : Standard deviation of all measurements
  Operations                   : Actual invocations per measured iteration (from measurements)
  Median                       : Value separating the higher half of all measurements (50th percentile)
  Iterations                   : Number of target iterations
  Metrion CPU Energy (uJ/op)   : Average CPU core energy consumed per benchmark operation (uJ), captured with Metrion.
  Metrion CPU Energy (uJ/iter) : Average CPU core energy consumed per benchmark iteration (uJ), captured with Metrion.
  1 μs                         : 1 Microsecond (0.000001 sec)

// * Diagnostic Output - MetrionEnergyProfiler *
Metrion measured the energy for a total of 10 benchmarks.
The database files for each benchmark were stored in the Artifacts folder. e.g: 
/home/test/json-energy-bench/BenchmarkArtifacts/metrion/JsonBench.Benchmarks.SmokeBenchByte.STJRefGen_Deser-20260517-160907.pid1016989.db
The measurements details of Actual Stage for each benchmark:
BenchmarkMethod - StartTimestamp - EndTimestamp - TotalEnergyFromSummary - TotalEnergyFromRawMeasurements
STJRefGen_Deser: 2026-05-17T16:07:07.489647 - 2026-05-17T16:08:57.107370 - 1555.3665776022337 - 1561.8737774910965
STJSrcGen_Deser: 2026-05-17T16:09:27.404868 - 2026-05-17T16:10:43.893307 - 1128.6743606391594 - 1136.3497700986438
Newtonsoft_Deser: 2026-05-17T16:11:10.952121 - 2026-05-17T16:12:29.808420 - 1160.8184568302406 - 1161.1810101526758
SpanJson_Deser: 2026-05-17T16:12:57.044049 - 2026-05-17T16:14:13.839396 - 1101.7127012551068 - 1116.7697814919259
Utf8Json_Deser: 2026-05-17T16:14:43.661630 - 2026-05-17T16:16:10.086318 - 1233.8612569542547 - 1239.0230857640972
STJRefGen_Ser: 2026-05-17T16:16:39.283235 - 2026-05-17T16:17:57.107829 - 1156.8109968298788 - 1165.7673444227914
STJSrcGen_Ser: 2026-05-17T16:18:29.436300 - 2026-05-17T16:19:51.622114 - 1191.0252791014796 - 1196.8574167532418
Newtonsoft_Ser: 2026-05-17T16:20:16.760615 - 2026-05-17T16:21:34.221889 - 1113.1348896717084 - 1114.5292417126088
SpanJson_Ser: 2026-05-17T16:22:02.954562 - 2026-05-17T16:23:27.822366 - 1230.736214606842 - 1227.1753488741244
Utf8Json_Ser: 2026-05-17T16:23:57.788644 - 2026-05-17T16:25:13.454693 - 1083.0239170758346 - 1085.1642674492582


// ***** BenchmarkRunner: End *****
Run time: 00:18:46 (1126.29 sec), executed benchmarks: 10

Global total time: 00:18:52 (1132.5 sec), executed benchmarks: 10
// * Artifacts cleanup *
Artifacts cleanup is finished
