// Validating benchmarks:
// ***** BenchmarkRunner: Start   *****
// ***** Found 10 benchmark(s) in total *****
// ***** Building 1 exe(s) in Parallel: Start   *****
// start dotnet  restore --nodeReuse:false /p:UseSharedCompilation=false /p:Deterministic=true /p:Optimize=true /p:ArtifactsPath="/home/test/json-energy-bench/JsonBench/bin/Release/net10.0/JsonBench-Energy-1/" /p:OutDir="/home/test/json-energy-bench/JsonBench/bin/Release/net10.0/JsonBench-Energy-1/bin/Release/net10.0/" /p:OutputPath="/home/test/json-energy-bench/JsonBench/bin/Release/net10.0/JsonBench-Energy-1/bin/Release/net10.0/" /p:PublishDir="/home/test/json-energy-bench/JsonBench/bin/Release/net10.0/JsonBench-Energy-1/publish/" in /home/test/json-energy-bench/JsonBench/bin/Release/net10.0/JsonBench-Energy-1
// command took 1.28 sec and exited with 0
// start dotnet  build -c Release --no-restore --nodeReuse:false /p:UseSharedCompilation=false /p:Deterministic=true /p:Optimize=true /p:ArtifactsPath="/home/test/json-energy-bench/JsonBench/bin/Release/net10.0/JsonBench-Energy-1/" /p:OutDir="/home/test/json-energy-bench/JsonBench/bin/Release/net10.0/JsonBench-Energy-1/bin/Release/net10.0/" /p:OutputPath="/home/test/json-energy-bench/JsonBench/bin/Release/net10.0/JsonBench-Energy-1/bin/Release/net10.0/" /p:PublishDir="/home/test/json-energy-bench/JsonBench/bin/Release/net10.0/JsonBench-Energy-1/publish/" --output "/home/test/json-energy-bench/JsonBench/bin/Release/net10.0/JsonBench-Energy-1/bin/Release/net10.0/" in /home/test/json-energy-bench/JsonBench/bin/Release/net10.0/JsonBench-Energy-1
// command took 4.24 sec and exited with 0
// ***** Done, took 00:00:05 (5.57 sec)   *****
// Found 10 benchmarks:
//   SmokeBenchByte.STJRefGen_Deser: Energy(OutlierMode=DontRemove, IterationTime=1s)
//   SmokeBenchByte.STJSrcGen_Deser: Energy(OutlierMode=DontRemove, IterationTime=1s)
//   SmokeBenchByte.Newtonsoft_Deser: Energy(OutlierMode=DontRemove, IterationTime=1s)
//   SmokeBenchByte.SpanJson_Deser: Energy(OutlierMode=DontRemove, IterationTime=1s)
//   SmokeBenchByte.Utf8Json_Deser: Energy(OutlierMode=DontRemove, IterationTime=1s)
//   SmokeBenchByte.STJRefGen_Ser: Energy(OutlierMode=DontRemove, IterationTime=1s)
//   SmokeBenchByte.STJSrcGen_Ser: Energy(OutlierMode=DontRemove, IterationTime=1s)
//   SmokeBenchByte.Newtonsoft_Ser: Energy(OutlierMode=DontRemove, IterationTime=1s)
//   SmokeBenchByte.SpanJson_Ser: Energy(OutlierMode=DontRemove, IterationTime=1s)
//   SmokeBenchByte.Utf8Json_Ser: Energy(OutlierMode=DontRemove, IterationTime=1s)

// **************************
// Benchmark: SmokeBenchByte.STJRefGen_Deser: Energy(OutlierMode=DontRemove, IterationTime=1s)
// *** Execute ***
// Launch: 1 / 1
// Execute: dotnet JsonBench-Energy-1.dll --anonymousPipes 158 159 --benchmarkName JsonBench.Benchmarks.SmokeBenchByte.STJRefGen_Deser --job Energy --benchmarkId 0 in /home/test/json-energy-bench/JsonBench/bin/Release/net10.0/JsonBench-Energy-1/bin/Release/net10.0
// BeforeAnythingElse

// Benchmark Process Environment Information:
// BenchmarkDotNet v0.15.5-develop (2026-05-15)
// Runtime=.NET 10.0.7 (10.0.7, 10.0.726.21808), X64 RyuJIT x86-64-v3
// GC=Concurrent Workstation
// HardwareIntrinsics=AVX2+BMI1+BMI2+F16C+FMA+LZCNT+MOVBE,AVX,SSE3+SSSE3+SSE4.1+SSE4.2+POPCNT,X86Base+SSE+SSE2,AES+PCLMUL VectorSize=256
// Job: Energy(OutlierMode=DontRemove, IterationTime=1s)

OverheadJitting  1: 1 op, 190635.00 ns, 190.6350 us/op
WorkloadJitting  1: 1 op, 282201.00 ns, 282.2010 us/op

OverheadJitting  2: 16 op, 492450.00 ns, 30.7781 us/op
WorkloadJitting  2: 16 op, 841006.00 ns, 52.5629 us/op

WorkloadPilot    1: 16 op, 301664.00 ns, 18.8540 us/op
WorkloadPilot    2: 53040 op, 715659585.00 ns, 13.4928 us/op
WorkloadPilot    3: 74128 op, 647043716.00 ns, 8.7287 us/op
WorkloadPilot    4: 114576 op, 970925007.00 ns, 8.4741 us/op
WorkloadPilot    5: 118016 op, 1114589020.00 ns, 9.4444 us/op
WorkloadPilot    6: 105888 op, 1123115846.00 ns, 10.6066 us/op
WorkloadPilot    7: 94288 op, 876215993.00 ns, 9.2930 us/op
WorkloadPilot    8: 107616 op, 1090020286.00 ns, 10.1288 us/op

OverheadWarmup   1: 107616 op, 361220.00 ns, 3.3566 ns/op
OverheadWarmup   2: 107616 op, 352019.00 ns, 3.2711 ns/op
OverheadWarmup   3: 107616 op, 348734.00 ns, 3.2405 ns/op
OverheadWarmup   4: 107616 op, 358381.00 ns, 3.3302 ns/op
OverheadWarmup   5: 107616 op, 359785.00 ns, 3.3432 ns/op
OverheadWarmup   6: 107616 op, 359895.00 ns, 3.3443 ns/op
OverheadWarmup   7: 107616 op, 357776.00 ns, 3.3246 ns/op
OverheadWarmup   8: 107616 op, 353039.00 ns, 3.2805 ns/op
OverheadWarmup   9: 107616 op, 351221.00 ns, 3.2637 ns/op
OverheadWarmup  10: 107616 op, 352770.00 ns, 3.2780 ns/op

OverheadActual   1: 107616 op, 663425.00 ns, 6.1647 ns/op
OverheadActual   2: 107616 op, 485190.00 ns, 4.5085 ns/op
OverheadActual   3: 107616 op, 357448.00 ns, 3.3215 ns/op
OverheadActual   4: 107616 op, 353712.00 ns, 3.2868 ns/op
OverheadActual   5: 107616 op, 353095.00 ns, 3.2811 ns/op
OverheadActual   6: 107616 op, 353005.00 ns, 3.2802 ns/op
OverheadActual   7: 107616 op, 353324.00 ns, 3.2832 ns/op
OverheadActual   8: 107616 op, 351511.00 ns, 3.2663 ns/op
OverheadActual   9: 107616 op, 351590.00 ns, 3.2671 ns/op
OverheadActual  10: 107616 op, 1564206.00 ns, 14.5351 ns/op
OverheadActual  11: 107616 op, 359578.00 ns, 3.3413 ns/op
OverheadActual  12: 107616 op, 358706.00 ns, 3.3332 ns/op
OverheadActual  13: 107616 op, 351236.00 ns, 3.2638 ns/op
OverheadActual  14: 107616 op, 351090.00 ns, 3.2624 ns/op
OverheadActual  15: 107616 op, 353247.00 ns, 3.2825 ns/op
OverheadActual  16: 107616 op, 352050.00 ns, 3.2714 ns/op
OverheadActual  17: 107616 op, 352808.00 ns, 3.2784 ns/op
OverheadActual  18: 107616 op, 353078.00 ns, 3.2809 ns/op
OverheadActual  19: 107616 op, 353240.00 ns, 3.2824 ns/op
OverheadActual  20: 107616 op, 352454.00 ns, 3.2751 ns/op

WorkloadWarmup   1: 107616 op, 827890672.00 ns, 7.6930 us/op
WorkloadWarmup   2: 107616 op, 830922755.00 ns, 7.7212 us/op
WorkloadWarmup   3: 107616 op, 831718807.00 ns, 7.7286 us/op
WorkloadWarmup   4: 107616 op, 827528397.00 ns, 7.6896 us/op
WorkloadWarmup   5: 107616 op, 826913936.00 ns, 7.6839 us/op
WorkloadWarmup   6: 107616 op, 1004532043.00 ns, 9.3344 us/op
WorkloadWarmup   7: 107616 op, 972483788.00 ns, 9.0366 us/op

// BeforeActualRun
WorkloadActual   1: 107616 op, 825670020.00 ns, 7.6724 us/op
WorkloadActual   2: 107616 op, 828605196.00 ns, 7.6996 us/op
WorkloadActual   3: 107616 op, 827128372.00 ns, 7.6859 us/op
WorkloadActual   4: 107616 op, 831238975.00 ns, 7.7241 us/op
WorkloadActual   5: 107616 op, 945332851.00 ns, 8.7843 us/op
WorkloadActual   6: 107616 op, 827658155.00 ns, 7.6908 us/op
WorkloadActual   7: 107616 op, 826153029.00 ns, 7.6769 us/op
WorkloadActual   8: 107616 op, 828671342.00 ns, 7.7003 us/op
WorkloadActual   9: 107616 op, 860512522.00 ns, 7.9961 us/op
WorkloadActual  10: 107616 op, 824281247.00 ns, 7.6595 us/op
WorkloadActual  11: 107616 op, 999664612.00 ns, 9.2892 us/op
WorkloadActual  12: 107616 op, 839913707.00 ns, 7.8047 us/op
WorkloadActual  13: 107616 op, 824465758.00 ns, 7.6612 us/op
WorkloadActual  14: 107616 op, 823750750.00 ns, 7.6545 us/op
WorkloadActual  15: 107616 op, 830033683.00 ns, 7.7129 us/op
WorkloadActual  16: 107616 op, 826651098.00 ns, 7.6815 us/op
WorkloadActual  17: 107616 op, 854509163.00 ns, 7.9404 us/op
WorkloadActual  18: 107616 op, 883612036.00 ns, 8.2108 us/op
WorkloadActual  19: 107616 op, 824103754.00 ns, 7.6578 us/op
WorkloadActual  20: 107616 op, 822801761.00 ns, 7.6457 us/op
WorkloadActual  21: 107616 op, 823327860.00 ns, 7.6506 us/op
WorkloadActual  22: 107616 op, 856210186.00 ns, 7.9562 us/op
WorkloadActual  23: 107616 op, 918914777.00 ns, 8.5388 us/op
WorkloadActual  24: 107616 op, 911323541.00 ns, 8.4683 us/op
WorkloadActual  25: 107616 op, 824437443.00 ns, 7.6609 us/op
WorkloadActual  26: 107616 op, 822291110.00 ns, 7.6410 us/op
WorkloadActual  27: 107616 op, 825299394.00 ns, 7.6689 us/op
WorkloadActual  28: 107616 op, 822293925.00 ns, 7.6410 us/op
WorkloadActual  29: 107616 op, 823919315.00 ns, 7.6561 us/op
WorkloadActual  30: 107616 op, 915275674.00 ns, 8.5050 us/op
WorkloadActual  31: 107616 op, 822000263.00 ns, 7.6383 us/op
WorkloadActual  32: 107616 op, 821767393.00 ns, 7.6361 us/op
WorkloadActual  33: 107616 op, 826100792.00 ns, 7.6764 us/op
WorkloadActual  34: 107616 op, 899107975.00 ns, 8.3548 us/op
WorkloadActual  35: 107616 op, 899565095.00 ns, 8.3590 us/op
WorkloadActual  36: 107616 op, 926025659.00 ns, 8.6049 us/op
WorkloadActual  37: 107616 op, 824071797.00 ns, 7.6575 us/op
WorkloadActual  38: 107616 op, 825920826.00 ns, 7.6747 us/op
WorkloadActual  39: 107616 op, 821916667.00 ns, 7.6375 us/op
WorkloadActual  40: 107616 op, 824021900.00 ns, 7.6571 us/op
WorkloadActual  41: 107616 op, 828708906.00 ns, 7.7006 us/op
WorkloadActual  42: 107616 op, 874155648.00 ns, 8.1229 us/op
WorkloadActual  43: 107616 op, 881643273.00 ns, 8.1925 us/op
WorkloadActual  44: 107616 op, 825853276.00 ns, 7.6741 us/op
WorkloadActual  45: 107616 op, 824799741.00 ns, 7.6643 us/op
WorkloadActual  46: 107616 op, 841457006.00 ns, 7.8191 us/op
WorkloadActual  47: 107616 op, 924540540.00 ns, 8.5911 us/op
WorkloadActual  48: 107616 op, 826373307.00 ns, 7.6789 us/op
WorkloadActual  49: 107616 op, 910766844.00 ns, 8.4631 us/op
WorkloadActual  50: 107616 op, 817932142.00 ns, 7.6005 us/op
WorkloadActual  51: 107616 op, 818908339.00 ns, 7.6095 us/op
WorkloadActual  52: 107616 op, 846156377.00 ns, 7.8627 us/op
WorkloadActual  53: 107616 op, 817953908.00 ns, 7.6007 us/op
WorkloadActual  54: 107616 op, 826661206.00 ns, 7.6816 us/op
WorkloadActual  55: 107616 op, 911338499.00 ns, 8.4684 us/op
WorkloadActual  56: 107616 op, 824369885.00 ns, 7.6603 us/op
WorkloadActual  57: 107616 op, 852405251.00 ns, 7.9208 us/op
WorkloadActual  58: 107616 op, 929774630.00 ns, 8.6397 us/op
WorkloadActual  59: 107616 op, 832969052.00 ns, 7.7402 us/op
WorkloadActual  60: 107616 op, 822384206.00 ns, 7.6418 us/op
WorkloadActual  61: 107616 op, 936757711.00 ns, 8.7046 us/op
WorkloadActual  62: 107616 op, 822388063.00 ns, 7.6419 us/op
WorkloadActual  63: 107616 op, 823375057.00 ns, 7.6510 us/op
WorkloadActual  64: 107616 op, 868237369.00 ns, 8.0679 us/op
WorkloadActual  65: 107616 op, 821537439.00 ns, 7.6340 us/op
WorkloadActual  66: 107616 op, 823658000.00 ns, 7.6537 us/op
WorkloadActual  67: 107616 op, 945503568.00 ns, 8.7859 us/op
WorkloadActual  68: 107616 op, 821431553.00 ns, 7.6330 us/op
WorkloadActual  69: 107616 op, 823101441.00 ns, 7.6485 us/op
WorkloadActual  70: 107616 op, 877117121.00 ns, 8.1504 us/op
WorkloadActual  71: 107616 op, 851808696.00 ns, 7.9153 us/op
WorkloadActual  72: 107616 op, 827629698.00 ns, 7.6906 us/op

// AfterActualRun
WorkloadResult   1: 107616 op, 825316852.50 ns, 7.6691 us/op
WorkloadResult   2: 107616 op, 828252028.50 ns, 7.6964 us/op
WorkloadResult   3: 107616 op, 826775204.50 ns, 7.6826 us/op
WorkloadResult   4: 107616 op, 830885807.50 ns, 7.7208 us/op
WorkloadResult   5: 107616 op, 944979683.50 ns, 8.7810 us/op
WorkloadResult   6: 107616 op, 827304987.50 ns, 7.6876 us/op
WorkloadResult   7: 107616 op, 825799861.50 ns, 7.6736 us/op
WorkloadResult   8: 107616 op, 828318174.50 ns, 7.6970 us/op
WorkloadResult   9: 107616 op, 860159354.50 ns, 7.9929 us/op
WorkloadResult  10: 107616 op, 823928079.50 ns, 7.6562 us/op
WorkloadResult  11: 107616 op, 999311444.50 ns, 9.2859 us/op
WorkloadResult  12: 107616 op, 839560539.50 ns, 7.8014 us/op
WorkloadResult  13: 107616 op, 824112590.50 ns, 7.6579 us/op
WorkloadResult  14: 107616 op, 823397582.50 ns, 7.6513 us/op
WorkloadResult  15: 107616 op, 829680515.50 ns, 7.7096 us/op
WorkloadResult  16: 107616 op, 826297930.50 ns, 7.6782 us/op
WorkloadResult  17: 107616 op, 854155995.50 ns, 7.9371 us/op
WorkloadResult  18: 107616 op, 883258868.50 ns, 8.2075 us/op
WorkloadResult  19: 107616 op, 823750586.50 ns, 7.6545 us/op
WorkloadResult  20: 107616 op, 822448593.50 ns, 7.6424 us/op
WorkloadResult  21: 107616 op, 822974692.50 ns, 7.6473 us/op
WorkloadResult  22: 107616 op, 855857018.50 ns, 7.9529 us/op
WorkloadResult  23: 107616 op, 918561609.50 ns, 8.5355 us/op
WorkloadResult  24: 107616 op, 910970373.50 ns, 8.4650 us/op
WorkloadResult  25: 107616 op, 824084275.50 ns, 7.6576 us/op
WorkloadResult  26: 107616 op, 821937942.50 ns, 7.6377 us/op
WorkloadResult  27: 107616 op, 824946226.50 ns, 7.6656 us/op
WorkloadResult  28: 107616 op, 821940757.50 ns, 7.6377 us/op
WorkloadResult  29: 107616 op, 823566147.50 ns, 7.6528 us/op
WorkloadResult  30: 107616 op, 914922506.50 ns, 8.5017 us/op
WorkloadResult  31: 107616 op, 821647095.50 ns, 7.6350 us/op
WorkloadResult  32: 107616 op, 821414225.50 ns, 7.6328 us/op
WorkloadResult  33: 107616 op, 825747624.50 ns, 7.6731 us/op
WorkloadResult  34: 107616 op, 898754807.50 ns, 8.3515 us/op
WorkloadResult  35: 107616 op, 899211927.50 ns, 8.3557 us/op
WorkloadResult  36: 107616 op, 925672491.50 ns, 8.6016 us/op
WorkloadResult  37: 107616 op, 823718629.50 ns, 7.6542 us/op
WorkloadResult  38: 107616 op, 825567658.50 ns, 7.6714 us/op
WorkloadResult  39: 107616 op, 821563499.50 ns, 7.6342 us/op
WorkloadResult  40: 107616 op, 823668732.50 ns, 7.6538 us/op
WorkloadResult  41: 107616 op, 828355738.50 ns, 7.6973 us/op
WorkloadResult  42: 107616 op, 873802480.50 ns, 8.1196 us/op
WorkloadResult  43: 107616 op, 881290105.50 ns, 8.1892 us/op
WorkloadResult  44: 107616 op, 825500108.50 ns, 7.6708 us/op
WorkloadResult  45: 107616 op, 824446573.50 ns, 7.6610 us/op
WorkloadResult  46: 107616 op, 841103838.50 ns, 7.8158 us/op
WorkloadResult  47: 107616 op, 924187372.50 ns, 8.5878 us/op
WorkloadResult  48: 107616 op, 826020139.50 ns, 7.6756 us/op
WorkloadResult  49: 107616 op, 910413676.50 ns, 8.4598 us/op
WorkloadResult  50: 107616 op, 817578974.50 ns, 7.5972 us/op
WorkloadResult  51: 107616 op, 818555171.50 ns, 7.6063 us/op
WorkloadResult  52: 107616 op, 845803209.50 ns, 7.8595 us/op
WorkloadResult  53: 107616 op, 817600740.50 ns, 7.5974 us/op
WorkloadResult  54: 107616 op, 826308038.50 ns, 7.6783 us/op
WorkloadResult  55: 107616 op, 910985331.50 ns, 8.4651 us/op
WorkloadResult  56: 107616 op, 824016717.50 ns, 7.6570 us/op
WorkloadResult  57: 107616 op, 852052083.50 ns, 7.9175 us/op
WorkloadResult  58: 107616 op, 929421462.50 ns, 8.6365 us/op
WorkloadResult  59: 107616 op, 832615884.50 ns, 7.7369 us/op
WorkloadResult  60: 107616 op, 822031038.50 ns, 7.6386 us/op
WorkloadResult  61: 107616 op, 936404543.50 ns, 8.7014 us/op
WorkloadResult  62: 107616 op, 822034895.50 ns, 7.6386 us/op
WorkloadResult  63: 107616 op, 823021889.50 ns, 7.6478 us/op
WorkloadResult  64: 107616 op, 867884201.50 ns, 8.0646 us/op
WorkloadResult  65: 107616 op, 821184271.50 ns, 7.6307 us/op
WorkloadResult  66: 107616 op, 823304832.50 ns, 7.6504 us/op
WorkloadResult  67: 107616 op, 945150400.50 ns, 8.7826 us/op
WorkloadResult  68: 107616 op, 821078385.50 ns, 7.6297 us/op
WorkloadResult  69: 107616 op, 822748273.50 ns, 7.6452 us/op
WorkloadResult  70: 107616 op, 876763953.50 ns, 8.1472 us/op
WorkloadResult  71: 107616 op, 851455528.50 ns, 7.9120 us/op
WorkloadResult  72: 107616 op, 827276530.50 ns, 7.6873 us/op

// AfterAll
// Benchmark Process 862706 has exited with code 0.

Mean = 7.904 μs, StdErr = 0.046 μs (0.58%), N = 72, StdDev = 0.389 μs
Min = 7.597 μs, Q1 = 7.652 μs, Median = 7.680 μs, Q3 = 8.078 μs, Max = 9.286 μs
IQR = 0.426 μs, LowerFence = 7.013 μs, UpperFence = 8.717 μs
ConfidenceInterval = [7.747 μs; 8.062 μs] (CI 99.9%), Margin = 0.157 μs (1.99% of Mean)
Skewness = 1.44, Kurtosis = 4.15, MValue = 2.3

// ** Remained 9 (90.0 %) benchmark(s) to run. Estimated finish 2026-05-15 17:25 (0h 13m from now) **
// **************************
// Benchmark: SmokeBenchByte.STJSrcGen_Deser: Energy(OutlierMode=DontRemove, IterationTime=1s)
// *** Execute ***
// Launch: 1 / 1
// Execute: dotnet JsonBench-Energy-1.dll --anonymousPipes 160 161 --benchmarkName JsonBench.Benchmarks.SmokeBenchByte.STJSrcGen_Deser --job Energy --benchmarkId 1 in /home/test/json-energy-bench/JsonBench/bin/Release/net10.0/JsonBench-Energy-1/bin/Release/net10.0
// BeforeAnythingElse

// Benchmark Process Environment Information:
// BenchmarkDotNet v0.15.5-develop (2026-05-15)
// Runtime=.NET 10.0.7 (10.0.7, 10.0.726.21808), X64 RyuJIT x86-64-v3
// GC=Concurrent Workstation
// HardwareIntrinsics=AVX2+BMI1+BMI2+F16C+FMA+LZCNT+MOVBE,AVX,SSE3+SSSE3+SSE4.1+SSE4.2+POPCNT,X86Base+SSE+SSE2,AES+PCLMUL VectorSize=256
// Job: Energy(OutlierMode=DontRemove, IterationTime=1s)

OverheadJitting  1: 1 op, 186055.00 ns, 186.0550 us/op
WorkloadJitting  1: 1 op, 8467173.00 ns, 8.4672 ms/op

OverheadJitting  2: 16 op, 503174.00 ns, 31.4484 us/op
WorkloadJitting  2: 16 op, 842945.00 ns, 52.6841 us/op

WorkloadPilot    1: 16 op, 339327.00 ns, 21.2079 us/op
WorkloadPilot    2: 47152 op, 662777958.00 ns, 14.0562 us/op
WorkloadPilot    3: 71152 op, 605806950.00 ns, 8.5143 us/op
WorkloadPilot    4: 117456 op, 913448828.00 ns, 7.7769 us/op
WorkloadPilot    5: 128592 op, 1297203717.00 ns, 10.0877 us/op
WorkloadPilot    6: 99136 op, 906338828.00 ns, 9.1424 us/op
WorkloadPilot    7: 109392 op, 1106236998.00 ns, 10.1126 us/op
WorkloadPilot    8: 98896 op, 1023830132.00 ns, 10.3526 us/op

OverheadWarmup   1: 98896 op, 2187786.00 ns, 22.1221 ns/op
OverheadWarmup   2: 98896 op, 2185276.00 ns, 22.0967 ns/op
OverheadWarmup   3: 98896 op, 832490.00 ns, 8.4178 ns/op
OverheadWarmup   4: 98896 op, 321669.00 ns, 3.2526 ns/op
OverheadWarmup   5: 98896 op, 323740.00 ns, 3.2735 ns/op
OverheadWarmup   6: 98896 op, 322537.00 ns, 3.2614 ns/op
OverheadWarmup   7: 98896 op, 324317.00 ns, 3.2794 ns/op
OverheadWarmup   8: 98896 op, 321729.00 ns, 3.2532 ns/op

OverheadActual   1: 98896 op, 331950.00 ns, 3.3566 ns/op
OverheadActual   2: 98896 op, 323562.00 ns, 3.2717 ns/op
OverheadActual   3: 98896 op, 336466.00 ns, 3.4022 ns/op
OverheadActual   4: 98896 op, 443704.00 ns, 4.4866 ns/op
OverheadActual   5: 98896 op, 371276.00 ns, 3.7542 ns/op
OverheadActual   6: 98896 op, 324147.00 ns, 3.2777 ns/op
OverheadActual   7: 98896 op, 322497.00 ns, 3.2610 ns/op
OverheadActual   8: 98896 op, 322255.00 ns, 3.2585 ns/op
OverheadActual   9: 98896 op, 333736.00 ns, 3.3746 ns/op
OverheadActual  10: 98896 op, 336437.00 ns, 3.4019 ns/op
OverheadActual  11: 98896 op, 335076.00 ns, 3.3882 ns/op
OverheadActual  12: 98896 op, 333955.00 ns, 3.3768 ns/op
OverheadActual  13: 98896 op, 335245.00 ns, 3.3899 ns/op
OverheadActual  14: 98896 op, 334509.00 ns, 3.3824 ns/op
OverheadActual  15: 98896 op, 322723.00 ns, 3.2633 ns/op
OverheadActual  16: 98896 op, 324405.00 ns, 3.2803 ns/op
OverheadActual  17: 98896 op, 323629.00 ns, 3.2724 ns/op
OverheadActual  18: 98896 op, 323874.00 ns, 3.2749 ns/op
OverheadActual  19: 98896 op, 323268.00 ns, 3.2688 ns/op
OverheadActual  20: 98896 op, 322873.00 ns, 3.2648 ns/op

WorkloadWarmup   1: 98896 op, 762606468.00 ns, 7.7112 us/op
WorkloadWarmup   2: 98896 op, 753969970.00 ns, 7.6239 us/op
WorkloadWarmup   3: 98896 op, 753867900.00 ns, 7.6228 us/op
WorkloadWarmup   4: 98896 op, 761122347.00 ns, 7.6962 us/op
WorkloadWarmup   5: 98896 op, 760074216.00 ns, 7.6856 us/op
WorkloadWarmup   6: 98896 op, 807273501.00 ns, 8.1629 us/op
WorkloadWarmup   7: 98896 op, 938509453.00 ns, 9.4899 us/op
WorkloadWarmup   8: 98896 op, 821097890.00 ns, 8.3026 us/op

// BeforeActualRun
WorkloadActual   1: 98896 op, 755627633.00 ns, 7.6406 us/op
WorkloadActual   2: 98896 op, 760250201.00 ns, 7.6874 us/op
WorkloadActual   3: 98896 op, 755994985.00 ns, 7.6443 us/op
WorkloadActual   4: 98896 op, 777841276.00 ns, 7.8652 us/op
WorkloadActual   5: 98896 op, 865782003.00 ns, 8.7545 us/op
WorkloadActual   6: 98896 op, 752098589.00 ns, 7.6049 us/op
WorkloadActual   7: 98896 op, 763329225.00 ns, 7.7185 us/op
WorkloadActual   8: 98896 op, 759612654.00 ns, 7.6809 us/op
WorkloadActual   9: 98896 op, 746386939.00 ns, 7.5472 us/op
WorkloadActual  10: 98896 op, 750974466.00 ns, 7.5936 us/op
WorkloadActual  11: 98896 op, 770794428.00 ns, 7.7940 us/op
WorkloadActual  12: 98896 op, 907783117.00 ns, 9.1792 us/op
WorkloadActual  13: 98896 op, 760741564.00 ns, 7.6923 us/op
WorkloadActual  14: 98896 op, 755145280.00 ns, 7.6358 us/op
WorkloadActual  15: 98896 op, 756221551.00 ns, 7.6466 us/op
WorkloadActual  16: 98896 op, 752792468.00 ns, 7.6120 us/op
WorkloadActual  17: 98896 op, 750721606.00 ns, 7.5910 us/op
WorkloadActual  18: 98896 op, 753565438.00 ns, 7.6198 us/op
WorkloadActual  19: 98896 op, 907584832.00 ns, 9.1772 us/op
WorkloadActual  20: 98896 op, 752059589.00 ns, 7.6046 us/op
WorkloadActual  21: 98896 op, 776235624.00 ns, 7.8490 us/op
WorkloadActual  22: 98896 op, 751894056.00 ns, 7.6029 us/op
WorkloadActual  23: 98896 op, 752151067.00 ns, 7.6055 us/op
WorkloadActual  24: 98896 op, 782514464.00 ns, 7.9125 us/op
WorkloadActual  25: 98896 op, 965734303.00 ns, 9.7652 us/op
WorkloadActual  26: 98896 op, 775227327.00 ns, 7.8388 us/op
WorkloadActual  27: 98896 op, 747628686.00 ns, 7.5597 us/op
WorkloadActual  28: 98896 op, 748933398.00 ns, 7.5729 us/op
WorkloadActual  29: 98896 op, 752888450.00 ns, 7.6129 us/op
WorkloadActual  30: 98896 op, 753051478.00 ns, 7.6146 us/op
WorkloadActual  31: 98896 op, 751926701.00 ns, 7.6032 us/op
WorkloadActual  32: 98896 op, 872007995.00 ns, 8.8174 us/op
WorkloadActual  33: 98896 op, 753346402.00 ns, 7.6176 us/op
WorkloadActual  34: 98896 op, 750973899.00 ns, 7.5936 us/op
WorkloadActual  35: 98896 op, 747954721.00 ns, 7.5630 us/op
WorkloadActual  36: 98896 op, 770409737.00 ns, 7.7901 us/op
WorkloadActual  37: 98896 op, 807539240.00 ns, 8.1655 us/op
WorkloadActual  38: 98896 op, 868821424.00 ns, 8.7852 us/op
WorkloadActual  39: 98896 op, 836962171.00 ns, 8.4631 us/op
WorkloadActual  40: 98896 op, 757547596.00 ns, 7.6600 us/op
WorkloadActual  41: 98896 op, 751996624.00 ns, 7.6039 us/op
WorkloadActual  42: 98896 op, 748164736.00 ns, 7.5652 us/op
WorkloadActual  43: 98896 op, 747991097.00 ns, 7.5634 us/op
WorkloadActual  44: 98896 op, 748743727.00 ns, 7.5710 us/op
WorkloadActual  45: 98896 op, 749162553.00 ns, 7.5753 us/op
WorkloadActual  46: 98896 op, 835977298.00 ns, 8.4531 us/op
WorkloadActual  47: 98896 op, 751453533.00 ns, 7.5984 us/op
WorkloadActual  48: 98896 op, 744102816.00 ns, 7.5241 us/op
WorkloadActual  49: 98896 op, 754908234.00 ns, 7.6334 us/op
WorkloadActual  50: 98896 op, 858524367.00 ns, 8.6811 us/op
WorkloadActual  51: 98896 op, 749940975.00 ns, 7.5831 us/op
WorkloadActual  52: 98896 op, 749580786.00 ns, 7.5795 us/op
WorkloadActual  53: 98896 op, 841459403.00 ns, 8.5085 us/op
WorkloadActual  54: 98896 op, 753722715.00 ns, 7.6214 us/op
WorkloadActual  55: 98896 op, 761071497.00 ns, 7.6957 us/op
WorkloadActual  56: 98896 op, 756937038.00 ns, 7.6539 us/op
WorkloadActual  57: 98896 op, 761093567.00 ns, 7.6959 us/op
WorkloadActual  58: 98896 op, 759416136.00 ns, 7.6789 us/op
WorkloadActual  59: 98896 op, 831930582.00 ns, 8.4122 us/op
WorkloadActual  60: 98896 op, 767489085.00 ns, 7.7606 us/op
WorkloadActual  61: 98896 op, 741853048.00 ns, 7.5013 us/op
WorkloadActual  62: 98896 op, 790054962.00 ns, 7.9887 us/op
WorkloadActual  63: 98896 op, 789522932.00 ns, 7.9834 us/op
WorkloadActual  64: 98896 op, 753501261.00 ns, 7.6191 us/op
WorkloadActual  65: 98896 op, 750417669.00 ns, 7.5879 us/op
WorkloadActual  66: 98896 op, 847713929.00 ns, 8.5718 us/op
WorkloadActual  67: 98896 op, 748658400.00 ns, 7.5702 us/op
WorkloadActual  68: 98896 op, 747307370.00 ns, 7.5565 us/op
WorkloadActual  69: 98896 op, 755992758.00 ns, 7.6443 us/op
WorkloadActual  70: 98896 op, 750883541.00 ns, 7.5927 us/op
WorkloadActual  71: 98896 op, 747536843.00 ns, 7.5588 us/op
WorkloadActual  72: 98896 op, 745621632.00 ns, 7.5395 us/op
WorkloadActual  73: 98896 op, 865746345.00 ns, 8.7541 us/op
WorkloadActual  74: 98896 op, 755633668.00 ns, 7.6407 us/op
WorkloadActual  75: 98896 op, 759257768.00 ns, 7.6773 us/op
WorkloadActual  76: 98896 op, 858680211.00 ns, 8.6827 us/op
WorkloadActual  77: 98896 op, 753406411.00 ns, 7.6182 us/op
WorkloadActual  78: 98896 op, 746123512.00 ns, 7.5445 us/op
WorkloadActual  79: 98896 op, 755770782.00 ns, 7.6421 us/op
WorkloadActual  80: 98896 op, 858509974.00 ns, 8.6809 us/op
WorkloadActual  81: 98896 op, 763907724.00 ns, 7.7244 us/op
WorkloadActual  82: 98896 op, 804721461.00 ns, 8.1370 us/op
WorkloadActual  83: 98896 op, 747390299.00 ns, 7.5573 us/op
WorkloadActual  84: 98896 op, 749330266.00 ns, 7.5770 us/op
WorkloadActual  85: 98896 op, 748660445.00 ns, 7.5702 us/op
WorkloadActual  86: 98896 op, 738454204.00 ns, 7.4670 us/op
WorkloadActual  87: 98896 op, 866967401.00 ns, 8.7665 us/op
WorkloadActual  88: 98896 op, 759397082.00 ns, 7.6787 us/op
WorkloadActual  89: 98896 op, 825429364.00 ns, 8.3464 us/op
WorkloadActual  90: 98896 op, 754651807.00 ns, 7.6308 us/op
WorkloadActual  91: 98896 op, 752688556.00 ns, 7.6109 us/op
WorkloadActual  92: 98896 op, 751569314.00 ns, 7.5996 us/op
WorkloadActual  93: 98896 op, 819934741.00 ns, 8.2909 us/op
WorkloadActual  94: 98896 op, 822769201.00 ns, 8.3195 us/op
WorkloadActual  95: 98896 op, 748108224.00 ns, 7.5646 us/op
WorkloadActual  96: 98896 op, 749944637.00 ns, 7.5832 us/op
WorkloadActual  97: 98896 op, 751188432.00 ns, 7.5957 us/op
WorkloadActual  98: 98896 op, 751798757.00 ns, 7.6019 us/op
WorkloadActual  99: 98896 op, 748919707.00 ns, 7.5728 us/op

// AfterActualRun
WorkloadResult   1: 98896 op, 755299455.50 ns, 7.6373 us/op
WorkloadResult   2: 98896 op, 759922023.50 ns, 7.6841 us/op
WorkloadResult   3: 98896 op, 755666807.50 ns, 7.6410 us/op
WorkloadResult   4: 98896 op, 777513098.50 ns, 7.8619 us/op
WorkloadResult   5: 98896 op, 865453825.50 ns, 8.7512 us/op
WorkloadResult   6: 98896 op, 751770411.50 ns, 7.6016 us/op
WorkloadResult   7: 98896 op, 763001047.50 ns, 7.7152 us/op
WorkloadResult   8: 98896 op, 759284476.50 ns, 7.6776 us/op
WorkloadResult   9: 98896 op, 746058761.50 ns, 7.5439 us/op
WorkloadResult  10: 98896 op, 750646288.50 ns, 7.5903 us/op
WorkloadResult  11: 98896 op, 770466250.50 ns, 7.7907 us/op
WorkloadResult  12: 98896 op, 907454939.50 ns, 9.1759 us/op
WorkloadResult  13: 98896 op, 760413386.50 ns, 7.6890 us/op
WorkloadResult  14: 98896 op, 754817102.50 ns, 7.6324 us/op
WorkloadResult  15: 98896 op, 755893373.50 ns, 7.6433 us/op
WorkloadResult  16: 98896 op, 752464290.50 ns, 7.6086 us/op
WorkloadResult  17: 98896 op, 750393428.50 ns, 7.5877 us/op
WorkloadResult  18: 98896 op, 753237260.50 ns, 7.6165 us/op
WorkloadResult  19: 98896 op, 907256654.50 ns, 9.1738 us/op
WorkloadResult  20: 98896 op, 751731411.50 ns, 7.6012 us/op
WorkloadResult  21: 98896 op, 775907446.50 ns, 7.8457 us/op
WorkloadResult  22: 98896 op, 751565878.50 ns, 7.5996 us/op
WorkloadResult  23: 98896 op, 751822889.50 ns, 7.6022 us/op
WorkloadResult  24: 98896 op, 782186286.50 ns, 7.9092 us/op
WorkloadResult  25: 98896 op, 965406125.50 ns, 9.7618 us/op
WorkloadResult  26: 98896 op, 774899149.50 ns, 7.8355 us/op
WorkloadResult  27: 98896 op, 747300508.50 ns, 7.5564 us/op
WorkloadResult  28: 98896 op, 748605220.50 ns, 7.5696 us/op
WorkloadResult  29: 98896 op, 752560272.50 ns, 7.6096 us/op
WorkloadResult  30: 98896 op, 752723300.50 ns, 7.6113 us/op
WorkloadResult  31: 98896 op, 751598523.50 ns, 7.5999 us/op
WorkloadResult  32: 98896 op, 871679817.50 ns, 8.8141 us/op
WorkloadResult  33: 98896 op, 753018224.50 ns, 7.6142 us/op
WorkloadResult  34: 98896 op, 750645721.50 ns, 7.5903 us/op
WorkloadResult  35: 98896 op, 747626543.50 ns, 7.5597 us/op
WorkloadResult  36: 98896 op, 770081559.50 ns, 7.7868 us/op
WorkloadResult  37: 98896 op, 807211062.50 ns, 8.1622 us/op
WorkloadResult  38: 98896 op, 868493246.50 ns, 8.7819 us/op
WorkloadResult  39: 98896 op, 836633993.50 ns, 8.4597 us/op
WorkloadResult  40: 98896 op, 757219418.50 ns, 7.6567 us/op
WorkloadResult  41: 98896 op, 751668446.50 ns, 7.6006 us/op
WorkloadResult  42: 98896 op, 747836558.50 ns, 7.5618 us/op
WorkloadResult  43: 98896 op, 747662919.50 ns, 7.5601 us/op
WorkloadResult  44: 98896 op, 748415549.50 ns, 7.5677 us/op
WorkloadResult  45: 98896 op, 748834375.50 ns, 7.5719 us/op
WorkloadResult  46: 98896 op, 835649120.50 ns, 8.4498 us/op
WorkloadResult  47: 98896 op, 751125355.50 ns, 7.5951 us/op
WorkloadResult  48: 98896 op, 743774638.50 ns, 7.5208 us/op
WorkloadResult  49: 98896 op, 754580056.50 ns, 7.6300 us/op
WorkloadResult  50: 98896 op, 858196189.50 ns, 8.6778 us/op
WorkloadResult  51: 98896 op, 749612797.50 ns, 7.5798 us/op
WorkloadResult  52: 98896 op, 749252608.50 ns, 7.5762 us/op
WorkloadResult  53: 98896 op, 841131225.50 ns, 8.5052 us/op
WorkloadResult  54: 98896 op, 753394537.50 ns, 7.6180 us/op
WorkloadResult  55: 98896 op, 760743319.50 ns, 7.6924 us/op
WorkloadResult  56: 98896 op, 756608860.50 ns, 7.6506 us/op
WorkloadResult  57: 98896 op, 760765389.50 ns, 7.6926 us/op
WorkloadResult  58: 98896 op, 759087958.50 ns, 7.6756 us/op
WorkloadResult  59: 98896 op, 831602404.50 ns, 8.4089 us/op
WorkloadResult  60: 98896 op, 767160907.50 ns, 7.7572 us/op
WorkloadResult  61: 98896 op, 741524870.50 ns, 7.4980 us/op
WorkloadResult  62: 98896 op, 789726784.50 ns, 7.9854 us/op
WorkloadResult  63: 98896 op, 789194754.50 ns, 7.9800 us/op
WorkloadResult  64: 98896 op, 753173083.50 ns, 7.6158 us/op
WorkloadResult  65: 98896 op, 750089491.50 ns, 7.5846 us/op
WorkloadResult  66: 98896 op, 847385751.50 ns, 8.5685 us/op
WorkloadResult  67: 98896 op, 748330222.50 ns, 7.5668 us/op
WorkloadResult  68: 98896 op, 746979192.50 ns, 7.5532 us/op
WorkloadResult  69: 98896 op, 755664580.50 ns, 7.6410 us/op
WorkloadResult  70: 98896 op, 750555363.50 ns, 7.5893 us/op
WorkloadResult  71: 98896 op, 747208665.50 ns, 7.5555 us/op
WorkloadResult  72: 98896 op, 745293454.50 ns, 7.5361 us/op
WorkloadResult  73: 98896 op, 865418167.50 ns, 8.7508 us/op
WorkloadResult  74: 98896 op, 755305490.50 ns, 7.6374 us/op
WorkloadResult  75: 98896 op, 758929590.50 ns, 7.6740 us/op
WorkloadResult  76: 98896 op, 858352033.50 ns, 8.6793 us/op
WorkloadResult  77: 98896 op, 753078233.50 ns, 7.6149 us/op
WorkloadResult  78: 98896 op, 745795334.50 ns, 7.5412 us/op
WorkloadResult  79: 98896 op, 755442604.50 ns, 7.6388 us/op
WorkloadResult  80: 98896 op, 858181796.50 ns, 8.6776 us/op
WorkloadResult  81: 98896 op, 763579546.50 ns, 7.7210 us/op
WorkloadResult  82: 98896 op, 804393283.50 ns, 8.1337 us/op
WorkloadResult  83: 98896 op, 747062121.50 ns, 7.5540 us/op
WorkloadResult  84: 98896 op, 749002088.50 ns, 7.5736 us/op
WorkloadResult  85: 98896 op, 748332267.50 ns, 7.5669 us/op
WorkloadResult  86: 98896 op, 738126026.50 ns, 7.4637 us/op
WorkloadResult  87: 98896 op, 866639223.50 ns, 8.7631 us/op
WorkloadResult  88: 98896 op, 759068904.50 ns, 7.6754 us/op
WorkloadResult  89: 98896 op, 825101186.50 ns, 8.3431 us/op
WorkloadResult  90: 98896 op, 754323629.50 ns, 7.6274 us/op
WorkloadResult  91: 98896 op, 752360378.50 ns, 7.6076 us/op
WorkloadResult  92: 98896 op, 751241136.50 ns, 7.5963 us/op
WorkloadResult  93: 98896 op, 819606563.50 ns, 8.2876 us/op
WorkloadResult  94: 98896 op, 822441023.50 ns, 8.3162 us/op
WorkloadResult  95: 98896 op, 747780046.50 ns, 7.5613 us/op
WorkloadResult  96: 98896 op, 749616459.50 ns, 7.5798 us/op
WorkloadResult  97: 98896 op, 750860254.50 ns, 7.5924 us/op
WorkloadResult  98: 98896 op, 751470579.50 ns, 7.5986 us/op
WorkloadResult  99: 98896 op, 748591529.50 ns, 7.5695 us/op

// AfterAll
// Benchmark Process 863469 has exited with code 0.

Mean = 7.849 μs, StdErr = 0.046 μs (0.59%), N = 99, StdDev = 0.460 μs
Min = 7.464 μs, Q1 = 7.586 μs, Median = 7.630 μs, Q3 = 7.854 μs, Max = 9.762 μs
IQR = 0.268 μs, LowerFence = 7.185 μs, UpperFence = 8.255 μs
ConfidenceInterval = [7.692 μs; 8.006 μs] (CI 99.9%), Margin = 0.157 μs (2.00% of Mean)
Skewness = 1.85, Kurtosis = 5.87, MValue = 2

// ** Remained 8 (80.0 %) benchmark(s) to run. Estimated finish 2026-05-15 17:26 (0h 13m from now) **
// **************************
// Benchmark: SmokeBenchByte.Newtonsoft_Deser: Energy(OutlierMode=DontRemove, IterationTime=1s)
// *** Execute ***
// Launch: 1 / 1
// Execute: dotnet JsonBench-Energy-1.dll --anonymousPipes 123 124 --benchmarkName JsonBench.Benchmarks.SmokeBenchByte.Newtonsoft_Deser --job Energy --benchmarkId 2 in /home/test/json-energy-bench/JsonBench/bin/Release/net10.0/JsonBench-Energy-1/bin/Release/net10.0
// BeforeAnythingElse

// Benchmark Process Environment Information:
// BenchmarkDotNet v0.15.5-develop (2026-05-15)
// Runtime=.NET 10.0.7 (10.0.7, 10.0.726.21808), X64 RyuJIT x86-64-v3
// GC=Concurrent Workstation
// HardwareIntrinsics=AVX2+BMI1+BMI2+F16C+FMA+LZCNT+MOVBE,AVX,SSE3+SSSE3+SSE4.1+SSE4.2+POPCNT,X86Base+SSE+SSE2,AES+PCLMUL VectorSize=256
// Job: Energy(OutlierMode=DontRemove, IterationTime=1s)

OverheadJitting  1: 1 op, 186004.00 ns, 186.0040 us/op
WorkloadJitting  1: 1 op, 47839149.00 ns, 47.8391 ms/op

OverheadJitting  2: 16 op, 512722.00 ns, 32.0451 us/op
WorkloadJitting  2: 16 op, 1859375.00 ns, 116.2109 us/op

WorkloadPilot    1: 16 op, 1299159.00 ns, 81.1974 us/op
WorkloadPilot    2: 12320 op, 504761935.00 ns, 40.9709 us/op
WorkloadPilot    3: 24416 op, 353126786.00 ns, 14.4629 us/op
WorkloadPilot    4: 69152 op, 1103775372.00 ns, 15.9616 us/op
WorkloadPilot    5: 62656 op, 1064806771.00 ns, 16.9945 us/op
WorkloadPilot    6: 58848 op, 1080146691.00 ns, 18.3549 us/op

OverheadWarmup   1: 58848 op, 214546.00 ns, 3.6458 ns/op
OverheadWarmup   2: 58848 op, 217404.00 ns, 3.6943 ns/op
OverheadWarmup   3: 58848 op, 452072.00 ns, 7.6820 ns/op
OverheadWarmup   4: 58848 op, 665562.00 ns, 11.3098 ns/op
OverheadWarmup   5: 58848 op, 213882.00 ns, 3.6345 ns/op
OverheadWarmup   6: 58848 op, 216162.00 ns, 3.6732 ns/op
OverheadWarmup   7: 58848 op, 1179888.00 ns, 20.0498 ns/op
OverheadWarmup   8: 58848 op, 400422.00 ns, 6.8043 ns/op

OverheadActual   1: 58848 op, 259694.00 ns, 4.4130 ns/op
OverheadActual   2: 58848 op, 412877.00 ns, 7.0160 ns/op
OverheadActual   3: 58848 op, 204583.00 ns, 3.4765 ns/op
OverheadActual   4: 58848 op, 965988.00 ns, 16.4150 ns/op
OverheadActual   5: 58848 op, 319097.00 ns, 5.4224 ns/op
OverheadActual   6: 58848 op, 204785.00 ns, 3.4799 ns/op
OverheadActual   7: 58848 op, 221097.00 ns, 3.7571 ns/op
OverheadActual   8: 58848 op, 206990.00 ns, 3.5174 ns/op
OverheadActual   9: 58848 op, 205471.00 ns, 3.4916 ns/op
OverheadActual  10: 58848 op, 290507.00 ns, 4.9366 ns/op
OverheadActual  11: 58848 op, 1261900.00 ns, 21.4434 ns/op
OverheadActual  12: 58848 op, 810456.00 ns, 13.7720 ns/op
OverheadActual  13: 58848 op, 1253231.00 ns, 21.2961 ns/op
OverheadActual  14: 58848 op, 217681.00 ns, 3.6990 ns/op
OverheadActual  15: 58848 op, 340849.00 ns, 5.7920 ns/op
OverheadActual  16: 58848 op, 206740.00 ns, 3.5131 ns/op
OverheadActual  17: 58848 op, 205852.00 ns, 3.4980 ns/op
OverheadActual  18: 58848 op, 318362.00 ns, 5.4099 ns/op
OverheadActual  19: 58848 op, 358767.00 ns, 6.0965 ns/op
OverheadActual  20: 58848 op, 369757.00 ns, 6.2833 ns/op

WorkloadWarmup   1: 58848 op, 1400468414.00 ns, 23.7981 us/op
WorkloadWarmup   2: 58848 op, 1090043626.00 ns, 18.5230 us/op
WorkloadWarmup   3: 58848 op, 845276628.00 ns, 14.3637 us/op
WorkloadWarmup   4: 58848 op, 836802343.00 ns, 14.2197 us/op
WorkloadWarmup   5: 58848 op, 841251009.00 ns, 14.2953 us/op
WorkloadWarmup   6: 58848 op, 840812598.00 ns, 14.2879 us/op
WorkloadWarmup   7: 58848 op, 839339603.00 ns, 14.2628 us/op
WorkloadWarmup   8: 58848 op, 1079785592.00 ns, 18.3487 us/op
WorkloadWarmup   9: 58848 op, 888350428.00 ns, 15.0957 us/op

// BeforeActualRun
WorkloadActual   1: 58848 op, 840681654.00 ns, 14.2856 us/op
WorkloadActual   2: 58848 op, 840286656.00 ns, 14.2789 us/op
WorkloadActual   3: 58848 op, 844899068.00 ns, 14.3573 us/op
WorkloadActual   4: 58848 op, 843777827.00 ns, 14.3383 us/op
WorkloadActual   5: 58848 op, 938466619.00 ns, 15.9473 us/op
WorkloadActual   6: 58848 op, 837681351.00 ns, 14.2347 us/op
WorkloadActual   7: 58848 op, 838109514.00 ns, 14.2419 us/op
WorkloadActual   8: 58848 op, 837978771.00 ns, 14.2397 us/op
WorkloadActual   9: 58848 op, 832475394.00 ns, 14.1462 us/op
WorkloadActual  10: 58848 op, 855831943.00 ns, 14.5431 us/op
WorkloadActual  11: 58848 op, 1093403195.00 ns, 18.5801 us/op
WorkloadActual  12: 58848 op, 843659163.00 ns, 14.3362 us/op
WorkloadActual  13: 58848 op, 840227327.00 ns, 14.2779 us/op
WorkloadActual  14: 58848 op, 840687579.00 ns, 14.2857 us/op
WorkloadActual  15: 58848 op, 843970419.00 ns, 14.3415 us/op
WorkloadActual  16: 58848 op, 838929979.00 ns, 14.2559 us/op
WorkloadActual  17: 58848 op, 931956102.00 ns, 15.8367 us/op
WorkloadActual  18: 58848 op, 841840740.00 ns, 14.3053 us/op
WorkloadActual  19: 58848 op, 846359777.00 ns, 14.3821 us/op
WorkloadActual  20: 58848 op, 838321424.00 ns, 14.2455 us/op
WorkloadActual  21: 58848 op, 839469866.00 ns, 14.2651 us/op
WorkloadActual  22: 58848 op, 964843729.00 ns, 16.3955 us/op
WorkloadActual  23: 58848 op, 954875796.00 ns, 16.2261 us/op
WorkloadActual  24: 58848 op, 844256178.00 ns, 14.3464 us/op
WorkloadActual  25: 58848 op, 841692126.00 ns, 14.3028 us/op
WorkloadActual  26: 58848 op, 842765782.00 ns, 14.3211 us/op
WorkloadActual  27: 58848 op, 845368100.00 ns, 14.3653 us/op
WorkloadActual  28: 58848 op, 850408318.00 ns, 14.4509 us/op
WorkloadActual  29: 58848 op, 959967264.00 ns, 16.3127 us/op
WorkloadActual  30: 58848 op, 847964388.00 ns, 14.4094 us/op
WorkloadActual  31: 58848 op, 844531651.00 ns, 14.3511 us/op
WorkloadActual  32: 58848 op, 842105954.00 ns, 14.3098 us/op
WorkloadActual  33: 58848 op, 912300555.00 ns, 15.5027 us/op
WorkloadActual  34: 58848 op, 993708249.00 ns, 16.8860 us/op
WorkloadActual  35: 58848 op, 977011245.00 ns, 16.6023 us/op
WorkloadActual  36: 58848 op, 839884811.00 ns, 14.2721 us/op
WorkloadActual  37: 58848 op, 837401658.00 ns, 14.2299 us/op
WorkloadActual  38: 58848 op, 865383335.00 ns, 14.7054 us/op
WorkloadActual  39: 58848 op, 880685560.00 ns, 14.9654 us/op
WorkloadActual  40: 58848 op, 834908632.00 ns, 14.1875 us/op
WorkloadActual  41: 58848 op, 938693796.00 ns, 15.9512 us/op
WorkloadActual  42: 58848 op, 842953930.00 ns, 14.3243 us/op
WorkloadActual  43: 58848 op, 838330715.00 ns, 14.2457 us/op
WorkloadActual  44: 58848 op, 862389309.00 ns, 14.6545 us/op
WorkloadActual  45: 58848 op, 982875659.00 ns, 16.7019 us/op
WorkloadActual  46: 58848 op, 852906465.00 ns, 14.4934 us/op
WorkloadActual  47: 58848 op, 950470401.00 ns, 16.1513 us/op
WorkloadActual  48: 58848 op, 842015603.00 ns, 14.3083 us/op
WorkloadActual  49: 58848 op, 840754854.00 ns, 14.2869 us/op
WorkloadActual  50: 58848 op, 852151458.00 ns, 14.4806 us/op
WorkloadActual  51: 58848 op, 868238484.00 ns, 14.7539 us/op
WorkloadActual  52: 58848 op, 841866458.00 ns, 14.3058 us/op
WorkloadActual  53: 58848 op, 933582392.00 ns, 15.8643 us/op
WorkloadActual  54: 58848 op, 841222243.00 ns, 14.2948 us/op
WorkloadActual  55: 58848 op, 844143057.00 ns, 14.3445 us/op
WorkloadActual  56: 58848 op, 856381886.00 ns, 14.5524 us/op
WorkloadActual  57: 58848 op, 844343090.00 ns, 14.3479 us/op
WorkloadActual  58: 58848 op, 849884359.00 ns, 14.4420 us/op
WorkloadActual  59: 58848 op, 983645773.00 ns, 16.7150 us/op
WorkloadActual  60: 58848 op, 849632101.00 ns, 14.4377 us/op
WorkloadActual  61: 58848 op, 838412583.00 ns, 14.2471 us/op
WorkloadActual  62: 58848 op, 843185024.00 ns, 14.3282 us/op
WorkloadActual  63: 58848 op, 845099916.00 ns, 14.3607 us/op
WorkloadActual  64: 58848 op, 835935277.00 ns, 14.2050 us/op
WorkloadActual  65: 58848 op, 903580109.00 ns, 15.3545 us/op
WorkloadActual  66: 58848 op, 860116726.00 ns, 14.6159 us/op
WorkloadActual  67: 58848 op, 837570806.00 ns, 14.2328 us/op
WorkloadActual  68: 58848 op, 990670314.00 ns, 16.8344 us/op
WorkloadActual  69: 58848 op, 838017094.00 ns, 14.2404 us/op
WorkloadActual  70: 58848 op, 900795627.00 ns, 15.3072 us/op
WorkloadActual  71: 58848 op, 949381195.00 ns, 16.1328 us/op
WorkloadActual  72: 58848 op, 849436817.00 ns, 14.4344 us/op
WorkloadActual  73: 58848 op, 843393392.00 ns, 14.3317 us/op
WorkloadActual  74: 58848 op, 837101129.00 ns, 14.2248 us/op
WorkloadActual  75: 58848 op, 843728576.00 ns, 14.3374 us/op
WorkloadActual  76: 58848 op, 859541728.00 ns, 14.6061 us/op
WorkloadActual  77: 58848 op, 881055523.00 ns, 14.9717 us/op
WorkloadActual  78: 58848 op, 892898214.00 ns, 15.1730 us/op
WorkloadActual  79: 58848 op, 901790426.00 ns, 15.3241 us/op
WorkloadActual  80: 58848 op, 873787493.00 ns, 14.8482 us/op
WorkloadActual  81: 58848 op, 867836982.00 ns, 14.7471 us/op
WorkloadActual  82: 58848 op, 838700332.00 ns, 14.2520 us/op
WorkloadActual  83: 58848 op, 900513538.00 ns, 15.3024 us/op
WorkloadActual  84: 58848 op, 871249168.00 ns, 14.8051 us/op
WorkloadActual  85: 58848 op, 841986606.00 ns, 14.3078 us/op
WorkloadActual  86: 58848 op, 839509850.00 ns, 14.2657 us/op
WorkloadActual  87: 58848 op, 845176416.00 ns, 14.3620 us/op
WorkloadActual  88: 58848 op, 876358039.00 ns, 14.8919 us/op
WorkloadActual  89: 58848 op, 849224313.00 ns, 14.4308 us/op
WorkloadActual  90: 58848 op, 933423981.00 ns, 15.8616 us/op
WorkloadActual  91: 58848 op, 886767349.00 ns, 15.0688 us/op
WorkloadActual  92: 58848 op, 846921615.00 ns, 14.3917 us/op
WorkloadActual  93: 58848 op, 849512438.00 ns, 14.4357 us/op
WorkloadActual  94: 58848 op, 855484124.00 ns, 14.5372 us/op

// AfterActualRun
WorkloadResult   1: 58848 op, 840377219.50 ns, 14.2805 us/op
WorkloadResult   2: 58848 op, 839982221.50 ns, 14.2738 us/op
WorkloadResult   3: 58848 op, 844594633.50 ns, 14.3521 us/op
WorkloadResult   4: 58848 op, 843473392.50 ns, 14.3331 us/op
WorkloadResult   5: 58848 op, 938162184.50 ns, 15.9421 us/op
WorkloadResult   6: 58848 op, 837376916.50 ns, 14.2295 us/op
WorkloadResult   7: 58848 op, 837805079.50 ns, 14.2368 us/op
WorkloadResult   8: 58848 op, 837674336.50 ns, 14.2345 us/op
WorkloadResult   9: 58848 op, 832170959.50 ns, 14.1410 us/op
WorkloadResult  10: 58848 op, 855527508.50 ns, 14.5379 us/op
WorkloadResult  11: 58848 op, 1093098760.50 ns, 18.5750 us/op
WorkloadResult  12: 58848 op, 843354728.50 ns, 14.3311 us/op
WorkloadResult  13: 58848 op, 839922892.50 ns, 14.2728 us/op
WorkloadResult  14: 58848 op, 840383144.50 ns, 14.2806 us/op
WorkloadResult  15: 58848 op, 843665984.50 ns, 14.3364 us/op
WorkloadResult  16: 58848 op, 838625544.50 ns, 14.2507 us/op
WorkloadResult  17: 58848 op, 931651667.50 ns, 15.8315 us/op
WorkloadResult  18: 58848 op, 841536305.50 ns, 14.3002 us/op
WorkloadResult  19: 58848 op, 846055342.50 ns, 14.3770 us/op
WorkloadResult  20: 58848 op, 838016989.50 ns, 14.2404 us/op
WorkloadResult  21: 58848 op, 839165431.50 ns, 14.2599 us/op
WorkloadResult  22: 58848 op, 964539294.50 ns, 16.3903 us/op
WorkloadResult  23: 58848 op, 954571361.50 ns, 16.2210 us/op
WorkloadResult  24: 58848 op, 843951743.50 ns, 14.3412 us/op
WorkloadResult  25: 58848 op, 841387691.50 ns, 14.2976 us/op
WorkloadResult  26: 58848 op, 842461347.50 ns, 14.3159 us/op
WorkloadResult  27: 58848 op, 845063665.50 ns, 14.3601 us/op
WorkloadResult  28: 58848 op, 850103883.50 ns, 14.4458 us/op
WorkloadResult  29: 58848 op, 959662829.50 ns, 16.3075 us/op
WorkloadResult  30: 58848 op, 847659953.50 ns, 14.4042 us/op
WorkloadResult  31: 58848 op, 844227216.50 ns, 14.3459 us/op
WorkloadResult  32: 58848 op, 841801519.50 ns, 14.3047 us/op
WorkloadResult  33: 58848 op, 911996120.50 ns, 15.4975 us/op
WorkloadResult  34: 58848 op, 993403814.50 ns, 16.8808 us/op
WorkloadResult  35: 58848 op, 976706810.50 ns, 16.5971 us/op
WorkloadResult  36: 58848 op, 839580376.50 ns, 14.2669 us/op
WorkloadResult  37: 58848 op, 837097223.50 ns, 14.2247 us/op
WorkloadResult  38: 58848 op, 865078900.50 ns, 14.7002 us/op
WorkloadResult  39: 58848 op, 880381125.50 ns, 14.9603 us/op
WorkloadResult  40: 58848 op, 834604197.50 ns, 14.1824 us/op
WorkloadResult  41: 58848 op, 938389361.50 ns, 15.9460 us/op
WorkloadResult  42: 58848 op, 842649495.50 ns, 14.3191 us/op
WorkloadResult  43: 58848 op, 838026280.50 ns, 14.2405 us/op
WorkloadResult  44: 58848 op, 862084874.50 ns, 14.6493 us/op
WorkloadResult  45: 58848 op, 982571224.50 ns, 16.6968 us/op
WorkloadResult  46: 58848 op, 852602030.50 ns, 14.4882 us/op
WorkloadResult  47: 58848 op, 950165966.50 ns, 16.1461 us/op
WorkloadResult  48: 58848 op, 841711168.50 ns, 14.3031 us/op
WorkloadResult  49: 58848 op, 840450419.50 ns, 14.2817 us/op
WorkloadResult  50: 58848 op, 851847023.50 ns, 14.4754 us/op
WorkloadResult  51: 58848 op, 867934049.50 ns, 14.7487 us/op
WorkloadResult  52: 58848 op, 841562023.50 ns, 14.3006 us/op
WorkloadResult  53: 58848 op, 933277957.50 ns, 15.8591 us/op
WorkloadResult  54: 58848 op, 840917808.50 ns, 14.2897 us/op
WorkloadResult  55: 58848 op, 843838622.50 ns, 14.3393 us/op
WorkloadResult  56: 58848 op, 856077451.50 ns, 14.5473 us/op
WorkloadResult  57: 58848 op, 844038655.50 ns, 14.3427 us/op
WorkloadResult  58: 58848 op, 849579924.50 ns, 14.4369 us/op
WorkloadResult  59: 58848 op, 983341338.50 ns, 16.7099 us/op
WorkloadResult  60: 58848 op, 849327666.50 ns, 14.4326 us/op
WorkloadResult  61: 58848 op, 838108148.50 ns, 14.2419 us/op
WorkloadResult  62: 58848 op, 842880589.50 ns, 14.3230 us/op
WorkloadResult  63: 58848 op, 844795481.50 ns, 14.3556 us/op
WorkloadResult  64: 58848 op, 835630842.50 ns, 14.1998 us/op
WorkloadResult  65: 58848 op, 903275674.50 ns, 15.3493 us/op
WorkloadResult  66: 58848 op, 859812291.50 ns, 14.6107 us/op
WorkloadResult  67: 58848 op, 837266371.50 ns, 14.2276 us/op
WorkloadResult  68: 58848 op, 990365879.50 ns, 16.8292 us/op
WorkloadResult  69: 58848 op, 837712659.50 ns, 14.2352 us/op
WorkloadResult  70: 58848 op, 900491192.50 ns, 15.3020 us/op
WorkloadResult  71: 58848 op, 949076760.50 ns, 16.1276 us/op
WorkloadResult  72: 58848 op, 849132382.50 ns, 14.4292 us/op
WorkloadResult  73: 58848 op, 843088957.50 ns, 14.3266 us/op
WorkloadResult  74: 58848 op, 836796694.50 ns, 14.2196 us/op
WorkloadResult  75: 58848 op, 843424141.50 ns, 14.3322 us/op
WorkloadResult  76: 58848 op, 859237293.50 ns, 14.6010 us/op
WorkloadResult  77: 58848 op, 880751088.50 ns, 14.9665 us/op
WorkloadResult  78: 58848 op, 892593779.50 ns, 15.1678 us/op
WorkloadResult  79: 58848 op, 901485991.50 ns, 15.3189 us/op
WorkloadResult  80: 58848 op, 873483058.50 ns, 14.8430 us/op
WorkloadResult  81: 58848 op, 867532547.50 ns, 14.7419 us/op
WorkloadResult  82: 58848 op, 838395897.50 ns, 14.2468 us/op
WorkloadResult  83: 58848 op, 900209103.50 ns, 15.2972 us/op
WorkloadResult  84: 58848 op, 870944733.50 ns, 14.7999 us/op
WorkloadResult  85: 58848 op, 841682171.50 ns, 14.3026 us/op
WorkloadResult  86: 58848 op, 839205415.50 ns, 14.2606 us/op
WorkloadResult  87: 58848 op, 844871981.50 ns, 14.3569 us/op
WorkloadResult  88: 58848 op, 876053604.50 ns, 14.8867 us/op
WorkloadResult  89: 58848 op, 848919878.50 ns, 14.4256 us/op
WorkloadResult  90: 58848 op, 933119546.50 ns, 15.8564 us/op
WorkloadResult  91: 58848 op, 886462914.50 ns, 15.0636 us/op
WorkloadResult  92: 58848 op, 846617180.50 ns, 14.3865 us/op
WorkloadResult  93: 58848 op, 849208003.50 ns, 14.4305 us/op
WorkloadResult  94: 58848 op, 855179689.50 ns, 14.5320 us/op

// AfterAll
// Benchmark Process 864221 has exited with code 0.

Mean = 14.806 μs, StdErr = 0.087 μs (0.58%), N = 94, StdDev = 0.839 μs
Min = 14.141 μs, Q1 = 14.292 μs, Median = 14.382 μs, Q3 = 14.965 μs, Max = 18.575 μs
IQR = 0.673 μs, LowerFence = 13.282 μs, UpperFence = 15.975 μs
ConfidenceInterval = [14.512 μs; 15.101 μs] (CI 99.9%), Margin = 0.294 μs (1.99% of Mean)
Skewness = 1.89, Kurtosis = 6.56, MValue = 2.04

// ** Remained 7 (70.0 %) benchmark(s) to run. Estimated finish 2026-05-15 17:27 (0h 12m from now) **
// **************************
// Benchmark: SmokeBenchByte.SpanJson_Deser: Energy(OutlierMode=DontRemove, IterationTime=1s)
// *** Execute ***
// Launch: 1 / 1
// Execute: dotnet JsonBench-Energy-1.dll --anonymousPipes 123 124 --benchmarkName JsonBench.Benchmarks.SmokeBenchByte.SpanJson_Deser --job Energy --benchmarkId 3 in /home/test/json-energy-bench/JsonBench/bin/Release/net10.0/JsonBench-Energy-1/bin/Release/net10.0
// BeforeAnythingElse

// Benchmark Process Environment Information:
// BenchmarkDotNet v0.15.5-develop (2026-05-15)
// Runtime=.NET 10.0.7 (10.0.7, 10.0.726.21808), X64 RyuJIT x86-64-v3
// GC=Concurrent Workstation
// HardwareIntrinsics=AVX2+BMI1+BMI2+F16C+FMA+LZCNT+MOVBE,AVX,SSE3+SSSE3+SSE4.1+SSE4.2+POPCNT,X86Base+SSE+SSE2,AES+PCLMUL VectorSize=256
// Job: Energy(OutlierMode=DontRemove, IterationTime=1s)

OverheadJitting  1: 1 op, 186922.00 ns, 186.9220 us/op
WorkloadJitting  1: 1 op, 58983690.00 ns, 58.9837 ms/op

OverheadJitting  2: 16 op, 501340.00 ns, 31.3338 us/op
WorkloadJitting  2: 16 op, 1356539.00 ns, 84.7837 us/op

WorkloadPilot    1: 16 op, 328498.00 ns, 20.5311 us/op
WorkloadPilot    2: 48720 op, 524223271.00 ns, 10.7599 us/op
WorkloadPilot    3: 92944 op, 565909950.00 ns, 6.0887 us/op
WorkloadPilot    4: 164240 op, 983548930.00 ns, 5.9885 us/op
WorkloadPilot    5: 166992 op, 1267717240.00 ns, 7.5915 us/op
WorkloadPilot    6: 131728 op, 946428274.00 ns, 7.1847 us/op
WorkloadPilot    7: 139184 op, 1002919985.00 ns, 7.2057 us/op
WorkloadPilot    8: 138784 op, 1004976516.00 ns, 7.2413 us/op

OverheadWarmup   1: 138784 op, 461082.00 ns, 3.3223 ns/op
OverheadWarmup   2: 138784 op, 468274.00 ns, 3.3741 ns/op
OverheadWarmup   3: 138784 op, 457726.00 ns, 3.2981 ns/op
OverheadWarmup   4: 138784 op, 455989.00 ns, 3.2856 ns/op
OverheadWarmup   5: 138784 op, 457106.00 ns, 3.2937 ns/op
OverheadWarmup   6: 138784 op, 458998.00 ns, 3.3073 ns/op
OverheadWarmup   7: 138784 op, 454700.00 ns, 3.2763 ns/op

OverheadActual   1: 138784 op, 457281.00 ns, 3.2949 ns/op
OverheadActual   2: 138784 op, 458620.00 ns, 3.3046 ns/op
OverheadActual   3: 138784 op, 454982.00 ns, 3.2783 ns/op
OverheadActual   4: 138784 op, 459371.00 ns, 3.3100 ns/op
OverheadActual   5: 138784 op, 459704.00 ns, 3.3124 ns/op
OverheadActual   6: 138784 op, 455555.00 ns, 3.2825 ns/op
OverheadActual   7: 138784 op, 454701.00 ns, 3.2763 ns/op
OverheadActual   8: 138784 op, 458120.00 ns, 3.3010 ns/op
OverheadActual   9: 138784 op, 453793.00 ns, 3.2698 ns/op
OverheadActual  10: 138784 op, 452899.00 ns, 3.2633 ns/op
OverheadActual  11: 138784 op, 458433.00 ns, 3.3032 ns/op
OverheadActual  12: 138784 op, 453432.00 ns, 3.2672 ns/op
OverheadActual  13: 138784 op, 455588.00 ns, 3.2827 ns/op
OverheadActual  14: 138784 op, 458646.00 ns, 3.3047 ns/op
OverheadActual  15: 138784 op, 455336.00 ns, 3.2809 ns/op

WorkloadWarmup   1: 138784 op, 791460444.00 ns, 5.7028 us/op
WorkloadWarmup   2: 138784 op, 801229329.00 ns, 5.7732 us/op
WorkloadWarmup   3: 138784 op, 790047234.00 ns, 5.6926 us/op
WorkloadWarmup   4: 138784 op, 784344773.00 ns, 5.6516 us/op
WorkloadWarmup   5: 138784 op, 783378160.00 ns, 5.6446 us/op
WorkloadWarmup   6: 138784 op, 828540320.00 ns, 5.9700 us/op
WorkloadWarmup   7: 138784 op, 951665855.00 ns, 6.8572 us/op
WorkloadWarmup   8: 138784 op, 874756709.00 ns, 6.3030 us/op

// BeforeActualRun
WorkloadActual   1: 138784 op, 791312553.00 ns, 5.7018 us/op
WorkloadActual   2: 138784 op, 788473978.00 ns, 5.6813 us/op
WorkloadActual   3: 138784 op, 816161003.00 ns, 5.8808 us/op
WorkloadActual   4: 138784 op, 780476288.00 ns, 5.6237 us/op
WorkloadActual   5: 138784 op, 885812612.00 ns, 6.3827 us/op
WorkloadActual   6: 138784 op, 812448722.00 ns, 5.8541 us/op
WorkloadActual   7: 138784 op, 789575141.00 ns, 5.6892 us/op
WorkloadActual   8: 138784 op, 789520744.00 ns, 5.6888 us/op
WorkloadActual   9: 138784 op, 791905183.00 ns, 5.7060 us/op
WorkloadActual  10: 138784 op, 788403557.00 ns, 5.6808 us/op
WorkloadActual  11: 138784 op, 946915355.00 ns, 6.8229 us/op
WorkloadActual  12: 138784 op, 801725744.00 ns, 5.7768 us/op
WorkloadActual  13: 138784 op, 787368711.00 ns, 5.6733 us/op
WorkloadActual  14: 138784 op, 786846508.00 ns, 5.6696 us/op
WorkloadActual  15: 138784 op, 787016096.00 ns, 5.6708 us/op
WorkloadActual  16: 138784 op, 788194356.00 ns, 5.6793 us/op
WorkloadActual  17: 138784 op, 786805043.00 ns, 5.6693 us/op
WorkloadActual  18: 138784 op, 881545834.00 ns, 6.3519 us/op
WorkloadActual  19: 138784 op, 788938738.00 ns, 5.6847 us/op
WorkloadActual  20: 138784 op, 790625906.00 ns, 5.6968 us/op
WorkloadActual  21: 138784 op, 779893619.00 ns, 5.6195 us/op
WorkloadActual  22: 138784 op, 785609314.00 ns, 5.6607 us/op
WorkloadActual  23: 138784 op, 871474858.00 ns, 6.2794 us/op
WorkloadActual  24: 138784 op, 864865160.00 ns, 6.2317 us/op
WorkloadActual  25: 138784 op, 822756918.00 ns, 5.9283 us/op
WorkloadActual  26: 138784 op, 793127828.00 ns, 5.7148 us/op
WorkloadActual  27: 138784 op, 789559966.00 ns, 5.6891 us/op
WorkloadActual  28: 138784 op, 786736006.00 ns, 5.6688 us/op
WorkloadActual  29: 138784 op, 788047610.00 ns, 5.6782 us/op
WorkloadActual  30: 138784 op, 785652980.00 ns, 5.6610 us/op
WorkloadActual  31: 138784 op, 900980975.00 ns, 6.4920 us/op
WorkloadActual  32: 138784 op, 789595697.00 ns, 5.6894 us/op
WorkloadActual  33: 138784 op, 785667277.00 ns, 5.6611 us/op
WorkloadActual  34: 138784 op, 836870456.00 ns, 6.0300 us/op
WorkloadActual  35: 138784 op, 837027009.00 ns, 6.0311 us/op
WorkloadActual  36: 138784 op, 935717297.00 ns, 6.7423 us/op
WorkloadActual  37: 138784 op, 867433155.00 ns, 6.2502 us/op
WorkloadActual  38: 138784 op, 795463766.00 ns, 5.7317 us/op
WorkloadActual  39: 138784 op, 783558448.00 ns, 5.6459 us/op
WorkloadActual  40: 138784 op, 795275834.00 ns, 5.7303 us/op
WorkloadActual  41: 138784 op, 795478831.00 ns, 5.7318 us/op
WorkloadActual  42: 138784 op, 812678237.00 ns, 5.8557 us/op
WorkloadActual  43: 138784 op, 784390796.00 ns, 5.6519 us/op
WorkloadActual  44: 138784 op, 884189127.00 ns, 6.3710 us/op
WorkloadActual  45: 138784 op, 776635395.00 ns, 5.5960 us/op
WorkloadActual  46: 138784 op, 785334885.00 ns, 5.6587 us/op
WorkloadActual  47: 138784 op, 788937139.00 ns, 5.6846 us/op
WorkloadActual  48: 138784 op, 807308104.00 ns, 5.8170 us/op
WorkloadActual  49: 138784 op, 784938998.00 ns, 5.6558 us/op
WorkloadActual  50: 138784 op, 858253055.00 ns, 6.1841 us/op
WorkloadActual  51: 138784 op, 790630645.00 ns, 5.6968 us/op
WorkloadActual  52: 138784 op, 785439404.00 ns, 5.6594 us/op
WorkloadActual  53: 138784 op, 787131261.00 ns, 5.6716 us/op
WorkloadActual  54: 138784 op, 781539489.00 ns, 5.6313 us/op
WorkloadActual  55: 138784 op, 783181697.00 ns, 5.6432 us/op
WorkloadActual  56: 138784 op, 781885432.00 ns, 5.6338 us/op
WorkloadActual  57: 138784 op, 875377925.00 ns, 6.3075 us/op
WorkloadActual  58: 138784 op, 791482778.00 ns, 5.7030 us/op
WorkloadActual  59: 138784 op, 784263921.00 ns, 5.6510 us/op
WorkloadActual  60: 138784 op, 799211007.00 ns, 5.7587 us/op
WorkloadActual  61: 138784 op, 894914779.00 ns, 6.4483 us/op
WorkloadActual  62: 138784 op, 782914763.00 ns, 5.6412 us/op
WorkloadActual  63: 138784 op, 830808050.00 ns, 5.9863 us/op
WorkloadActual  64: 138784 op, 835060493.00 ns, 6.0170 us/op
WorkloadActual  65: 138784 op, 780962112.00 ns, 5.6272 us/op
WorkloadActual  66: 138784 op, 795430771.00 ns, 5.7314 us/op
WorkloadActual  67: 138784 op, 779352515.00 ns, 5.6156 us/op
WorkloadActual  68: 138784 op, 782317433.00 ns, 5.6369 us/op
WorkloadActual  69: 138784 op, 785416894.00 ns, 5.6593 us/op
WorkloadActual  70: 138784 op, 888662181.00 ns, 6.4032 us/op
WorkloadActual  71: 138784 op, 782951851.00 ns, 5.6415 us/op
WorkloadActual  72: 138784 op, 829840395.00 ns, 5.9794 us/op
WorkloadActual  73: 138784 op, 827634382.00 ns, 5.9635 us/op
WorkloadActual  74: 138784 op, 783618003.00 ns, 5.6463 us/op

// AfterActualRun
WorkloadResult   1: 138784 op, 790856965.00 ns, 5.6985 us/op
WorkloadResult   2: 138784 op, 788018390.00 ns, 5.6780 us/op
WorkloadResult   3: 138784 op, 815705415.00 ns, 5.8775 us/op
WorkloadResult   4: 138784 op, 780020700.00 ns, 5.6204 us/op
WorkloadResult   5: 138784 op, 885357024.00 ns, 6.3794 us/op
WorkloadResult   6: 138784 op, 811993134.00 ns, 5.8508 us/op
WorkloadResult   7: 138784 op, 789119553.00 ns, 5.6860 us/op
WorkloadResult   8: 138784 op, 789065156.00 ns, 5.6856 us/op
WorkloadResult   9: 138784 op, 791449595.00 ns, 5.7027 us/op
WorkloadResult  10: 138784 op, 787947969.00 ns, 5.6775 us/op
WorkloadResult  11: 138784 op, 946459767.00 ns, 6.8197 us/op
WorkloadResult  12: 138784 op, 801270156.00 ns, 5.7735 us/op
WorkloadResult  13: 138784 op, 786913123.00 ns, 5.6701 us/op
WorkloadResult  14: 138784 op, 786390920.00 ns, 5.6663 us/op
WorkloadResult  15: 138784 op, 786560508.00 ns, 5.6675 us/op
WorkloadResult  16: 138784 op, 787738768.00 ns, 5.6760 us/op
WorkloadResult  17: 138784 op, 786349455.00 ns, 5.6660 us/op
WorkloadResult  18: 138784 op, 881090246.00 ns, 6.3486 us/op
WorkloadResult  19: 138784 op, 788483150.00 ns, 5.6814 us/op
WorkloadResult  20: 138784 op, 790170318.00 ns, 5.6935 us/op
WorkloadResult  21: 138784 op, 779438031.00 ns, 5.6162 us/op
WorkloadResult  22: 138784 op, 785153726.00 ns, 5.6574 us/op
WorkloadResult  23: 138784 op, 871019270.00 ns, 6.2761 us/op
WorkloadResult  24: 138784 op, 864409572.00 ns, 6.2285 us/op
WorkloadResult  25: 138784 op, 822301330.00 ns, 5.9250 us/op
WorkloadResult  26: 138784 op, 792672240.00 ns, 5.7116 us/op
WorkloadResult  27: 138784 op, 789104378.00 ns, 5.6858 us/op
WorkloadResult  28: 138784 op, 786280418.00 ns, 5.6655 us/op
WorkloadResult  29: 138784 op, 787592022.00 ns, 5.6749 us/op
WorkloadResult  30: 138784 op, 785197392.00 ns, 5.6577 us/op
WorkloadResult  31: 138784 op, 900525387.00 ns, 6.4887 us/op
WorkloadResult  32: 138784 op, 789140109.00 ns, 5.6861 us/op
WorkloadResult  33: 138784 op, 785211689.00 ns, 5.6578 us/op
WorkloadResult  34: 138784 op, 836414868.00 ns, 6.0267 us/op
WorkloadResult  35: 138784 op, 836571421.00 ns, 6.0279 us/op
WorkloadResult  36: 138784 op, 935261709.00 ns, 6.7390 us/op
WorkloadResult  37: 138784 op, 866977567.00 ns, 6.2470 us/op
WorkloadResult  38: 138784 op, 795008178.00 ns, 5.7284 us/op
WorkloadResult  39: 138784 op, 783102860.00 ns, 5.6426 us/op
WorkloadResult  40: 138784 op, 794820246.00 ns, 5.7270 us/op
WorkloadResult  41: 138784 op, 795023243.00 ns, 5.7285 us/op
WorkloadResult  42: 138784 op, 812222649.00 ns, 5.8524 us/op
WorkloadResult  43: 138784 op, 783935208.00 ns, 5.6486 us/op
WorkloadResult  44: 138784 op, 883733539.00 ns, 6.3677 us/op
WorkloadResult  45: 138784 op, 776179807.00 ns, 5.5927 us/op
WorkloadResult  46: 138784 op, 784879297.00 ns, 5.6554 us/op
WorkloadResult  47: 138784 op, 788481551.00 ns, 5.6814 us/op
WorkloadResult  48: 138784 op, 806852516.00 ns, 5.8137 us/op
WorkloadResult  49: 138784 op, 784483410.00 ns, 5.6525 us/op
WorkloadResult  50: 138784 op, 857797467.00 ns, 6.1808 us/op
WorkloadResult  51: 138784 op, 790175057.00 ns, 5.6936 us/op
WorkloadResult  52: 138784 op, 784983816.00 ns, 5.6562 us/op
WorkloadResult  53: 138784 op, 786675673.00 ns, 5.6683 us/op
WorkloadResult  54: 138784 op, 781083901.00 ns, 5.6281 us/op
WorkloadResult  55: 138784 op, 782726109.00 ns, 5.6399 us/op
WorkloadResult  56: 138784 op, 781429844.00 ns, 5.6305 us/op
WorkloadResult  57: 138784 op, 874922337.00 ns, 6.3042 us/op
WorkloadResult  58: 138784 op, 791027190.00 ns, 5.6997 us/op
WorkloadResult  59: 138784 op, 783808333.00 ns, 5.6477 us/op
WorkloadResult  60: 138784 op, 798755419.00 ns, 5.7554 us/op
WorkloadResult  61: 138784 op, 894459191.00 ns, 6.4450 us/op
WorkloadResult  62: 138784 op, 782459175.00 ns, 5.6380 us/op
WorkloadResult  63: 138784 op, 830352462.00 ns, 5.9831 us/op
WorkloadResult  64: 138784 op, 834604905.00 ns, 6.0137 us/op
WorkloadResult  65: 138784 op, 780506524.00 ns, 5.6239 us/op
WorkloadResult  66: 138784 op, 794975183.00 ns, 5.7281 us/op
WorkloadResult  67: 138784 op, 778896927.00 ns, 5.6123 us/op
WorkloadResult  68: 138784 op, 781861845.00 ns, 5.6337 us/op
WorkloadResult  69: 138784 op, 784961306.00 ns, 5.6560 us/op
WorkloadResult  70: 138784 op, 888206593.00 ns, 6.3999 us/op
WorkloadResult  71: 138784 op, 782496263.00 ns, 5.6382 us/op
WorkloadResult  72: 138784 op, 829384807.00 ns, 5.9761 us/op
WorkloadResult  73: 138784 op, 827178794.00 ns, 5.9602 us/op
WorkloadResult  74: 138784 op, 783162415.00 ns, 5.6430 us/op

// AfterAll
// Benchmark Process 864975 has exited with code 0.

Mean = 5.838 μs, StdErr = 0.034 μs (0.58%), N = 74, StdDev = 0.292 μs
Min = 5.593 μs, Q1 = 5.656 μs, Median = 5.686 μs, Q3 = 5.951 μs, Max = 6.820 μs
IQR = 0.295 μs, LowerFence = 5.214 μs, UpperFence = 6.394 μs
ConfidenceInterval = [5.722 μs; 5.955 μs] (CI 99.9%), Margin = 0.116 μs (1.99% of Mean)
Skewness = 1.58, Kurtosis = 4.55, MValue = 2.21

// ** Remained 6 (60.0 %) benchmark(s) to run. Estimated finish 2026-05-15 17:26 (0h 9m from now) **
// **************************
// Benchmark: SmokeBenchByte.Utf8Json_Deser: Energy(OutlierMode=DontRemove, IterationTime=1s)
// *** Execute ***
// Launch: 1 / 1
// Execute: dotnet JsonBench-Energy-1.dll --anonymousPipes 123 124 --benchmarkName JsonBench.Benchmarks.SmokeBenchByte.Utf8Json_Deser --job Energy --benchmarkId 4 in /home/test/json-energy-bench/JsonBench/bin/Release/net10.0/JsonBench-Energy-1/bin/Release/net10.0
// BeforeAnythingElse

// Benchmark Process Environment Information:
// BenchmarkDotNet v0.15.5-develop (2026-05-15)
// Runtime=.NET 10.0.7 (10.0.7, 10.0.726.21808), X64 RyuJIT x86-64-v3
// GC=Concurrent Workstation
// HardwareIntrinsics=AVX2+BMI1+BMI2+F16C+FMA+LZCNT+MOVBE,AVX,SSE3+SSSE3+SSE4.1+SSE4.2+POPCNT,X86Base+SSE+SSE2,AES+PCLMUL VectorSize=256
// Job: Energy(OutlierMode=DontRemove, IterationTime=1s)

OverheadJitting  1: 1 op, 190621.00 ns, 190.6210 us/op
WorkloadJitting  1: 1 op, 68012844.00 ns, 68.0128 ms/op

WorkloadPilot    1: 4 op, 217289.00 ns, 54.3223 us/op
WorkloadPilot    2: 18409 op, 453478540.00 ns, 24.6335 us/op
WorkloadPilot    3: 40595 op, 351779696.00 ns, 8.6656 us/op
WorkloadPilot    4: 115399 op, 1093055744.00 ns, 9.4720 us/op
WorkloadPilot    5: 105575 op, 1103904159.00 ns, 10.4561 us/op
WorkloadPilot    6: 95638 op, 1011253802.00 ns, 10.5738 us/op

WorkloadWarmup   1: 95638 op, 1032554099.00 ns, 10.7965 us/op
WorkloadWarmup   2: 95638 op, 1019232528.00 ns, 10.6572 us/op
WorkloadWarmup   3: 95638 op, 869916283.00 ns, 9.0959 us/op
WorkloadWarmup   4: 95638 op, 834457144.00 ns, 8.7252 us/op
WorkloadWarmup   5: 95638 op, 833374185.00 ns, 8.7138 us/op
WorkloadWarmup   6: 95638 op, 857244728.00 ns, 8.9634 us/op
WorkloadWarmup   7: 95638 op, 844933669.00 ns, 8.8347 us/op
WorkloadWarmup   8: 95638 op, 948693283.00 ns, 9.9196 us/op
WorkloadWarmup   9: 95638 op, 968086882.00 ns, 10.1224 us/op
WorkloadWarmup  10: 95638 op, 830929937.00 ns, 8.6883 us/op

// BeforeActualRun
WorkloadActual   1: 95638 op, 832849033.00 ns, 8.7083 us/op
WorkloadActual   2: 95638 op, 838766223.00 ns, 8.7702 us/op
WorkloadActual   3: 95638 op, 864293555.00 ns, 9.0371 us/op
WorkloadActual   4: 95638 op, 905576780.00 ns, 9.4688 us/op
WorkloadActual   5: 95638 op, 858518701.00 ns, 8.9768 us/op
WorkloadActual   6: 95638 op, 834231560.00 ns, 8.7228 us/op
WorkloadActual   7: 95638 op, 834620870.00 ns, 8.7269 us/op
WorkloadActual   8: 95638 op, 834133724.00 ns, 8.7218 us/op
WorkloadActual   9: 95638 op, 824272266.00 ns, 8.6187 us/op
WorkloadActual  10: 95638 op, 907218310.00 ns, 9.4860 us/op
WorkloadActual  11: 95638 op, 983167437.00 ns, 10.2801 us/op
WorkloadActual  12: 95638 op, 831576369.00 ns, 8.6950 us/op
WorkloadActual  13: 95638 op, 832552943.00 ns, 8.7053 us/op
WorkloadActual  14: 95638 op, 832469772.00 ns, 8.7044 us/op
WorkloadActual  15: 95638 op, 830428097.00 ns, 8.6830 us/op
WorkloadActual  16: 95638 op, 855863662.00 ns, 8.9490 us/op
WorkloadActual  17: 95638 op, 954078095.00 ns, 9.9759 us/op
WorkloadActual  18: 95638 op, 831825677.00 ns, 8.6976 us/op
WorkloadActual  19: 95638 op, 834067545.00 ns, 8.7211 us/op
WorkloadActual  20: 95638 op, 829795062.00 ns, 8.6764 us/op
WorkloadActual  21: 95638 op, 844871205.00 ns, 8.8341 us/op
WorkloadActual  22: 95638 op, 932695612.00 ns, 9.7524 us/op
WorkloadActual  23: 95638 op, 915247604.00 ns, 9.5699 us/op
WorkloadActual  24: 95638 op, 828474639.00 ns, 8.6626 us/op
WorkloadActual  25: 95638 op, 828883491.00 ns, 8.6669 us/op
WorkloadActual  26: 95638 op, 832242116.00 ns, 8.7020 us/op
WorkloadActual  27: 95638 op, 860933469.00 ns, 9.0020 us/op
WorkloadActual  28: 95638 op, 834006891.00 ns, 8.7205 us/op
WorkloadActual  29: 95638 op, 933130986.00 ns, 9.7569 us/op
WorkloadActual  30: 95638 op, 824628554.00 ns, 8.6224 us/op
WorkloadActual  31: 95638 op, 833383191.00 ns, 8.7139 us/op
WorkloadActual  32: 95638 op, 833895581.00 ns, 8.7193 us/op
WorkloadActual  33: 95638 op, 960902150.00 ns, 10.0473 us/op
WorkloadActual  34: 95638 op, 898052105.00 ns, 9.3901 us/op
WorkloadActual  35: 95638 op, 923691832.00 ns, 9.6582 us/op
WorkloadActual  36: 95638 op, 838129948.00 ns, 8.7636 us/op
WorkloadActual  37: 95638 op, 835306717.00 ns, 8.7340 us/op
WorkloadActual  38: 95638 op, 837161602.00 ns, 8.7534 us/op
WorkloadActual  39: 95638 op, 833627117.00 ns, 8.7165 us/op
WorkloadActual  40: 95638 op, 834505884.00 ns, 8.7257 us/op
WorkloadActual  41: 95638 op, 897912990.00 ns, 9.3887 us/op
WorkloadActual  42: 95638 op, 844386685.00 ns, 8.8290 us/op
WorkloadActual  43: 95638 op, 826592546.00 ns, 8.6429 us/op
WorkloadActual  44: 95638 op, 837069571.00 ns, 8.7525 us/op
WorkloadActual  45: 95638 op, 929488601.00 ns, 9.7188 us/op
WorkloadActual  46: 95638 op, 836045289.00 ns, 8.7418 us/op
WorkloadActual  47: 95638 op, 847074183.00 ns, 8.8571 us/op
WorkloadActual  48: 95638 op, 907813776.00 ns, 9.4922 us/op
WorkloadActual  49: 95638 op, 829151900.00 ns, 8.6697 us/op
WorkloadActual  50: 95638 op, 829883508.00 ns, 8.6773 us/op
WorkloadActual  51: 95638 op, 825415265.00 ns, 8.6306 us/op
WorkloadActual  52: 95638 op, 832221952.00 ns, 8.7018 us/op
WorkloadActual  53: 95638 op, 838680431.00 ns, 8.7693 us/op
WorkloadActual  54: 95638 op, 923164471.00 ns, 9.6527 us/op
WorkloadActual  55: 95638 op, 833217387.00 ns, 8.7122 us/op
WorkloadActual  56: 95638 op, 826152026.00 ns, 8.6383 us/op
WorkloadActual  57: 95638 op, 847598042.00 ns, 8.8626 us/op
WorkloadActual  58: 95638 op, 830936787.00 ns, 8.6884 us/op
WorkloadActual  59: 95638 op, 860047453.00 ns, 8.9927 us/op
WorkloadActual  60: 95638 op, 914042041.00 ns, 9.5573 us/op
WorkloadActual  61: 95638 op, 830327877.00 ns, 8.6820 us/op
WorkloadActual  62: 95638 op, 834642531.00 ns, 8.7271 us/op
WorkloadActual  63: 95638 op, 828020970.00 ns, 8.6579 us/op
WorkloadActual  64: 95638 op, 835203093.00 ns, 8.7330 us/op
WorkloadActual  65: 95638 op, 828071815.00 ns, 8.6584 us/op
WorkloadActual  66: 95638 op, 946550284.00 ns, 9.8972 us/op
WorkloadActual  67: 95638 op, 821881746.00 ns, 8.5937 us/op
WorkloadActual  68: 95638 op, 831308336.00 ns, 8.6922 us/op
WorkloadActual  69: 95638 op, 906773888.00 ns, 9.4813 us/op
WorkloadActual  70: 95638 op, 829738222.00 ns, 8.6758 us/op

// AfterActualRun
WorkloadResult   1: 95638 op, 832849033.00 ns, 8.7083 us/op
WorkloadResult   2: 95638 op, 838766223.00 ns, 8.7702 us/op
WorkloadResult   3: 95638 op, 864293555.00 ns, 9.0371 us/op
WorkloadResult   4: 95638 op, 905576780.00 ns, 9.4688 us/op
WorkloadResult   5: 95638 op, 858518701.00 ns, 8.9768 us/op
WorkloadResult   6: 95638 op, 834231560.00 ns, 8.7228 us/op
WorkloadResult   7: 95638 op, 834620870.00 ns, 8.7269 us/op
WorkloadResult   8: 95638 op, 834133724.00 ns, 8.7218 us/op
WorkloadResult   9: 95638 op, 824272266.00 ns, 8.6187 us/op
WorkloadResult  10: 95638 op, 907218310.00 ns, 9.4860 us/op
WorkloadResult  11: 95638 op, 983167437.00 ns, 10.2801 us/op
WorkloadResult  12: 95638 op, 831576369.00 ns, 8.6950 us/op
WorkloadResult  13: 95638 op, 832552943.00 ns, 8.7053 us/op
WorkloadResult  14: 95638 op, 832469772.00 ns, 8.7044 us/op
WorkloadResult  15: 95638 op, 830428097.00 ns, 8.6830 us/op
WorkloadResult  16: 95638 op, 855863662.00 ns, 8.9490 us/op
WorkloadResult  17: 95638 op, 954078095.00 ns, 9.9759 us/op
WorkloadResult  18: 95638 op, 831825677.00 ns, 8.6976 us/op
WorkloadResult  19: 95638 op, 834067545.00 ns, 8.7211 us/op
WorkloadResult  20: 95638 op, 829795062.00 ns, 8.6764 us/op
WorkloadResult  21: 95638 op, 844871205.00 ns, 8.8341 us/op
WorkloadResult  22: 95638 op, 932695612.00 ns, 9.7524 us/op
WorkloadResult  23: 95638 op, 915247604.00 ns, 9.5699 us/op
WorkloadResult  24: 95638 op, 828474639.00 ns, 8.6626 us/op
WorkloadResult  25: 95638 op, 828883491.00 ns, 8.6669 us/op
WorkloadResult  26: 95638 op, 832242116.00 ns, 8.7020 us/op
WorkloadResult  27: 95638 op, 860933469.00 ns, 9.0020 us/op
WorkloadResult  28: 95638 op, 834006891.00 ns, 8.7205 us/op
WorkloadResult  29: 95638 op, 933130986.00 ns, 9.7569 us/op
WorkloadResult  30: 95638 op, 824628554.00 ns, 8.6224 us/op
WorkloadResult  31: 95638 op, 833383191.00 ns, 8.7139 us/op
WorkloadResult  32: 95638 op, 833895581.00 ns, 8.7193 us/op
WorkloadResult  33: 95638 op, 960902150.00 ns, 10.0473 us/op
WorkloadResult  34: 95638 op, 898052105.00 ns, 9.3901 us/op
WorkloadResult  35: 95638 op, 923691832.00 ns, 9.6582 us/op
WorkloadResult  36: 95638 op, 838129948.00 ns, 8.7636 us/op
WorkloadResult  37: 95638 op, 835306717.00 ns, 8.7340 us/op
WorkloadResult  38: 95638 op, 837161602.00 ns, 8.7534 us/op
WorkloadResult  39: 95638 op, 833627117.00 ns, 8.7165 us/op
WorkloadResult  40: 95638 op, 834505884.00 ns, 8.7257 us/op
WorkloadResult  41: 95638 op, 897912990.00 ns, 9.3887 us/op
WorkloadResult  42: 95638 op, 844386685.00 ns, 8.8290 us/op
WorkloadResult  43: 95638 op, 826592546.00 ns, 8.6429 us/op
WorkloadResult  44: 95638 op, 837069571.00 ns, 8.7525 us/op
WorkloadResult  45: 95638 op, 929488601.00 ns, 9.7188 us/op
WorkloadResult  46: 95638 op, 836045289.00 ns, 8.7418 us/op
WorkloadResult  47: 95638 op, 847074183.00 ns, 8.8571 us/op
WorkloadResult  48: 95638 op, 907813776.00 ns, 9.4922 us/op
WorkloadResult  49: 95638 op, 829151900.00 ns, 8.6697 us/op
WorkloadResult  50: 95638 op, 829883508.00 ns, 8.6773 us/op
WorkloadResult  51: 95638 op, 825415265.00 ns, 8.6306 us/op
WorkloadResult  52: 95638 op, 832221952.00 ns, 8.7018 us/op
WorkloadResult  53: 95638 op, 838680431.00 ns, 8.7693 us/op
WorkloadResult  54: 95638 op, 923164471.00 ns, 9.6527 us/op
WorkloadResult  55: 95638 op, 833217387.00 ns, 8.7122 us/op
WorkloadResult  56: 95638 op, 826152026.00 ns, 8.6383 us/op
WorkloadResult  57: 95638 op, 847598042.00 ns, 8.8626 us/op
WorkloadResult  58: 95638 op, 830936787.00 ns, 8.6884 us/op
WorkloadResult  59: 95638 op, 860047453.00 ns, 8.9927 us/op
WorkloadResult  60: 95638 op, 914042041.00 ns, 9.5573 us/op
WorkloadResult  61: 95638 op, 830327877.00 ns, 8.6820 us/op
WorkloadResult  62: 95638 op, 834642531.00 ns, 8.7271 us/op
WorkloadResult  63: 95638 op, 828020970.00 ns, 8.6579 us/op
WorkloadResult  64: 95638 op, 835203093.00 ns, 8.7330 us/op
WorkloadResult  65: 95638 op, 828071815.00 ns, 8.6584 us/op
WorkloadResult  66: 95638 op, 946550284.00 ns, 9.8972 us/op
WorkloadResult  67: 95638 op, 821881746.00 ns, 8.5937 us/op
WorkloadResult  68: 95638 op, 831308336.00 ns, 8.6922 us/op
WorkloadResult  69: 95638 op, 906773888.00 ns, 9.4813 us/op
WorkloadResult  70: 95638 op, 829738222.00 ns, 8.6758 us/op

// AfterAll
// Benchmark Process 865724 has exited with code 0.

Mean = 8.966 μs, StdErr = 0.052 μs (0.58%), N = 70, StdDev = 0.434 μs
Min = 8.594 μs, Q1 = 8.693 μs, Median = 8.727 μs, Q3 = 9.028 μs, Max = 10.280 μs
IQR = 0.335 μs, LowerFence = 8.190 μs, UpperFence = 9.531 μs
ConfidenceInterval = [8.788 μs; 9.144 μs] (CI 99.9%), Margin = 0.178 μs (1.99% of Mean)
Skewness = 1.34, Kurtosis = 3.45, MValue = 2.23

// ** Remained 5 (50.0 %) benchmark(s) to run. Estimated finish 2026-05-15 17:26 (0h 8m from now) **
// **************************
// Benchmark: SmokeBenchByte.STJRefGen_Ser: Energy(OutlierMode=DontRemove, IterationTime=1s)
// *** Execute ***
// Launch: 1 / 1
// Execute: dotnet JsonBench-Energy-1.dll --anonymousPipes 123 124 --benchmarkName JsonBench.Benchmarks.SmokeBenchByte.STJRefGen_Ser --job Energy --benchmarkId 5 in /home/test/json-energy-bench/JsonBench/bin/Release/net10.0/JsonBench-Energy-1/bin/Release/net10.0
// BeforeAnythingElse

// Benchmark Process Environment Information:
// BenchmarkDotNet v0.15.5-develop (2026-05-15)
// Runtime=.NET 10.0.7 (10.0.7, 10.0.726.21808), X64 RyuJIT x86-64-v3
// GC=Concurrent Workstation
// HardwareIntrinsics=AVX2+BMI1+BMI2+F16C+FMA+LZCNT+MOVBE,AVX,SSE3+SSSE3+SSE4.1+SSE4.2+POPCNT,X86Base+SSE+SSE2,AES+PCLMUL VectorSize=256
// Job: Energy(OutlierMode=DontRemove, IterationTime=1s)

OverheadJitting  1: 1 op, 183281.00 ns, 183.2810 us/op
WorkloadJitting  1: 1 op, 2878287.00 ns, 2.8783 ms/op

OverheadJitting  2: 16 op, 490173.00 ns, 30.6358 us/op
WorkloadJitting  2: 16 op, 748448.00 ns, 46.7780 us/op

WorkloadPilot    1: 16 op, 222349.00 ns, 13.8968 us/op
WorkloadPilot    2: 71968 op, 617942191.00 ns, 8.5863 us/op
WorkloadPilot    3: 116464 op, 491012629.00 ns, 4.2160 us/op
WorkloadPilot    4: 237200 op, 1006366934.00 ns, 4.2427 us/op
WorkloadPilot    5: 235712 op, 1142863567.00 ns, 4.8486 us/op
WorkloadPilot    6: 206256 op, 1034622324.00 ns, 5.0162 us/op

OverheadWarmup   1: 206256 op, 1113149.00 ns, 5.3969 ns/op
OverheadWarmup   2: 206256 op, 1122049.00 ns, 5.4401 ns/op
OverheadWarmup   3: 206256 op, 1094849.00 ns, 5.3082 ns/op
OverheadWarmup   4: 206256 op, 1186225.00 ns, 5.7512 ns/op
OverheadWarmup   5: 206256 op, 1065637.00 ns, 5.1666 ns/op

OverheadActual   1: 206256 op, 1076393.00 ns, 5.2187 ns/op
OverheadActual   2: 206256 op, 1069847.00 ns, 5.1870 ns/op
OverheadActual   3: 206256 op, 1083713.00 ns, 5.2542 ns/op
OverheadActual   4: 206256 op, 1145545.00 ns, 5.5540 ns/op
OverheadActual   5: 206256 op, 1124198.00 ns, 5.4505 ns/op
OverheadActual   6: 206256 op, 1122643.00 ns, 5.4430 ns/op
OverheadActual   7: 206256 op, 1090688.00 ns, 5.2880 ns/op
OverheadActual   8: 206256 op, 1144210.00 ns, 5.5475 ns/op
OverheadActual   9: 206256 op, 1092691.00 ns, 5.2977 ns/op
OverheadActual  10: 206256 op, 1164485.00 ns, 5.6458 ns/op
OverheadActual  11: 206256 op, 1100268.00 ns, 5.3345 ns/op
OverheadActual  12: 206256 op, 1176636.00 ns, 5.7047 ns/op
OverheadActual  13: 206256 op, 1098707.00 ns, 5.3269 ns/op
OverheadActual  14: 206256 op, 1126174.00 ns, 5.4601 ns/op
OverheadActual  15: 206256 op, 715068.00 ns, 3.4669 ns/op
OverheadActual  16: 206256 op, 717074.00 ns, 3.4766 ns/op
OverheadActual  17: 206256 op, 777291.00 ns, 3.7686 ns/op
OverheadActual  18: 206256 op, 717345.00 ns, 3.4779 ns/op
OverheadActual  19: 206256 op, 798702.00 ns, 3.8724 ns/op
OverheadActual  20: 206256 op, 736330.00 ns, 3.5700 ns/op

WorkloadWarmup   1: 206256 op, 1193493986.00 ns, 5.7865 us/op
WorkloadWarmup   2: 206256 op, 1059011865.00 ns, 5.1345 us/op
WorkloadWarmup   3: 206256 op, 830785507.00 ns, 4.0279 us/op
WorkloadWarmup   4: 206256 op, 823845941.00 ns, 3.9943 us/op
WorkloadWarmup   5: 206256 op, 826419280.00 ns, 4.0068 us/op
WorkloadWarmup   6: 206256 op, 818727837.00 ns, 3.9695 us/op
WorkloadWarmup   7: 206256 op, 828705792.00 ns, 4.0179 us/op
WorkloadWarmup   8: 206256 op, 1003909249.00 ns, 4.8673 us/op
WorkloadWarmup   9: 206256 op, 940127726.00 ns, 4.5581 us/op

// BeforeActualRun
WorkloadActual   1: 206256 op, 818962509.00 ns, 3.9706 us/op
WorkloadActual   2: 206256 op, 849232628.00 ns, 4.1174 us/op
WorkloadActual   3: 206256 op, 848465542.00 ns, 4.1137 us/op
WorkloadActual   4: 206256 op, 825241549.00 ns, 4.0011 us/op
WorkloadActual   5: 206256 op, 925758171.00 ns, 4.4884 us/op
WorkloadActual   6: 206256 op, 826154417.00 ns, 4.0055 us/op
WorkloadActual   7: 206256 op, 831346317.00 ns, 4.0307 us/op
WorkloadActual   8: 206256 op, 848811421.00 ns, 4.1153 us/op
WorkloadActual   9: 206256 op, 826676797.00 ns, 4.0080 us/op
WorkloadActual  10: 206256 op, 834737904.00 ns, 4.0471 us/op
WorkloadActual  11: 206256 op, 1023112189.00 ns, 4.9604 us/op
WorkloadActual  12: 206256 op, 820120254.00 ns, 3.9762 us/op
WorkloadActual  13: 206256 op, 815617336.00 ns, 3.9544 us/op
WorkloadActual  14: 206256 op, 822148557.00 ns, 3.9861 us/op
WorkloadActual  15: 206256 op, 814043005.00 ns, 3.9468 us/op
WorkloadActual  16: 206256 op, 815707681.00 ns, 3.9548 us/op
WorkloadActual  17: 206256 op, 891071762.00 ns, 4.3202 us/op
WorkloadActual  18: 206256 op, 834481016.00 ns, 4.0459 us/op
WorkloadActual  19: 206256 op, 824205245.00 ns, 3.9960 us/op
WorkloadActual  20: 206256 op, 847752310.00 ns, 4.1102 us/op
WorkloadActual  21: 206256 op, 822134404.00 ns, 3.9860 us/op
WorkloadActual  22: 206256 op, 898254352.00 ns, 4.3550 us/op
WorkloadActual  23: 206256 op, 849530959.00 ns, 4.1188 us/op
WorkloadActual  24: 206256 op, 935545857.00 ns, 4.5358 us/op
WorkloadActual  25: 206256 op, 817328735.00 ns, 3.9627 us/op
WorkloadActual  26: 206256 op, 814788395.00 ns, 3.9504 us/op
WorkloadActual  27: 206256 op, 817184099.00 ns, 3.9620 us/op
WorkloadActual  28: 206256 op, 818973119.00 ns, 3.9707 us/op
WorkloadActual  29: 206256 op, 816611769.00 ns, 3.9592 us/op
WorkloadActual  30: 206256 op, 930425972.00 ns, 4.5110 us/op
WorkloadActual  31: 206256 op, 819472681.00 ns, 3.9731 us/op
WorkloadActual  32: 206256 op, 817014559.00 ns, 3.9612 us/op
WorkloadActual  33: 206256 op, 815186652.00 ns, 3.9523 us/op
WorkloadActual  34: 206256 op, 883799437.00 ns, 4.2850 us/op
WorkloadActual  35: 206256 op, 943021870.00 ns, 4.5721 us/op
WorkloadActual  36: 206256 op, 933635390.00 ns, 4.5266 us/op
WorkloadActual  37: 206256 op, 831142695.00 ns, 4.0297 us/op
WorkloadActual  38: 206256 op, 827534539.00 ns, 4.0122 us/op
WorkloadActual  39: 206256 op, 852101105.00 ns, 4.1313 us/op
WorkloadActual  40: 206256 op, 818465906.00 ns, 3.9682 us/op
WorkloadActual  41: 206256 op, 825498298.00 ns, 4.0023 us/op
WorkloadActual  42: 206256 op, 916104906.00 ns, 4.4416 us/op
WorkloadActual  43: 206256 op, 831100690.00 ns, 4.0295 us/op
WorkloadActual  44: 206256 op, 861866134.00 ns, 4.1786 us/op
WorkloadActual  45: 206256 op, 828812845.00 ns, 4.0184 us/op
WorkloadActual  46: 206256 op, 929972877.00 ns, 4.5088 us/op
WorkloadActual  47: 206256 op, 824714263.00 ns, 3.9985 us/op
WorkloadActual  48: 206256 op, 868825114.00 ns, 4.2124 us/op
WorkloadActual  49: 206256 op, 872260693.00 ns, 4.2290 us/op
WorkloadActual  50: 206256 op, 835604149.00 ns, 4.0513 us/op
WorkloadActual  51: 206256 op, 828455062.00 ns, 4.0166 us/op
WorkloadActual  52: 206256 op, 817115239.00 ns, 3.9617 us/op
WorkloadActual  53: 206256 op, 829016835.00 ns, 4.0194 us/op
WorkloadActual  54: 206256 op, 826583325.00 ns, 4.0076 us/op
WorkloadActual  55: 206256 op, 912811988.00 ns, 4.4256 us/op
WorkloadActual  56: 206256 op, 818059909.00 ns, 3.9662 us/op
WorkloadActual  57: 206256 op, 832422007.00 ns, 4.0359 us/op
WorkloadActual  58: 206256 op, 962780889.00 ns, 4.6679 us/op
WorkloadActual  59: 206256 op, 825318038.00 ns, 4.0014 us/op
WorkloadActual  60: 206256 op, 817731512.00 ns, 3.9646 us/op
WorkloadActual  61: 206256 op, 911327771.00 ns, 4.4184 us/op
WorkloadActual  62: 206256 op, 815857355.00 ns, 3.9556 us/op
WorkloadActual  63: 206256 op, 813817976.00 ns, 3.9457 us/op
WorkloadActual  64: 206256 op, 818992928.00 ns, 3.9708 us/op
WorkloadActual  65: 206256 op, 815787687.00 ns, 3.9552 us/op
WorkloadActual  66: 206256 op, 814686567.00 ns, 3.9499 us/op
WorkloadActual  67: 206256 op, 884014320.00 ns, 4.2860 us/op
WorkloadActual  68: 206256 op, 838707182.00 ns, 4.0663 us/op
WorkloadActual  69: 206256 op, 818925161.00 ns, 3.9704 us/op
WorkloadActual  70: 206256 op, 936787072.00 ns, 4.5419 us/op
WorkloadActual  71: 206256 op, 819001976.00 ns, 3.9708 us/op
WorkloadActual  72: 206256 op, 815104093.00 ns, 3.9519 us/op
WorkloadActual  73: 206256 op, 813829278.00 ns, 3.9457 us/op
WorkloadActual  74: 206256 op, 903050638.00 ns, 4.3783 us/op
WorkloadActual  75: 206256 op, 842111577.00 ns, 4.0828 us/op
WorkloadActual  76: 206256 op, 844027710.00 ns, 4.0921 us/op
WorkloadActual  77: 206256 op, 814638483.00 ns, 3.9496 us/op
WorkloadActual  78: 206256 op, 816336900.00 ns, 3.9579 us/op
WorkloadActual  79: 206256 op, 816607467.00 ns, 3.9592 us/op
WorkloadActual  80: 206256 op, 893360709.00 ns, 4.3313 us/op
WorkloadActual  81: 206256 op, 812404050.00 ns, 3.9388 us/op

// AfterActualRun
WorkloadResult   1: 206256 op, 817870819.50 ns, 3.9653 us/op
WorkloadResult   2: 206256 op, 848140938.50 ns, 4.1121 us/op
WorkloadResult   3: 206256 op, 847373852.50 ns, 4.1084 us/op
WorkloadResult   4: 206256 op, 824149859.50 ns, 3.9958 us/op
WorkloadResult   5: 206256 op, 924666481.50 ns, 4.4831 us/op
WorkloadResult   6: 206256 op, 825062727.50 ns, 4.0002 us/op
WorkloadResult   7: 206256 op, 830254627.50 ns, 4.0254 us/op
WorkloadResult   8: 206256 op, 847719731.50 ns, 4.1100 us/op
WorkloadResult   9: 206256 op, 825585107.50 ns, 4.0027 us/op
WorkloadResult  10: 206256 op, 833646214.50 ns, 4.0418 us/op
WorkloadResult  11: 206256 op, 1022020499.50 ns, 4.9551 us/op
WorkloadResult  12: 206256 op, 819028564.50 ns, 3.9709 us/op
WorkloadResult  13: 206256 op, 814525646.50 ns, 3.9491 us/op
WorkloadResult  14: 206256 op, 821056867.50 ns, 3.9808 us/op
WorkloadResult  15: 206256 op, 812951315.50 ns, 3.9415 us/op
WorkloadResult  16: 206256 op, 814615991.50 ns, 3.9495 us/op
WorkloadResult  17: 206256 op, 889980072.50 ns, 4.3149 us/op
WorkloadResult  18: 206256 op, 833389326.50 ns, 4.0406 us/op
WorkloadResult  19: 206256 op, 823113555.50 ns, 3.9907 us/op
WorkloadResult  20: 206256 op, 846660620.50 ns, 4.1049 us/op
WorkloadResult  21: 206256 op, 821042714.50 ns, 3.9807 us/op
WorkloadResult  22: 206256 op, 897162662.50 ns, 4.3498 us/op
WorkloadResult  23: 206256 op, 848439269.50 ns, 4.1135 us/op
WorkloadResult  24: 206256 op, 934454167.50 ns, 4.5306 us/op
WorkloadResult  25: 206256 op, 816237045.50 ns, 3.9574 us/op
WorkloadResult  26: 206256 op, 813696705.50 ns, 3.9451 us/op
WorkloadResult  27: 206256 op, 816092409.50 ns, 3.9567 us/op
WorkloadResult  28: 206256 op, 817881429.50 ns, 3.9654 us/op
WorkloadResult  29: 206256 op, 815520079.50 ns, 3.9539 us/op
WorkloadResult  30: 206256 op, 929334282.50 ns, 4.5057 us/op
WorkloadResult  31: 206256 op, 818380991.50 ns, 3.9678 us/op
WorkloadResult  32: 206256 op, 815922869.50 ns, 3.9559 us/op
WorkloadResult  33: 206256 op, 814094962.50 ns, 3.9470 us/op
WorkloadResult  34: 206256 op, 882707747.50 ns, 4.2797 us/op
WorkloadResult  35: 206256 op, 941930180.50 ns, 4.5668 us/op
WorkloadResult  36: 206256 op, 932543700.50 ns, 4.5213 us/op
WorkloadResult  37: 206256 op, 830051005.50 ns, 4.0244 us/op
WorkloadResult  38: 206256 op, 826442849.50 ns, 4.0069 us/op
WorkloadResult  39: 206256 op, 851009415.50 ns, 4.1260 us/op
WorkloadResult  40: 206256 op, 817374216.50 ns, 3.9629 us/op
WorkloadResult  41: 206256 op, 824406608.50 ns, 3.9970 us/op
WorkloadResult  42: 206256 op, 915013216.50 ns, 4.4363 us/op
WorkloadResult  43: 206256 op, 830009000.50 ns, 4.0242 us/op
WorkloadResult  44: 206256 op, 860774444.50 ns, 4.1733 us/op
WorkloadResult  45: 206256 op, 827721155.50 ns, 4.0131 us/op
WorkloadResult  46: 206256 op, 928881187.50 ns, 4.5035 us/op
WorkloadResult  47: 206256 op, 823622573.50 ns, 3.9932 us/op
WorkloadResult  48: 206256 op, 867733424.50 ns, 4.2071 us/op
WorkloadResult  49: 206256 op, 871169003.50 ns, 4.2237 us/op
WorkloadResult  50: 206256 op, 834512459.50 ns, 4.0460 us/op
WorkloadResult  51: 206256 op, 827363372.50 ns, 4.0113 us/op
WorkloadResult  52: 206256 op, 816023549.50 ns, 3.9564 us/op
WorkloadResult  53: 206256 op, 827925145.50 ns, 4.0141 us/op
WorkloadResult  54: 206256 op, 825491635.50 ns, 4.0023 us/op
WorkloadResult  55: 206256 op, 911720298.50 ns, 4.4203 us/op
WorkloadResult  56: 206256 op, 816968219.50 ns, 3.9609 us/op
WorkloadResult  57: 206256 op, 831330317.50 ns, 4.0306 us/op
WorkloadResult  58: 206256 op, 961689199.50 ns, 4.6626 us/op
WorkloadResult  59: 206256 op, 824226348.50 ns, 3.9961 us/op
WorkloadResult  60: 206256 op, 816639822.50 ns, 3.9594 us/op
WorkloadResult  61: 206256 op, 910236081.50 ns, 4.4131 us/op
WorkloadResult  62: 206256 op, 814765665.50 ns, 3.9503 us/op
WorkloadResult  63: 206256 op, 812726286.50 ns, 3.9404 us/op
WorkloadResult  64: 206256 op, 817901238.50 ns, 3.9655 us/op
WorkloadResult  65: 206256 op, 814695997.50 ns, 3.9499 us/op
WorkloadResult  66: 206256 op, 813594877.50 ns, 3.9446 us/op
WorkloadResult  67: 206256 op, 882922630.50 ns, 4.2807 us/op
WorkloadResult  68: 206256 op, 837615492.50 ns, 4.0610 us/op
WorkloadResult  69: 206256 op, 817833471.50 ns, 3.9651 us/op
WorkloadResult  70: 206256 op, 935695382.50 ns, 4.5366 us/op
WorkloadResult  71: 206256 op, 817910286.50 ns, 3.9655 us/op
WorkloadResult  72: 206256 op, 814012403.50 ns, 3.9466 us/op
WorkloadResult  73: 206256 op, 812737588.50 ns, 3.9404 us/op
WorkloadResult  74: 206256 op, 901958948.50 ns, 4.3730 us/op
WorkloadResult  75: 206256 op, 841019887.50 ns, 4.0776 us/op
WorkloadResult  76: 206256 op, 842936020.50 ns, 4.0868 us/op
WorkloadResult  77: 206256 op, 813546793.50 ns, 3.9444 us/op
WorkloadResult  78: 206256 op, 815245210.50 ns, 3.9526 us/op
WorkloadResult  79: 206256 op, 815515777.50 ns, 3.9539 us/op
WorkloadResult  80: 206256 op, 892269019.50 ns, 4.3260 us/op
WorkloadResult  81: 206256 op, 811312360.50 ns, 3.9335 us/op

// AfterAll
// Benchmark Process 866469 has exited with code 0.

Mean = 4.109 μs, StdErr = 0.024 μs (0.59%), N = 81, StdDev = 0.217 μs
Min = 3.934 μs, Q1 = 3.959 μs, Median = 4.007 μs, Q3 = 4.173 μs, Max = 4.955 μs
IQR = 0.214 μs, LowerFence = 3.638 μs, UpperFence = 4.494 μs
ConfidenceInterval = [4.026 μs; 4.191 μs] (CI 99.9%), Margin = 0.082 μs (2.00% of Mean)
Skewness = 1.57, Kurtosis = 4.92, MValue = 2.17

// ** Remained 4 (40.0 %) benchmark(s) to run. Estimated finish 2026-05-15 17:26 (0h 6m from now) **
// **************************
// Benchmark: SmokeBenchByte.STJSrcGen_Ser: Energy(OutlierMode=DontRemove, IterationTime=1s)
// *** Execute ***
// Launch: 1 / 1
// Execute: dotnet JsonBench-Energy-1.dll --anonymousPipes 123 124 --benchmarkName JsonBench.Benchmarks.SmokeBenchByte.STJSrcGen_Ser --job Energy --benchmarkId 6 in /home/test/json-energy-bench/JsonBench/bin/Release/net10.0/JsonBench-Energy-1/bin/Release/net10.0
// BeforeAnythingElse

// Benchmark Process Environment Information:
// BenchmarkDotNet v0.15.5-develop (2026-05-15)
// Runtime=.NET 10.0.7 (10.0.7, 10.0.726.21808), X64 RyuJIT x86-64-v3
// GC=Concurrent Workstation
// HardwareIntrinsics=AVX2+BMI1+BMI2+F16C+FMA+LZCNT+MOVBE,AVX,SSE3+SSSE3+SSE4.1+SSE4.2+POPCNT,X86Base+SSE+SSE2,AES+PCLMUL VectorSize=256
// Job: Energy(OutlierMode=DontRemove, IterationTime=1s)

OverheadJitting  1: 1 op, 187296.00 ns, 187.2960 us/op
WorkloadJitting  1: 1 op, 9287102.00 ns, 9.2871 ms/op

OverheadJitting  2: 16 op, 496524.00 ns, 31.0328 us/op
WorkloadJitting  2: 16 op, 698195.00 ns, 43.6372 us/op

WorkloadPilot    1: 16 op, 172190.00 ns, 10.7619 us/op
WorkloadPilot    2: 92928 op, 496047721.00 ns, 5.3380 us/op
WorkloadPilot    3: 187344 op, 525610513.00 ns, 2.8056 us/op
WorkloadPilot    4: 356432 op, 1095866612.00 ns, 3.0745 us/op
WorkloadPilot    5: 325264 op, 1165544735.00 ns, 3.5834 us/op
WorkloadPilot    6: 279072 op, 981283432.00 ns, 3.5162 us/op
WorkloadPilot    7: 284400 op, 1018127274.00 ns, 3.5799 us/op

OverheadWarmup   1: 284400 op, 1021614.00 ns, 3.5922 ns/op
OverheadWarmup   2: 284400 op, 1033948.00 ns, 3.6355 ns/op
OverheadWarmup   3: 284400 op, 1490710.00 ns, 5.2416 ns/op
OverheadWarmup   4: 284400 op, 1018256.00 ns, 3.5804 ns/op
OverheadWarmup   5: 284400 op, 2337236.00 ns, 8.2181 ns/op
OverheadWarmup   6: 284400 op, 1433414.00 ns, 5.0401 ns/op

OverheadActual   1: 284400 op, 1279501.00 ns, 4.4989 ns/op
OverheadActual   2: 284400 op, 1130369.00 ns, 3.9746 ns/op
OverheadActual   3: 284400 op, 1233521.00 ns, 4.3373 ns/op
OverheadActual   4: 284400 op, 1550853.00 ns, 5.4531 ns/op
OverheadActual   5: 284400 op, 1058806.00 ns, 3.7229 ns/op
OverheadActual   6: 284400 op, 1052974.00 ns, 3.7024 ns/op
OverheadActual   7: 284400 op, 2818793.00 ns, 9.9114 ns/op
OverheadActual   8: 284400 op, 3741359.00 ns, 13.1553 ns/op
OverheadActual   9: 284400 op, 2779458.00 ns, 9.7731 ns/op
OverheadActual  10: 284400 op, 1230959.00 ns, 4.3283 ns/op
OverheadActual  11: 284400 op, 1627712.00 ns, 5.7233 ns/op
OverheadActual  12: 284400 op, 1492252.00 ns, 5.2470 ns/op
OverheadActual  13: 284400 op, 1324661.00 ns, 4.6577 ns/op
OverheadActual  14: 284400 op, 1685940.00 ns, 5.9281 ns/op
OverheadActual  15: 284400 op, 1037169.00 ns, 3.6469 ns/op
OverheadActual  16: 284400 op, 1301634.00 ns, 4.5768 ns/op
OverheadActual  17: 284400 op, 1041383.00 ns, 3.6617 ns/op
OverheadActual  18: 284400 op, 1215391.00 ns, 4.2735 ns/op
OverheadActual  19: 284400 op, 1278593.00 ns, 4.4958 ns/op
OverheadActual  20: 284400 op, 2712677.00 ns, 9.5382 ns/op

WorkloadWarmup   1: 284400 op, 1055113051.00 ns, 3.7100 us/op
WorkloadWarmup   2: 284400 op, 790450289.00 ns, 2.7794 us/op
WorkloadWarmup   3: 284400 op, 791545182.00 ns, 2.7832 us/op
WorkloadWarmup   4: 284400 op, 795205859.00 ns, 2.7961 us/op
WorkloadWarmup   5: 284400 op, 788018951.00 ns, 2.7708 us/op
WorkloadWarmup   6: 284400 op, 787334315.00 ns, 2.7684 us/op
WorkloadWarmup   7: 284400 op, 854016543.00 ns, 3.0029 us/op
WorkloadWarmup   8: 284400 op, 963480154.00 ns, 3.3878 us/op
WorkloadWarmup   9: 284400 op, 858068099.00 ns, 3.0171 us/op

// BeforeActualRun
WorkloadActual   1: 284400 op, 800517426.00 ns, 2.8148 us/op
WorkloadActual   2: 284400 op, 795566421.00 ns, 2.7974 us/op
WorkloadActual   3: 284400 op, 792678866.00 ns, 2.7872 us/op
WorkloadActual   4: 284400 op, 802707833.00 ns, 2.8225 us/op
WorkloadActual   5: 284400 op, 900890674.00 ns, 3.1677 us/op
WorkloadActual   6: 284400 op, 786683628.00 ns, 2.7661 us/op
WorkloadActual   7: 284400 op, 788494942.00 ns, 2.7725 us/op
WorkloadActual   8: 284400 op, 801379971.00 ns, 2.8178 us/op
WorkloadActual   9: 284400 op, 802976612.00 ns, 2.8234 us/op
WorkloadActual  10: 284400 op, 800700889.00 ns, 2.8154 us/op
WorkloadActual  11: 284400 op, 966679852.00 ns, 3.3990 us/op
WorkloadActual  12: 284400 op, 788619706.00 ns, 2.7729 us/op
WorkloadActual  13: 284400 op, 790833225.00 ns, 2.7807 us/op
WorkloadActual  14: 284400 op, 810557116.00 ns, 2.8501 us/op
WorkloadActual  15: 284400 op, 790696784.00 ns, 2.7802 us/op
WorkloadActual  16: 284400 op, 791117427.00 ns, 2.7817 us/op
WorkloadActual  17: 284400 op, 787366458.00 ns, 2.7685 us/op
WorkloadActual  18: 284400 op, 903135310.00 ns, 3.1756 us/op
WorkloadActual  19: 284400 op, 785678118.00 ns, 2.7626 us/op
WorkloadActual  20: 284400 op, 807098984.00 ns, 2.8379 us/op
WorkloadActual  21: 284400 op, 798536956.00 ns, 2.8078 us/op
WorkloadActual  22: 284400 op, 821881495.00 ns, 2.8899 us/op
WorkloadActual  23: 284400 op, 880809893.00 ns, 3.0971 us/op
WorkloadActual  24: 284400 op, 881534028.00 ns, 3.0996 us/op
WorkloadActual  25: 284400 op, 811977949.00 ns, 2.8551 us/op
WorkloadActual  26: 284400 op, 792925301.00 ns, 2.7881 us/op
WorkloadActual  27: 284400 op, 796394019.00 ns, 2.8003 us/op
WorkloadActual  28: 284400 op, 797221199.00 ns, 2.8032 us/op
WorkloadActual  29: 284400 op, 793915980.00 ns, 2.7915 us/op
WorkloadActual  30: 284400 op, 789380423.00 ns, 2.7756 us/op
WorkloadActual  31: 284400 op, 891890561.00 ns, 3.1360 us/op
WorkloadActual  32: 284400 op, 783370020.00 ns, 2.7545 us/op
WorkloadActual  33: 284400 op, 795808036.00 ns, 2.7982 us/op
WorkloadActual  34: 284400 op, 787375699.00 ns, 2.7686 us/op
WorkloadActual  35: 284400 op, 854166546.00 ns, 3.0034 us/op
WorkloadActual  36: 284400 op, 906434998.00 ns, 3.1872 us/op
WorkloadActual  37: 284400 op, 885889961.00 ns, 3.1149 us/op
WorkloadActual  38: 284400 op, 784801243.00 ns, 2.7595 us/op
WorkloadActual  39: 284400 op, 782447026.00 ns, 2.7512 us/op
WorkloadActual  40: 284400 op, 814675304.00 ns, 2.8645 us/op
WorkloadActual  41: 284400 op, 782905384.00 ns, 2.7528 us/op
WorkloadActual  42: 284400 op, 784673250.00 ns, 2.7590 us/op
WorkloadActual  43: 284400 op, 785238465.00 ns, 2.7610 us/op
WorkloadActual  44: 284400 op, 880226856.00 ns, 3.0950 us/op
WorkloadActual  45: 284400 op, 788902451.00 ns, 2.7739 us/op
WorkloadActual  46: 284400 op, 795699018.00 ns, 2.7978 us/op
WorkloadActual  47: 284400 op, 796439830.00 ns, 2.8004 us/op
WorkloadActual  48: 284400 op, 853722880.00 ns, 3.0018 us/op
WorkloadActual  49: 284400 op, 788887575.00 ns, 2.7739 us/op
WorkloadActual  50: 284400 op, 903665022.00 ns, 3.1774 us/op
WorkloadActual  51: 284400 op, 789213925.00 ns, 2.7750 us/op
WorkloadActual  52: 284400 op, 786172313.00 ns, 2.7643 us/op
WorkloadActual  53: 284400 op, 822536452.00 ns, 2.8922 us/op
WorkloadActual  54: 284400 op, 790051194.00 ns, 2.7780 us/op
WorkloadActual  55: 284400 op, 788943480.00 ns, 2.7741 us/op
WorkloadActual  56: 284400 op, 787857136.00 ns, 2.7702 us/op
WorkloadActual  57: 284400 op, 899436228.00 ns, 3.1626 us/op
WorkloadActual  58: 284400 op, 782283529.00 ns, 2.7506 us/op
WorkloadActual  59: 284400 op, 783888159.00 ns, 2.7563 us/op
WorkloadActual  60: 284400 op, 810979061.00 ns, 2.8515 us/op
WorkloadActual  61: 284400 op, 806133398.00 ns, 2.8345 us/op
WorkloadActual  62: 284400 op, 823189613.00 ns, 2.8945 us/op
WorkloadActual  63: 284400 op, 905579312.00 ns, 3.1842 us/op
WorkloadActual  64: 284400 op, 788588268.00 ns, 2.7728 us/op
WorkloadActual  65: 284400 op, 787274961.00 ns, 2.7682 us/op
WorkloadActual  66: 284400 op, 783477373.00 ns, 2.7548 us/op
WorkloadActual  67: 284400 op, 789666764.00 ns, 2.7766 us/op
WorkloadActual  68: 284400 op, 785284317.00 ns, 2.7612 us/op
WorkloadActual  69: 284400 op, 786795304.00 ns, 2.7665 us/op
WorkloadActual  70: 284400 op, 899502954.00 ns, 3.1628 us/op
WorkloadActual  71: 284400 op, 782851593.00 ns, 2.7526 us/op
WorkloadActual  72: 284400 op, 837687860.00 ns, 2.9455 us/op
WorkloadActual  73: 284400 op, 874860468.00 ns, 3.0762 us/op
WorkloadActual  74: 284400 op, 784573765.00 ns, 2.7587 us/op
WorkloadActual  75: 284400 op, 787150671.00 ns, 2.7678 us/op
WorkloadActual  76: 284400 op, 936643698.00 ns, 3.2934 us/op
WorkloadActual  77: 284400 op, 790213895.00 ns, 2.7785 us/op
WorkloadActual  78: 284400 op, 788663138.00 ns, 2.7731 us/op
WorkloadActual  79: 284400 op, 789772326.00 ns, 2.7770 us/op
WorkloadActual  80: 284400 op, 793868766.00 ns, 2.7914 us/op
WorkloadActual  81: 284400 op, 790113385.00 ns, 2.7782 us/op
WorkloadActual  82: 284400 op, 780107065.00 ns, 2.7430 us/op
WorkloadActual  83: 284400 op, 901719707.00 ns, 3.1706 us/op
WorkloadActual  84: 284400 op, 795369147.00 ns, 2.7967 us/op
WorkloadActual  85: 284400 op, 853852753.00 ns, 3.0023 us/op
WorkloadActual  86: 284400 op, 782111296.00 ns, 2.7500 us/op
WorkloadActual  87: 284400 op, 780303166.00 ns, 2.7437 us/op

// AfterActualRun
WorkloadResult   1: 284400 op, 799226858.50 ns, 2.8102 us/op
WorkloadResult   2: 284400 op, 794275853.50 ns, 2.7928 us/op
WorkloadResult   3: 284400 op, 791388298.50 ns, 2.7827 us/op
WorkloadResult   4: 284400 op, 801417265.50 ns, 2.8179 us/op
WorkloadResult   5: 284400 op, 899600106.50 ns, 3.1632 us/op
WorkloadResult   6: 284400 op, 785393060.50 ns, 2.7616 us/op
WorkloadResult   7: 284400 op, 787204374.50 ns, 2.7679 us/op
WorkloadResult   8: 284400 op, 800089403.50 ns, 2.8133 us/op
WorkloadResult   9: 284400 op, 801686044.50 ns, 2.8189 us/op
WorkloadResult  10: 284400 op, 799410321.50 ns, 2.8109 us/op
WorkloadResult  11: 284400 op, 965389284.50 ns, 3.3945 us/op
WorkloadResult  12: 284400 op, 787329138.50 ns, 2.7684 us/op
WorkloadResult  13: 284400 op, 789542657.50 ns, 2.7762 us/op
WorkloadResult  14: 284400 op, 809266548.50 ns, 2.8455 us/op
WorkloadResult  15: 284400 op, 789406216.50 ns, 2.7757 us/op
WorkloadResult  16: 284400 op, 789826859.50 ns, 2.7772 us/op
WorkloadResult  17: 284400 op, 786075890.50 ns, 2.7640 us/op
WorkloadResult  18: 284400 op, 901844742.50 ns, 3.1710 us/op
WorkloadResult  19: 284400 op, 784387550.50 ns, 2.7580 us/op
WorkloadResult  20: 284400 op, 805808416.50 ns, 2.8334 us/op
WorkloadResult  21: 284400 op, 797246388.50 ns, 2.8033 us/op
WorkloadResult  22: 284400 op, 820590927.50 ns, 2.8853 us/op
WorkloadResult  23: 284400 op, 879519325.50 ns, 3.0925 us/op
WorkloadResult  24: 284400 op, 880243460.50 ns, 3.0951 us/op
WorkloadResult  25: 284400 op, 810687381.50 ns, 2.8505 us/op
WorkloadResult  26: 284400 op, 791634733.50 ns, 2.7835 us/op
WorkloadResult  27: 284400 op, 795103451.50 ns, 2.7957 us/op
WorkloadResult  28: 284400 op, 795930631.50 ns, 2.7986 us/op
WorkloadResult  29: 284400 op, 792625412.50 ns, 2.7870 us/op
WorkloadResult  30: 284400 op, 788089855.50 ns, 2.7711 us/op
WorkloadResult  31: 284400 op, 890599993.50 ns, 3.1315 us/op
WorkloadResult  32: 284400 op, 782079452.50 ns, 2.7499 us/op
WorkloadResult  33: 284400 op, 794517468.50 ns, 2.7937 us/op
WorkloadResult  34: 284400 op, 786085131.50 ns, 2.7640 us/op
WorkloadResult  35: 284400 op, 852875978.50 ns, 2.9989 us/op
WorkloadResult  36: 284400 op, 905144430.50 ns, 3.1826 us/op
WorkloadResult  37: 284400 op, 884599393.50 ns, 3.1104 us/op
WorkloadResult  38: 284400 op, 783510675.50 ns, 2.7550 us/op
WorkloadResult  39: 284400 op, 781156458.50 ns, 2.7467 us/op
WorkloadResult  40: 284400 op, 813384736.50 ns, 2.8600 us/op
WorkloadResult  41: 284400 op, 781614816.50 ns, 2.7483 us/op
WorkloadResult  42: 284400 op, 783382682.50 ns, 2.7545 us/op
WorkloadResult  43: 284400 op, 783947897.50 ns, 2.7565 us/op
WorkloadResult  44: 284400 op, 878936288.50 ns, 3.0905 us/op
WorkloadResult  45: 284400 op, 787611883.50 ns, 2.7694 us/op
WorkloadResult  46: 284400 op, 794408450.50 ns, 2.7933 us/op
WorkloadResult  47: 284400 op, 795149262.50 ns, 2.7959 us/op
WorkloadResult  48: 284400 op, 852432312.50 ns, 2.9973 us/op
WorkloadResult  49: 284400 op, 787597007.50 ns, 2.7693 us/op
WorkloadResult  50: 284400 op, 902374454.50 ns, 3.1729 us/op
WorkloadResult  51: 284400 op, 787923357.50 ns, 2.7705 us/op
WorkloadResult  52: 284400 op, 784881745.50 ns, 2.7598 us/op
WorkloadResult  53: 284400 op, 821245884.50 ns, 2.8876 us/op
WorkloadResult  54: 284400 op, 788760626.50 ns, 2.7734 us/op
WorkloadResult  55: 284400 op, 787652912.50 ns, 2.7695 us/op
WorkloadResult  56: 284400 op, 786566568.50 ns, 2.7657 us/op
WorkloadResult  57: 284400 op, 898145660.50 ns, 3.1580 us/op
WorkloadResult  58: 284400 op, 780992961.50 ns, 2.7461 us/op
WorkloadResult  59: 284400 op, 782597591.50 ns, 2.7517 us/op
WorkloadResult  60: 284400 op, 809688493.50 ns, 2.8470 us/op
WorkloadResult  61: 284400 op, 804842830.50 ns, 2.8300 us/op
WorkloadResult  62: 284400 op, 821899045.50 ns, 2.8899 us/op
WorkloadResult  63: 284400 op, 904288744.50 ns, 3.1796 us/op
WorkloadResult  64: 284400 op, 787297700.50 ns, 2.7683 us/op
WorkloadResult  65: 284400 op, 785984393.50 ns, 2.7637 us/op
WorkloadResult  66: 284400 op, 782186805.50 ns, 2.7503 us/op
WorkloadResult  67: 284400 op, 788376196.50 ns, 2.7721 us/op
WorkloadResult  68: 284400 op, 783993749.50 ns, 2.7567 us/op
WorkloadResult  69: 284400 op, 785504736.50 ns, 2.7620 us/op
WorkloadResult  70: 284400 op, 898212386.50 ns, 3.1583 us/op
WorkloadResult  71: 284400 op, 781561025.50 ns, 2.7481 us/op
WorkloadResult  72: 284400 op, 836397292.50 ns, 2.9409 us/op
WorkloadResult  73: 284400 op, 873569900.50 ns, 3.0716 us/op
WorkloadResult  74: 284400 op, 783283197.50 ns, 2.7542 us/op
WorkloadResult  75: 284400 op, 785860103.50 ns, 2.7632 us/op
WorkloadResult  76: 284400 op, 935353130.50 ns, 3.2889 us/op
WorkloadResult  77: 284400 op, 788923327.50 ns, 2.7740 us/op
WorkloadResult  78: 284400 op, 787372570.50 ns, 2.7685 us/op
WorkloadResult  79: 284400 op, 788481758.50 ns, 2.7724 us/op
WorkloadResult  80: 284400 op, 792578198.50 ns, 2.7868 us/op
WorkloadResult  81: 284400 op, 788822817.50 ns, 2.7736 us/op
WorkloadResult  82: 284400 op, 778816497.50 ns, 2.7385 us/op
WorkloadResult  83: 284400 op, 900429139.50 ns, 3.1661 us/op
WorkloadResult  84: 284400 op, 794078579.50 ns, 2.7921 us/op
WorkloadResult  85: 284400 op, 852562185.50 ns, 2.9978 us/op
WorkloadResult  86: 284400 op, 780820728.50 ns, 2.7455 us/op
WorkloadResult  87: 284400 op, 779012598.50 ns, 2.7391 us/op

// AfterAll
// Benchmark Process 867217 has exited with code 0.

Mean = 2.863 μs, StdErr = 0.017 μs (0.59%), N = 87, StdDev = 0.157 μs
Min = 2.738 μs, Q1 = 2.764 μs, Median = 2.787 μs, Q3 = 2.886 μs, Max = 3.394 μs
IQR = 0.122 μs, LowerFence = 2.580 μs, UpperFence = 3.070 μs
ConfidenceInterval = [2.806 μs; 2.920 μs] (CI 99.9%), Margin = 0.057 μs (2.00% of Mean)
Skewness = 1.48, Kurtosis = 3.96, MValue = 2

// ** Remained 3 (30.0 %) benchmark(s) to run. Estimated finish 2026-05-15 17:26 (0h 4m from now) **
// **************************
// Benchmark: SmokeBenchByte.Newtonsoft_Ser: Energy(OutlierMode=DontRemove, IterationTime=1s)
// *** Execute ***
// Launch: 1 / 1
// Execute: dotnet JsonBench-Energy-1.dll --anonymousPipes 123 124 --benchmarkName JsonBench.Benchmarks.SmokeBenchByte.Newtonsoft_Ser --job Energy --benchmarkId 7 in /home/test/json-energy-bench/JsonBench/bin/Release/net10.0/JsonBench-Energy-1/bin/Release/net10.0
// BeforeAnythingElse

// Benchmark Process Environment Information:
// BenchmarkDotNet v0.15.5-develop (2026-05-15)
// Runtime=.NET 10.0.7 (10.0.7, 10.0.726.21808), X64 RyuJIT x86-64-v3
// GC=Concurrent Workstation
// HardwareIntrinsics=AVX2+BMI1+BMI2+F16C+FMA+LZCNT+MOVBE,AVX,SSE3+SSSE3+SSE4.1+SSE4.2+POPCNT,X86Base+SSE+SSE2,AES+PCLMUL VectorSize=256
// Job: Energy(OutlierMode=DontRemove, IterationTime=1s)

OverheadJitting  1: 1 op, 194511.00 ns, 194.5110 us/op
WorkloadJitting  1: 1 op, 45688378.00 ns, 45.6884 ms/op

OverheadJitting  2: 16 op, 498569.00 ns, 31.1606 us/op
WorkloadJitting  2: 16 op, 1425234.00 ns, 89.0771 us/op

WorkloadPilot    1: 16 op, 799365.00 ns, 49.9603 us/op
WorkloadPilot    2: 20016 op, 512500415.00 ns, 25.6045 us/op
WorkloadPilot    3: 39056 op, 363522480.00 ns, 9.3077 us/op
WorkloadPilot    4: 107440 op, 1056101858.00 ns, 9.8297 us/op
WorkloadPilot    5: 101744 op, 1112454567.00 ns, 10.9339 us/op
WorkloadPilot    6: 91472 op, 1071461675.00 ns, 11.7135 us/op

OverheadWarmup   1: 91472 op, 487989.00 ns, 5.3348 ns/op
OverheadWarmup   2: 91472 op, 369112.00 ns, 4.0352 ns/op
OverheadWarmup   3: 91472 op, 321432.00 ns, 3.5140 ns/op
OverheadWarmup   4: 91472 op, 766456.00 ns, 8.3791 ns/op
OverheadWarmup   5: 91472 op, 323080.00 ns, 3.5320 ns/op
OverheadWarmup   6: 91472 op, 471045.00 ns, 5.1496 ns/op
OverheadWarmup   7: 91472 op, 971365.00 ns, 10.6193 ns/op
OverheadWarmup   8: 91472 op, 311646.00 ns, 3.4070 ns/op

OverheadActual   1: 91472 op, 464670.00 ns, 5.0799 ns/op
OverheadActual   2: 91472 op, 356449.00 ns, 3.8968 ns/op
OverheadActual   3: 91472 op, 324287.00 ns, 3.5452 ns/op
OverheadActual   4: 91472 op, 322568.00 ns, 3.5264 ns/op
OverheadActual   5: 91472 op, 601871.00 ns, 6.5798 ns/op
OverheadActual   6: 91472 op, 331063.00 ns, 3.6193 ns/op
OverheadActual   7: 91472 op, 320851.00 ns, 3.5076 ns/op
OverheadActual   8: 91472 op, 323608.00 ns, 3.5378 ns/op
OverheadActual   9: 91472 op, 587430.00 ns, 6.4220 ns/op
OverheadActual  10: 91472 op, 322989.00 ns, 3.5310 ns/op
OverheadActual  11: 91472 op, 321719.00 ns, 3.5171 ns/op
OverheadActual  12: 91472 op, 317787.00 ns, 3.4741 ns/op
OverheadActual  13: 91472 op, 601306.00 ns, 6.5737 ns/op
OverheadActual  14: 91472 op, 323129.00 ns, 3.5325 ns/op
OverheadActual  15: 91472 op, 311893.00 ns, 3.4097 ns/op
OverheadActual  16: 91472 op, 595507.00 ns, 6.5103 ns/op
OverheadActual  17: 91472 op, 323209.00 ns, 3.5334 ns/op
OverheadActual  18: 91472 op, 321600.00 ns, 3.5158 ns/op
OverheadActual  19: 91472 op, 337041.00 ns, 3.6846 ns/op
OverheadActual  20: 91472 op, 319125.00 ns, 3.4888 ns/op

WorkloadWarmup   1: 91472 op, 1078004313.00 ns, 11.7851 us/op
WorkloadWarmup   2: 91472 op, 1137929825.00 ns, 12.4402 us/op
WorkloadWarmup   3: 91472 op, 832608516.00 ns, 9.1023 us/op
WorkloadWarmup   4: 91472 op, 837002087.00 ns, 9.1504 us/op
WorkloadWarmup   5: 91472 op, 829031135.00 ns, 9.0632 us/op
WorkloadWarmup   6: 91472 op, 836708245.00 ns, 9.1472 us/op

// BeforeActualRun
WorkloadActual   1: 91472 op, 834385511.00 ns, 9.1218 us/op
WorkloadActual   2: 91472 op, 981365286.00 ns, 10.7286 us/op
WorkloadActual   3: 91472 op, 1013305906.00 ns, 11.0778 us/op
WorkloadActual   4: 91472 op, 833506457.00 ns, 9.1121 us/op
WorkloadActual   5: 91472 op, 839633611.00 ns, 9.1791 us/op
WorkloadActual   6: 91472 op, 833205201.00 ns, 9.1089 us/op
WorkloadActual   7: 91472 op, 833793940.00 ns, 9.1153 us/op
WorkloadActual   8: 91472 op, 936725859.00 ns, 10.2406 us/op
WorkloadActual   9: 91472 op, 833501496.00 ns, 9.1121 us/op
WorkloadActual  10: 91472 op, 838645519.00 ns, 9.1683 us/op
WorkloadActual  11: 91472 op, 832101487.00 ns, 9.0968 us/op
WorkloadActual  12: 91472 op, 837326086.00 ns, 9.1539 us/op
WorkloadActual  13: 91472 op, 853349457.00 ns, 9.3291 us/op
WorkloadActual  14: 91472 op, 982453729.00 ns, 10.7405 us/op
WorkloadActual  15: 91472 op, 835148330.00 ns, 9.1301 us/op
WorkloadActual  16: 91472 op, 833417471.00 ns, 9.1112 us/op
WorkloadActual  17: 91472 op, 839286110.00 ns, 9.1753 us/op
WorkloadActual  18: 91472 op, 837201646.00 ns, 9.1525 us/op
WorkloadActual  19: 91472 op, 835530107.00 ns, 9.1343 us/op
WorkloadActual  20: 91472 op, 919727766.00 ns, 10.0547 us/op
WorkloadActual  21: 91472 op, 858685576.00 ns, 9.3874 us/op
WorkloadActual  22: 91472 op, 832810871.00 ns, 9.1045 us/op
WorkloadActual  23: 91472 op, 868241980.00 ns, 9.4919 us/op
WorkloadActual  24: 91472 op, 845676879.00 ns, 9.2452 us/op
WorkloadActual  25: 91472 op, 879959736.00 ns, 9.6200 us/op
WorkloadActual  26: 91472 op, 1013226343.00 ns, 11.0769 us/op
WorkloadActual  27: 91472 op, 879008367.00 ns, 9.6096 us/op
WorkloadActual  28: 91472 op, 835852551.00 ns, 9.1378 us/op
WorkloadActual  29: 91472 op, 826802087.00 ns, 9.0389 us/op
WorkloadActual  30: 91472 op, 822746498.00 ns, 8.9945 us/op
WorkloadActual  31: 91472 op, 834656113.00 ns, 9.1247 us/op
WorkloadActual  32: 91472 op, 833446820.00 ns, 9.1115 us/op
WorkloadActual  33: 91472 op, 938680320.00 ns, 10.2619 us/op
WorkloadActual  34: 91472 op, 832144923.00 ns, 9.0973 us/op
WorkloadActual  35: 91472 op, 828109592.00 ns, 9.0531 us/op
WorkloadActual  36: 91472 op, 830022716.00 ns, 9.0741 us/op
WorkloadActual  37: 91472 op, 1006713596.00 ns, 11.0057 us/op
WorkloadActual  38: 91472 op, 879266711.00 ns, 9.6124 us/op
WorkloadActual  39: 91472 op, 970548188.00 ns, 10.6103 us/op
WorkloadActual  40: 91472 op, 839059259.00 ns, 9.1729 us/op
WorkloadActual  41: 91472 op, 836036883.00 ns, 9.1398 us/op
WorkloadActual  42: 91472 op, 863147098.00 ns, 9.4362 us/op
WorkloadActual  43: 91472 op, 839720085.00 ns, 9.1801 us/op
WorkloadActual  44: 91472 op, 840431916.00 ns, 9.1879 us/op
WorkloadActual  45: 91472 op, 960045717.00 ns, 10.4955 us/op
WorkloadActual  46: 91472 op, 840398916.00 ns, 9.1875 us/op
WorkloadActual  47: 91472 op, 835303387.00 ns, 9.1318 us/op
WorkloadActual  48: 91472 op, 861046978.00 ns, 9.4132 us/op
WorkloadActual  49: 91472 op, 869556134.00 ns, 9.5063 us/op
WorkloadActual  50: 91472 op, 830238684.00 ns, 9.0764 us/op
WorkloadActual  51: 91472 op, 961510859.00 ns, 10.5115 us/op
WorkloadActual  52: 91472 op, 828856108.00 ns, 9.0613 us/op
WorkloadActual  53: 91472 op, 834446243.00 ns, 9.1224 us/op
WorkloadActual  54: 91472 op, 832996362.00 ns, 9.1066 us/op
WorkloadActual  55: 91472 op, 836093124.00 ns, 9.1404 us/op
WorkloadActual  56: 91472 op, 854408198.00 ns, 9.3407 us/op
WorkloadActual  57: 91472 op, 927617046.00 ns, 10.1410 us/op
WorkloadActual  58: 91472 op, 829483984.00 ns, 9.0682 us/op
WorkloadActual  59: 91472 op, 829456954.00 ns, 9.0679 us/op
WorkloadActual  60: 91472 op, 850381983.00 ns, 9.2966 us/op
WorkloadActual  61: 91472 op, 854673898.00 ns, 9.3436 us/op
WorkloadActual  62: 91472 op, 827823147.00 ns, 9.0500 us/op
WorkloadActual  63: 91472 op, 930734982.00 ns, 10.1751 us/op
WorkloadActual  64: 91472 op, 832264454.00 ns, 9.0986 us/op
WorkloadActual  65: 91472 op, 832171171.00 ns, 9.0976 us/op
WorkloadActual  66: 91472 op, 824854164.00 ns, 9.0176 us/op
WorkloadActual  67: 91472 op, 817575672.00 ns, 8.9380 us/op
WorkloadActual  68: 91472 op, 826130139.00 ns, 9.0315 us/op
WorkloadActual  69: 91472 op, 825924853.00 ns, 9.0293 us/op
WorkloadActual  70: 91472 op, 938874494.00 ns, 10.2641 us/op
WorkloadActual  71: 91472 op, 828721284.00 ns, 9.0598 us/op
WorkloadActual  72: 91472 op, 886743622.00 ns, 9.6942 us/op
WorkloadActual  73: 91472 op, 833218289.00 ns, 9.1090 us/op
WorkloadActual  74: 91472 op, 852382337.00 ns, 9.3185 us/op
WorkloadActual  75: 91472 op, 845434228.00 ns, 9.2425 us/op
WorkloadActual  76: 91472 op, 939079303.00 ns, 10.2663 us/op
WorkloadActual  77: 91472 op, 827237158.00 ns, 9.0436 us/op
WorkloadActual  78: 91472 op, 831943965.00 ns, 9.0951 us/op
WorkloadActual  79: 91472 op, 832267848.00 ns, 9.0986 us/op
WorkloadActual  80: 91472 op, 821949865.00 ns, 8.9858 us/op
WorkloadActual  81: 91472 op, 847843918.00 ns, 9.2689 us/op
WorkloadActual  82: 91472 op, 960770699.00 ns, 10.5034 us/op
WorkloadActual  83: 91472 op, 858259946.00 ns, 9.3828 us/op
WorkloadActual  84: 91472 op, 953057780.00 ns, 10.4191 us/op
WorkloadActual  85: 91472 op, 839626102.00 ns, 9.1791 us/op
WorkloadActual  86: 91472 op, 854528062.00 ns, 9.3420 us/op
WorkloadActual  87: 91472 op, 831480444.00 ns, 9.0900 us/op
WorkloadActual  88: 91472 op, 953094135.00 ns, 10.4195 us/op
WorkloadActual  89: 91472 op, 832048238.00 ns, 9.0962 us/op
WorkloadActual  90: 91472 op, 855235394.00 ns, 9.3497 us/op
WorkloadActual  91: 91472 op, 834727881.00 ns, 9.1255 us/op
WorkloadActual  92: 91472 op, 834174614.00 ns, 9.1195 us/op
WorkloadActual  93: 91472 op, 832828470.00 ns, 9.1047 us/op
WorkloadActual  94: 91472 op, 946315690.00 ns, 10.3454 us/op
WorkloadActual  95: 91472 op, 869339309.00 ns, 9.5039 us/op
WorkloadActual  96: 91472 op, 865466333.00 ns, 9.4615 us/op
WorkloadActual  97: 91472 op, 829911597.00 ns, 9.0728 us/op
WorkloadActual  98: 91472 op, 830197538.00 ns, 9.0760 us/op
WorkloadActual  99: 91472 op, 827869244.00 ns, 9.0505 us/op

// AfterActualRun
WorkloadResult   1: 91472 op, 834062102.50 ns, 9.1182 us/op
WorkloadResult   2: 91472 op, 981041877.50 ns, 10.7251 us/op
WorkloadResult   3: 91472 op, 1012982497.50 ns, 11.0742 us/op
WorkloadResult   4: 91472 op, 833183048.50 ns, 9.1086 us/op
WorkloadResult   5: 91472 op, 839310202.50 ns, 9.1756 us/op
WorkloadResult   6: 91472 op, 832881792.50 ns, 9.1053 us/op
WorkloadResult   7: 91472 op, 833470531.50 ns, 9.1118 us/op
WorkloadResult   8: 91472 op, 936402450.50 ns, 10.2370 us/op
WorkloadResult   9: 91472 op, 833178087.50 ns, 9.1086 us/op
WorkloadResult  10: 91472 op, 838322110.50 ns, 9.1648 us/op
WorkloadResult  11: 91472 op, 831778078.50 ns, 9.0933 us/op
WorkloadResult  12: 91472 op, 837002677.50 ns, 9.1504 us/op
WorkloadResult  13: 91472 op, 853026048.50 ns, 9.3255 us/op
WorkloadResult  14: 91472 op, 982130320.50 ns, 10.7370 us/op
WorkloadResult  15: 91472 op, 834824921.50 ns, 9.1266 us/op
WorkloadResult  16: 91472 op, 833094062.50 ns, 9.1076 us/op
WorkloadResult  17: 91472 op, 838962701.50 ns, 9.1718 us/op
WorkloadResult  18: 91472 op, 836878237.50 ns, 9.1490 us/op
WorkloadResult  19: 91472 op, 835206698.50 ns, 9.1307 us/op
WorkloadResult  20: 91472 op, 919404357.50 ns, 10.0512 us/op
WorkloadResult  21: 91472 op, 858362167.50 ns, 9.3839 us/op
WorkloadResult  22: 91472 op, 832487462.50 ns, 9.1010 us/op
WorkloadResult  23: 91472 op, 867918571.50 ns, 9.4884 us/op
WorkloadResult  24: 91472 op, 845353470.50 ns, 9.2417 us/op
WorkloadResult  25: 91472 op, 879636327.50 ns, 9.6165 us/op
WorkloadResult  26: 91472 op, 1012902934.50 ns, 11.0734 us/op
WorkloadResult  27: 91472 op, 878684958.50 ns, 9.6061 us/op
WorkloadResult  28: 91472 op, 835529142.50 ns, 9.1343 us/op
WorkloadResult  29: 91472 op, 826478678.50 ns, 9.0353 us/op
WorkloadResult  30: 91472 op, 822423089.50 ns, 8.9910 us/op
WorkloadResult  31: 91472 op, 834332704.50 ns, 9.1212 us/op
WorkloadResult  32: 91472 op, 833123411.50 ns, 9.1080 us/op
WorkloadResult  33: 91472 op, 938356911.50 ns, 10.2584 us/op
WorkloadResult  34: 91472 op, 831821514.50 ns, 9.0937 us/op
WorkloadResult  35: 91472 op, 827786183.50 ns, 9.0496 us/op
WorkloadResult  36: 91472 op, 829699307.50 ns, 9.0705 us/op
WorkloadResult  37: 91472 op, 1006390187.50 ns, 11.0022 us/op
WorkloadResult  38: 91472 op, 878943302.50 ns, 9.6089 us/op
WorkloadResult  39: 91472 op, 970224779.50 ns, 10.6068 us/op
WorkloadResult  40: 91472 op, 838735850.50 ns, 9.1693 us/op
WorkloadResult  41: 91472 op, 835713474.50 ns, 9.1363 us/op
WorkloadResult  42: 91472 op, 862823689.50 ns, 9.4327 us/op
WorkloadResult  43: 91472 op, 839396676.50 ns, 9.1765 us/op
WorkloadResult  44: 91472 op, 840108507.50 ns, 9.1843 us/op
WorkloadResult  45: 91472 op, 959722308.50 ns, 10.4920 us/op
WorkloadResult  46: 91472 op, 840075507.50 ns, 9.1840 us/op
WorkloadResult  47: 91472 op, 834979978.50 ns, 9.1283 us/op
WorkloadResult  48: 91472 op, 860723569.50 ns, 9.4097 us/op
WorkloadResult  49: 91472 op, 869232725.50 ns, 9.5027 us/op
WorkloadResult  50: 91472 op, 829915275.50 ns, 9.0729 us/op
WorkloadResult  51: 91472 op, 961187450.50 ns, 10.5080 us/op
WorkloadResult  52: 91472 op, 828532699.50 ns, 9.0578 us/op
WorkloadResult  53: 91472 op, 834122834.50 ns, 9.1189 us/op
WorkloadResult  54: 91472 op, 832672953.50 ns, 9.1030 us/op
WorkloadResult  55: 91472 op, 835769715.50 ns, 9.1369 us/op
WorkloadResult  56: 91472 op, 854084789.50 ns, 9.3371 us/op
WorkloadResult  57: 91472 op, 927293637.50 ns, 10.1375 us/op
WorkloadResult  58: 91472 op, 829160575.50 ns, 9.0646 us/op
WorkloadResult  59: 91472 op, 829133545.50 ns, 9.0643 us/op
WorkloadResult  60: 91472 op, 850058574.50 ns, 9.2931 us/op
WorkloadResult  61: 91472 op, 854350489.50 ns, 9.3400 us/op
WorkloadResult  62: 91472 op, 827499738.50 ns, 9.0465 us/op
WorkloadResult  63: 91472 op, 930411573.50 ns, 10.1715 us/op
WorkloadResult  64: 91472 op, 831941045.50 ns, 9.0950 us/op
WorkloadResult  65: 91472 op, 831847762.50 ns, 9.0940 us/op
WorkloadResult  66: 91472 op, 824530755.50 ns, 9.0140 us/op
WorkloadResult  67: 91472 op, 817252263.50 ns, 8.9345 us/op
WorkloadResult  68: 91472 op, 825806730.50 ns, 9.0280 us/op
WorkloadResult  69: 91472 op, 825601444.50 ns, 9.0257 us/op
WorkloadResult  70: 91472 op, 938551085.50 ns, 10.2605 us/op
WorkloadResult  71: 91472 op, 828397875.50 ns, 9.0563 us/op
WorkloadResult  72: 91472 op, 886420213.50 ns, 9.6906 us/op
WorkloadResult  73: 91472 op, 832894880.50 ns, 9.1055 us/op
WorkloadResult  74: 91472 op, 852058928.50 ns, 9.3150 us/op
WorkloadResult  75: 91472 op, 845110819.50 ns, 9.2390 us/op
WorkloadResult  76: 91472 op, 938755894.50 ns, 10.2628 us/op
WorkloadResult  77: 91472 op, 826913749.50 ns, 9.0401 us/op
WorkloadResult  78: 91472 op, 831620556.50 ns, 9.0915 us/op
WorkloadResult  79: 91472 op, 831944439.50 ns, 9.0951 us/op
WorkloadResult  80: 91472 op, 821626456.50 ns, 8.9823 us/op
WorkloadResult  81: 91472 op, 847520509.50 ns, 9.2654 us/op
WorkloadResult  82: 91472 op, 960447290.50 ns, 10.4999 us/op
WorkloadResult  83: 91472 op, 857936537.50 ns, 9.3792 us/op
WorkloadResult  84: 91472 op, 952734371.50 ns, 10.4156 us/op
WorkloadResult  85: 91472 op, 839302693.50 ns, 9.1755 us/op
WorkloadResult  86: 91472 op, 854204653.50 ns, 9.3384 us/op
WorkloadResult  87: 91472 op, 831157035.50 ns, 9.0865 us/op
WorkloadResult  88: 91472 op, 952770726.50 ns, 10.4160 us/op
WorkloadResult  89: 91472 op, 831724829.50 ns, 9.0927 us/op
WorkloadResult  90: 91472 op, 854911985.50 ns, 9.3462 us/op
WorkloadResult  91: 91472 op, 834404472.50 ns, 9.1220 us/op
WorkloadResult  92: 91472 op, 833851205.50 ns, 9.1159 us/op
WorkloadResult  93: 91472 op, 832505061.50 ns, 9.1012 us/op
WorkloadResult  94: 91472 op, 945992281.50 ns, 10.3419 us/op
WorkloadResult  95: 91472 op, 869015900.50 ns, 9.5003 us/op
WorkloadResult  96: 91472 op, 865142924.50 ns, 9.4580 us/op
WorkloadResult  97: 91472 op, 829588188.50 ns, 9.0693 us/op
WorkloadResult  98: 91472 op, 829874129.50 ns, 9.0724 us/op
WorkloadResult  99: 91472 op, 827545835.50 ns, 9.0470 us/op

// AfterAll
// Benchmark Process 867969 has exited with code 0.

Mean = 9.434 μs, StdErr = 0.056 μs (0.59%), N = 99, StdDev = 0.553 μs
Min = 8.934 μs, Q1 = 9.095 μs, Median = 9.150 μs, Q3 = 9.494 μs, Max = 11.074 μs
IQR = 0.400 μs, LowerFence = 8.495 μs, UpperFence = 10.094 μs
ConfidenceInterval = [9.246 μs; 9.623 μs] (CI 99.9%), Margin = 0.189 μs (2.00% of Mean)
Skewness = 1.54, Kurtosis = 4.09, MValue = 2

// ** Remained 2 (20.0 %) benchmark(s) to run. Estimated finish 2026-05-15 17:26 (0h 3m from now) **
// **************************
// Benchmark: SmokeBenchByte.SpanJson_Ser: Energy(OutlierMode=DontRemove, IterationTime=1s)
// *** Execute ***
// Launch: 1 / 1
// Execute: dotnet JsonBench-Energy-1.dll --anonymousPipes 123 124 --benchmarkName JsonBench.Benchmarks.SmokeBenchByte.SpanJson_Ser --job Energy --benchmarkId 8 in /home/test/json-energy-bench/JsonBench/bin/Release/net10.0/JsonBench-Energy-1/bin/Release/net10.0
// BeforeAnythingElse

// Benchmark Process Environment Information:
// BenchmarkDotNet v0.15.5-develop (2026-05-15)
// Runtime=.NET 10.0.7 (10.0.7, 10.0.726.21808), X64 RyuJIT x86-64-v3
// GC=Concurrent Workstation
// HardwareIntrinsics=AVX2+BMI1+BMI2+F16C+FMA+LZCNT+MOVBE,AVX,SSE3+SSSE3+SSE4.1+SSE4.2+POPCNT,X86Base+SSE+SSE2,AES+PCLMUL VectorSize=256
// Job: Energy(OutlierMode=DontRemove, IterationTime=1s)

OverheadJitting  1: 1 op, 185380.00 ns, 185.3800 us/op
WorkloadJitting  1: 1 op, 59513418.00 ns, 59.5134 ms/op

OverheadJitting  2: 16 op, 506729.00 ns, 31.6706 us/op
WorkloadJitting  2: 16 op, 1107588.00 ns, 69.2243 us/op

WorkloadPilot    1: 16 op, 467142.00 ns, 29.1964 us/op
WorkloadPilot    2: 34256 op, 264752404.00 ns, 7.7286 us/op
WorkloadPilot    3: 129392 op, 565962213.00 ns, 4.3740 us/op
WorkloadPilot    4: 228624 op, 1065991375.00 ns, 4.6626 us/op
WorkloadPilot    5: 214480 op, 1045601970.00 ns, 4.8751 us/op
WorkloadPilot    6: 205136 op, 1036731361.00 ns, 5.0539 us/op

OverheadWarmup   1: 205136 op, 674097.00 ns, 3.2861 ns/op
OverheadWarmup   2: 205136 op, 678778.00 ns, 3.3089 ns/op
OverheadWarmup   3: 205136 op, 672824.00 ns, 3.2799 ns/op
OverheadWarmup   4: 205136 op, 678096.00 ns, 3.3056 ns/op
OverheadWarmup   5: 205136 op, 710376.00 ns, 3.4630 ns/op
OverheadWarmup   6: 205136 op, 815604.00 ns, 3.9759 ns/op
OverheadWarmup   7: 205136 op, 677806.00 ns, 3.3042 ns/op

OverheadActual   1: 205136 op, 673419.00 ns, 3.2828 ns/op
OverheadActual   2: 205136 op, 727449.00 ns, 3.5462 ns/op
OverheadActual   3: 205136 op, 679070.00 ns, 3.3103 ns/op
OverheadActual   4: 205136 op, 1650503.00 ns, 8.0459 ns/op
OverheadActual   5: 205136 op, 960687.00 ns, 4.6832 ns/op
OverheadActual   6: 205136 op, 708477.00 ns, 3.4537 ns/op
OverheadActual   7: 205136 op, 677497.00 ns, 3.3027 ns/op
OverheadActual   8: 205136 op, 681591.00 ns, 3.3226 ns/op
OverheadActual   9: 205136 op, 667788.00 ns, 3.2553 ns/op
OverheadActual  10: 205136 op, 984314.00 ns, 4.7983 ns/op
OverheadActual  11: 205136 op, 2011959.00 ns, 9.8079 ns/op
OverheadActual  12: 205136 op, 687703.00 ns, 3.3524 ns/op
OverheadActual  13: 205136 op, 681029.00 ns, 3.3199 ns/op
OverheadActual  14: 205136 op, 688228.00 ns, 3.3550 ns/op
OverheadActual  15: 205136 op, 2234393.00 ns, 10.8923 ns/op
OverheadActual  16: 205136 op, 2937696.00 ns, 14.3207 ns/op
OverheadActual  17: 205136 op, 990474.00 ns, 4.8284 ns/op
OverheadActual  18: 205136 op, 672455.00 ns, 3.2781 ns/op
OverheadActual  19: 205136 op, 912836.00 ns, 4.4499 ns/op
OverheadActual  20: 205136 op, 672340.00 ns, 3.2775 ns/op

WorkloadWarmup   1: 205136 op, 1052584460.00 ns, 5.1312 us/op
WorkloadWarmup   2: 205136 op, 1040972404.00 ns, 5.0745 us/op
WorkloadWarmup   3: 205136 op, 905852923.00 ns, 4.4159 us/op
WorkloadWarmup   4: 205136 op, 902439633.00 ns, 4.3992 us/op
WorkloadWarmup   5: 205136 op, 901265376.00 ns, 4.3935 us/op
WorkloadWarmup   6: 205136 op, 899467796.00 ns, 4.3847 us/op
WorkloadWarmup   7: 205136 op, 926639949.00 ns, 4.5172 us/op
WorkloadWarmup   8: 205136 op, 1023010528.00 ns, 4.9870 us/op
WorkloadWarmup   9: 205136 op, 967695183.00 ns, 4.7173 us/op
WorkloadWarmup  10: 205136 op, 891447756.00 ns, 4.3456 us/op
WorkloadWarmup  11: 205136 op, 929957937.00 ns, 4.5334 us/op
WorkloadWarmup  12: 205136 op, 896845280.00 ns, 4.3720 us/op

// BeforeActualRun
WorkloadActual   1: 205136 op, 889890752.00 ns, 4.3381 us/op
WorkloadActual   2: 205136 op, 984179639.00 ns, 4.7977 us/op
WorkloadActual   3: 205136 op, 908264903.00 ns, 4.4276 us/op
WorkloadActual   4: 205136 op, 902696097.00 ns, 4.4005 us/op
WorkloadActual   5: 205136 op, 925146493.00 ns, 4.5099 us/op
WorkloadActual   6: 205136 op, 895857940.00 ns, 4.3671 us/op
WorkloadActual   7: 205136 op, 1003526563.00 ns, 4.8920 us/op
WorkloadActual   8: 205136 op, 897638763.00 ns, 4.3758 us/op
WorkloadActual   9: 205136 op, 900519027.00 ns, 4.3899 us/op
WorkloadActual  10: 205136 op, 909023626.00 ns, 4.4313 us/op
WorkloadActual  11: 205136 op, 894854863.00 ns, 4.3623 us/op
WorkloadActual  12: 205136 op, 900905729.00 ns, 4.3917 us/op
WorkloadActual  13: 205136 op, 984732051.00 ns, 4.8004 us/op
WorkloadActual  14: 205136 op, 892196116.00 ns, 4.3493 us/op
WorkloadActual  15: 205136 op, 906143859.00 ns, 4.4173 us/op
WorkloadActual  16: 205136 op, 901394673.00 ns, 4.3941 us/op
WorkloadActual  17: 205136 op, 896229486.00 ns, 4.3690 us/op
WorkloadActual  18: 205136 op, 927032206.00 ns, 4.5191 us/op
WorkloadActual  19: 205136 op, 968275616.00 ns, 4.7202 us/op
WorkloadActual  20: 205136 op, 906174952.00 ns, 4.4174 us/op
WorkloadActual  21: 205136 op, 905606442.00 ns, 4.4147 us/op
WorkloadActual  22: 205136 op, 908414546.00 ns, 4.4284 us/op
WorkloadActual  23: 205136 op, 891626801.00 ns, 4.3465 us/op
WorkloadActual  24: 205136 op, 896372150.00 ns, 4.3696 us/op
WorkloadActual  25: 205136 op, 970544817.00 ns, 4.7312 us/op
WorkloadActual  26: 205136 op, 898404008.00 ns, 4.3796 us/op
WorkloadActual  27: 205136 op, 905564469.00 ns, 4.4145 us/op
WorkloadActual  28: 205136 op, 903289754.00 ns, 4.4034 us/op
WorkloadActual  29: 205136 op, 1026476025.00 ns, 5.0039 us/op
WorkloadActual  30: 205136 op, 963661127.00 ns, 4.6977 us/op
WorkloadActual  31: 205136 op, 916231604.00 ns, 4.4665 us/op
WorkloadActual  32: 205136 op, 892491396.00 ns, 4.3507 us/op
WorkloadActual  33: 205136 op, 893782001.00 ns, 4.3570 us/op
WorkloadActual  34: 205136 op, 890576722.00 ns, 4.3414 us/op
WorkloadActual  35: 205136 op, 902812183.00 ns, 4.4010 us/op
WorkloadActual  36: 205136 op, 988207553.00 ns, 4.8173 us/op
WorkloadActual  37: 205136 op, 900110575.00 ns, 4.3879 us/op
WorkloadActual  38: 205136 op, 890236492.00 ns, 4.3397 us/op
WorkloadActual  39: 205136 op, 899555387.00 ns, 4.3852 us/op
WorkloadActual  40: 205136 op, 901000251.00 ns, 4.3922 us/op
WorkloadActual  41: 205136 op, 896040037.00 ns, 4.3680 us/op
WorkloadActual  42: 205136 op, 969552421.00 ns, 4.7264 us/op
WorkloadActual  43: 205136 op, 910926566.00 ns, 4.4406 us/op
WorkloadActual  44: 205136 op, 901122830.00 ns, 4.3928 us/op
WorkloadActual  45: 205136 op, 893844083.00 ns, 4.3573 us/op
WorkloadActual  46: 205136 op, 904298155.00 ns, 4.4083 us/op

// AfterActualRun
WorkloadResult   1: 205136 op, 889192399.50 ns, 4.3346 us/op
WorkloadResult   2: 205136 op, 983481286.50 ns, 4.7943 us/op
WorkloadResult   3: 205136 op, 907566550.50 ns, 4.4242 us/op
WorkloadResult   4: 205136 op, 901997744.50 ns, 4.3971 us/op
WorkloadResult   5: 205136 op, 924448140.50 ns, 4.5065 us/op
WorkloadResult   6: 205136 op, 895159587.50 ns, 4.3637 us/op
WorkloadResult   7: 205136 op, 1002828210.50 ns, 4.8886 us/op
WorkloadResult   8: 205136 op, 896940410.50 ns, 4.3724 us/op
WorkloadResult   9: 205136 op, 899820674.50 ns, 4.3865 us/op
WorkloadResult  10: 205136 op, 908325273.50 ns, 4.4279 us/op
WorkloadResult  11: 205136 op, 894156510.50 ns, 4.3588 us/op
WorkloadResult  12: 205136 op, 900207376.50 ns, 4.3883 us/op
WorkloadResult  13: 205136 op, 984033698.50 ns, 4.7970 us/op
WorkloadResult  14: 205136 op, 891497763.50 ns, 4.3459 us/op
WorkloadResult  15: 205136 op, 905445506.50 ns, 4.4139 us/op
WorkloadResult  16: 205136 op, 900696320.50 ns, 4.3907 us/op
WorkloadResult  17: 205136 op, 895531133.50 ns, 4.3655 us/op
WorkloadResult  18: 205136 op, 926333853.50 ns, 4.5157 us/op
WorkloadResult  19: 205136 op, 967577263.50 ns, 4.7168 us/op
WorkloadResult  20: 205136 op, 905476599.50 ns, 4.4140 us/op
WorkloadResult  21: 205136 op, 904908089.50 ns, 4.4113 us/op
WorkloadResult  22: 205136 op, 907716193.50 ns, 4.4249 us/op
WorkloadResult  23: 205136 op, 890928448.50 ns, 4.3431 us/op
WorkloadResult  24: 205136 op, 895673797.50 ns, 4.3662 us/op
WorkloadResult  25: 205136 op, 969846464.50 ns, 4.7278 us/op
WorkloadResult  26: 205136 op, 897705655.50 ns, 4.3761 us/op
WorkloadResult  27: 205136 op, 904866116.50 ns, 4.4111 us/op
WorkloadResult  28: 205136 op, 902591401.50 ns, 4.4000 us/op
WorkloadResult  29: 205136 op, 1025777672.50 ns, 5.0005 us/op
WorkloadResult  30: 205136 op, 962962774.50 ns, 4.6943 us/op
WorkloadResult  31: 205136 op, 915533251.50 ns, 4.4631 us/op
WorkloadResult  32: 205136 op, 891793043.50 ns, 4.3473 us/op
WorkloadResult  33: 205136 op, 893083648.50 ns, 4.3536 us/op
WorkloadResult  34: 205136 op, 889878369.50 ns, 4.3380 us/op
WorkloadResult  35: 205136 op, 902113830.50 ns, 4.3976 us/op
WorkloadResult  36: 205136 op, 987509200.50 ns, 4.8139 us/op
WorkloadResult  37: 205136 op, 899412222.50 ns, 4.3845 us/op
WorkloadResult  38: 205136 op, 889538139.50 ns, 4.3363 us/op
WorkloadResult  39: 205136 op, 898857034.50 ns, 4.3818 us/op
WorkloadResult  40: 205136 op, 900301898.50 ns, 4.3888 us/op
WorkloadResult  41: 205136 op, 895341684.50 ns, 4.3646 us/op
WorkloadResult  42: 205136 op, 968854068.50 ns, 4.7230 us/op
WorkloadResult  43: 205136 op, 910228213.50 ns, 4.4372 us/op
WorkloadResult  44: 205136 op, 900424477.50 ns, 4.3894 us/op
WorkloadResult  45: 205136 op, 893145730.50 ns, 4.3539 us/op
WorkloadResult  46: 205136 op, 903599802.50 ns, 4.4049 us/op

// AfterAll
// Benchmark Process 868724 has exited with code 0.

Mean = 4.470 μs, StdErr = 0.025 μs (0.57%), N = 46, StdDev = 0.171 μs
Min = 4.335 μs, Q1 = 4.366 μs, Median = 4.397 μs, Q3 = 4.457 μs, Max = 5.000 μs
IQR = 0.091 μs, LowerFence = 4.229 μs, UpperFence = 4.593 μs
ConfidenceInterval = [4.381 μs; 4.559 μs] (CI 99.9%), Margin = 0.089 μs (1.99% of Mean)
Skewness = 1.56, Kurtosis = 4.13, MValue = 2

// ** Remained 1 (10.0 %) benchmark(s) to run. Estimated finish 2026-05-15 17:26 (0h 1m from now) **
// **************************
// Benchmark: SmokeBenchByte.Utf8Json_Ser: Energy(OutlierMode=DontRemove, IterationTime=1s)
// *** Execute ***
// Launch: 1 / 1
// Execute: dotnet JsonBench-Energy-1.dll --anonymousPipes 123 124 --benchmarkName JsonBench.Benchmarks.SmokeBenchByte.Utf8Json_Ser --job Energy --benchmarkId 9 in /home/test/json-energy-bench/JsonBench/bin/Release/net10.0/JsonBench-Energy-1/bin/Release/net10.0
// BeforeAnythingElse

// Benchmark Process Environment Information:
// BenchmarkDotNet v0.15.5-develop (2026-05-15)
// Runtime=.NET 10.0.7 (10.0.7, 10.0.726.21808), X64 RyuJIT x86-64-v3
// GC=Concurrent Workstation
// HardwareIntrinsics=AVX2+BMI1+BMI2+F16C+FMA+LZCNT+MOVBE,AVX,SSE3+SSSE3+SSE4.1+SSE4.2+POPCNT,X86Base+SSE+SSE2,AES+PCLMUL VectorSize=256
// Job: Energy(OutlierMode=DontRemove, IterationTime=1s)

OverheadJitting  1: 1 op, 189994.00 ns, 189.9940 us/op
WorkloadJitting  1: 1 op, 66680994.00 ns, 66.6810 ms/op

WorkloadPilot    1: 4 op, 124041.00 ns, 31.0103 us/op
WorkloadPilot    2: 32247 op, 277313821.00 ns, 8.5997 us/op
WorkloadPilot    3: 116283 op, 619275308.00 ns, 5.3256 us/op
WorkloadPilot    4: 187773 op, 1075227889.00 ns, 5.7262 us/op
WorkloadPilot    5: 174636 op, 1079052424.00 ns, 6.1789 us/op
WorkloadPilot    6: 161842 op, 995056164.00 ns, 6.1483 us/op
WorkloadPilot    7: 162646 op, 1033481798.00 ns, 6.3542 us/op

WorkloadWarmup   1: 162646 op, 1056247504.00 ns, 6.4941 us/op
WorkloadWarmup   2: 162646 op, 859320393.00 ns, 5.2834 us/op
WorkloadWarmup   3: 162646 op, 854986730.00 ns, 5.2567 us/op
WorkloadWarmup   4: 162646 op, 860534622.00 ns, 5.2908 us/op
WorkloadWarmup   5: 162646 op, 852432779.00 ns, 5.2410 us/op
WorkloadWarmup   6: 162646 op, 852698466.00 ns, 5.2427 us/op
WorkloadWarmup   7: 162646 op, 977675917.00 ns, 6.0111 us/op
WorkloadWarmup   8: 162646 op, 965711478.00 ns, 5.9375 us/op

// BeforeActualRun
WorkloadActual   1: 162646 op, 859161925.00 ns, 5.2824 us/op
WorkloadActual   2: 162646 op, 858452117.00 ns, 5.2780 us/op
WorkloadActual   3: 162646 op, 861672806.00 ns, 5.2978 us/op
WorkloadActual   4: 162646 op, 859776580.00 ns, 5.2862 us/op
WorkloadActual   5: 162646 op, 947584725.00 ns, 5.8261 us/op
WorkloadActual   6: 162646 op, 866531404.00 ns, 5.3277 us/op
WorkloadActual   7: 162646 op, 858868113.00 ns, 5.2806 us/op
WorkloadActual   8: 162646 op, 867345002.00 ns, 5.3327 us/op
WorkloadActual   9: 162646 op, 869415298.00 ns, 5.3454 us/op
WorkloadActual  10: 162646 op, 873738768.00 ns, 5.3720 us/op
WorkloadActual  11: 162646 op, 1041506522.00 ns, 6.4035 us/op
WorkloadActual  12: 162646 op, 895333809.00 ns, 5.5048 us/op
WorkloadActual  13: 162646 op, 867300271.00 ns, 5.3324 us/op
WorkloadActual  14: 162646 op, 888246290.00 ns, 5.4612 us/op
WorkloadActual  15: 162646 op, 856959603.00 ns, 5.2689 us/op
WorkloadActual  16: 162646 op, 856545211.00 ns, 5.2663 us/op
WorkloadActual  17: 162646 op, 950012753.00 ns, 5.8410 us/op
WorkloadActual  18: 162646 op, 848328969.00 ns, 5.2158 us/op
WorkloadActual  19: 162646 op, 855814655.00 ns, 5.2618 us/op
WorkloadActual  20: 162646 op, 849250035.00 ns, 5.2215 us/op
WorkloadActual  21: 162646 op, 848964529.00 ns, 5.2197 us/op
WorkloadActual  22: 162646 op, 921246866.00 ns, 5.6641 us/op
WorkloadActual  23: 162646 op, 1005133577.00 ns, 6.1799 us/op
WorkloadActual  24: 162646 op, 848483142.00 ns, 5.2167 us/op
WorkloadActual  25: 162646 op, 849720279.00 ns, 5.2244 us/op
WorkloadActual  26: 162646 op, 845215732.00 ns, 5.1967 us/op
WorkloadActual  27: 162646 op, 856013532.00 ns, 5.2630 us/op
WorkloadActual  28: 162646 op, 855650608.00 ns, 5.2608 us/op
WorkloadActual  29: 162646 op, 950994627.00 ns, 5.8470 us/op
WorkloadActual  30: 162646 op, 856783594.00 ns, 5.2678 us/op
WorkloadActual  31: 162646 op, 849282603.00 ns, 5.2217 us/op
WorkloadActual  32: 162646 op, 850342704.00 ns, 5.2282 us/op
WorkloadActual  33: 162646 op, 880182092.00 ns, 5.4116 us/op
WorkloadActual  34: 162646 op, 962580045.00 ns, 5.9183 us/op
WorkloadActual  35: 162646 op, 957411340.00 ns, 5.8865 us/op
WorkloadActual  36: 162646 op, 885063808.00 ns, 5.4417 us/op
WorkloadActual  37: 162646 op, 878772648.00 ns, 5.4030 us/op
WorkloadActual  38: 162646 op, 855625483.00 ns, 5.2607 us/op
WorkloadActual  39: 162646 op, 857319758.00 ns, 5.2711 us/op
WorkloadActual  40: 162646 op, 854842332.00 ns, 5.2558 us/op
WorkloadActual  41: 162646 op, 931107333.00 ns, 5.7247 us/op
WorkloadActual  42: 162646 op, 857528198.00 ns, 5.2724 us/op
WorkloadActual  43: 162646 op, 846399261.00 ns, 5.2039 us/op
WorkloadActual  44: 162646 op, 856923273.00 ns, 5.2686 us/op
WorkloadActual  45: 162646 op, 923231010.00 ns, 5.6763 us/op
WorkloadActual  46: 162646 op, 853632678.00 ns, 5.2484 us/op
WorkloadActual  47: 162646 op, 939987162.00 ns, 5.7793 us/op
WorkloadActual  48: 162646 op, 850271170.00 ns, 5.2277 us/op
WorkloadActual  49: 162646 op, 845389776.00 ns, 5.1977 us/op
WorkloadActual  50: 162646 op, 852336004.00 ns, 5.2404 us/op
WorkloadActual  51: 162646 op, 846177027.00 ns, 5.2026 us/op
WorkloadActual  52: 162646 op, 853336933.00 ns, 5.2466 us/op
WorkloadActual  53: 162646 op, 980177845.00 ns, 6.0264 us/op
WorkloadActual  54: 162646 op, 857763477.00 ns, 5.2738 us/op
WorkloadActual  55: 162646 op, 861104372.00 ns, 5.2943 us/op
WorkloadActual  56: 162646 op, 884753122.00 ns, 5.4397 us/op
WorkloadActual  57: 162646 op, 936249885.00 ns, 5.7564 us/op
WorkloadActual  58: 162646 op, 857928913.00 ns, 5.2748 us/op
WorkloadActual  59: 162646 op, 983246021.00 ns, 6.0453 us/op
WorkloadActual  60: 162646 op, 849487431.00 ns, 5.2229 us/op
WorkloadActual  61: 162646 op, 863889551.00 ns, 5.3115 us/op
WorkloadActual  62: 162646 op, 855556817.00 ns, 5.2602 us/op
WorkloadActual  63: 162646 op, 882923323.00 ns, 5.4285 us/op
WorkloadActual  64: 162646 op, 882411400.00 ns, 5.4253 us/op
WorkloadActual  65: 162646 op, 953618217.00 ns, 5.8632 us/op
WorkloadActual  66: 162646 op, 849227792.00 ns, 5.2213 us/op
WorkloadActual  67: 162646 op, 867552271.00 ns, 5.3340 us/op
WorkloadActual  68: 162646 op, 869735766.00 ns, 5.3474 us/op
WorkloadActual  69: 162646 op, 850717700.00 ns, 5.2305 us/op
WorkloadActual  70: 162646 op, 855896100.00 ns, 5.2623 us/op
WorkloadActual  71: 162646 op, 942045037.00 ns, 5.7920 us/op
WorkloadActual  72: 162646 op, 870398608.00 ns, 5.3515 us/op
WorkloadActual  73: 162646 op, 873145845.00 ns, 5.3684 us/op
WorkloadActual  74: 162646 op, 883501366.00 ns, 5.4321 us/op

// AfterActualRun
WorkloadResult   1: 162646 op, 859161925.00 ns, 5.2824 us/op
WorkloadResult   2: 162646 op, 858452117.00 ns, 5.2780 us/op
WorkloadResult   3: 162646 op, 861672806.00 ns, 5.2978 us/op
WorkloadResult   4: 162646 op, 859776580.00 ns, 5.2862 us/op
WorkloadResult   5: 162646 op, 947584725.00 ns, 5.8261 us/op
WorkloadResult   6: 162646 op, 866531404.00 ns, 5.3277 us/op
WorkloadResult   7: 162646 op, 858868113.00 ns, 5.2806 us/op
WorkloadResult   8: 162646 op, 867345002.00 ns, 5.3327 us/op
WorkloadResult   9: 162646 op, 869415298.00 ns, 5.3454 us/op
WorkloadResult  10: 162646 op, 873738768.00 ns, 5.3720 us/op
WorkloadResult  11: 162646 op, 1041506522.00 ns, 6.4035 us/op
WorkloadResult  12: 162646 op, 895333809.00 ns, 5.5048 us/op
WorkloadResult  13: 162646 op, 867300271.00 ns, 5.3324 us/op
WorkloadResult  14: 162646 op, 888246290.00 ns, 5.4612 us/op
WorkloadResult  15: 162646 op, 856959603.00 ns, 5.2689 us/op
WorkloadResult  16: 162646 op, 856545211.00 ns, 5.2663 us/op
WorkloadResult  17: 162646 op, 950012753.00 ns, 5.8410 us/op
WorkloadResult  18: 162646 op, 848328969.00 ns, 5.2158 us/op
WorkloadResult  19: 162646 op, 855814655.00 ns, 5.2618 us/op
WorkloadResult  20: 162646 op, 849250035.00 ns, 5.2215 us/op
WorkloadResult  21: 162646 op, 848964529.00 ns, 5.2197 us/op
WorkloadResult  22: 162646 op, 921246866.00 ns, 5.6641 us/op
WorkloadResult  23: 162646 op, 1005133577.00 ns, 6.1799 us/op
WorkloadResult  24: 162646 op, 848483142.00 ns, 5.2167 us/op
WorkloadResult  25: 162646 op, 849720279.00 ns, 5.2244 us/op
WorkloadResult  26: 162646 op, 845215732.00 ns, 5.1967 us/op
WorkloadResult  27: 162646 op, 856013532.00 ns, 5.2630 us/op
WorkloadResult  28: 162646 op, 855650608.00 ns, 5.2608 us/op
WorkloadResult  29: 162646 op, 950994627.00 ns, 5.8470 us/op
WorkloadResult  30: 162646 op, 856783594.00 ns, 5.2678 us/op
WorkloadResult  31: 162646 op, 849282603.00 ns, 5.2217 us/op
WorkloadResult  32: 162646 op, 850342704.00 ns, 5.2282 us/op
WorkloadResult  33: 162646 op, 880182092.00 ns, 5.4116 us/op
WorkloadResult  34: 162646 op, 962580045.00 ns, 5.9183 us/op
WorkloadResult  35: 162646 op, 957411340.00 ns, 5.8865 us/op
WorkloadResult  36: 162646 op, 885063808.00 ns, 5.4417 us/op
WorkloadResult  37: 162646 op, 878772648.00 ns, 5.4030 us/op
WorkloadResult  38: 162646 op, 855625483.00 ns, 5.2607 us/op
WorkloadResult  39: 162646 op, 857319758.00 ns, 5.2711 us/op
WorkloadResult  40: 162646 op, 854842332.00 ns, 5.2558 us/op
WorkloadResult  41: 162646 op, 931107333.00 ns, 5.7247 us/op
WorkloadResult  42: 162646 op, 857528198.00 ns, 5.2724 us/op
WorkloadResult  43: 162646 op, 846399261.00 ns, 5.2039 us/op
WorkloadResult  44: 162646 op, 856923273.00 ns, 5.2686 us/op
WorkloadResult  45: 162646 op, 923231010.00 ns, 5.6763 us/op
WorkloadResult  46: 162646 op, 853632678.00 ns, 5.2484 us/op
WorkloadResult  47: 162646 op, 939987162.00 ns, 5.7793 us/op
WorkloadResult  48: 162646 op, 850271170.00 ns, 5.2277 us/op
WorkloadResult  49: 162646 op, 845389776.00 ns, 5.1977 us/op
WorkloadResult  50: 162646 op, 852336004.00 ns, 5.2404 us/op
WorkloadResult  51: 162646 op, 846177027.00 ns, 5.2026 us/op
WorkloadResult  52: 162646 op, 853336933.00 ns, 5.2466 us/op
WorkloadResult  53: 162646 op, 980177845.00 ns, 6.0264 us/op
WorkloadResult  54: 162646 op, 857763477.00 ns, 5.2738 us/op
WorkloadResult  55: 162646 op, 861104372.00 ns, 5.2943 us/op
WorkloadResult  56: 162646 op, 884753122.00 ns, 5.4397 us/op
WorkloadResult  57: 162646 op, 936249885.00 ns, 5.7564 us/op
WorkloadResult  58: 162646 op, 857928913.00 ns, 5.2748 us/op
WorkloadResult  59: 162646 op, 983246021.00 ns, 6.0453 us/op
WorkloadResult  60: 162646 op, 849487431.00 ns, 5.2229 us/op
WorkloadResult  61: 162646 op, 863889551.00 ns, 5.3115 us/op
WorkloadResult  62: 162646 op, 855556817.00 ns, 5.2602 us/op
WorkloadResult  63: 162646 op, 882923323.00 ns, 5.4285 us/op
WorkloadResult  64: 162646 op, 882411400.00 ns, 5.4253 us/op
WorkloadResult  65: 162646 op, 953618217.00 ns, 5.8632 us/op
WorkloadResult  66: 162646 op, 849227792.00 ns, 5.2213 us/op
WorkloadResult  67: 162646 op, 867552271.00 ns, 5.3340 us/op
WorkloadResult  68: 162646 op, 869735766.00 ns, 5.3474 us/op
WorkloadResult  69: 162646 op, 850717700.00 ns, 5.2305 us/op
WorkloadResult  70: 162646 op, 855896100.00 ns, 5.2623 us/op
WorkloadResult  71: 162646 op, 942045037.00 ns, 5.7920 us/op
WorkloadResult  72: 162646 op, 870398608.00 ns, 5.3515 us/op
WorkloadResult  73: 162646 op, 873145845.00 ns, 5.3684 us/op
WorkloadResult  74: 162646 op, 883501366.00 ns, 5.4321 us/op

// AfterAll
// Benchmark Process 869463 has exited with code 0.

Mean = 5.423 μs, StdErr = 0.031 μs (0.58%), N = 74, StdDev = 0.270 μs
Min = 5.197 μs, Q1 = 5.257 μs, Median = 5.290 μs, Q3 = 5.441 μs, Max = 6.404 μs
IQR = 0.184 μs, LowerFence = 4.981 μs, UpperFence = 5.718 μs
ConfidenceInterval = [5.315 μs; 5.531 μs] (CI 99.9%), Margin = 0.108 μs (1.99% of Mean)
Skewness = 1.59, Kurtosis = 4.73, MValue = 2.04

// ** Remained 0 (0.0 %) benchmark(s) to run. Estimated finish 2026-05-15 17:26 (0h 0m from now) **
// ***** BenchmarkRunner: Finish  *****

// * Export *
  BenchmarkArtifacts/results/JsonBench.Benchmarks.SmokeBenchByte-report.csv
  BenchmarkArtifacts/results/JsonBench.Benchmarks.SmokeBenchByte-report-github.md
  BenchmarkArtifacts/results/JsonBench.Benchmarks.SmokeBenchByte-report.html
  BenchmarkArtifacts/results/JsonBench.Benchmarks.SmokeBenchByte-measurements.csv

// * Detailed results *
SmokeBenchByte.SpanJson_Deser: Energy(OutlierMode=DontRemove, IterationTime=1s)
Runtime = .NET 10.0.7 (10.0.7, 10.0.726.21808), X64 RyuJIT x86-64-v3; GC = Concurrent Workstation
Mean = 5.838 μs, StdErr = 0.034 μs (0.58%), N = 74, StdDev = 0.292 μs
Min = 5.593 μs, Q1 = 5.656 μs, Median = 5.686 μs, Q3 = 5.951 μs, Max = 6.820 μs
IQR = 0.295 μs, LowerFence = 5.214 μs, UpperFence = 6.394 μs
ConfidenceInterval = [5.722 μs; 5.955 μs] (CI 99.9%), Margin = 0.116 μs (1.99% of Mean)
Skewness = 1.58, Kurtosis = 4.55, MValue = 2.21
-------------------- Histogram --------------------
[5.592 μs ; 5.774 μs) | @@@@@@@@@@@@@@@@@@@@@@@@@@@@@@@@@@@@@@@@@@@@@@@@@@
[5.774 μs ; 6.030 μs) | @@@@@@@@@@@
[6.030 μs ; 6.223 μs) | @
[6.223 μs ; 6.405 μs) | @@@@@@@@
[6.405 μs ; 6.558 μs) | @@
[6.558 μs ; 6.688 μs) | 
[6.688 μs ; 6.870 μs) | @@
---------------------------------------------------

SmokeBenchByte.STJSrcGen_Deser: Energy(OutlierMode=DontRemove, IterationTime=1s)
Runtime = .NET 10.0.7 (10.0.7, 10.0.726.21808), X64 RyuJIT x86-64-v3; GC = Concurrent Workstation
Mean = 7.849 μs, StdErr = 0.046 μs (0.59%), N = 99, StdDev = 0.460 μs
Min = 7.464 μs, Q1 = 7.586 μs, Median = 7.630 μs, Q3 = 7.854 μs, Max = 9.762 μs
IQR = 0.268 μs, LowerFence = 7.185 μs, UpperFence = 8.255 μs
ConfidenceInterval = [7.692 μs; 8.006 μs] (CI 99.9%), Margin = 0.157 μs (2.00% of Mean)
Skewness = 1.85, Kurtosis = 5.87, MValue = 2
-------------------- Histogram --------------------
[7.333 μs ; 7.533 μs) | @@@
[7.533 μs ; 7.794 μs) | @@@@@@@@@@@@@@@@@@@@@@@@@@@@@@@@@@@@@@@@@@@@@@@@@@@@@@@@@@@@@@@@@@@@@
[7.794 μs ; 8.041 μs) | @@@@@@
[8.041 μs ; 8.266 μs) | @@
[8.266 μs ; 8.561 μs) | @@@@@@@
[8.561 μs ; 8.822 μs) | @@@@@@@@@
[8.822 μs ; 9.044 μs) | 
[9.044 μs ; 9.305 μs) | @@
[9.305 μs ; 9.631 μs) | 
[9.631 μs ; 9.892 μs) | @
---------------------------------------------------

SmokeBenchByte.STJRefGen_Deser: Energy(OutlierMode=DontRemove, IterationTime=1s)
Runtime = .NET 10.0.7 (10.0.7, 10.0.726.21808), X64 RyuJIT x86-64-v3; GC = Concurrent Workstation
Mean = 7.904 μs, StdErr = 0.046 μs (0.58%), N = 72, StdDev = 0.389 μs
Min = 7.597 μs, Q1 = 7.652 μs, Median = 7.680 μs, Q3 = 8.078 μs, Max = 9.286 μs
IQR = 0.426 μs, LowerFence = 7.013 μs, UpperFence = 8.717 μs
ConfidenceInterval = [7.747 μs; 8.062 μs] (CI 99.9%), Margin = 0.157 μs (1.99% of Mean)
Skewness = 1.44, Kurtosis = 4.15, MValue = 2.3
-------------------- Histogram --------------------
[7.584 μs ; 7.829 μs) | @@@@@@@@@@@@@@@@@@@@@@@@@@@@@@@@@@@@@@@@@@@@@@@
[7.829 μs ; 8.152 μs) | @@@@@@@@@
[8.152 μs ; 8.458 μs) | @@@@
[8.458 μs ; 8.703 μs) | @@@@@@@@@
[8.703 μs ; 8.905 μs) | @@
[8.905 μs ; 9.163 μs) | 
[9.163 μs ; 9.409 μs) | @
---------------------------------------------------

SmokeBenchByte.Utf8Json_Deser: Energy(OutlierMode=DontRemove, IterationTime=1s)
Runtime = .NET 10.0.7 (10.0.7, 10.0.726.21808), X64 RyuJIT x86-64-v3; GC = Concurrent Workstation
Mean = 8.966 μs, StdErr = 0.052 μs (0.58%), N = 70, StdDev = 0.434 μs
Min = 8.594 μs, Q1 = 8.693 μs, Median = 8.727 μs, Q3 = 9.028 μs, Max = 10.280 μs
IQR = 0.335 μs, LowerFence = 8.190 μs, UpperFence = 9.531 μs
ConfidenceInterval = [8.788 μs; 9.144 μs] (CI 99.9%), Margin = 0.178 μs (1.99% of Mean)
Skewness = 1.34, Kurtosis = 3.45, MValue = 2.23
-------------------- Histogram --------------------
[8.590 μs ;  8.866 μs) | @@@@@@@@@@@@@@@@@@@@@@@@@@@@@@@@@@@@@@@@@@@@@@@@
[8.866 μs ;  9.131 μs) | @@@@@
[9.131 μs ;  9.385 μs) | 
[9.385 μs ;  9.662 μs) | @@@@@@@@@@
[9.662 μs ;  9.986 μs) | @@@@@
[9.986 μs ; 10.302 μs) | @@
---------------------------------------------------

SmokeBenchByte.Newtonsoft_Deser: Energy(OutlierMode=DontRemove, IterationTime=1s)
Runtime = .NET 10.0.7 (10.0.7, 10.0.726.21808), X64 RyuJIT x86-64-v3; GC = Concurrent Workstation
Mean = 14.806 μs, StdErr = 0.087 μs (0.58%), N = 94, StdDev = 0.839 μs
Min = 14.141 μs, Q1 = 14.292 μs, Median = 14.382 μs, Q3 = 14.965 μs, Max = 18.575 μs
IQR = 0.673 μs, LowerFence = 13.282 μs, UpperFence = 15.975 μs
ConfidenceInterval = [14.512 μs; 15.101 μs] (CI 99.9%), Margin = 0.294 μs (1.99% of Mean)
Skewness = 1.89, Kurtosis = 6.56, MValue = 2.04
-------------------- Histogram --------------------
[13.899 μs ; 14.658 μs) | @@@@@@@@@@@@@@@@@@@@@@@@@@@@@@@@@@@@@@@@@@@@@@@@@@@@@@@@@@@@@@@
[14.658 μs ; 15.176 μs) | @@@@@@@@@@
[15.176 μs ; 15.827 μs) | @@@@@
[15.827 μs ; 16.312 μs) | @@@@@@@@@
[16.312 μs ; 16.981 μs) | @@@@@@
[16.981 μs ; 17.466 μs) | 
[17.466 μs ; 17.951 μs) | 
[17.951 μs ; 18.333 μs) | 
[18.333 μs ; 18.817 μs) | @
---------------------------------------------------

SmokeBenchByte.STJSrcGen_Ser: Energy(OutlierMode=DontRemove, IterationTime=1s)
Runtime = .NET 10.0.7 (10.0.7, 10.0.726.21808), X64 RyuJIT x86-64-v3; GC = Concurrent Workstation
Mean = 2.863 μs, StdErr = 0.017 μs (0.59%), N = 87, StdDev = 0.157 μs
Min = 2.738 μs, Q1 = 2.764 μs, Median = 2.787 μs, Q3 = 2.886 μs, Max = 3.394 μs
IQR = 0.122 μs, LowerFence = 2.580 μs, UpperFence = 3.070 μs
ConfidenceInterval = [2.806 μs; 2.920 μs] (CI 99.9%), Margin = 0.057 μs (2.00% of Mean)
Skewness = 1.48, Kurtosis = 3.96, MValue = 2
-------------------- Histogram --------------------
[2.738 μs ; 2.831 μs) | @@@@@@@@@@@@@@@@@@@@@@@@@@@@@@@@@@@@@@@@@@@@@@@@@@@@@@@@@@@
[2.831 μs ; 2.923 μs) | @@@@@@@@
[2.923 μs ; 3.016 μs) | @@@@
[3.016 μs ; 3.090 μs) | @
[3.090 μs ; 3.242 μs) | @@@@@@@@@@@@@
[3.242 μs ; 3.335 μs) | @
[3.335 μs ; 3.441 μs) | @
---------------------------------------------------

SmokeBenchByte.STJRefGen_Ser: Energy(OutlierMode=DontRemove, IterationTime=1s)
Runtime = .NET 10.0.7 (10.0.7, 10.0.726.21808), X64 RyuJIT x86-64-v3; GC = Concurrent Workstation
Mean = 4.109 μs, StdErr = 0.024 μs (0.59%), N = 81, StdDev = 0.217 μs
Min = 3.934 μs, Q1 = 3.959 μs, Median = 4.007 μs, Q3 = 4.173 μs, Max = 4.955 μs
IQR = 0.214 μs, LowerFence = 3.638 μs, UpperFence = 4.494 μs
ConfidenceInterval = [4.026 μs; 4.191 μs] (CI 99.9%), Margin = 0.082 μs (2.00% of Mean)
Skewness = 1.57, Kurtosis = 4.92, MValue = 2.17
-------------------- Histogram --------------------
[3.932 μs ; 4.063 μs) | @@@@@@@@@@@@@@@@@@@@@@@@@@@@@@@@@@@@@@@@@@@@@@@@@@@@
[4.063 μs ; 4.261 μs) | @@@@@@@@@@@
[4.261 μs ; 4.409 μs) | @@@@@@
[4.409 μs ; 4.541 μs) | @@@@@@@@@
[4.541 μs ; 4.680 μs) | @@
[4.680 μs ; 4.889 μs) | 
[4.889 μs ; 5.021 μs) | @
---------------------------------------------------

SmokeBenchByte.SpanJson_Ser: Energy(OutlierMode=DontRemove, IterationTime=1s)
Runtime = .NET 10.0.7 (10.0.7, 10.0.726.21808), X64 RyuJIT x86-64-v3; GC = Concurrent Workstation
Mean = 4.470 μs, StdErr = 0.025 μs (0.57%), N = 46, StdDev = 0.171 μs
Min = 4.335 μs, Q1 = 4.366 μs, Median = 4.397 μs, Q3 = 4.457 μs, Max = 5.000 μs
IQR = 0.091 μs, LowerFence = 4.229 μs, UpperFence = 4.593 μs
ConfidenceInterval = [4.381 μs; 4.559 μs] (CI 99.9%), Margin = 0.089 μs (1.99% of Mean)
Skewness = 1.56, Kurtosis = 4.13, MValue = 2
-------------------- Histogram --------------------
[4.323 μs ; 4.449 μs) | @@@@@@@@@@@@@@@@@@@@@@@@@@@@@@@@@@
[4.449 μs ; 4.552 μs) | @@@
[4.552 μs ; 4.691 μs) | 
[4.691 μs ; 4.817 μs) | @@@@@@@
[4.817 μs ; 5.007 μs) | @@
---------------------------------------------------

SmokeBenchByte.Utf8Json_Ser: Energy(OutlierMode=DontRemove, IterationTime=1s)
Runtime = .NET 10.0.7 (10.0.7, 10.0.726.21808), X64 RyuJIT x86-64-v3; GC = Concurrent Workstation
Mean = 5.423 μs, StdErr = 0.031 μs (0.58%), N = 74, StdDev = 0.270 μs
Min = 5.197 μs, Q1 = 5.257 μs, Median = 5.290 μs, Q3 = 5.441 μs, Max = 6.404 μs
IQR = 0.184 μs, LowerFence = 4.981 μs, UpperFence = 5.718 μs
ConfidenceInterval = [5.315 μs; 5.531 μs] (CI 99.9%), Margin = 0.108 μs (1.99% of Mean)
Skewness = 1.59, Kurtosis = 4.73, MValue = 2.04
-------------------- Histogram --------------------
[5.190 μs ; 5.359 μs) | @@@@@@@@@@@@@@@@@@@@@@@@@@@@@@@@@@@@@@@@@@@@@@@
[5.359 μs ; 5.521 μs) | @@@@@@@@@@@
[5.521 μs ; 5.721 μs) | @@
[5.721 μs ; 5.890 μs) | @@@@@@@@@
[5.890 μs ; 6.066 μs) | @@@
[6.066 μs ; 6.264 μs) | @
[6.264 μs ; 6.488 μs) | @
---------------------------------------------------

SmokeBenchByte.Newtonsoft_Ser: Energy(OutlierMode=DontRemove, IterationTime=1s)
Runtime = .NET 10.0.7 (10.0.7, 10.0.726.21808), X64 RyuJIT x86-64-v3; GC = Concurrent Workstation
Mean = 9.434 μs, StdErr = 0.056 μs (0.59%), N = 99, StdDev = 0.553 μs
Min = 8.934 μs, Q1 = 9.095 μs, Median = 9.150 μs, Q3 = 9.494 μs, Max = 11.074 μs
IQR = 0.400 μs, LowerFence = 8.495 μs, UpperFence = 10.094 μs
ConfidenceInterval = [9.246 μs; 9.623 μs] (CI 99.9%), Margin = 0.189 μs (2.00% of Mean)
Skewness = 1.54, Kurtosis = 4.09, MValue = 2
-------------------- Histogram --------------------
[ 8.778 μs ;  9.034 μs) | @@@@@@
[ 9.034 μs ;  9.348 μs) | @@@@@@@@@@@@@@@@@@@@@@@@@@@@@@@@@@@@@@@@@@@@@@@@@@@@@@@@@@@@@@
[ 9.348 μs ;  9.692 μs) | @@@@@@@@@@@@
[ 9.692 μs ;  9.954 μs) | 
[ 9.954 μs ; 10.216 μs) | @@@
[10.216 μs ; 10.529 μs) | @@@@@@@@@@
[10.529 μs ; 10.881 μs) | @@@
[10.881 μs ; 11.231 μs) | @@@
---------------------------------------------------

// * Summary *

BenchmarkDotNet v0.15.5-develop (2026-05-15), Linux Ubuntu 24.04.4 LTS (Noble Numbat)
Intel Core i9-9900K CPU 3.60GHz (Max: 0.80GHz) (Coffee Lake), 1 CPU, 16 logical and 8 physical cores
.NET SDK 10.0.107
  [Host] : .NET 10.0.7 (10.0.7, 10.0.726.21808), X64 RyuJIT x86-64-v3
  Energy : .NET 10.0.7 (10.0.7, 10.0.726.21808), X64 RyuJIT x86-64-v3

Job=Energy  OutlierMode=DontRemove  IterationTime=1s  

| Method           | Mean      | Error     | StdDev    | Operations | Median    | Iterations | Metrion CPU Energy (uJ/op) | Metrion CPU Energy (uJ/iter) |
|----------------- |----------:|----------:|----------:|-----------:|----------:|-----------:|---------------------------:|-----------------------------:|
| SpanJson_Deser   |  5.838 μs | 0.1162 μs | 0.2916 μs |    138,784 |  5.686 μs |      74.00 |                     167.21 |                  23206691.05 |
| STJSrcGen_Deser  |  7.849 μs | 0.1567 μs | 0.4596 μs |     98,896 |  7.630 μs |      99.00 |                     236.67 |                  23405807.09 |
| STJRefGen_Deser  |  7.904 μs | 0.1574 μs | 0.3890 μs |    107,616 |  7.680 μs |      72.00 |                     197.18 |                  21219246.40 |
| Utf8Json_Deser   |  8.966 μs | 0.1783 μs | 0.4339 μs |     95,638 |  8.727 μs |      70.00 |                     253.87 |                  24279888.45 |
| Newtonsoft_Deser | 14.806 μs | 0.2942 μs | 0.8395 μs |     58,848 | 14.382 μs |      94.00 |                     396.96 |                  23360563.66 |
|                  |           |           |           |            |           |            |                            |                              |
| STJSrcGen_Ser    |  2.863 μs | 0.0573 μs | 0.1568 μs |    284,400 |  2.787 μs |      87.00 |                      93.83 |                  26686255.04 |
| STJRefGen_Ser    |  4.109 μs | 0.0822 μs | 0.2166 μs |    206,256 |  4.007 μs |      81.00 |                     116.41 |                  24011090.68 |
| SpanJson_Ser     |  4.470 μs | 0.0890 μs | 0.1714 μs |    205,136 |  4.397 μs |      46.00 |                     111.80 |                  22934946.87 |
| Utf8Json_Ser     |  5.423 μs | 0.1078 μs | 0.2704 μs |    162,646 |  5.290 μs |      74.00 |                     162.02 |                  26351521.49 |
| Newtonsoft_Ser   |  9.434 μs | 0.1885 μs | 0.5530 μs |     91,472 |  9.150 μs |      99.00 |                     312.67 |                  28600164.56 |

// * Hints *
Outliers
  SmokeBenchByte.SpanJson_Deser: Energy   -> 5 outliers were detected (6.40 μs..6.82 μs)
  SmokeBenchByte.STJSrcGen_Deser: Energy  -> 19 outliers were detected (8.29 μs..9.77 μs)
  SmokeBenchByte.STJRefGen_Deser: Energy  -> 3 outliers were detected (8.78 μs..9.29 μs)
  SmokeBenchByte.Utf8Json_Deser: Energy   -> 11 outliers were detected (9.56 μs..10.28 μs)
  SmokeBenchByte.Newtonsoft_Deser: Energy -> 11 outliers were detected (16.13 μs..18.58 μs)
  SmokeBenchByte.STJSrcGen_Ser: Energy    -> 16 outliers were detected (3.08 μs..3.40 μs)
  SmokeBenchByte.STJRefGen_Ser: Energy    -> 8 outliers were detected (4.51 μs..4.96 μs)
  SmokeBenchByte.SpanJson_Ser: Energy     -> 9 outliers were detected (4.70 μs..5.00 μs)
  SmokeBenchByte.Utf8Json_Ser: Energy     -> 14 outliers were detected (5.72 μs..6.40 μs)
  SmokeBenchByte.Newtonsoft_Ser: Energy   -> 18 outliers were detected (10.14 μs..11.08 μs)

// * Legends *
  Mean                         : Arithmetic mean of all measurements
  Error                        : Half of 99.9% confidence interval
  StdDev                       : Standard deviation of all measurements
  Operations                   : Actual invocations per measured iteration (from measurements)
  Median                       : Value separating the higher half of all measurements (50th percentile)
  Iterations                   : Number of target iterations
  Metrion CPU Energy (uJ/op)   : Average CPU core energy consumed per benchmark operation (uJ), captured with Metrion.
  Metrion CPU Energy (uJ/iter) : Average CPU core energy consumed per benchmark iteration (uJ), captured with Metrion.
  1 μs                         : 1 Microsecond (0.000001 sec)

// * Diagnostic Output - MetrionEnergyProfiler *
Metrion measured the energy for a total of 10 benchmarks.
The database files for each benchmark were stored in the Artifacts folder. e.g: 
/home/test/json-energy-bench/BenchmarkArtifacts/metrion/JsonBench.Benchmarks.SmokeBenchByte.STJRefGen_Deser-20260515-171124.pid862706.db
The measurements details of Actual Stage for each benchmark:
BenchmarkMethod - StartTimestamp - EndTimestamp - TotalEnergyFromSummary - TotalEnergyFromRawMeasurements
STJRefGen_Deser: 2026-05-15T17:10:09.619644 - 2026-05-15T17:11:10.971280 - 1522.3481644768074 - 1527.7857405425907
STJSrcGen_Deser: 2026-05-15T17:11:40.968151 - 2026-05-15T17:12:57.974095 - 2318.4145261672006 - 2317.174901973913
Newtonsoft_Deser: 2026-05-15T17:13:27.281841 - 2026-05-15T17:14:49.333038 - 2194.3677518823324 - 2195.892983737771
SpanJson_Deser: 2026-05-15T17:15:18.606510 - 2026-05-15T17:16:18.705875 - 1717.7528478845297 - 1717.2951377258262
Utf8Json_Deser: 2026-05-15T17:16:47.775532 - 2026-05-15T17:17:47.908790 - 1678.9719059757974 - 1699.592191306487
STJRefGen_Ser: 2026-05-15T17:18:17.490773 - 2026-05-15T17:19:26.298560 - 1939.4063763952336 - 1944.898345257876
STJSrcGen_Ser: 2026-05-15T17:19:53.214086 - 2026-05-15T17:21:04.256496 - 2324.5090940745345 - 2321.7041888550116
Newtonsoft_Ser: 2026-05-15T17:21:30.441619 - 2026-05-15T17:22:56.019944 - 2828.606853004888 - 2831.4162916199966
SpanJson_Ser: 2026-05-15T17:23:27.697821 - 2026-05-15T17:24:09.963685 - 1047.506560825339 - 1055.007556166995
Utf8Json_Ser: 2026-05-15T17:24:38.538345 - 2026-05-15T17:25:43.902934 - 1893.3560513050327 - 1950.012590489585


// ***** BenchmarkRunner: End *****
Run time: 00:16:03 (963.4 sec), executed benchmarks: 10

Global total time: 00:16:09 (969.15 sec), executed benchmarks: 10
// * Artifacts cleanup *
Artifacts cleanup is finished
