Factor,SumSq,Df,Fvalue,Pvalue,EtaSq
Depth,482544127.5674766,3,195723.52589725683,0,0.22381447870839496
Width,815297482.3920343,3,330690.7882463283,0,0.3781527337897683
Content,128704012.13564995,2,78304.97237412834,0,0.059695724677099854
Depth:Width,465511688.5919443,9,62938.34686642939,0,0.2159144624556674
Depth:Content,72442356.36931054,6,14691.582181698383,0,0.03360034305865173
Width:Content,122398754.9799692,6,24822.927605480047,0,0.056771209046715926
Depth:Width:Content,68549818.0115363,18,4634.053590244632,0,0.03179489896840974
Residuals,552258.0082266425,672,NA,NA,2.5614929529216664e-4
