Factor,SumSq,Df,Fvalue,Pvalue,EtaSq
Depth,136910135.4837338,3,489969.6033493568,0,0.15183313903600104
Width,166563283.05597702,3,596091.3371618118,0,0.1847184361126837
Content,101860806.39890781,2,546804.282222569,0,0.11296348459257818
Depth:Width,157555761.51789176,9,187951.83595811788,0,0.17472910796521168
Depth:Content,97318677.6118298,6,174140.48163591727,0,0.10792627044323001
Width:Content,103605328.92007643,6,185389.71470772033,0,0.11489815750464684
Depth:Width:Content,137837400.1006439,18,82214.67803850434,0,0.1528614741333628
Residuals,63057.08292166546,677,NA,NA,6.993021228576154e-5
