Library,Operation,Dimension,Content,FixedOther,from_level,to_level,from_E,to_E,from_per_element,to_per_element,W_ratio,E_ratio,per_element_ratio,Transition
SpanJson,Deserialize,Depth,Textual,W=5,2,5,17.734,41.95733333333334,8.867,8.391466666666668,2.5,2.3659260930040222,0.946370437201609,D2 -> D5
SpanJson,Deserialize,Depth,Textual,W=5,5,10,41.95733333333334,86.63866666666667,8.391466666666668,8.663866666666667,2,2.0649230964789624,1.0324615482394812,D5 -> D10
SpanJson,Deserialize,Depth,Textual,W=5,10,20,86.63866666666667,168.98133333333334,8.663866666666667,8.449066666666667,2,1.9504147493805692,0.9752073746902845,D10 -> D20
SpanJson,Deserialize,Depth,Textual,W=20,2,5,76.64466666666667,192.91066666666666,38.32233333333333,38.58213333333333,2.5,2.5169483416980523,1.006779336679221,D2 -> D5
SpanJson,Deserialize,Depth,Textual,W=20,5,10,192.91066666666666,385.32,38.58213333333333,38.532,2,1.997401215070188,0.9987006075350939,D5 -> D10
SpanJson,Deserialize,Depth,Textual,W=20,10,20,385.32,768.408,38.532,38.4204,2,1.9942074120211772,0.9971037060105887,D10 -> D20
SpanJson,Deserialize,Depth,Textual,W=50,2,5,203.21066666666667,506.1286666666667,101.60533333333333,101.22573333333334,2.5,2.4906599391108077,0.9962639756443231,D2 -> D5
SpanJson,Deserialize,Depth,Textual,W=50,5,10,506.1286666666667,1008.8966666666666,101.22573333333334,100.88966666666667,2,1.9933600546896506,0.9966800273448253,D5 -> D10
SpanJson,Deserialize,Depth,Textual,W=50,10,20,1008.8966666666666,2026.442,100.88966666666667,101.3221,2,2.0085724008735615,1.0042862004367807,D10 -> D20
SpanJson,Deserialize,Depth,Textual,W=100,2,5,612.8673333333334,1531.926,306.4336666666667,306.3852,2.5,2.4996045908793745,0.9998418363517498,D2 -> D5
SpanJson,Deserialize,Depth,Textual,W=100,5,10,1531.926,3090.4206666666664,306.3852,309.04206666666664,2,2.0173433094461917,1.0086716547230958,D5 -> D10
SpanJson,Deserialize,Depth,Textual,W=100,10,20,3090.4206666666664,6174.431333333334,309.04206666666664,308.7215666666667,2,1.9979258487140157,0.998962924357008,D10 -> D20
SpanJson,Deserialize,Depth,Numeric,W=5,2,5,10.846666666666668,25.845333333333333,5.423333333333334,5.169066666666667,2.5,2.38279041180086,0.9531161647203441,D2 -> D5
SpanJson,Deserialize,Depth,Numeric,W=5,5,10,25.845333333333333,51.102,5.169066666666667,5.1102,2,1.9772234832851836,0.9886117416425918,D5 -> D10
SpanJson,Deserialize,Depth,Numeric,W=5,10,20,51.102,102.09333333333333,5.1102,5.104666666666667,2,1.9978343965663445,0.9989171982831723,D10 -> D20
SpanJson,Deserialize,Depth,Numeric,W=20,2,5,42.605333333333334,105.19399999999999,21.302666666666667,21.0388,2.5,2.469033610815547,0.9876134443262189,D2 -> D5
SpanJson,Deserialize,Depth,Numeric,W=20,5,10,105.19399999999999,210.10066666666665,21.0388,21.010066666666667,2,1.997268538763301,0.9986342693816505,D5 -> D10
SpanJson,Deserialize,Depth,Numeric,W=20,10,20,210.10066666666665,420.2133333333333,21.010066666666667,21.010666666666665,2,2.0000571154779774,1.0000285577389885,D10 -> D20
SpanJson,Deserialize,Depth,Numeric,W=50,2,5,117.52866666666667,291.96933333333334,58.76433333333333,58.39386666666667,2.5,2.4842393061550943,0.9936957224620376,D2 -> D5
SpanJson,Deserialize,Depth,Numeric,W=50,5,10,291.96933333333334,583.268,58.39386666666667,58.326800000000006,2,1.9977029551048742,0.9988514775524371,D5 -> D10
SpanJson,Deserialize,Depth,Numeric,W=50,10,20,583.268,1166.5993333333333,58.326800000000006,58.329966666666664,2,2.0001085835899333,1.0000542917949666,D10 -> D20
SpanJson,Deserialize,Depth,Numeric,W=100,2,5,446.3913333333333,1092.3533333333332,223.19566666666665,218.47066666666666,2.5,2.447075585398163,0.9788302341592654,D2 -> D5
SpanJson,Deserialize,Depth,Numeric,W=100,5,10,1092.3533333333332,2227.3553333333334,218.47066666666666,222.73553333333334,2,2.0390429226196654,1.0195214613098327,D5 -> D10
SpanJson,Deserialize,Depth,Numeric,W=100,10,20,2227.3553333333334,4468.128,222.73553333333334,223.4064,2,2.006023885427052,1.003011942713526,D10 -> D20
SpanJson,Deserialize,Depth,Boolean,W=5,2,5,8.594,21.641333333333336,4.297,4.328266666666667,2.5,2.5181909859591967,1.0072763943836787,D2 -> D5
SpanJson,Deserialize,Depth,Boolean,W=5,5,10,21.641333333333336,45.82466666666667,4.328266666666667,4.582466666666667,2,2.1174604152547594,1.0587302076273797,D5 -> D10
SpanJson,Deserialize,Depth,Boolean,W=5,10,20,45.82466666666667,92.32866666666668,4.582466666666667,4.616433333333334,2,2.0148246213829526,1.0074123106914763,D10 -> D20
SpanJson,Deserialize,Depth,Boolean,W=20,2,5,31.58533333333333,84.04733333333333,15.792666666666666,16.809466666666665,2.5,2.660960783486006,1.0643843133944024,D2 -> D5
SpanJson,Deserialize,Depth,Boolean,W=20,5,10,84.04733333333333,175.202,16.809466666666665,17.5202,2,2.084563460272386,1.042281730136193,D5 -> D10
SpanJson,Deserialize,Depth,Boolean,W=20,10,20,175.202,347.432,17.5202,17.3716,2,1.9830367233250763,0.9915183616625382,D10 -> D20
SpanJson,Deserialize,Depth,Boolean,W=50,2,5,95.598,250.88533333333334,47.799,50.17706666666667,2.5,2.6243784737477074,1.049751389499083,D2 -> D5
SpanJson,Deserialize,Depth,Boolean,W=50,5,10,250.88533333333334,517.7873333333333,50.17706666666667,51.778733333333335,2,2.063840585871899,1.0319202929359494,D5 -> D10
SpanJson,Deserialize,Depth,Boolean,W=50,10,20,517.7873333333333,1030.8386666666668,51.778733333333335,51.54193333333334,2,1.9908533876842618,0.9954266938421309,D10 -> D20
SpanJson,Deserialize,Depth,Boolean,W=100,2,5,253.83866666666665,641.656,126.91933333333333,128.3312,2.5,2.5278103152133373,1.011124126085335,D2 -> D5
SpanJson,Deserialize,Depth,Boolean,W=100,5,10,641.656,1360.04,128.3312,136.004,2,2.119578091687758,1.059789045843879,D5 -> D10
SpanJson,Deserialize,Depth,Boolean,W=100,10,20,1360.04,2701.331333333333,136.004,135.06656666666666,2,1.9862146211385938,0.993107310569297,D10 -> D20
SpanJson,Serialize,Depth,Textual,W=5,2,5,8.649999999999999,19.612000000000002,4.324999999999999,3.9224000000000006,2.5,2.26728323699422,0.9069132947976881,D2 -> D5
SpanJson,Serialize,Depth,Textual,W=5,5,10,19.612000000000002,39.4,3.9224000000000006,3.94,2,2.0089740974913317,1.0044870487456659,D5 -> D10
SpanJson,Serialize,Depth,Textual,W=5,10,20,39.4,73.90533333333333,3.94,3.6952666666666665,2,1.8757698815566837,0.9378849407783417,D10 -> D20
SpanJson,Serialize,Depth,Textual,W=20,2,5,34.52733333333334,85.53666666666668,17.26366666666667,17.107333333333337,2.5,2.4773609314359635,0.9909443725743856,D2 -> D5
SpanJson,Serialize,Depth,Textual,W=20,5,10,85.53666666666668,168.732,17.107333333333337,16.8732,2,1.9726277230037799,0.9863138615018898,D5 -> D10
SpanJson,Serialize,Depth,Textual,W=20,10,20,168.732,352.59933333333333,16.8732,17.629966666666668,2,2.089700432243637,1.0448502161218185,D10 -> D20
SpanJson,Serialize,Depth,Textual,W=50,2,5,82.88,208.7853333333333,41.44,41.75706666666666,2.5,2.5191280566280567,1.0076512226512226,D2 -> D5
SpanJson,Serialize,Depth,Textual,W=50,5,10,208.7853333333333,436.57800000000003,41.75706666666666,43.6578,2,2.0910376846394065,1.0455188423197035,D5 -> D10
SpanJson,Serialize,Depth,Textual,W=50,10,20,436.57800000000003,875.8286666666667,43.6578,43.79143333333333,2,2.006121853750456,1.003060926875228,D10 -> D20
SpanJson,Serialize,Depth,Textual,W=100,2,5,170.46733333333333,416.8706666666667,85.23366666666666,83.37413333333333,2.5,2.4454577807673807,0.9781831123069523,D2 -> D5
SpanJson,Serialize,Depth,Textual,W=100,5,10,416.8706666666667,867.1913333333333,83.37413333333333,86.71913333333333,2,2.080240714146354,1.040120357073177,D5 -> D10
SpanJson,Serialize,Depth,Textual,W=100,10,20,867.1913333333333,2193.786666666667,86.71913333333333,109.68933333333334,2,2.5297608294055833,1.2648804147027914,D10 -> D20
SpanJson,Serialize,Depth,Numeric,W=5,2,5,6.665333333333334,15.126,3.332666666666667,3.0252,2.5,2.2693538707741547,0.9077415483096618,D2 -> D5
SpanJson,Serialize,Depth,Numeric,W=5,5,10,15.126,27.898666666666667,3.0252,2.7898666666666667,2,1.8444179999118517,0.9222089999559259,D5 -> D10
SpanJson,Serialize,Depth,Numeric,W=5,10,20,27.898666666666667,56.32,2.7898666666666667,2.816,2,2.018734467597018,1.009367233798509,D10 -> D20
SpanJson,Serialize,Depth,Numeric,W=20,2,5,27.708666666666666,66.934,13.854333333333333,13.3868,2.5,2.4156340976349155,0.9662536390539662,D2 -> D5
SpanJson,Serialize,Depth,Numeric,W=20,5,10,66.934,133.39533333333333,13.3868,13.339533333333332,2,1.9929383173474366,0.9964691586737183,D5 -> D10
SpanJson,Serialize,Depth,Numeric,W=20,10,20,133.39533333333333,270.008,13.339533333333332,13.500399999999999,2,2.024118784765084,1.012059392382542,D10 -> D20
SpanJson,Serialize,Depth,Numeric,W=50,2,5,80.172,207.11933333333334,40.086,41.42386666666667,2.5,2.5834372765221443,1.0333749106088577,D2 -> D5
SpanJson,Serialize,Depth,Numeric,W=50,5,10,207.11933333333334,374.49133333333333,41.42386666666667,37.449133333333336,2,1.8080945284361027,0.9040472642180515,D5 -> D10
SpanJson,Serialize,Depth,Numeric,W=50,10,20,374.49133333333333,883.2313333333334,37.449133333333336,44.16156666666667,2,2.3584827063198617,1.1792413531599308,D10 -> D20
SpanJson,Serialize,Depth,Numeric,W=100,2,5,134.42933333333335,324.18,67.21466666666667,64.836,2.5,2.411527246037571,0.9646108984150283,D2 -> D5
SpanJson,Serialize,Depth,Numeric,W=100,5,10,324.18,665.3833333333333,64.836,66.53833333333333,2,2.05251197894174,1.02625598947087,D5 -> D10
SpanJson,Serialize,Depth,Numeric,W=100,10,20,665.3833333333333,1338.1293333333333,66.53833333333333,66.90646666666666,2,2.011065300703855,1.0055326503519275,D10 -> D20
SpanJson,Serialize,Depth,Boolean,W=5,2,5,3.292666666666667,7.394666666666667,1.6463333333333334,1.4789333333333334,2.5,2.2457987446851586,0.8983194978740636,D2 -> D5
SpanJson,Serialize,Depth,Boolean,W=5,5,10,7.394666666666667,13.054666666666666,1.4789333333333334,1.3054666666666666,2,1.765416516408222,0.8827082582041109,D5 -> D10
SpanJson,Serialize,Depth,Boolean,W=5,10,20,13.054666666666666,25.737333333333332,1.3054666666666666,1.2868666666666666,2,1.9715044428556838,0.9857522214278419,D10 -> D20
SpanJson,Serialize,Depth,Boolean,W=20,2,5,12.106,28.37,6.053,5.674,2.5,2.343466049892615,0.9373864199570462,D2 -> D5
SpanJson,Serialize,Depth,Boolean,W=20,5,10,28.37,56.04,5.674,5.604,2,1.9753260486429325,0.9876630243214662,D5 -> D10
SpanJson,Serialize,Depth,Boolean,W=20,10,20,56.04,111.91666666666667,5.604,5.595833333333333,2,1.9970854151796338,0.9985427075898168,D10 -> D20
SpanJson,Serialize,Depth,Boolean,W=50,2,5,30.138666666666666,74.398,15.069333333333333,14.8796,2.5,2.4685232702176605,0.9874093080870643,D2 -> D5
SpanJson,Serialize,Depth,Boolean,W=50,5,10,74.398,148.84533333333334,14.8796,14.884533333333334,2,2.000663100262552,1.000331550131276,D5 -> D10
SpanJson,Serialize,Depth,Boolean,W=50,10,20,148.84533333333334,288.8453333333333,14.884533333333334,14.442266666666665,2,1.9405736603543722,0.9702868301771861,D10 -> D20
SpanJson,Serialize,Depth,Boolean,W=100,2,5,64.036,160.244,32.018,32.0488,2.5,2.5024048972452992,1.0009619588981198,D2 -> D5
SpanJson,Serialize,Depth,Boolean,W=100,5,10,160.244,311.36466666666666,32.0488,31.136466666666667,2,1.9430659910303454,0.9715329955151727,D5 -> D10
SpanJson,Serialize,Depth,Boolean,W=100,10,20,311.36466666666666,636.3706666666667,31.136466666666667,31.818533333333335,2,2.043811436536366,1.021905718268183,D10 -> D20
Utf8Json,Deserialize,Depth,Textual,W=5,2,5,24.088,57.288,12.044,11.4576,2.5,2.3782796413151774,0.951311856526071,D2 -> D5
Utf8Json,Deserialize,Depth,Textual,W=5,5,10,57.288,111.20400000000001,11.4576,11.1204,2,1.9411395056556349,0.9705697528278174,D5 -> D10
Utf8Json,Deserialize,Depth,Textual,W=5,10,20,111.20400000000001,217.40200000000002,11.1204,10.8701,2,1.9549836336822417,0.9774918168411209,D10 -> D20
Utf8Json,Deserialize,Depth,Textual,W=20,2,5,99.76466666666667,257.32666666666665,49.882333333333335,51.465333333333334,2.5,2.5793367057141134,1.0317346822856455,D2 -> D5
Utf8Json,Deserialize,Depth,Textual,W=20,5,10,257.32666666666665,491.07733333333334,51.465333333333334,49.107733333333336,2,1.908381046141092,0.9541905230705459,D5 -> D10
Utf8Json,Deserialize,Depth,Textual,W=20,10,20,491.07733333333334,983.7506666666667,49.107733333333336,49.187533333333334,2,2.003249997284881,1.0016249986424406,D10 -> D20
Utf8Json,Deserialize,Depth,Textual,W=50,2,5,244.89266666666666,637.2886666666667,122.44633333333333,127.45773333333334,2.5,2.602318294545366,1.0409273178181462,D2 -> D5
Utf8Json,Deserialize,Depth,Textual,W=50,5,10,637.2886666666667,1273.724,127.45773333333334,127.3724,2,1.9986609940236395,0.9993304970118199,D5 -> D10
Utf8Json,Deserialize,Depth,Textual,W=50,10,20,1273.724,2531.0053333333335,127.3724,126.55026666666667,2,1.9870908715964632,0.9935454357982316,D10 -> D20
Utf8Json,Deserialize,Depth,Textual,W=100,2,5,492.77066666666667,1219.4473333333333,246.38533333333334,243.88946666666666,2.5,2.474675170058824,0.9898700680235295,D2 -> D5
Utf8Json,Deserialize,Depth,Textual,W=100,5,10,1219.4473333333333,2323.096666666667,243.88946666666666,232.3096666666667,2,1.9050405894254832,0.9525202947127416,D5 -> D10
Utf8Json,Deserialize,Depth,Textual,W=100,10,20,2323.096666666667,4615.591333333333,232.3096666666667,230.77956666666665,2,1.9868270655977864,0.9934135327988933,D10 -> D20
Utf8Json,Deserialize,Depth,Numeric,W=5,2,5,14.56,35.266666666666666,7.28,7.053333333333333,2.5,2.422161172161172,0.9688644688644688,D2 -> D5
Utf8Json,Deserialize,Depth,Numeric,W=5,5,10,35.266666666666666,69.23133333333334,7.053333333333333,6.923133333333334,2,1.9630812854442345,0.9815406427221174,D5 -> D10
Utf8Json,Deserialize,Depth,Numeric,W=5,10,20,69.23133333333334,130.42466666666667,6.923133333333334,6.521233333333333,2,1.883896501584061,0.9419482507920304,D10 -> D20
Utf8Json,Deserialize,Depth,Numeric,W=20,2,5,59.272666666666666,131.99666666666667,29.636333333333333,26.399333333333335,2.5,2.2269399048465286,0.8907759619386114,D2 -> D5
Utf8Json,Deserialize,Depth,Numeric,W=20,5,10,131.99666666666667,272.75533333333334,26.399333333333335,27.275533333333335,2,2.066380464153135,1.0331902320765676,D5 -> D10
Utf8Json,Deserialize,Depth,Numeric,W=20,10,20,272.75533333333334,531.7326666666667,27.275533333333335,26.58663333333333,2,1.9494858640099917,0.9747429320049958,D10 -> D20
Utf8Json,Deserialize,Depth,Numeric,W=50,2,5,135.662,328.35133333333334,67.831,65.67026666666666,2.5,2.4203633540220055,0.9681453416088022,D2 -> D5
Utf8Json,Deserialize,Depth,Numeric,W=50,5,10,328.35133333333334,683.0306666666667,65.67026666666666,68.30306666666667,2,2.0801824062437184,1.0400912031218594,D5 -> D10
Utf8Json,Deserialize,Depth,Numeric,W=50,10,20,683.0306666666667,1351.0426666666667,68.30306666666667,67.55213333333333,2,1.9780117242173607,0.9890058621086802,D10 -> D20
Utf8Json,Deserialize,Depth,Numeric,W=100,2,5,280.38466666666665,690.9833333333333,140.19233333333332,138.19666666666666,2.5,2.464411986390126,0.9857647945560504,D2 -> D5
Utf8Json,Deserialize,Depth,Numeric,W=100,5,10,690.9833333333333,1401.3353333333334,138.19666666666666,140.13353333333333,2,2.028030584432813,1.0140152922164065,D5 -> D10
Utf8Json,Deserialize,Depth,Numeric,W=100,10,20,1401.3353333333334,2589.2586666666666,140.13353333333333,129.46293333333332,2,1.8477081145935565,0.9238540572967783,D10 -> D20
Utf8Json,Deserialize,Depth,Boolean,W=5,2,5,12.817333333333334,31.84466666666667,6.408666666666667,6.368933333333334,2.5,2.4845001560386977,0.993800062415479,D2 -> D5
Utf8Json,Deserialize,Depth,Boolean,W=5,5,10,31.84466666666667,61.584666666666664,6.368933333333334,6.1584666666666665,2,1.933908346766596,0.966954173383298,D5 -> D10
Utf8Json,Deserialize,Depth,Boolean,W=5,10,20,61.584666666666664,129.31933333333333,6.1584666666666665,6.465966666666667,2,2.0998625198913152,1.0499312599456574,D10 -> D20
Utf8Json,Deserialize,Depth,Boolean,W=20,2,5,50.478,116.52866666666667,25.239,23.305733333333333,2.5,2.3085040347610177,0.9234016139044071,D2 -> D5
Utf8Json,Deserialize,Depth,Boolean,W=20,5,10,116.52866666666667,245.26999999999998,23.305733333333333,24.526999999999997,2,2.104803968122293,1.0524019840611465,D5 -> D10
Utf8Json,Deserialize,Depth,Boolean,W=20,10,20,245.26999999999998,495.18333333333334,24.526999999999997,24.759166666666665,2,2.0189315176472187,1.0094657588236093,D10 -> D20
Utf8Json,Deserialize,Depth,Boolean,W=50,2,5,118.25,303.39,59.125,60.678,2.5,2.5656659619450317,1.0262663847780127,D2 -> D5
Utf8Json,Deserialize,Depth,Boolean,W=50,5,10,303.39,606.6753333333334,60.678,60.66753333333334,2,1.9996550095037193,0.9998275047518597,D5 -> D10
Utf8Json,Deserialize,Depth,Boolean,W=50,10,20,606.6753333333334,1202.1533333333334,60.66753333333334,60.107666666666674,2,1.9815431208125598,0.9907715604062799,D10 -> D20
Utf8Json,Deserialize,Depth,Boolean,W=100,2,5,242.34066666666666,608.7346666666667,121.17033333333333,121.74693333333335,2.5,2.5118964763102083,1.0047585905240832,D2 -> D5
Utf8Json,Deserialize,Depth,Boolean,W=100,5,10,608.7346666666667,1279.9613333333334,121.74693333333335,127.99613333333335,2,2.1026588486280833,1.0513294243140416,D5 -> D10
Utf8Json,Deserialize,Depth,Boolean,W=100,10,20,1279.9613333333334,2852.3486666666668,127.99613333333335,142.61743333333334,2,2.2284647140382363,1.1142323570191182,D10 -> D20
Utf8Json,Serialize,Depth,Textual,W=5,2,5,10.386666666666667,23.496666666666666,5.193333333333333,4.699333333333334,2.5,2.2621951219512195,0.9048780487804878,D2 -> D5
Utf8Json,Serialize,Depth,Textual,W=5,5,10,23.496666666666666,45.919333333333334,4.699333333333334,4.591933333333333,2,1.9542913888494822,0.9771456944247411,D5 -> D10
Utf8Json,Serialize,Depth,Textual,W=5,10,20,45.919333333333334,88.292,4.591933333333333,4.4146,2,1.9227631063168744,0.9613815531584372,D10 -> D20
Utf8Json,Serialize,Depth,Textual,W=20,2,5,36.029333333333334,93.426,18.014666666666667,18.685200000000002,2.5,2.5930538080082894,1.037221523203316,D2 -> D5
Utf8Json,Serialize,Depth,Textual,W=20,5,10,93.426,186.256,18.685200000000002,18.6256,2,1.9936206195277546,0.9968103097638771,D5 -> D10
Utf8Json,Serialize,Depth,Textual,W=20,10,20,186.256,372.4173333333333,18.6256,18.620866666666664,2,1.999491738968588,0.999745869484294,D10 -> D20
Utf8Json,Serialize,Depth,Textual,W=50,2,5,95.47733333333333,252.65666666666667,47.73866666666667,50.531333333333336,2.5,2.6462476259635794,1.058499050385432,D2 -> D5
Utf8Json,Serialize,Depth,Textual,W=50,5,10,252.65666666666667,480.982,50.531333333333336,48.098200000000006,2,1.9036980355423039,0.9518490177711519,D5 -> D10
Utf8Json,Serialize,Depth,Textual,W=50,10,20,480.982,1001.01,48.098200000000006,50.0505,2,2.081179753088473,1.0405898765442365,D10 -> D20
Utf8Json,Serialize,Depth,Textual,W=100,2,5,199.47866666666667,509.54333333333335,99.73933333333333,101.90866666666668,2.5,2.554375071018455,1.021750028407382,D2 -> D5
Utf8Json,Serialize,Depth,Textual,W=100,5,10,509.54333333333335,1026.9479999999999,101.90866666666668,102.69479999999999,2,2.015428193872945,1.0077140969364724,D5 -> D10
Utf8Json,Serialize,Depth,Textual,W=100,10,20,1026.9479999999999,2649.2066666666665,102.69479999999999,132.46033333333332,2,2.579689202049828,1.289844601024914,D10 -> D20
Utf8Json,Serialize,Depth,Numeric,W=5,2,5,8.793999999999999,21.077333333333335,4.396999999999999,4.215466666666667,2.5,2.396785687210978,0.9587142748843911,D2 -> D5
Utf8Json,Serialize,Depth,Numeric,W=5,5,10,21.077333333333335,39.246,4.215466666666667,3.9246000000000003,2,1.8620002530364372,0.9310001265182186,D5 -> D10
Utf8Json,Serialize,Depth,Numeric,W=5,10,20,39.246,75.89133333333334,3.9246000000000003,3.794566666666667,2,1.9337342234452768,0.9668671117226384,D10 -> D20
Utf8Json,Serialize,Depth,Numeric,W=20,2,5,35.034,85.07533333333333,17.517,17.015066666666666,2.5,2.4283648265494473,0.9713459306197789,D2 -> D5
Utf8Json,Serialize,Depth,Numeric,W=20,5,10,85.07533333333333,166.39333333333335,17.015066666666666,16.639333333333333,2,1.9558352205496308,0.9779176102748153,D5 -> D10
Utf8Json,Serialize,Depth,Numeric,W=20,10,20,166.39333333333335,333.11466666666666,16.639333333333333,16.655733333333334,2,2.0019712328218278,1.0009856164109139,D10 -> D20
Utf8Json,Serialize,Depth,Numeric,W=50,2,5,83.89066666666668,213.68266666666668,41.94533333333334,42.736533333333334,2.5,2.5471566165485235,1.0188626466194093,D2 -> D5
Utf8Json,Serialize,Depth,Numeric,W=50,5,10,213.68266666666668,425.54066666666665,42.736533333333334,42.554066666666664,2,1.9914608578452782,0.9957304289226391,D5 -> D10
Utf8Json,Serialize,Depth,Numeric,W=50,10,20,425.54066666666665,842.054,42.554066666666664,42.1027,2,1.978786202963759,0.9893931014818795,D10 -> D20
Utf8Json,Serialize,Depth,Numeric,W=100,2,5,168.38133333333334,431.50733333333335,84.19066666666667,86.30146666666667,2.5,2.562679156834487,1.0250716627337948,D2 -> D5
Utf8Json,Serialize,Depth,Numeric,W=100,5,10,431.50733333333335,863.568,86.30146666666667,86.35679999999999,2,2.001282326603951,1.0006411633019754,D5 -> D10
Utf8Json,Serialize,Depth,Numeric,W=100,10,20,863.568,1697.3513333333333,86.35679999999999,84.86756666666666,2,1.9655097610533663,0.9827548805266831,D10 -> D20
Utf8Json,Serialize,Depth,Boolean,W=5,2,5,6.168666666666667,13.844666666666667,3.0843333333333334,2.7689333333333335,2.5,2.24435318275154,0.897741273100616,D2 -> D5
Utf8Json,Serialize,Depth,Boolean,W=5,5,10,13.844666666666667,24.184,2.7689333333333335,2.4184,2,1.7468098425386431,0.8734049212693216,D5 -> D10
Utf8Json,Serialize,Depth,Boolean,W=5,10,20,24.184,44.58866666666666,2.4184,2.229433333333333,2,1.8437258793692797,0.9218629396846398,D10 -> D20
Utf8Json,Serialize,Depth,Boolean,W=20,2,5,21.794666666666668,60.217999999999996,10.897333333333334,12.0436,2.5,2.762969533830906,1.1051878135323625,D2 -> D5
Utf8Json,Serialize,Depth,Boolean,W=20,5,10,60.217999999999996,101.51,12.0436,10.151,2,1.6857085921153145,0.8428542960576572,D5 -> D10
Utf8Json,Serialize,Depth,Boolean,W=20,10,20,101.51,213.98333333333335,10.151,10.699166666666667,2,2.108002495649033,1.0540012478245164,D10 -> D20
Utf8Json,Serialize,Depth,Boolean,W=50,2,5,52.437333333333335,129.318,26.218666666666667,25.8636,2.5,2.466143714401953,0.9864574857607812,D2 -> D5
Utf8Json,Serialize,Depth,Boolean,W=50,5,10,129.318,255.34333333333333,25.8636,25.534333333333333,2,1.9745382184485787,0.9872691092242893,D5 -> D10
Utf8Json,Serialize,Depth,Boolean,W=50,10,20,255.34333333333333,482.5226666666667,25.534333333333333,24.126133333333335,2,1.8897014477239795,0.9448507238619899,D10 -> D20
Utf8Json,Serialize,Depth,Boolean,W=100,2,5,104.52533333333334,256.70533333333333,52.26266666666667,51.34106666666666,2.5,2.4559149934944,0.98236599739776,D2 -> D5
Utf8Json,Serialize,Depth,Boolean,W=100,5,10,256.70533333333333,532.3653333333333,51.34106666666666,53.23653333333333,2,2.073838226968405,1.0369191134842024,D5 -> D10
Utf8Json,Serialize,Depth,Boolean,W=100,10,20,532.3653333333333,1063.798,53.23653333333333,53.1899,2,1.9982480702474994,0.9991240351237498,D10 -> D20
STJRefGen,Deserialize,Depth,Textual,W=5,2,5,37.54266666666667,90.11800000000001,18.771333333333335,18.023600000000002,2.5,2.4004155272223606,0.9601662108889442,D2 -> D5
STJRefGen,Deserialize,Depth,Textual,W=5,5,10,90.11800000000001,187.13466666666667,18.023600000000002,18.71346666666667,2,2.0765514843501482,1.0382757421750741,D5 -> D10
STJRefGen,Deserialize,Depth,Textual,W=5,10,20,187.13466666666667,373.1533333333333,18.71346666666667,18.657666666666664,2,1.994036380218167,0.9970181901090834,D10 -> D20
STJRefGen,Deserialize,Depth,Textual,W=20,2,5,134.65866666666668,329.67133333333334,67.32933333333334,65.93426666666667,2.5,2.448199893062954,0.9792799572251817,D2 -> D5
STJRefGen,Deserialize,Depth,Textual,W=20,5,10,329.67133333333334,663.012,65.93426666666667,66.3012,2,2.0111302772256003,1.0055651386128,D5 -> D10
STJRefGen,Deserialize,Depth,Textual,W=20,10,20,663.012,1350.2406666666666,66.3012,67.51203333333333,2,2.0365252313180857,1.018262615659043,D10 -> D20
STJRefGen,Deserialize,Depth,Textual,W=50,2,5,334.7486666666667,847.1053333333333,167.37433333333334,169.42106666666666,2.5,2.5305711947072727,1.0122284778829092,D2 -> D5
STJRefGen,Deserialize,Depth,Textual,W=50,5,10,847.1053333333333,1686.486,169.42106666666666,168.64860000000002,2,1.9908811025468696,0.9954405512734348,D5 -> D10
STJRefGen,Deserialize,Depth,Textual,W=50,10,20,1686.486,3389.6986666666667,168.64860000000002,169.48493333333334,2,2.0099180584165337,1.0049590292082669,D10 -> D20
STJRefGen,Deserialize,Depth,Textual,W=100,2,5,1140.5306666666668,2831.3406666666665,570.2653333333334,566.2681333333333,2.5,2.4824765781542624,0.9929906312617048,D2 -> D5
STJRefGen,Deserialize,Depth,Textual,W=100,5,10,2831.3406666666665,5763.798,566.2681333333333,576.3797999999999,2,2.035713352284701,1.0178566761423504,D5 -> D10
STJRefGen,Deserialize,Depth,Textual,W=100,10,20,5763.798,11481.362666666666,576.3797999999999,574.0681333333333,2,1.9919786686949588,0.9959893343474795,D10 -> D20
STJRefGen,Deserialize,Depth,Numeric,W=5,2,5,33.468666666666664,80.68733333333333,16.734333333333332,16.137466666666665,2.5,2.4108320219907178,0.964332808796287,D2 -> D5
STJRefGen,Deserialize,Depth,Numeric,W=5,5,10,80.68733333333333,169.05,16.137466666666665,16.905,2,2.0951243896191887,1.0475621948095943,D5 -> D10
STJRefGen,Deserialize,Depth,Numeric,W=5,10,20,169.05,334.63,16.905,16.7315,2,1.9794735285418514,0.9897367642709257,D10 -> D20
STJRefGen,Deserialize,Depth,Numeric,W=20,2,5,117.81733333333334,286.75933333333336,58.90866666666667,57.35186666666667,2.5,2.433931622964363,0.9735726491857453,D2 -> D5
STJRefGen,Deserialize,Depth,Numeric,W=20,5,10,286.75933333333336,570.338,57.35186666666667,57.0338,2,1.9889082366397837,0.9944541183198918,D5 -> D10
STJRefGen,Deserialize,Depth,Numeric,W=20,10,20,570.338,1158.0206666666666,57.0338,57.90103333333333,2,2.0304112064541844,1.0152056032270922,D10 -> D20
STJRefGen,Deserialize,Depth,Numeric,W=50,2,5,284.92,717.542,142.46,143.5084,2.5,2.518398146848238,1.0073592587392952,D2 -> D5
STJRefGen,Deserialize,Depth,Numeric,W=50,5,10,717.542,1427.2359999999999,143.5084,142.72359999999998,2,1.989062661140393,0.9945313305701965,D5 -> D10
STJRefGen,Deserialize,Depth,Numeric,W=50,10,20,1427.2359999999999,2911.814,142.72359999999998,145.5907,2,2.040176957419796,1.0200884787098983,D10 -> D20
STJRefGen,Deserialize,Depth,Numeric,W=100,2,5,1013.8746666666667,2786.7006666666666,506.93733333333336,557.3401333333334,2.5,2.748565240148026,1.0994260960592106,D2 -> D5
STJRefGen,Deserialize,Depth,Numeric,W=100,5,10,2786.7006666666666,5549.049333333333,557.3401333333334,554.9049333333334,2,1.9912613506390233,0.9956306753195117,D5 -> D10
STJRefGen,Deserialize,Depth,Numeric,W=100,10,20,5549.049333333333,10100.882,554.9049333333334,505.04409999999996,2,1.8202905386556303,0.910145269327815,D10 -> D20
STJRefGen,Deserialize,Depth,Boolean,W=5,2,5,29.036,70.47933333333333,14.518,14.095866666666666,2.5,2.42730862836938,0.9709234513477522,D2 -> D5
STJRefGen,Deserialize,Depth,Boolean,W=5,5,10,70.47933333333333,150.04066666666668,14.095866666666666,15.004066666666668,2,2.1288604697358093,1.0644302348679047,D5 -> D10
STJRefGen,Deserialize,Depth,Boolean,W=5,10,20,150.04066666666668,295.7986666666667,15.004066666666668,14.789933333333334,2,1.9714566273143725,0.9857283136571862,D10 -> D20
STJRefGen,Deserialize,Depth,Boolean,W=20,2,5,94.64,244.56266666666667,47.32,48.912533333333336,2.5,2.584136376444069,1.0336545505776276,D2 -> D5
STJRefGen,Deserialize,Depth,Boolean,W=20,5,10,244.56266666666667,487.418,48.912533333333336,48.7418,2,1.9930188308926955,0.9965094154463476,D5 -> D10
STJRefGen,Deserialize,Depth,Boolean,W=20,10,20,487.418,994.7986666666667,48.7418,49.73993333333333,2,2.0409559488296836,1.0204779744148418,D10 -> D20
STJRefGen,Deserialize,Depth,Boolean,W=50,2,5,237.51266666666666,591.414,118.75633333333333,118.2828,2.5,2.490031408851177,0.9960125635404709,D2 -> D5
STJRefGen,Deserialize,Depth,Boolean,W=50,5,10,591.414,1232.364,118.2828,123.2364,2,2.083758585356451,1.0418792926782254,D5 -> D10
STJRefGen,Deserialize,Depth,Boolean,W=50,10,20,1232.364,2431.845333333333,123.2364,121.59226666666666,2,1.9733174073028206,0.9866587036514103,D10 -> D20
STJRefGen,Deserialize,Depth,Boolean,W=100,2,5,924.4413333333333,2308.4513333333334,462.22066666666666,461.6902666666667,2.5,2.4971312403455204,0.9988524961382081,D2 -> D5
STJRefGen,Deserialize,Depth,Boolean,W=100,5,10,2308.4513333333334,5063.753333333333,461.6902666666667,506.3753333333333,2,2.1935716210319356,1.0967858105159678,D5 -> D10
STJRefGen,Deserialize,Depth,Boolean,W=100,10,20,5063.753333333333,10449.35,506.3753333333333,522.4675,2,2.0635582565238173,1.0317791282619084,D10 -> D20
STJRefGen,Serialize,Depth,Textual,W=5,2,5,19.982666666666667,44.28066666666666,9.991333333333333,8.856133333333332,2.5,2.2159538266497627,0.8863815306599051,D2 -> D5
STJRefGen,Serialize,Depth,Textual,W=5,5,10,44.28066666666666,93.19733333333333,8.856133333333332,9.319733333333334,2,2.10469580403788,1.05234790201894,D5 -> D10
STJRefGen,Serialize,Depth,Textual,W=5,10,20,93.19733333333333,185.514,9.319733333333334,9.2757,2,1.9905505164668518,0.9952752582334259,D10 -> D20
STJRefGen,Serialize,Depth,Textual,W=20,2,5,61.35266666666667,146.69466666666668,30.676333333333336,29.338933333333337,2.5,2.3910071825185537,0.9564028730074217,D2 -> D5
STJRefGen,Serialize,Depth,Textual,W=20,5,10,146.69466666666668,307.542,29.338933333333337,30.754199999999997,2,2.096477036202179,1.0482385181010896,D5 -> D10
STJRefGen,Serialize,Depth,Textual,W=20,10,20,307.542,596.1053333333333,30.754199999999997,29.805266666666665,2,1.9382891876014767,0.9691445938007384,D10 -> D20
STJRefGen,Serialize,Depth,Textual,W=50,2,5,154.90066666666667,394.4294117647059,77.45033333333333,78.88588235294118,2.5,2.5463377288974818,1.0185350915589928,D2 -> D5
STJRefGen,Serialize,Depth,Textual,W=50,5,10,394.4294117647059,761.5426666666667,78.88588235294118,76.15426666666667,2,1.9307451319602902,0.9653725659801451,D5 -> D10
STJRefGen,Serialize,Depth,Textual,W=50,10,20,761.5426666666667,1544.9033333333334,76.15426666666667,77.24516666666668,2,2.02864974078931,1.014324870394655,D10 -> D20
STJRefGen,Serialize,Depth,Textual,W=100,2,5,342.18,853.7273333333334,171.09,170.7454666666667,2.5,2.4949656126405206,0.9979862450562084,D2 -> D5
STJRefGen,Serialize,Depth,Textual,W=100,5,10,853.7273333333334,1770.8746666666666,170.7454666666667,177.08746666666667,2,2.074286013254817,1.0371430066274085,D5 -> D10
STJRefGen,Serialize,Depth,Textual,W=100,10,20,1770.8746666666666,3791.476,177.08746666666667,189.5738,2,2.141018826101753,1.0705094130508765,D10 -> D20
STJRefGen,Serialize,Depth,Numeric,W=5,2,5,16.292,36.692,8.146,7.3384,2.5,2.2521482936410506,0.9008593174564202,D2 -> D5
STJRefGen,Serialize,Depth,Numeric,W=5,5,10,36.692,75.41333333333334,7.3384,7.541333333333334,2,2.055307242268978,1.027653621134489,D5 -> D10
STJRefGen,Serialize,Depth,Numeric,W=5,10,20,75.41333333333334,149.37733333333333,7.541333333333334,7.468866666666666,2,1.980781471004243,0.9903907355021214,D10 -> D20
STJRefGen,Serialize,Depth,Numeric,W=20,2,5,47.903333333333336,122.65933333333334,23.951666666666668,24.531866666666666,2.5,2.5605594600236588,1.0242237840094635,D2 -> D5
STJRefGen,Serialize,Depth,Numeric,W=20,5,10,122.65933333333334,232.99133333333333,24.531866666666666,23.299133333333334,2,1.8994994265961551,0.9497497132980777,D5 -> D10
STJRefGen,Serialize,Depth,Numeric,W=20,10,20,232.99133333333333,447.418,23.299133333333334,22.3709,2,1.9203203552635721,0.960160177631786,D10 -> D20
STJRefGen,Serialize,Depth,Numeric,W=50,2,5,115.032,294.204,57.516,58.8408,2.5,2.557583976632589,1.0230335906530357,D2 -> D5
STJRefGen,Serialize,Depth,Numeric,W=50,5,10,294.204,564.9893333333333,58.8408,56.49893333333333,2,1.9203999039215418,0.960199951960771,D5 -> D10
STJRefGen,Serialize,Depth,Numeric,W=50,10,20,564.9893333333333,1103.4626666666666,56.49893333333333,55.173133333333325,2,1.953068140519467,0.9765340702597334,D10 -> D20
STJRefGen,Serialize,Depth,Numeric,W=100,2,5,274.04266666666666,686.188,137.02133333333333,137.2376,2.5,2.503945857579355,1.001578343031742,D2 -> D5
STJRefGen,Serialize,Depth,Numeric,W=100,5,10,686.188,1306.4186666666667,137.2376,130.64186666666666,2,1.903878626071378,0.951939313035689,D5 -> D10
STJRefGen,Serialize,Depth,Numeric,W=100,10,20,1306.4186666666667,2910.574,130.64186666666666,145.52870000000001,2,2.227902948927041,1.1139514744635208,D10 -> D20
STJRefGen,Serialize,Depth,Boolean,W=5,2,5,14.569333333333335,32.306,7.284666666666667,6.4612,2.5,2.217397272810469,0.8869589091241877,D2 -> D5
STJRefGen,Serialize,Depth,Boolean,W=5,5,10,32.306,68.86333333333333,6.4612,6.886333333333333,2,2.1315957820012796,1.0657978910006396,D5 -> D10
STJRefGen,Serialize,Depth,Boolean,W=5,10,20,68.86333333333333,140.43133333333333,6.886333333333333,7.021566666666667,2,2.0392758603998256,1.019637930199913,D10 -> D20
STJRefGen,Serialize,Depth,Boolean,W=20,2,5,41.669333333333334,95.46666666666667,20.834666666666667,19.093333333333334,2.5,2.2910533725841544,0.9164213490336618,D2 -> D5
STJRefGen,Serialize,Depth,Boolean,W=20,5,10,95.46666666666667,196.54866666666666,19.093333333333334,19.654866666666667,2,2.0588198324022344,1.0294099162011172,D5 -> D10
STJRefGen,Serialize,Depth,Boolean,W=20,10,20,196.54866666666666,413.44866666666667,19.654866666666667,20.672433333333334,2,2.1035434820214163,1.0517717410107081,D10 -> D20
STJRefGen,Serialize,Depth,Boolean,W=50,2,5,93.85333333333334,247.82533333333333,46.92666666666667,49.56506666666667,2.5,2.6405597385992325,1.056223895439693,D2 -> D5
STJRefGen,Serialize,Depth,Boolean,W=50,5,10,247.82533333333333,511.7253333333333,49.56506666666667,51.172533333333334,2,2.0648628873023473,1.0324314436511737,D5 -> D10
STJRefGen,Serialize,Depth,Boolean,W=50,10,20,511.7253333333333,1002.5313333333334,51.172533333333334,50.12656666666667,2,1.9591199966648776,0.9795599983324388,D10 -> D20
STJRefGen,Serialize,Depth,Boolean,W=100,2,5,221.78666666666666,574.6133333333333,110.89333333333333,114.92266666666667,2.5,2.5908380425634245,1.0363352170253697,D2 -> D5
STJRefGen,Serialize,Depth,Boolean,W=100,5,10,574.6133333333333,1199.7233333333334,114.92266666666667,119.97233333333334,2,2.0878793855578244,1.0439396927789122,D5 -> D10
STJRefGen,Serialize,Depth,Boolean,W=100,10,20,1199.7233333333334,2963.5253333333335,119.97233333333334,148.17626666666666,2,2.470173956773367,1.2350869783866836,D10 -> D20
STJSrcGen,Deserialize,Depth,Textual,W=5,2,5,35.77066666666666,87.02799999999999,17.88533333333333,17.4056,2.5,2.4329431936782466,0.9731772774712987,D2 -> D5
STJSrcGen,Deserialize,Depth,Textual,W=5,5,10,87.02799999999999,182.04266666666666,17.4056,18.204266666666665,2,2.091771230715019,1.0458856153575093,D5 -> D10
STJSrcGen,Deserialize,Depth,Textual,W=5,10,20,182.04266666666666,378.05133333333333,18.204266666666665,18.902566666666665,2,2.0767182784988134,1.0383591392494067,D10 -> D20
STJSrcGen,Deserialize,Depth,Textual,W=20,2,5,131.17866666666666,326.05400000000003,65.58933333333333,65.2108,2.5,2.4855718409497483,0.9942287363798993,D2 -> D5
STJSrcGen,Deserialize,Depth,Textual,W=20,5,10,326.05400000000003,655.324,65.2108,65.5324,2,2.0098633968606423,1.0049316984303212,D5 -> D10
STJSrcGen,Deserialize,Depth,Textual,W=20,10,20,655.324,1339.492,65.5324,66.9746,2,2.04401486898084,1.02200743449042,D10 -> D20
STJSrcGen,Deserialize,Depth,Textual,W=50,2,5,331.81733333333335,813.6526666666667,165.90866666666668,162.73053333333334,2.5,2.45211019717676,0.9808440788707039,D2 -> D5
STJSrcGen,Deserialize,Depth,Textual,W=50,5,10,813.6526666666667,1619.32,162.73053333333334,161.932,2,1.9901858204852354,0.9950929102426177,D5 -> D10
STJSrcGen,Deserialize,Depth,Textual,W=50,10,20,1619.32,3259.3773333333334,161.932,162.96886666666666,2,2.0128061984866075,1.0064030992433037,D10 -> D20
STJSrcGen,Deserialize,Depth,Textual,W=100,2,5,1100.568,2948.2786666666666,550.284,589.6557333333333,2.5,2.678870062246646,1.0715480248986582,D2 -> D5
STJSrcGen,Deserialize,Depth,Textual,W=100,5,10,2948.2786666666666,5598.416666666667,589.6557333333333,559.8416666666667,2,1.8988763613027988,0.9494381806513994,D5 -> D10
STJSrcGen,Deserialize,Depth,Textual,W=100,10,20,5598.416666666667,12166.778666666667,559.8416666666667,608.3389333333333,2,2.1732535091767016,1.0866267545883508,D10 -> D20
STJSrcGen,Deserialize,Depth,Numeric,W=5,2,5,31.998,76.25,15.999,15.25,2.5,2.382961435089693,0.9531845740358772,D2 -> D5
STJSrcGen,Deserialize,Depth,Numeric,W=5,5,10,76.25,159.48133333333334,15.25,15.948133333333335,2,2.091558469945355,1.0457792349726778,D5 -> D10
STJSrcGen,Deserialize,Depth,Numeric,W=5,10,20,159.48133333333334,328.08133333333336,15.948133333333335,16.40406666666667,2,2.0571770154918863,1.0285885077459431,D10 -> D20
STJSrcGen,Deserialize,Depth,Numeric,W=20,2,5,112.45266666666667,283.37666666666667,56.226333333333336,56.675333333333334,2.5,2.5199639552048563,1.0079855820819426,D2 -> D5
STJSrcGen,Deserialize,Depth,Numeric,W=20,5,10,283.37666666666667,578.3986666666667,56.675333333333334,57.83986666666667,2,2.0410948913695552,1.0205474456847776,D5 -> D10
STJSrcGen,Deserialize,Depth,Numeric,W=20,10,20,578.3986666666667,1120.578,57.83986666666667,56.0289,2,1.937379984739476,0.968689992369738,D10 -> D20
STJSrcGen,Deserialize,Depth,Numeric,W=50,2,5,269.42266666666666,682.8306666666667,134.71133333333333,136.56613333333334,2.5,2.5344217512013345,1.0137687004805338,D2 -> D5
STJSrcGen,Deserialize,Depth,Numeric,W=50,5,10,682.8306666666667,1369.088,136.56613333333334,136.90879999999999,2,2.0050183256756675,1.0025091628378338,D5 -> D10
STJSrcGen,Deserialize,Depth,Numeric,W=50,10,20,1369.088,2750.5086666666666,136.90879999999999,137.52543333333332,2,2.0090079430004986,1.0045039715002493,D10 -> D20
STJSrcGen,Deserialize,Depth,Numeric,W=100,2,5,1084.978,2516.736,542.489,503.3472,2.5,2.319619383987509,0.9278477535950037,D2 -> D5
STJSrcGen,Deserialize,Depth,Numeric,W=100,5,10,2516.736,5505.842,503.3472,550.5842,2,2.187691517902553,1.0938457589512767,D5 -> D10
STJSrcGen,Deserialize,Depth,Numeric,W=100,10,20,5505.842,10071.524666666666,550.5842,503.57623333333333,2,1.829243314041098,0.914621657020549,D10 -> D20
STJSrcGen,Deserialize,Depth,Boolean,W=5,2,5,27.75,65.50066666666667,13.875,13.100133333333336,2.5,2.3603843843843846,0.9441537537537539,D2 -> D5
STJSrcGen,Deserialize,Depth,Boolean,W=5,5,10,65.50066666666667,139.166,13.100133333333336,13.916599999999999,2,2.124650130787473,1.0623250653937362,D5 -> D10
STJSrcGen,Deserialize,Depth,Boolean,W=5,10,20,139.166,278.8326666666667,13.916599999999999,13.941633333333334,2,2.003597622024537,1.0017988110122684,D10 -> D20
STJSrcGen,Deserialize,Depth,Boolean,W=20,2,5,95.608,234.412,47.804,46.882400000000004,2.5,2.4518031963852396,0.980721278554096,D2 -> D5
STJSrcGen,Deserialize,Depth,Boolean,W=20,5,10,234.412,490.97133333333335,46.882400000000004,49.09713333333333,2,2.094480373587245,1.0472401867936225,D5 -> D10
STJSrcGen,Deserialize,Depth,Boolean,W=20,10,20,490.97133333333335,953.6766666666667,49.09713333333333,47.68383333333334,2,1.9424284106200362,0.9712142053100182,D10 -> D20
STJSrcGen,Deserialize,Depth,Boolean,W=50,2,5,228.91400000000002,586.236,114.45700000000001,117.24719999999999,2.5,2.560944284753226,1.0243777139012904,D2 -> D5
STJSrcGen,Deserialize,Depth,Boolean,W=50,5,10,586.236,1191.598,117.24719999999999,119.15979999999999,2,2.032625086142782,1.016312543071391,D5 -> D10
STJSrcGen,Deserialize,Depth,Boolean,W=50,10,20,1191.598,2367.2433333333333,119.15979999999999,118.36216666666667,2,1.9866123754263882,0.9933061877131942,D10 -> D20
STJSrcGen,Deserialize,Depth,Boolean,W=100,2,5,994.3746666666666,2299.887333333333,497.1873333333333,459.9774666666666,2.5,2.3128981564293003,0.9251592625717201,D2 -> D5
STJSrcGen,Deserialize,Depth,Boolean,W=100,5,10,2299.887333333333,5046.372666666667,459.9774666666666,504.63726666666673,2,2.1941825556092462,1.0970912778046231,D5 -> D10
STJSrcGen,Deserialize,Depth,Boolean,W=100,10,20,5046.372666666667,9324.238,504.63726666666673,466.21189999999996,2,1.8477109432663115,0.9238554716331557,D10 -> D20
STJSrcGen,Serialize,Depth,Textual,W=5,2,5,13.484666666666666,29.314666666666668,6.742333333333333,5.862933333333333,2.5,2.1739259405744797,0.8695703762297919,D2 -> D5
STJSrcGen,Serialize,Depth,Textual,W=5,5,10,29.314666666666668,55.51533333333333,5.862933333333333,5.551533333333333,2,1.8937733102883652,0.9468866551441827,D5 -> D10
STJSrcGen,Serialize,Depth,Textual,W=5,10,20,55.51533333333333,108.75266666666667,5.551533333333333,5.437633333333333,2,1.958966291595115,0.9794831457975575,D10 -> D20
STJSrcGen,Serialize,Depth,Textual,W=20,2,5,46.336,113.446,23.168,22.6892,2.5,2.448333908839779,0.9793335635359116,D2 -> D5
STJSrcGen,Serialize,Depth,Textual,W=20,5,10,113.446,222.98466666666667,22.6892,22.298466666666666,2,1.9655577690413648,0.9827788845206824,D5 -> D10
STJSrcGen,Serialize,Depth,Textual,W=20,10,20,222.98466666666667,448.0346666666667,22.298466666666666,22.401733333333333,2,2.009262221318656,1.0046311106593278,D10 -> D20
STJSrcGen,Serialize,Depth,Textual,W=50,2,5,116.21933333333334,277.5686666666667,58.10966666666667,55.513733333333334,2.5,2.3883174916393717,0.9553269966557486,D2 -> D5
STJSrcGen,Serialize,Depth,Textual,W=50,5,10,277.5686666666667,552.6073333333334,55.513733333333334,55.260733333333334,2,1.9908851383321364,0.9954425691660682,D5 -> D10
STJSrcGen,Serialize,Depth,Textual,W=50,10,20,552.6073333333334,1145.9893333333334,55.260733333333334,57.299466666666675,2,2.073785967371648,1.036892983685824,D10 -> D20
STJSrcGen,Serialize,Depth,Textual,W=100,2,5,224.71066666666667,558.248,112.35533333333333,111.6496,2.5,2.484296843941543,0.9937187375766171,D2 -> D5
STJSrcGen,Serialize,Depth,Textual,W=100,5,10,558.248,1085.5413333333333,111.6496,108.55413333333334,2,1.9445503312745112,0.9722751656372556,D5 -> D10
STJSrcGen,Serialize,Depth,Textual,W=100,10,20,1085.5413333333333,2219.0886666666665,108.55413333333334,110.95443333333333,2,2.0442230972933935,1.0221115486466965,D10 -> D20
STJSrcGen,Serialize,Depth,Numeric,W=5,2,5,9.590666666666667,20.736666666666665,4.795333333333334,4.147333333333333,2.5,2.1621715556791323,0.8648686222716528,D2 -> D5
STJSrcGen,Serialize,Depth,Numeric,W=5,5,10,20.736666666666665,36.166666666666664,4.147333333333333,3.6166666666666663,2,1.7440925896158175,0.8720462948079086,D5 -> D10
STJSrcGen,Serialize,Depth,Numeric,W=5,10,20,36.166666666666664,72.66133333333333,3.6166666666666663,3.6330666666666667,2,2.0090691244239633,1.0045345622119817,D10 -> D20
STJSrcGen,Serialize,Depth,Numeric,W=20,2,5,31.430666666666667,75.71333333333334,15.715333333333334,15.142666666666667,2.5,2.4089000127264244,0.9635600050905697,D2 -> D5
STJSrcGen,Serialize,Depth,Numeric,W=20,5,10,75.71333333333334,143.34,15.142666666666667,14.334,2,1.893193625077045,0.9465968125385225,D5 -> D10
STJSrcGen,Serialize,Depth,Numeric,W=20,10,20,143.34,279.3186666666667,14.334,13.965933333333334,2,1.9486442491046927,0.9743221245523465,D10 -> D20
STJSrcGen,Serialize,Depth,Numeric,W=50,2,5,77.45266666666666,172.71733333333333,38.72633333333333,34.54346666666667,2.5,2.2299727145181145,0.8919890858072458,D2 -> D5
STJSrcGen,Serialize,Depth,Numeric,W=50,5,10,172.71733333333333,347.3813333333333,34.54346666666667,34.73813333333333,2,2.011270824005311,1.0056354120026554,D5 -> D10
STJSrcGen,Serialize,Depth,Numeric,W=50,10,20,347.3813333333333,719.9826666666667,34.73813333333333,35.99913333333333,2,2.0726003316240367,1.0363001658120183,D10 -> D20
STJSrcGen,Serialize,Depth,Numeric,W=100,2,5,143.60399999999998,349.77,71.80199999999999,69.954,2.5,2.4356563884014375,0.9742625553605749,D2 -> D5
STJSrcGen,Serialize,Depth,Numeric,W=100,5,10,349.77,766.436,69.954,76.6436,2,2.191257111816337,1.0956285559081684,D5 -> D10
STJSrcGen,Serialize,Depth,Numeric,W=100,10,20,766.436,1414.7746666666667,76.6436,70.73873333333333,2,1.845913640103892,0.9229568200519459,D10 -> D20
STJSrcGen,Serialize,Depth,Boolean,W=5,2,5,9.752,20.037333333333333,4.876,4.007466666666667,2.5,2.054689636313918,0.8218758545255673,D2 -> D5
STJSrcGen,Serialize,Depth,Boolean,W=5,5,10,20.037333333333333,35.462666666666664,4.007466666666667,3.5462666666666665,2,1.7698296513175404,0.8849148256587702,D5 -> D10
STJSrcGen,Serialize,Depth,Boolean,W=5,10,20,35.462666666666664,70.15133333333333,3.5462666666666665,3.5075666666666665,2,1.9781742301763356,0.9890871150881678,D10 -> D20
STJSrcGen,Serialize,Depth,Boolean,W=20,2,5,28.931333333333335,66.734,14.465666666666667,13.346799999999998,2.5,2.306634099131276,0.9226536396525103,D2 -> D5
STJSrcGen,Serialize,Depth,Boolean,W=20,5,10,66.734,128.54333333333332,13.346799999999998,12.854333333333333,2,1.9262045334212445,0.9631022667106224,D5 -> D10
STJSrcGen,Serialize,Depth,Boolean,W=20,10,20,128.54333333333332,262.6073333333333,12.854333333333333,13.130366666666665,2,2.0429479034307496,1.0214739517153748,D10 -> D20
STJSrcGen,Serialize,Depth,Boolean,W=50,2,5,70.566,172.20533333333333,35.283,34.441066666666664,2.5,2.440344263998715,0.976137705599486,D2 -> D5
STJSrcGen,Serialize,Depth,Boolean,W=50,5,10,172.20533333333333,339.1413333333333,34.441066666666664,33.91413333333333,2,1.9694008702788919,0.9847004351394459,D5 -> D10
STJSrcGen,Serialize,Depth,Boolean,W=50,10,20,339.1413333333333,679.0773333333333,33.91413333333333,33.95386666666666,2,2.002343172561292,1.0011715862806458,D10 -> D20
STJSrcGen,Serialize,Depth,Boolean,W=100,2,5,139.32,342.21333333333337,69.66,68.44266666666667,2.5,2.4563116087663897,0.9825246435065557,D2 -> D5
STJSrcGen,Serialize,Depth,Boolean,W=100,5,10,342.21333333333337,685.4306666666666,68.44266666666667,68.54306666666666,2,2.0029338424374656,1.0014669212187328,D5 -> D10
STJSrcGen,Serialize,Depth,Boolean,W=100,10,20,685.4306666666666,1436.6926666666668,68.54306666666666,71.83463333333334,2,2.096043752540982,1.048021876270491,D10 -> D20
Newtonsoft,Deserialize,Depth,Textual,W=5,2,5,65.40733333333334,146.13133333333334,32.70366666666667,29.226266666666668,2.5,2.2341735381353773,0.8936694152541508,D2 -> D5
Newtonsoft,Deserialize,Depth,Textual,W=5,5,10,146.13133333333334,274.7966666666667,29.226266666666668,27.479666666666667,2,1.8804773787962425,0.9402386893981213,D5 -> D10
Newtonsoft,Deserialize,Depth,Textual,W=5,10,20,274.7966666666667,549.742,27.479666666666667,27.487099999999998,2,2.0005410060772206,1.0002705030386103,D10 -> D20
Newtonsoft,Deserialize,Depth,Textual,W=20,2,5,227.248,549.8673333333334,113.624,109.97346666666667,2.5,2.4196795277992913,0.9678718111197165,D2 -> D5
Newtonsoft,Deserialize,Depth,Textual,W=20,5,10,549.8673333333334,1079.2713333333334,109.97346666666667,107.92713333333333,2,1.9627849626758453,0.9813924813379227,D5 -> D10
Newtonsoft,Deserialize,Depth,Textual,W=20,10,20,1079.2713333333334,2147.326,107.92713333333333,107.3663,2,1.9896071855887953,0.9948035927943977,D10 -> D20
Newtonsoft,Deserialize,Depth,Textual,W=50,2,5,571.3133333333333,1385.1246666666666,285.65666666666664,277.0249333333333,2.5,2.4244570988482677,0.9697828395393071,D2 -> D5
Newtonsoft,Deserialize,Depth,Textual,W=50,5,10,1385.1246666666666,2782.282,277.0249333333333,278.2282,2,2.0086870640284125,1.0043435320142062,D5 -> D10
Newtonsoft,Deserialize,Depth,Textual,W=50,10,20,2782.282,5682.548666666667,278.2282,284.12743333333333,2,2.042405718279695,1.0212028591398474,D10 -> D20
Newtonsoft,Deserialize,Depth,Textual,W=100,2,5,1205.4073333333333,2953.614666666667,602.7036666666667,590.7229333333333,2.5,2.4503042125179264,0.9801216850071705,D2 -> D5
Newtonsoft,Deserialize,Depth,Textual,W=100,5,10,2953.614666666667,5837.402,590.7229333333333,583.7402,2,1.976358685470594,0.988179342735297,D5 -> D10
Newtonsoft,Deserialize,Depth,Textual,W=100,10,20,5837.402,11918.164666666667,583.7402,595.9082333333333,2,2.0416898933235483,1.0208449466617742,D10 -> D20
Newtonsoft,Deserialize,Depth,Numeric,W=5,2,5,68.87733333333334,156.522,34.43866666666667,31.304399999999998,2.5,2.272474737697936,0.9089898950791744,D2 -> D5
Newtonsoft,Deserialize,Depth,Numeric,W=5,5,10,156.522,299.394,31.304399999999998,29.9394,2,1.9127918120136467,0.9563959060068233,D5 -> D10
Newtonsoft,Deserialize,Depth,Numeric,W=5,10,20,299.394,586.276,29.9394,29.313799999999997,2,1.9582089153423246,0.9791044576711624,D10 -> D20
Newtonsoft,Deserialize,Depth,Numeric,W=20,2,5,252.064,598.1633333333333,126.032,119.63266666666667,2.5,2.373061338919216,0.9492245355676865,D2 -> D5
Newtonsoft,Deserialize,Depth,Numeric,W=20,5,10,598.1633333333333,1168.7913333333333,119.63266666666667,116.87913333333333,2,1.953966865237477,0.9769834326187384,D5 -> D10
Newtonsoft,Deserialize,Depth,Numeric,W=20,10,20,1168.7913333333333,2305.2213333333334,116.87913333333333,115.26106666666666,2,1.97231213783812,0.98615606891906,D10 -> D20
Newtonsoft,Deserialize,Depth,Numeric,W=50,2,5,621.708,1540.75,310.854,308.15,2.5,2.4782534566066388,0.9913013826426553,D2 -> D5
Newtonsoft,Deserialize,Depth,Numeric,W=50,5,10,1540.75,3039.9653333333335,308.15,303.99653333333333,2,1.973042565849965,0.9865212829249825,D5 -> D10
Newtonsoft,Deserialize,Depth,Numeric,W=50,10,20,3039.9653333333335,6028.786666666667,303.99653333333333,301.43933333333337,2,1.9831761239382553,0.9915880619691279,D10 -> D20
Newtonsoft,Deserialize,Depth,Numeric,W=100,2,5,1291.358,3195.654666666667,645.679,639.1309333333334,2.5,2.474646586513319,0.9898586346053277,D2 -> D5
Newtonsoft,Deserialize,Depth,Numeric,W=100,5,10,3195.654666666667,6294.566,639.1309333333334,629.4566,2,1.969726599578344,0.984863299789172,D5 -> D10
Newtonsoft,Deserialize,Depth,Numeric,W=100,10,20,6294.566,12447.826000000001,629.4566,622.3913,2,1.9775511131347263,0.988775556567363,D10 -> D20
Newtonsoft,Deserialize,Depth,Boolean,W=5,2,5,55.174,123.08733333333333,27.587,24.617466666666665,2.5,2.2308937784705356,0.8923575113882142,D2 -> D5
Newtonsoft,Deserialize,Depth,Boolean,W=5,5,10,123.08733333333333,239.39333333333335,24.617466666666665,23.939333333333334,2,1.9449063266732023,0.9724531633366011,D5 -> D10
Newtonsoft,Deserialize,Depth,Boolean,W=5,10,20,239.39333333333335,446.534,23.939333333333334,22.3267,2,1.865273329805898,0.932636664902949,D10 -> D20
Newtonsoft,Deserialize,Depth,Boolean,W=20,2,5,190.61533333333335,451.98,95.30766666666668,90.396,2.5,2.3711628655267325,0.948465146210693,D2 -> D5
Newtonsoft,Deserialize,Depth,Boolean,W=20,5,10,451.98,920.5613333333333,90.396,92.05613333333334,2,2.036730238801127,1.0183651194005634,D5 -> D10
Newtonsoft,Deserialize,Depth,Boolean,W=20,10,20,920.5613333333333,1862.4026666666666,92.05613333333334,93.12013333333333,2,2.023116330470829,1.0115581652354142,D10 -> D20
Newtonsoft,Deserialize,Depth,Boolean,W=50,2,5,471.39133333333336,1158.5026666666668,235.69566666666668,231.70053333333334,2.5,2.4576240264635043,0.9830496105854017,D2 -> D5
Newtonsoft,Deserialize,Depth,Boolean,W=50,5,10,1158.5026666666668,2433.1553333333336,231.70053333333334,243.31553333333335,2,2.1002587247677176,1.0501293623838588,D5 -> D10
Newtonsoft,Deserialize,Depth,Boolean,W=50,10,20,2433.1553333333336,4774.084666666667,243.31553333333335,238.70423333333332,2,1.9620961314156402,0.9810480657078201,D10 -> D20
Newtonsoft,Deserialize,Depth,Boolean,W=100,2,5,969.0253333333334,2460.112,484.5126666666667,492.0224,2.5,2.5387489009575255,1.0154995603830101,D2 -> D5
Newtonsoft,Deserialize,Depth,Boolean,W=100,5,10,2460.112,5010.5813333333335,492.0224,501.05813333333333,2,2.0367289510938256,1.0183644755469128,D5 -> D10
Newtonsoft,Deserialize,Depth,Boolean,W=100,10,20,5010.5813333333335,9968.023333333333,501.05813333333333,498.40116666666665,2,1.9893945772360144,0.9946972886180073,D10 -> D20
Newtonsoft,Serialize,Depth,Textual,W=5,2,5,35.32933333333333,77.604,17.664666666666665,15.5208,2.5,2.1965882930143037,0.8786353172057214,D2 -> D5
Newtonsoft,Serialize,Depth,Textual,W=5,5,10,77.604,173.98266666666666,15.5208,17.398266666666665,2,2.2419291101833236,1.1209645550916618,D5 -> D10
Newtonsoft,Serialize,Depth,Textual,W=5,10,20,173.98266666666666,343.45666666666665,17.398266666666665,17.172833333333333,2,1.9740855410883842,0.9870427705441922,D10 -> D20
Newtonsoft,Serialize,Depth,Textual,W=20,2,5,122.17666666666666,324.18,61.08833333333333,64.836,2.5,2.653370801844324,1.0613483207377294,D2 -> D5
Newtonsoft,Serialize,Depth,Textual,W=20,5,10,324.18,532.912,64.836,53.2912,2,1.6438768585353816,0.8219384292676909,D5 -> D10
Newtonsoft,Serialize,Depth,Textual,W=20,10,20,532.912,1056.5813333333333,53.2912,52.82906666666666,2,1.9826562984757956,0.9913281492378978,D10 -> D20
Newtonsoft,Serialize,Depth,Textual,W=50,2,5,311.6906666666667,701.568,155.84533333333334,140.3136,2.5,2.2508469936004927,0.9003387974401971,D2 -> D5
Newtonsoft,Serialize,Depth,Textual,W=50,5,10,701.568,1695.138,140.3136,169.5138,2,2.416213396278051,1.2081066981390256,D5 -> D10
Newtonsoft,Serialize,Depth,Textual,W=50,10,20,1695.138,2674.7513333333336,169.5138,133.73756666666668,2,1.5778959195849152,0.7889479597924575,D10 -> D20
Newtonsoft,Serialize,Depth,Textual,W=100,2,5,699.598,1744.4286666666667,349.799,348.88573333333335,2.5,2.493472918256866,0.9973891673027464,D2 -> D5
Newtonsoft,Serialize,Depth,Textual,W=100,5,10,1744.4286666666667,3492.8153333333335,348.88573333333335,349.28153333333336,2,2.002268937719055,1.0011344688595274,D5 -> D10
Newtonsoft,Serialize,Depth,Textual,W=100,10,20,3492.8153333333335,6224.388,349.28153333333336,311.2194,2,1.7820547054401006,0.8910273527200503,D10 -> D20
Newtonsoft,Serialize,Depth,Numeric,W=5,2,5,38.06333333333333,84.86733333333333,19.031666666666666,16.973466666666667,2.5,2.2296348191610473,0.891853927664419,D2 -> D5
Newtonsoft,Serialize,Depth,Numeric,W=5,5,10,84.86733333333333,181.18466666666666,16.973466666666667,18.118466666666666,2,2.134916457844007,1.0674582289220038,D5 -> D10
Newtonsoft,Serialize,Depth,Numeric,W=5,10,20,181.18466666666666,361.5146666666667,18.118466666666666,18.075733333333336,2,1.995282897375422,0.997641448687711,D10 -> D20
Newtonsoft,Serialize,Depth,Numeric,W=20,2,5,136.368,307.774,68.184,61.5548,2.5,2.2569371113457706,0.9027748445383081,D2 -> D5
Newtonsoft,Serialize,Depth,Numeric,W=20,5,10,307.774,605.856,61.5548,60.5856,2,1.968509360764717,0.9842546803823585,D5 -> D10
Newtonsoft,Serialize,Depth,Numeric,W=20,10,20,605.856,1191.5726666666667,60.5856,59.578633333333336,2,1.9667588777971443,0.9833794388985722,D10 -> D20
Newtonsoft,Serialize,Depth,Numeric,W=50,2,5,354.02,821.9126666666667,177.01,164.38253333333336,2.5,2.321656026966462,0.9286624107865847,D2 -> D5
Newtonsoft,Serialize,Depth,Numeric,W=50,5,10,821.9126666666667,1620.014,164.38253333333336,162.0014,2,1.9710293632170164,0.9855146816085081,D5 -> D10
Newtonsoft,Serialize,Depth,Numeric,W=50,10,20,1620.014,3211.858,162.0014,160.59290000000001,2,1.982611261384161,0.9913056306920806,D10 -> D20
Newtonsoft,Serialize,Depth,Numeric,W=100,2,5,729.2046666666666,1787.5646666666667,364.6023333333333,357.5129333333333,2.5,2.4513895047298107,0.9805558018919243,D2 -> D5
Newtonsoft,Serialize,Depth,Numeric,W=100,5,10,1787.5646666666667,3734.684,357.5129333333333,373.46840000000003,2,2.0892581228763007,1.0446290614381504,D5 -> D10
Newtonsoft,Serialize,Depth,Numeric,W=100,10,20,3734.684,7026.602,373.46840000000003,351.3301,2,1.881444855843225,0.9407224279216126,D10 -> D20
Newtonsoft,Serialize,Depth,Boolean,W=5,2,5,33.55533333333333,75.572,16.777666666666665,15.1144,2.5,2.252160610335168,0.9008642441340672,D2 -> D5
Newtonsoft,Serialize,Depth,Boolean,W=5,5,10,75.572,150.09933333333333,15.1144,15.009933333333333,2,1.9861765380476013,0.9930882690238007,D5 -> D10
Newtonsoft,Serialize,Depth,Boolean,W=5,10,20,150.09933333333333,286.73133333333334,15.009933333333333,14.336566666666666,2,1.9102771942136096,0.9551385971068048,D10 -> D20
Newtonsoft,Serialize,Depth,Boolean,W=20,2,5,107.64933333333333,250.99333333333334,53.824666666666666,50.19866666666667,2.5,2.3315827935147455,0.9326331174058982,D2 -> D5
Newtonsoft,Serialize,Depth,Boolean,W=20,5,10,250.99333333333334,502.242,50.19866666666667,50.2242,2,2.0010172912959177,1.0005086456479588,D5 -> D10
Newtonsoft,Serialize,Depth,Boolean,W=20,10,20,502.242,1005.054,50.2242,50.2527,2,2.0011349110588124,1.000567455529406,D10 -> D20
Newtonsoft,Serialize,Depth,Boolean,W=50,2,5,264.6413333333333,631.38,132.32066666666665,126.276,2.5,2.3857951138899947,0.9543180455559979,D2 -> D5
Newtonsoft,Serialize,Depth,Boolean,W=50,5,10,631.38,1259.78,126.276,125.978,2,1.9952801799233424,0.9976400899616712,D5 -> D10
Newtonsoft,Serialize,Depth,Boolean,W=50,10,20,1259.78,2486.922666666667,125.978,124.34613333333334,2,1.9740928310234063,0.9870464155117032,D10 -> D20
Newtonsoft,Serialize,Depth,Boolean,W=100,2,5,584.912,1426.8506666666667,292.456,285.37013333333334,2.5,2.439427925340336,0.9757711701361345,D2 -> D5
Newtonsoft,Serialize,Depth,Boolean,W=100,5,10,1426.8506666666667,2722.8586666666665,285.37013333333334,272.28586666666666,2,1.9082996772378888,0.9541498386189444,D5 -> D10
Newtonsoft,Serialize,Depth,Boolean,W=100,10,20,2722.8586666666665,5254.131333333333,272.28586666666666,262.7065666666666,2,1.929637919754924,0.9648189598774619,D10 -> D20
SpanJson,Deserialize,Width,Textual,D=2,5,20,17.734,76.64466666666667,3.5468,3.8322333333333334,4,4.321905191534152,1.0804762978835383,W5 -> W20
SpanJson,Deserialize,Width,Textual,D=2,20,50,76.64466666666667,203.21066666666667,3.8322333333333334,4.064213333333333,2.5,2.651334730835805,1.060533892334322,W20 -> W50
SpanJson,Deserialize,Width,Textual,D=2,50,100,203.21066666666667,612.8673333333334,4.064213333333333,6.128673333333333,2,3.0159210802582543,1.5079605401291272,W50 -> W100
SpanJson,Deserialize,Width,Textual,D=5,5,20,41.95733333333334,192.91066666666666,8.391466666666668,9.645533333333333,4,4.597781873649421,1.1494454684123552,W5 -> W20
SpanJson,Deserialize,Width,Textual,D=5,20,50,192.91066666666666,506.1286666666667,9.645533333333333,10.122573333333333,2.5,2.6236427223654473,1.049457088946179,W20 -> W50
SpanJson,Deserialize,Width,Textual,D=5,50,100,506.1286666666667,1531.926,10.122573333333333,15.31926,2,3.0267520907068426,1.5133760453534213,W50 -> W100
SpanJson,Deserialize,Width,Textual,D=10,5,20,86.63866666666667,385.32,17.327733333333335,19.266,4,4.4474368642176705,1.1118592160544174,W5 -> W20
SpanJson,Deserialize,Width,Textual,D=10,20,50,385.32,1008.8966666666666,19.266,20.177933333333332,2.5,2.618334544447905,1.047333817779162,W20 -> W50
SpanJson,Deserialize,Width,Textual,D=10,50,100,1008.8966666666666,3090.4206666666664,20.177933333333332,30.904206666666663,2,3.0631686760124093,1.5315843380062046,W50 -> W100
SpanJson,Deserialize,Width,Textual,D=20,5,20,168.98133333333334,768.408,33.79626666666667,38.4204,4,4.547295164751925,1.1368237911879813,W5 -> W20
SpanJson,Deserialize,Width,Textual,D=20,20,50,768.408,2026.442,38.4204,40.52884,2.5,2.637195344140092,1.054878137656037,W20 -> W50
SpanJson,Deserialize,Width,Textual,D=20,50,100,2026.442,6174.431333333334,40.52884,61.74431333333334,2,3.046932176362972,1.5234660881814859,W50 -> W100
SpanJson,Deserialize,Width,Numeric,D=2,5,20,10.846666666666668,42.605333333333334,2.1693333333333333,2.1302666666666665,4,3.9279655808236016,0.9819913952059004,W5 -> W20
SpanJson,Deserialize,Width,Numeric,D=2,20,50,42.605333333333334,117.52866666666667,2.1302666666666665,2.350573333333333,2.5,2.7585435313262816,1.1034174125305125,W20 -> W50
SpanJson,Deserialize,Width,Numeric,D=2,50,100,117.52866666666667,446.3913333333333,2.350573333333333,4.463913333333333,2,3.798148536810877,1.8990742684054387,W50 -> W100
SpanJson,Deserialize,Width,Numeric,D=5,5,20,25.845333333333333,105.19399999999999,5.169066666666667,5.2597,4,4.070135163021048,1.017533790755262,W5 -> W20
SpanJson,Deserialize,Width,Numeric,D=5,20,50,105.19399999999999,291.96933333333334,5.2597,5.839386666666667,2.5,2.775532191316362,1.1102128765265447,W20 -> W50
SpanJson,Deserialize,Width,Numeric,D=5,50,100,291.96933333333334,1092.3533333333332,5.839386666666667,10.923533333333332,2,3.741328998022623,1.8706644990113113,W50 -> W100
SpanJson,Deserialize,Width,Numeric,D=10,5,20,51.102,210.10066666666665,10.2204,10.505033333333333,4,4.11139811879509,1.0278495296987724,W5 -> W20
SpanJson,Deserialize,Width,Numeric,D=10,20,50,210.10066666666665,583.268,10.505033333333333,11.66536,2.5,2.7761358840682724,1.1104543536273088,W20 -> W50
SpanJson,Deserialize,Width,Numeric,D=10,50,100,583.268,2227.3553333333334,11.66536,22.273553333333336,2,3.818751128697843,1.9093755643489216,W50 -> W100
SpanJson,Deserialize,Width,Numeric,D=20,5,20,102.09333333333333,420.2133333333333,20.418666666666667,21.010666666666665,4,4.115972312916285,1.0289930782290713,W5 -> W20
SpanJson,Deserialize,Width,Numeric,D=20,20,50,420.2133333333333,1166.5993333333333,21.010666666666665,23.331986666666666,2.5,2.776207323264374,1.1104829293057494,W20 -> W50
SpanJson,Deserialize,Width,Numeric,D=20,50,100,1166.5993333333333,4468.128,23.331986666666666,44.681279999999994,2,3.8300450483142168,1.9150225241571084,W50 -> W100
SpanJson,Deserialize,Width,Boolean,D=2,5,20,8.594,31.58533333333333,1.7187999999999999,1.5792666666666666,4,3.6752773252656894,0.9188193313164223,W5 -> W20
SpanJson,Deserialize,Width,Boolean,D=2,20,50,31.58533333333333,95.598,1.5792666666666666,1.9119599999999999,2.5,3.0266579425049605,1.210663177001984,W20 -> W50
SpanJson,Deserialize,Width,Boolean,D=2,50,100,95.598,253.83866666666665,1.9119599999999999,2.5383866666666663,2,2.655271728139361,1.3276358640696806,W50 -> W100
SpanJson,Deserialize,Width,Boolean,D=5,5,20,21.641333333333336,84.04733333333333,4.328266666666667,4.202366666666666,4,3.8836485737169606,0.9709121434292403,W5 -> W20
SpanJson,Deserialize,Width,Boolean,D=5,20,50,84.04733333333333,250.88533333333334,4.202366666666666,5.017706666666666,2.5,2.985048107812265,1.1940192431249057,W20 -> W50
SpanJson,Deserialize,Width,Boolean,D=5,50,100,250.88533333333334,641.656,5.017706666666666,6.41656,2,2.5575668034267975,1.278783401713399,W50 -> W100
SpanJson,Deserialize,Width,Boolean,D=10,5,20,45.82466666666667,175.202,9.164933333333334,8.7601,4,3.8233120444593154,0.9558280111148288,W5 -> W20
SpanJson,Deserialize,Width,Boolean,D=10,20,50,175.202,517.7873333333333,8.7601,10.355746666666667,2.5,2.955373416589613,1.1821493666358451,W20 -> W50
SpanJson,Deserialize,Width,Boolean,D=10,50,100,517.7873333333333,1360.04,10.355746666666667,13.6004,2,2.6266382208397014,1.3133191104198507,W50 -> W100
SpanJson,Deserialize,Width,Boolean,D=20,5,20,92.32866666666668,347.432,18.465733333333336,17.3716,4,3.7629916313459884,0.9407479078364971,W5 -> W20
SpanJson,Deserialize,Width,Boolean,D=20,20,50,347.432,1030.8386666666668,17.3716,20.616773333333335,2.5,2.9670228035030357,1.1868091214012142,W20 -> W50
SpanJson,Deserialize,Width,Boolean,D=20,50,100,1030.8386666666668,2701.331333333333,20.616773333333335,27.01331333333333,2,2.6205180506745958,1.3102590253372979,W50 -> W100
SpanJson,Serialize,Width,Textual,D=2,5,20,8.649999999999999,34.52733333333334,1.7299999999999998,1.7263666666666668,4,3.991599229287092,0.9978998073217729,W5 -> W20
SpanJson,Serialize,Width,Textual,D=2,20,50,34.52733333333334,82.88,1.7263666666666668,1.6576,2.5,2.400417060879303,0.9601668243517212,W20 -> W50
SpanJson,Serialize,Width,Textual,D=2,50,100,82.88,170.46733333333333,1.6576,1.7046733333333333,2,2.0567969755469755,1.0283984877734877,W50 -> W100
SpanJson,Serialize,Width,Textual,D=5,5,20,19.612000000000002,85.53666666666668,3.9224000000000006,4.276833333333334,4,4.361445373580801,1.0903613433952002,W5 -> W20
SpanJson,Serialize,Width,Textual,D=5,20,50,85.53666666666668,208.7853333333333,4.276833333333334,4.175706666666667,2.5,2.4408869490666767,0.9763547796266706,W20 -> W50
SpanJson,Serialize,Width,Textual,D=5,50,100,208.7853333333333,416.8706666666667,4.175706666666667,4.168706666666667,2,1.996647274074169,0.9983236370370844,W50 -> W100
SpanJson,Serialize,Width,Textual,D=10,5,20,39.4,168.732,7.88,8.4366,4,4.28253807106599,1.0706345177664975,W5 -> W20
SpanJson,Serialize,Width,Textual,D=10,20,50,168.732,436.57800000000003,8.4366,8.73156,2.5,2.5874048787426216,1.0349619514970485,W20 -> W50
SpanJson,Serialize,Width,Textual,D=10,50,100,436.57800000000003,867.1913333333333,8.73156,8.671913333333332,2,1.9863376838350382,0.9931688419175191,W50 -> W100
SpanJson,Serialize,Width,Textual,D=20,5,20,73.90533333333333,352.59933333333333,14.781066666666666,17.629966666666668,4,4.770959245160475,1.192739811290119,W5 -> W20
SpanJson,Serialize,Width,Textual,D=20,20,50,352.59933333333333,875.8286666666667,17.629966666666668,17.516573333333334,2.5,2.483920370429893,0.9935681481719572,W20 -> W50
SpanJson,Serialize,Width,Textual,D=20,50,100,875.8286666666667,2193.786666666667,17.516573333333334,21.937866666666668,2,2.5048125851098733,1.2524062925549366,W50 -> W100
SpanJson,Serialize,Width,Numeric,D=2,5,20,6.665333333333334,27.708666666666666,1.3330666666666668,1.3854333333333333,4,4.157131426285257,1.0392828565713141,W5 -> W20
SpanJson,Serialize,Width,Numeric,D=2,20,50,27.708666666666666,80.172,1.3854333333333333,1.60344,2.5,2.893390756201429,1.1573563024805718,W20 -> W50
SpanJson,Serialize,Width,Numeric,D=2,50,100,80.172,134.42933333333335,1.60344,1.3442933333333336,2,1.6767616291639644,0.8383808145819822,W50 -> W100
SpanJson,Serialize,Width,Numeric,D=5,5,20,15.126,66.934,3.0252,3.3467,4,4.425095861430649,1.1062739653576623,W5 -> W20
SpanJson,Serialize,Width,Numeric,D=5,20,50,66.934,207.11933333333334,3.3467,4.142386666666667,2.5,3.094381530064442,1.2377526120257767,W20 -> W50
SpanJson,Serialize,Width,Numeric,D=5,50,100,207.11933333333334,324.18,4.142386666666667,3.2418,2,1.5651846439572676,0.7825923219786338,W50 -> W100
SpanJson,Serialize,Width,Numeric,D=10,5,20,27.898666666666667,133.39533333333333,5.579733333333333,6.669766666666666,4,4.781423246033263,1.1953558115083156,W5 -> W20
SpanJson,Serialize,Width,Numeric,D=10,20,50,133.39533333333333,374.49133333333333,6.669766666666666,7.489826666666667,2.5,2.8073795685006475,1.122951827400259,W20 -> W50
SpanJson,Serialize,Width,Numeric,D=10,50,100,374.49133333333333,665.3833333333333,7.489826666666667,6.653833333333333,2,1.7767656394362485,0.8883828197181243,W50 -> W100
SpanJson,Serialize,Width,Numeric,D=20,5,20,56.32,270.008,11.264,13.500399999999999,4,4.794176136363636,1.198544034090909,W5 -> W20
SpanJson,Serialize,Width,Numeric,D=20,20,50,270.008,883.2313333333334,13.500399999999999,17.664626666666667,2.5,3.271130238116402,1.3084520952465608,W20 -> W50
SpanJson,Serialize,Width,Numeric,D=20,50,100,883.2313333333334,1338.1293333333333,17.664626666666667,13.381293333333334,2,1.5150383402762733,0.7575191701381367,W50 -> W100
SpanJson,Serialize,Width,Boolean,D=2,5,20,3.292666666666667,12.106,0.6585333333333334,0.6053,4,3.6766551933589793,0.9191637983397447,W5 -> W20
SpanJson,Serialize,Width,Boolean,D=2,20,50,12.106,30.138666666666666,0.6053,0.6027733333333333,2.5,2.4895644033261743,0.9958257613304697,W20 -> W50
SpanJson,Serialize,Width,Boolean,D=2,50,100,30.138666666666666,64.036,0.6027733333333333,0.64036,2,2.1247124402760575,1.0623562201380288,W50 -> W100
SpanJson,Serialize,Width,Boolean,D=5,5,20,7.394666666666667,28.37,1.4789333333333334,1.4185,4,3.8365488640461596,0.9591372160115399,W5 -> W20
SpanJson,Serialize,Width,Boolean,D=5,20,50,28.37,74.398,1.4185,1.48796,2.5,2.6224180472329923,1.0489672188931969,W20 -> W50
SpanJson,Serialize,Width,Boolean,D=5,50,100,74.398,160.244,1.48796,1.60244,2,2.153875104169467,1.0769375520847335,W50 -> W100
SpanJson,Serialize,Width,Boolean,D=10,5,20,13.054666666666666,56.04,2.610933333333333,2.802,4,4.29271780206312,1.07317945051578,W5 -> W20
SpanJson,Serialize,Width,Boolean,D=10,20,50,56.04,148.84533333333334,2.802,2.976906666666667,2.5,2.6560551986676186,1.0624220794670474,W20 -> W50
SpanJson,Serialize,Width,Boolean,D=10,50,100,148.84533333333334,311.36466666666666,2.976906666666667,3.1136466666666665,2,2.091867173083469,1.0459335865417345,W50 -> W100
SpanJson,Serialize,Width,Boolean,D=20,5,20,25.737333333333332,111.91666666666667,5.147466666666666,5.595833333333333,4,4.34841734445423,1.0871043361135575,W5 -> W20
SpanJson,Serialize,Width,Boolean,D=20,20,50,111.91666666666667,288.8453333333333,5.595833333333333,5.776906666666666,2.5,2.5808965003723006,1.0323586001489202,W20 -> W50
SpanJson,Serialize,Width,Boolean,D=20,50,100,288.8453333333333,636.3706666666667,5.776906666666666,6.363706666666667,2,2.2031537062510966,1.1015768531255483,W50 -> W100
Utf8Json,Deserialize,Width,Textual,D=2,5,20,24.088,99.76466666666667,4.8176000000000005,4.9882333333333335,4,4.141674969556072,1.035418742389018,W5 -> W20
Utf8Json,Deserialize,Width,Textual,D=2,20,50,99.76466666666667,244.89266666666666,4.9882333333333335,4.897853333333333,2.5,2.454703402006054,0.9818813608024216,W20 -> W50
Utf8Json,Deserialize,Width,Textual,D=2,50,100,244.89266666666666,492.77066666666667,4.897853333333333,4.9277066666666665,2,2.0121903745586502,1.0060951872793251,W50 -> W100
Utf8Json,Deserialize,Width,Textual,D=5,5,20,57.288,257.32666666666665,11.4576,12.866333333333333,4,4.491807475678444,1.122951868919611,W5 -> W20
Utf8Json,Deserialize,Width,Textual,D=5,20,50,257.32666666666665,637.2886666666667,12.866333333333333,12.745773333333334,2.5,2.4765745226560276,0.990629809062411,W20 -> W50
Utf8Json,Deserialize,Width,Textual,D=5,50,100,637.2886666666667,1219.4473333333333,12.745773333333334,12.194473333333333,2,1.9134928912381932,0.9567464456190966,W50 -> W100
Utf8Json,Deserialize,Width,Textual,D=10,5,20,111.20400000000001,491.07733333333334,22.2408,24.553866666666668,4,4.416004220471685,1.1040010551179216,W5 -> W20
Utf8Json,Deserialize,Width,Textual,D=10,20,50,491.07733333333334,1273.724,24.553866666666668,25.47448,2.5,2.5937340486766507,1.0374936194706603,W20 -> W50
Utf8Json,Deserialize,Width,Textual,D=10,50,100,1273.724,2323.096666666667,25.47448,23.230966666666667,2,1.823861893680787,0.9119309468403936,W50 -> W100
Utf8Json,Deserialize,Width,Textual,D=20,5,20,217.40200000000002,983.7506666666667,43.4804,49.187533333333334,4,4.525030435169256,1.131257608792314,W5 -> W20
Utf8Json,Deserialize,Width,Textual,D=20,20,50,983.7506666666667,2531.0053333333335,49.187533333333334,50.62010666666667,2.5,2.572811810038587,1.0291247240154349,W20 -> W50
Utf8Json,Deserialize,Width,Textual,D=20,50,100,2531.0053333333335,4615.591333333333,50.62010666666667,46.15591333333333,2,1.8236197579459859,0.9118098789729929,W50 -> W100
Utf8Json,Deserialize,Width,Numeric,D=2,5,20,14.56,59.272666666666666,2.912,2.963633333333333,4,4.070924908424908,1.017731227106227,W5 -> W20
Utf8Json,Deserialize,Width,Numeric,D=2,20,50,59.272666666666666,135.662,2.963633333333333,2.7132400000000003,2.5,2.288778413883859,0.9155113655535437,W20 -> W50
Utf8Json,Deserialize,Width,Numeric,D=2,50,100,135.662,280.38466666666665,2.7132400000000003,2.8038466666666664,2,2.066788538180674,1.033394269090337,W50 -> W100
Utf8Json,Deserialize,Width,Numeric,D=5,5,20,35.266666666666666,131.99666666666667,7.053333333333333,6.599833333333334,4,3.742816635160681,0.9357041587901702,W5 -> W20
Utf8Json,Deserialize,Width,Numeric,D=5,20,50,131.99666666666667,328.35133333333334,6.599833333333334,6.567026666666667,2.5,2.487572918508043,0.9950291674032172,W20 -> W50
Utf8Json,Deserialize,Width,Numeric,D=5,50,100,328.35133333333334,690.9833333333333,6.567026666666667,6.909833333333333,2,2.104402398244157,1.0522011991220785,W50 -> W100
Utf8Json,Deserialize,Width,Numeric,D=10,5,20,69.23133333333334,272.75533333333334,13.846266666666668,13.637766666666668,4,3.939767157452791,0.9849417893631978,W5 -> W20
Utf8Json,Deserialize,Width,Numeric,D=10,20,50,272.75533333333334,683.0306666666667,13.637766666666668,13.660613333333334,2.5,2.5041881246440645,1.0016752498576258,W20 -> W50
Utf8Json,Deserialize,Width,Numeric,D=10,50,100,683.0306666666667,1401.3353333333334,13.660613333333334,14.013353333333335,2,2.0516433620354775,1.0258216810177387,W50 -> W100
Utf8Json,Deserialize,Width,Numeric,D=20,5,20,130.42466666666667,531.7326666666667,26.084933333333332,26.58663333333333,4,4.076933299938151,1.0192333249845378,W5 -> W20
Utf8Json,Deserialize,Width,Numeric,D=20,20,50,531.7326666666667,1351.0426666666667,26.58663333333333,27.020853333333335,2.5,2.5408306680424624,1.016332267216985,W20 -> W50
Utf8Json,Deserialize,Width,Numeric,D=20,50,100,1351.0426666666667,2589.2586666666666,27.020853333333335,25.892586666666666,2,1.916489190570838,0.9582445952854189,W50 -> W100
Utf8Json,Deserialize,Width,Boolean,D=2,5,20,12.817333333333334,50.478,2.563466666666667,2.5239000000000003,4,3.9382606886507854,0.9845651721626965,W5 -> W20
Utf8Json,Deserialize,Width,Boolean,D=2,20,50,50.478,118.25,2.5239000000000003,2.365,2.5,2.3426046990768254,0.9370418796307302,W20 -> W50
Utf8Json,Deserialize,Width,Boolean,D=2,50,100,118.25,242.34066666666666,2.365,2.4234066666666667,2,2.0493925299506697,1.0246962649753346,W50 -> W100
Utf8Json,Deserialize,Width,Boolean,D=5,5,20,31.84466666666667,116.52866666666667,6.368933333333334,5.826433333333333,4,3.659283605836665,0.9148209014591663,W5 -> W20
Utf8Json,Deserialize,Width,Boolean,D=5,20,50,116.52866666666667,303.39,5.826433333333333,6.0678,2.5,2.6035653601688855,1.0414261440675543,W20 -> W50
Utf8Json,Deserialize,Width,Boolean,D=5,50,100,303.39,608.7346666666667,6.0678,6.087346666666667,2,2.006442752452839,1.0032213762264193,W50 -> W100
Utf8Json,Deserialize,Width,Boolean,D=10,5,20,61.584666666666664,245.26999999999998,12.316933333333333,12.263499999999999,4,3.982647195730539,0.9956617989326346,W5 -> W20
Utf8Json,Deserialize,Width,Boolean,D=10,20,50,245.26999999999998,606.6753333333334,12.263499999999999,12.133506666666667,2.5,2.473499952433373,0.9893999809733492,W20 -> W50
Utf8Json,Deserialize,Width,Boolean,D=10,50,100,606.6753333333334,1279.9613333333334,12.133506666666667,12.799613333333333,2,2.109796233680178,1.054898116840089,W50 -> W100
Utf8Json,Deserialize,Width,Boolean,D=20,5,20,129.31933333333333,495.18333333333334,25.863866666666667,24.759166666666665,4,3.8291516091948097,0.9572879022987024,W5 -> W20
Utf8Json,Deserialize,Width,Boolean,D=20,20,50,495.18333333333334,1202.1533333333334,24.759166666666665,24.043066666666668,2.5,2.427693446871529,0.9710773787486118,W20 -> W50
Utf8Json,Deserialize,Width,Boolean,D=20,50,100,1202.1533333333334,2852.3486666666668,24.043066666666668,28.523486666666667,2,2.3726995447058887,1.1863497723529444,W50 -> W100
Utf8Json,Serialize,Width,Textual,D=2,5,20,10.386666666666667,36.029333333333334,2.0773333333333333,1.8014666666666668,4,3.468806161745828,0.867201540436457,W5 -> W20
Utf8Json,Serialize,Width,Textual,D=2,20,50,36.029333333333334,95.47733333333333,1.8014666666666668,1.9095466666666667,2.5,2.649988897935016,1.0599955591740062,W20 -> W50
Utf8Json,Serialize,Width,Textual,D=2,50,100,95.47733333333333,199.47866666666667,1.9095466666666667,1.9947866666666667,2,2.0892777343313598,1.0446388671656799,W50 -> W100
Utf8Json,Serialize,Width,Textual,D=5,5,20,23.496666666666666,93.426,4.699333333333334,4.6713000000000005,4,3.976138459355937,0.9940346148389843,W5 -> W20
Utf8Json,Serialize,Width,Textual,D=5,20,50,93.426,252.65666666666667,4.6713000000000005,5.053133333333333,2.5,2.7043506803958928,1.0817402721583569,W20 -> W50
Utf8Json,Serialize,Width,Textual,D=5,50,100,252.65666666666667,509.54333333333335,5.053133333333333,5.095433333333333,2,2.016742087417708,1.008371043708854,W50 -> W100
Utf8Json,Serialize,Width,Textual,D=10,5,20,45.919333333333334,186.256,9.183866666666667,9.3128,4,4.056156448264348,1.0140391120660868,W5 -> W20
Utf8Json,Serialize,Width,Textual,D=10,20,50,186.256,480.982,9.3128,9.61964,2.5,2.582370500816081,1.0329482003264325,W20 -> W50
Utf8Json,Serialize,Width,Textual,D=10,50,100,480.982,1026.9479999999999,9.61964,10.269479999999998,2,2.135106927078352,1.067553463539176,W50 -> W100
Utf8Json,Serialize,Width,Textual,D=20,5,20,88.292,372.4173333333333,17.6584,18.620866666666664,4,4.218018997568674,1.0545047493921682,W5 -> W20
Utf8Json,Serialize,Width,Textual,D=20,20,50,372.4173333333333,1001.01,18.620866666666664,20.0202,2.5,2.6878716708495487,1.0751486683398195,W20 -> W50
Utf8Json,Serialize,Width,Textual,D=20,50,100,1001.01,2649.2066666666665,20.0202,26.492066666666666,2,2.6465336676623274,1.323266833831164,W50 -> W100
Utf8Json,Serialize,Width,Numeric,D=2,5,20,8.793999999999999,35.034,1.7587999999999997,1.7517,4,3.9838526267909944,0.9959631566977487,W5 -> W20
Utf8Json,Serialize,Width,Numeric,D=2,20,50,35.034,83.89066666666668,1.7517,1.6778133333333336,2.5,2.3945500561359445,0.9578200224543778,W20 -> W50
Utf8Json,Serialize,Width,Numeric,D=2,50,100,83.89066666666668,168.38133333333334,1.6778133333333336,1.6838133333333334,2,2.007152166311707,1.0035760831558536,W50 -> W100
Utf8Json,Serialize,Width,Numeric,D=5,5,20,21.077333333333335,85.07533333333333,4.215466666666667,4.2537666666666665,4,4.036342358299595,1.0090855895748987,W5 -> W20
Utf8Json,Serialize,Width,Numeric,D=5,20,50,85.07533333333333,213.68266666666668,4.2537666666666665,4.273653333333334,2.5,2.5116876807221837,1.0046750722888735,W20 -> W50
Utf8Json,Serialize,Width,Numeric,D=5,50,100,213.68266666666668,431.50733333333335,4.273653333333334,4.315073333333333,2,2.01938388389013,1.009691941945065,W50 -> W100
Utf8Json,Serialize,Width,Numeric,D=10,5,20,39.246,166.39333333333335,7.849200000000001,8.319666666666667,4,4.239752671185174,1.0599381677962934,W5 -> W20
Utf8Json,Serialize,Width,Numeric,D=10,20,50,166.39333333333335,425.54066666666665,8.319666666666667,8.510813333333333,2.5,2.557438198645779,1.0229752794583116,W20 -> W50
Utf8Json,Serialize,Width,Numeric,D=10,50,100,425.54066666666665,863.568,8.510813333333333,8.63568,2,2.0293430631776674,1.0146715315888337,W50 -> W100
Utf8Json,Serialize,Width,Numeric,D=20,5,20,75.89133333333334,333.11466666666666,15.178266666666667,16.655733333333334,4,4.389363739381747,1.0973409348454368,W5 -> W20
Utf8Json,Serialize,Width,Numeric,D=20,20,50,333.11466666666666,842.054,16.655733333333334,16.841079999999998,2.5,2.527820250084055,1.0111281000336219,W20 -> W50
Utf8Json,Serialize,Width,Numeric,D=20,50,100,842.054,1697.3513333333333,16.841079999999998,16.973513333333333,2,2.0157274157397667,1.0078637078698833,W50 -> W100
Utf8Json,Serialize,Width,Boolean,D=2,5,20,6.168666666666667,21.794666666666668,1.2337333333333333,1.0897333333333334,4,3.5331243920890523,0.8832810980222632,W5 -> W20
Utf8Json,Serialize,Width,Boolean,D=2,20,50,21.794666666666668,52.437333333333335,1.0897333333333334,1.0487466666666667,2.5,2.4059708797259267,0.9623883518903706,W20 -> W50
Utf8Json,Serialize,Width,Boolean,D=2,50,100,52.437333333333335,104.52533333333334,1.0487466666666667,1.0452533333333334,2,1.9933380797396256,0.9966690398698128,W50 -> W100
Utf8Json,Serialize,Width,Boolean,D=5,5,20,13.844666666666667,60.217999999999996,2.7689333333333335,3.0109,4,4.34954495112438,1.087386237781095,W5 -> W20
Utf8Json,Serialize,Width,Boolean,D=5,20,50,60.217999999999996,129.318,3.0109,2.5863600000000004,2.5,2.147497426018799,0.8589989704075195,W20 -> W50
Utf8Json,Serialize,Width,Boolean,D=5,50,100,129.318,256.70533333333333,2.5863600000000004,2.5670533333333334,2,1.9850703949437303,0.9925351974718651,W50 -> W100
Utf8Json,Serialize,Width,Boolean,D=10,5,20,24.184,101.51,4.8368,5.0755,4,4.1974032418127685,1.0493508104531921,W5 -> W20
Utf8Json,Serialize,Width,Boolean,D=10,20,50,101.51,255.34333333333333,5.0755,5.106866666666667,2.5,2.5154500377631104,1.0061800151052442,W20 -> W50
Utf8Json,Serialize,Width,Boolean,D=10,50,100,255.34333333333333,532.3653333333333,5.106866666666667,5.323653333333333,2,2.0849000691878907,1.0424500345939451,W50 -> W100
Utf8Json,Serialize,Width,Boolean,D=20,5,20,44.58866666666666,213.98333333333335,8.917733333333333,10.699166666666667,4,4.7990520760133375,1.1997630190033344,W5 -> W20
Utf8Json,Serialize,Width,Boolean,D=20,20,50,213.98333333333335,482.5226666666667,10.699166666666667,9.650453333333333,2.5,2.254954435703715,0.9019817742814861,W20 -> W50
Utf8Json,Serialize,Width,Boolean,D=20,50,100,482.5226666666667,1063.798,9.650453333333333,10.63798,2,2.20465912482177,1.102329562410885,W50 -> W100
STJRefGen,Deserialize,Width,Textual,D=2,5,20,37.54266666666667,134.65866666666668,7.508533333333334,6.732933333333333,4,3.586816777355542,0.8967041943388855,W5 -> W20
STJRefGen,Deserialize,Width,Textual,D=2,20,50,134.65866666666668,334.7486666666667,6.732933333333333,6.6949733333333334,2.5,2.4859051032734616,0.9943620413093848,W20 -> W50
STJRefGen,Deserialize,Width,Textual,D=2,50,100,334.7486666666667,1140.5306666666668,6.6949733333333334,11.405306666666668,2,3.4071253457818105,1.7035626728909055,W50 -> W100
STJRefGen,Deserialize,Width,Textual,D=5,5,20,90.11800000000001,329.67133333333334,18.023600000000002,16.48356666666667,4,3.658218483913683,0.9145546209784209,W5 -> W20
STJRefGen,Deserialize,Width,Textual,D=5,20,50,329.67133333333334,847.1053333333333,16.48356666666667,16.942106666666668,2.5,2.5695450216073787,1.0278180086429514,W20 -> W50
STJRefGen,Deserialize,Width,Textual,D=5,50,100,847.1053333333333,2831.3406666666665,16.942106666666668,28.313406666666666,2,3.3423714327537386,1.671185716376869,W50 -> W100
STJRefGen,Deserialize,Width,Textual,D=10,5,20,187.13466666666667,663.012,37.42693333333334,33.1506,4,3.542967274903634,0.8857418187259084,W5 -> W20
STJRefGen,Deserialize,Width,Textual,D=10,20,50,663.012,1686.486,33.1506,33.72972,2.5,2.5436734176756985,1.0174693670702795,W20 -> W50
STJRefGen,Deserialize,Width,Textual,D=10,50,100,1686.486,5763.798,33.72972,57.63798,2,3.4176376204723904,1.7088188102361952,W50 -> W100
STJRefGen,Deserialize,Width,Textual,D=20,5,20,373.1533333333333,1350.2406666666666,74.63066666666666,67.51203333333333,4,3.6184606864023725,0.9046151716005933,W5 -> W20
STJRefGen,Deserialize,Width,Textual,D=20,20,50,1350.2406666666666,3389.6986666666667,67.51203333333333,67.79397333333333,2.5,2.5104403610023103,1.004176144400924,W20 -> W50
STJRefGen,Deserialize,Width,Textual,D=20,50,100,3389.6986666666667,11481.362666666666,67.79397333333333,114.81362666666666,2,3.3871337235876227,1.6935668617938116,W50 -> W100
STJRefGen,Deserialize,Width,Numeric,D=2,5,20,33.468666666666664,117.81733333333334,6.693733333333332,5.890866666666667,4,3.520227874828198,0.8800569687070495,W5 -> W20
STJRefGen,Deserialize,Width,Numeric,D=2,20,50,117.81733333333334,284.92,5.890866666666667,5.6984,2.5,2.418319885019748,0.9673279540078993,W20 -> W50
STJRefGen,Deserialize,Width,Numeric,D=2,50,100,284.92,1013.8746666666667,5.6984,10.138746666666668,2,3.5584538349946184,1.7792269174973092,W50 -> W100
STJRefGen,Deserialize,Width,Numeric,D=5,5,20,80.68733333333333,286.75933333333336,16.137466666666665,14.337966666666668,4,3.553957250621742,0.8884893126554356,W5 -> W20
STJRefGen,Deserialize,Width,Numeric,D=5,20,50,286.75933333333336,717.542,14.337966666666668,14.35084,2.5,2.5022446232496938,1.0008978492998775,W20 -> W50
STJRefGen,Deserialize,Width,Numeric,D=5,50,100,717.542,2786.7006666666666,14.35084,27.867006666666665,2,3.8836760310430143,1.9418380155215071,W50 -> W100
STJRefGen,Deserialize,Width,Numeric,D=10,5,20,169.05,570.338,33.81,28.5169,4,3.373782904466134,0.8434457261165335,W5 -> W20
STJRefGen,Deserialize,Width,Numeric,D=10,20,50,570.338,1427.2359999999999,28.5169,28.544719999999998,2.5,2.5024389046495235,1.0009755618598093,W20 -> W50
STJRefGen,Deserialize,Width,Numeric,D=10,50,100,1427.2359999999999,5549.049333333333,28.544719999999998,55.49049333333333,2,3.8879690067608537,1.9439845033804268,W50 -> W100
STJRefGen,Deserialize,Width,Numeric,D=20,5,20,334.63,1158.0206666666666,66.926,57.90103333333333,4,3.460600264969269,0.8651500662423173,W5 -> W20
STJRefGen,Deserialize,Width,Numeric,D=20,20,50,1158.0206666666666,2911.814,57.90103333333333,58.236279999999994,2.5,2.514474986341637,1.0057899945366546,W20 -> W50
STJRefGen,Deserialize,Width,Numeric,D=20,50,100,2911.814,10100.882,58.236279999999994,101.00882,2,3.46893105122786,1.7344655256139303,W50 -> W100
STJRefGen,Deserialize,Width,Boolean,D=2,5,20,29.036,94.64,5.8072,4.732,4,3.259402121504339,0.8148505303760849,W5 -> W20
STJRefGen,Deserialize,Width,Boolean,D=2,20,50,94.64,237.51266666666666,4.732,4.750253333333333,2.5,2.5096435615666386,1.0038574246266554,W20 -> W50
STJRefGen,Deserialize,Width,Boolean,D=2,50,100,237.51266666666666,924.4413333333333,4.750253333333333,9.244413333333334,2,3.892176978631315,1.9460884893156578,W50 -> W100
STJRefGen,Deserialize,Width,Boolean,D=5,5,20,70.47933333333333,244.56266666666667,14.095866666666666,12.228133333333334,4,3.4699912030949975,0.8674978007737494,W5 -> W20
STJRefGen,Deserialize,Width,Boolean,D=5,20,50,244.56266666666667,591.414,12.228133333333334,11.82828,2.5,2.418251354799315,0.967300541919726,W20 -> W50
STJRefGen,Deserialize,Width,Boolean,D=5,50,100,591.414,2308.4513333333334,11.82828,23.084513333333334,2,3.903274750569539,1.9516373752847695,W50 -> W100
STJRefGen,Deserialize,Width,Boolean,D=10,5,20,150.04066666666668,487.418,30.008133333333337,24.3709,4,3.248572609203727,0.8121431523009316,W5 -> W20
STJRefGen,Deserialize,Width,Boolean,D=10,20,50,487.418,1232.364,24.3709,24.647280000000002,2.5,2.528351435523514,1.0113405742094057,W20 -> W50
STJRefGen,Deserialize,Width,Boolean,D=10,50,100,1232.364,5063.753333333333,24.647280000000002,50.63753333333333,2,4.108975378486659,2.0544876892433295,W50 -> W100
STJRefGen,Deserialize,Width,Boolean,D=20,5,20,295.7986666666667,994.7986666666667,59.159733333333335,49.73993333333333,4,3.3630938160640795,0.8407734540160199,W5 -> W20
STJRefGen,Deserialize,Width,Boolean,D=20,20,50,994.7986666666667,2431.845333333333,49.73993333333333,48.63690666666666,2.5,2.444560306340043,0.9778241225360172,W20 -> W50
STJRefGen,Deserialize,Width,Boolean,D=20,50,100,2431.845333333333,10449.35,48.63690666666666,104.4935,2,4.29688099681778,2.14844049840889,W50 -> W100
STJRefGen,Serialize,Width,Textual,D=2,5,20,19.982666666666667,61.35266666666667,3.9965333333333333,3.0676333333333337,4,3.0702942550210186,0.7675735637552547,W5 -> W20
STJRefGen,Serialize,Width,Textual,D=2,20,50,61.35266666666667,154.90066666666667,3.0676333333333337,3.0980133333333333,2.5,2.5247585000380313,1.0099034000152125,W20 -> W50
STJRefGen,Serialize,Width,Textual,D=2,50,100,154.90066666666667,342.18,3.0980133333333333,3.4218,2,2.2090285817577717,1.1045142908788859,W50 -> W100
STJRefGen,Serialize,Width,Textual,D=5,5,20,44.28066666666666,146.69466666666668,8.856133333333332,7.334733333333334,4,3.312837807319975,0.8282094518299937,W5 -> W20
STJRefGen,Serialize,Width,Textual,D=5,20,50,146.69466666666668,394.4294117647059,7.334733333333334,7.888588235294118,2.5,2.6887781316614956,1.0755112526645982,W20 -> W50
STJRefGen,Serialize,Width,Textual,D=5,50,100,394.4294117647059,853.7273333333334,7.888588235294118,8.537273333333333,2,2.1644616447685663,1.0822308223842831,W50 -> W100
STJRefGen,Serialize,Width,Textual,D=10,5,20,93.19733333333333,307.542,18.639466666666667,15.377099999999999,4,3.2999012847291764,0.8249753211822941,W5 -> W20
STJRefGen,Serialize,Width,Textual,D=10,20,50,307.542,761.5426666666667,15.377099999999999,15.230853333333334,2.5,2.4762233017495716,0.9904893206998286,W20 -> W50
STJRefGen,Serialize,Width,Textual,D=10,50,100,761.5426666666667,1770.8746666666666,15.230853333333334,17.708746666666666,2,2.3253781359591144,1.1626890679795572,W50 -> W100
STJRefGen,Serialize,Width,Textual,D=20,5,20,185.514,596.1053333333333,37.1028,29.805266666666665,4,3.2132633296319053,0.8033158324079763,W5 -> W20
STJRefGen,Serialize,Width,Textual,D=20,20,50,596.1053333333333,1544.9033333333334,29.805266666666665,30.89806666666667,2.5,2.591661652638572,1.0366646610554289,W20 -> W50
STJRefGen,Serialize,Width,Textual,D=20,50,100,1544.9033333333334,3791.476,30.89806666666667,37.91476,2,2.454183325386054,1.227091662693027,W50 -> W100
STJRefGen,Serialize,Width,Numeric,D=2,5,20,16.292,47.903333333333336,3.2584000000000004,2.395166666666667,4,2.9402978967182256,0.7350744741795564,W5 -> W20
STJRefGen,Serialize,Width,Numeric,D=2,20,50,47.903333333333336,115.032,2.395166666666667,2.30064,2.5,2.4013360239370956,0.9605344095748382,W20 -> W50
STJRefGen,Serialize,Width,Numeric,D=2,50,100,115.032,274.04266666666666,2.30064,2.7404266666666666,2,2.3823168045993,1.19115840229965,W50 -> W100
STJRefGen,Serialize,Width,Numeric,D=5,5,20,36.692,122.65933333333334,7.3384,6.1329666666666665,4,3.34294487445038,0.835736218612595,W5 -> W20
STJRefGen,Serialize,Width,Numeric,D=5,20,50,122.65933333333334,294.204,6.1329666666666665,5.88408,2.5,2.398545565224008,0.9594182260896033,W20 -> W50
STJRefGen,Serialize,Width,Numeric,D=5,50,100,294.204,686.188,5.88408,6.86188,2,2.33235442074207,1.166177210371035,W50 -> W100
STJRefGen,Serialize,Width,Numeric,D=10,5,20,75.41333333333334,232.99133333333333,15.082666666666668,11.649566666666667,4,3.0895243988684578,0.7723810997171145,W5 -> W20
STJRefGen,Serialize,Width,Numeric,D=10,20,50,232.99133333333333,564.9893333333333,11.649566666666667,11.299786666666666,2.5,2.4249371221247142,0.9699748488498856,W20 -> W50
STJRefGen,Serialize,Width,Numeric,D=10,50,100,564.9893333333333,1306.4186666666667,11.299786666666666,13.064186666666666,2,2.3122890815637818,1.1561445407818909,W50 -> W100
STJRefGen,Serialize,Width,Numeric,D=20,5,20,149.37733333333333,447.418,29.875466666666664,22.3709,4,2.9952201583462017,0.7488050395865504,W5 -> W20
STJRefGen,Serialize,Width,Numeric,D=20,20,50,447.418,1103.4626666666666,22.3709,22.069253333333332,2.5,2.466290284849216,0.9865161139396865,W20 -> W50
STJRefGen,Serialize,Width,Numeric,D=20,50,100,1103.4626666666666,2910.574,22.069253333333332,29.10574,2,2.637673287844205,1.3188366439221022,W50 -> W100
STJRefGen,Serialize,Width,Boolean,D=2,5,20,14.569333333333335,41.669333333333334,2.913866666666667,2.083466666666667,4,2.860071382813215,0.7150178457033037,W5 -> W20
STJRefGen,Serialize,Width,Boolean,D=2,20,50,41.669333333333334,93.85333333333334,2.083466666666667,1.8770666666666669,2.5,2.2523358505055677,0.9009343402022271,W20 -> W50
STJRefGen,Serialize,Width,Boolean,D=2,50,100,93.85333333333334,221.78666666666666,1.8770666666666669,2.2178666666666667,2,2.363119761329734,1.181559880664867,W50 -> W100
STJRefGen,Serialize,Width,Boolean,D=5,5,20,32.306,95.46666666666667,6.4612,4.773333333333333,4,2.9550754245857327,0.7387688561464331,W5 -> W20
STJRefGen,Serialize,Width,Boolean,D=5,20,50,95.46666666666667,247.82533333333333,4.773333333333333,4.956506666666667,2.5,2.595935754189944,1.0383743016759777,W20 -> W50
STJRefGen,Serialize,Width,Boolean,D=5,50,100,247.82533333333333,574.6133333333333,4.956506666666667,5.746133333333334,2,2.3186222554594904,1.1593111277297452,W50 -> W100
STJRefGen,Serialize,Width,Boolean,D=10,5,20,68.86333333333333,196.54866666666666,13.772666666666666,9.827433333333333,4,2.8541846168740017,0.7135461542185004,W5 -> W20
STJRefGen,Serialize,Width,Boolean,D=10,20,50,196.54866666666666,511.7253333333333,9.827433333333333,10.234506666666666,2.5,2.603555353551114,1.0414221414204454,W20 -> W50
STJRefGen,Serialize,Width,Boolean,D=10,50,100,511.7253333333333,1199.7233333333334,10.234506666666666,11.997233333333334,2,2.344467344460831,1.1722336722304154,W50 -> W100
STJRefGen,Serialize,Width,Boolean,D=20,5,20,140.43133333333333,413.44866666666667,28.086266666666667,20.672433333333334,4,2.9441340251700714,0.7360335062925178,W5 -> W20
STJRefGen,Serialize,Width,Boolean,D=20,20,50,413.44866666666667,1002.5313333333334,20.672433333333334,20.050626666666666,2.5,2.4248024341595005,0.9699209736638003,W20 -> W50
STJRefGen,Serialize,Width,Boolean,D=20,50,100,1002.5313333333334,2963.5253333333335,20.050626666666666,29.635253333333335,2,2.9560426041546832,1.4780213020773416,W50 -> W100
STJSrcGen,Deserialize,Width,Textual,D=2,5,20,35.77066666666666,131.17866666666666,7.154133333333332,6.558933333333333,4,3.6672133591769795,0.9168033397942449,W5 -> W20
STJSrcGen,Deserialize,Width,Textual,D=2,20,50,131.17866666666666,331.81733333333335,6.558933333333333,6.636346666666667,2.5,2.529506830378924,1.0118027321515695,W20 -> W50
STJSrcGen,Deserialize,Width,Textual,D=2,50,100,331.81733333333335,1100.568,6.636346666666667,11.00568,2,3.3167887552589175,1.6583943776294585,W50 -> W100
STJSrcGen,Deserialize,Width,Textual,D=5,5,20,87.02799999999999,326.05400000000003,17.4056,16.3027,4,3.7465413430160415,0.9366353357540103,W5 -> W20
STJSrcGen,Deserialize,Width,Textual,D=5,20,50,326.05400000000003,813.6526666666667,16.3027,16.273053333333333,2.5,2.4954537183002405,0.9981814873200962,W20 -> W50
STJSrcGen,Deserialize,Width,Textual,D=5,50,100,813.6526666666667,2948.2786666666666,16.273053333333333,29.482786666666666,2,3.6235101136520984,1.8117550568260494,W50 -> W100
STJSrcGen,Deserialize,Width,Textual,D=10,5,20,182.04266666666666,655.324,36.40853333333333,32.7662,4,3.5998374007558667,0.8999593501889667,W5 -> W20
STJSrcGen,Deserialize,Width,Textual,D=10,20,50,655.324,1619.32,32.7662,32.3864,2.5,2.4710219677594596,0.9884087871037839,W20 -> W50
STJSrcGen,Deserialize,Width,Textual,D=10,50,100,1619.32,5598.416666666667,32.3864,55.98416666666667,2,3.4572639544170807,1.7286319772085401,W50 -> W100
STJSrcGen,Deserialize,Width,Textual,D=20,5,20,378.05133333333333,1339.492,75.61026666666666,66.9746,4,3.5431484613200674,0.885787115330017,W5 -> W20
STJSrcGen,Deserialize,Width,Textual,D=20,20,50,1339.492,3259.3773333333334,66.9746,65.18754666666666,2.5,2.4332936167840744,0.9733174467136297,W20 -> W50
STJSrcGen,Deserialize,Width,Textual,D=20,50,100,3259.3773333333334,12166.778666666667,65.18754666666666,121.66778666666667,2,3.732853677982666,1.866426838991333,W50 -> W100
STJSrcGen,Deserialize,Width,Numeric,D=2,5,20,31.998,112.45266666666667,6.3996,5.622633333333334,4,3.514365481175907,0.8785913702939767,W5 -> W20
STJSrcGen,Deserialize,Width,Numeric,D=2,20,50,112.45266666666667,269.42266666666666,5.622633333333334,5.3884533333333335,2.5,2.395876190871418,0.9583504763485674,W20 -> W50
STJSrcGen,Deserialize,Width,Numeric,D=2,50,100,269.42266666666666,1084.978,5.3884533333333335,10.84978,2,4.027047959340219,2.0135239796701097,W50 -> W100
STJSrcGen,Deserialize,Width,Numeric,D=5,5,20,76.25,283.37666666666667,15.25,14.168833333333334,4,3.716415300546448,0.929103825136612,W5 -> W20
STJSrcGen,Deserialize,Width,Numeric,D=5,20,50,283.37666666666667,682.8306666666667,14.168833333333334,13.656613333333334,2.5,2.4096220578029244,0.9638488231211697,W20 -> W50
STJSrcGen,Deserialize,Width,Numeric,D=5,50,100,682.8306666666667,2516.736,13.656613333333334,25.16736,2,3.685739558660712,1.842869779330356,W50 -> W100
STJSrcGen,Deserialize,Width,Numeric,D=10,5,20,159.48133333333334,578.3986666666667,31.89626666666667,28.919933333333336,4,3.6267483759854864,0.9066870939963716,W5 -> W20
STJSrcGen,Deserialize,Width,Numeric,D=10,20,50,578.3986666666667,1369.088,28.919933333333336,27.38176,2.5,2.3670317358961177,0.9468126943584471,W20 -> W50
STJSrcGen,Deserialize,Width,Numeric,D=10,50,100,1369.088,5505.842,27.38176,55.05842,2,4.021539886406133,2.0107699432030666,W50 -> W100
STJSrcGen,Deserialize,Width,Numeric,D=20,5,20,328.08133333333336,1120.578,65.61626666666668,56.0289,4,3.4155493962879118,0.8538873490719779,W5 -> W20
STJSrcGen,Deserialize,Width,Numeric,D=20,20,50,1120.578,2750.5086666666666,56.0289,55.010173333333334,2.5,2.4545445891911735,0.9818178356764694,W20 -> W50
STJSrcGen,Deserialize,Width,Numeric,D=20,50,100,2750.5086666666666,10071.524666666666,55.010173333333334,100.71524666666666,2,3.6616953033899424,1.8308476516949712,W50 -> W100
STJSrcGen,Deserialize,Width,Boolean,D=2,5,20,27.75,95.608,5.55,4.7804,4,3.4453333333333336,0.8613333333333334,W5 -> W20
STJSrcGen,Deserialize,Width,Boolean,D=2,20,50,95.608,228.91400000000002,4.7804,4.57828,2.5,2.3942975483223163,0.9577190193289264,W20 -> W50
STJSrcGen,Deserialize,Width,Boolean,D=2,50,100,228.91400000000002,994.3746666666666,4.57828,9.943746666666666,2,4.343878778347618,2.171939389173809,W50 -> W100
STJSrcGen,Deserialize,Width,Boolean,D=5,5,20,65.50066666666667,234.412,13.100133333333336,11.720600000000001,4,3.5787727351375556,0.8946931837843889,W5 -> W20
STJSrcGen,Deserialize,Width,Boolean,D=5,20,50,234.412,586.236,11.720600000000001,11.72472,2.5,2.500878794600959,1.0003515178403835,W20 -> W50
STJSrcGen,Deserialize,Width,Boolean,D=5,50,100,586.236,2299.887333333333,11.72472,22.998873333333332,2,3.9231424432026234,1.961571221601312,W50 -> W100
STJSrcGen,Deserialize,Width,Boolean,D=10,5,20,139.166,490.97133333333335,27.833199999999998,24.548566666666666,4,3.527954624932335,0.8819886562330838,W5 -> W20
STJSrcGen,Deserialize,Width,Boolean,D=10,20,50,490.97133333333335,1191.598,24.548566666666666,23.83196,2.5,2.4270215368989634,0.9708086147595854,W20 -> W50
STJSrcGen,Deserialize,Width,Boolean,D=10,50,100,1191.598,5046.372666666667,23.83196,50.46372666666667,2,4.234962350278087,2.1174811751390434,W50 -> W100
STJSrcGen,Deserialize,Width,Boolean,D=20,5,20,278.8326666666667,953.6766666666667,55.766533333333335,47.68383333333334,4,3.4202472689713543,0.8550618172428387,W5 -> W20
STJSrcGen,Deserialize,Width,Boolean,D=20,20,50,953.6766666666667,2367.2433333333333,47.68383333333334,47.34486666666667,2.5,2.4822284282234017,0.9928913712893608,W20 -> W50
STJSrcGen,Deserialize,Width,Boolean,D=20,50,100,2367.2433333333333,9324.238,47.34486666666667,93.24238,2,3.9388591230587475,1.9694295615293738,W50 -> W100
STJSrcGen,Serialize,Width,Textual,D=2,5,20,13.484666666666666,46.336,2.696933333333333,2.3167999999999997,4,3.436199139763682,0.8590497849409205,W5 -> W20
STJSrcGen,Serialize,Width,Textual,D=2,20,50,46.336,116.21933333333334,2.3167999999999997,2.324386666666667,2.5,2.508186579189687,1.003274631675875,W20 -> W50
STJSrcGen,Serialize,Width,Textual,D=2,50,100,116.21933333333334,224.71066666666667,2.324386666666667,2.247106666666667,2,1.933505039322201,0.9667525196611005,W50 -> W100
STJSrcGen,Serialize,Width,Textual,D=5,5,20,29.314666666666668,113.446,5.862933333333333,5.6723,4,3.8699399617938686,0.9674849904484671,W5 -> W20
STJSrcGen,Serialize,Width,Textual,D=5,20,50,113.446,277.5686666666667,5.6723,5.551373333333333,2.5,2.446702983504634,0.9786811934018534,W20 -> W50
STJSrcGen,Serialize,Width,Textual,D=5,50,100,277.5686666666667,558.248,5.551373333333333,5.58248,2,2.0112068365065223,1.0056034182532612,W50 -> W100
STJSrcGen,Serialize,Width,Textual,D=10,5,20,55.51533333333333,222.98466666666667,11.103066666666667,11.149233333333333,4,4.016632041598117,1.0041580103995291,W5 -> W20
STJSrcGen,Serialize,Width,Textual,D=10,20,50,222.98466666666667,552.6073333333334,11.149233333333333,11.052146666666667,2.5,2.4782301922105257,0.9912920768842104,W20 -> W50
STJSrcGen,Serialize,Width,Textual,D=10,50,100,552.6073333333334,1085.5413333333333,11.052146666666667,10.855413333333333,2,1.9643990730005993,0.9821995365002997,W50 -> W100
STJSrcGen,Serialize,Width,Textual,D=20,5,20,108.75266666666667,448.0346666666667,21.750533333333333,22.401733333333333,4,4.1197579829460125,1.029939495736503,W5 -> W20
STJSrcGen,Serialize,Width,Textual,D=20,20,50,448.0346666666667,1145.9893333333334,22.401733333333333,22.919786666666667,2.5,2.557813978680221,1.0231255914720885,W20 -> W50
STJSrcGen,Serialize,Width,Textual,D=20,50,100,1145.9893333333334,2219.0886666666665,22.919786666666667,22.190886666666664,2,1.9363955685451404,0.9681977842725702,W50 -> W100
STJSrcGen,Serialize,Width,Numeric,D=2,5,20,9.590666666666667,31.430666666666667,1.9181333333333335,1.5715333333333334,4,3.2772139580147366,0.8193034895036841,W5 -> W20
STJSrcGen,Serialize,Width,Numeric,D=2,20,50,31.430666666666667,77.45266666666666,1.5715333333333334,1.5490533333333332,2.5,2.4642387477198486,0.9856954990879394,W20 -> W50
STJSrcGen,Serialize,Width,Numeric,D=2,50,100,77.45266666666666,143.60399999999998,1.5490533333333332,1.4360399999999998,2,1.854087227467959,0.9270436137339794,W50 -> W100
STJSrcGen,Serialize,Width,Numeric,D=5,5,20,20.736666666666665,75.71333333333334,4.147333333333333,3.7856666666666667,4,3.6511814820768373,0.9127953705192092,W5 -> W20
STJSrcGen,Serialize,Width,Numeric,D=5,20,50,75.71333333333334,172.71733333333333,3.7856666666666667,3.4543466666666665,2.5,2.2812010213964955,0.9124804085585981,W20 -> W50
STJSrcGen,Serialize,Width,Numeric,D=5,50,100,172.71733333333333,349.77,3.4543466666666665,3.4977,2,2.0251007426392253,1.012550371319613,W50 -> W100
STJSrcGen,Serialize,Width,Numeric,D=10,5,20,36.166666666666664,143.34,7.2333333333333325,7.167,4,3.963317972350231,0.9908294930875577,W5 -> W20
STJSrcGen,Serialize,Width,Numeric,D=10,20,50,143.34,347.3813333333333,7.167,6.947626666666666,2.5,2.4234779777684756,0.9693911911073904,W20 -> W50
STJSrcGen,Serialize,Width,Numeric,D=10,50,100,347.3813333333333,766.436,6.947626666666666,7.66436,2,2.2063246537906473,1.1031623268953237,W50 -> W100
STJSrcGen,Serialize,Width,Numeric,D=20,5,20,72.66133333333333,279.3186666666667,14.532266666666667,13.965933333333334,4,3.844116999412801,0.9610292498532003,W5 -> W20
STJSrcGen,Serialize,Width,Numeric,D=20,20,50,279.3186666666667,719.9826666666667,13.965933333333334,14.399653333333333,2.5,2.5776389213753466,1.0310555685501386,W20 -> W50
STJSrcGen,Serialize,Width,Numeric,D=20,50,100,719.9826666666667,1414.7746666666667,14.399653333333333,14.147746666666666,2,1.9650121206621642,0.982506060331082,W50 -> W100
STJSrcGen,Serialize,Width,Boolean,D=2,5,20,9.752,28.931333333333335,1.9504000000000001,1.4465666666666668,4,2.966707683893902,0.7416769209734755,W5 -> W20
STJSrcGen,Serialize,Width,Boolean,D=2,20,50,28.931333333333335,70.566,1.4465666666666668,1.4113200000000001,2.5,2.439085651081872,0.9756342604327488,W20 -> W50
STJSrcGen,Serialize,Width,Boolean,D=2,50,100,70.566,139.32,1.4113200000000001,1.3932,2,1.9743219114020916,0.9871609557010458,W50 -> W100
STJSrcGen,Serialize,Width,Boolean,D=5,5,20,20.037333333333333,66.734,4.007466666666667,3.3366999999999996,4,3.330483098216662,0.8326207745541654,W5 -> W20
STJSrcGen,Serialize,Width,Boolean,D=5,20,50,66.734,172.20533333333333,3.3366999999999996,3.4441066666666664,2.5,2.5804737215412437,1.0321894886164975,W20 -> W50
STJSrcGen,Serialize,Width,Boolean,D=5,50,100,172.20533333333333,342.21333333333337,3.4441066666666664,3.4221333333333335,2,1.987240039023182,0.993620019511591,W50 -> W100
STJSrcGen,Serialize,Width,Boolean,D=10,5,20,35.462666666666664,128.54333333333332,7.092533333333333,6.4271666666666665,4,3.624750911756965,0.9061877279392413,W5 -> W20
STJSrcGen,Serialize,Width,Boolean,D=10,20,50,128.54333333333332,339.1413333333333,6.4271666666666665,6.782826666666666,2.5,2.638342452610015,1.0553369810440059,W20 -> W50
STJSrcGen,Serialize,Width,Boolean,D=10,50,100,339.1413333333333,685.4306666666666,6.782826666666666,6.854306666666666,2,2.0210767585588703,1.0105383792794351,W50 -> W100
STJSrcGen,Serialize,Width,Boolean,D=20,5,20,70.15133333333333,262.6073333333333,14.030266666666666,13.130366666666665,4,3.7434403717677025,0.9358600929419255,W5 -> W20
STJSrcGen,Serialize,Width,Boolean,D=20,20,50,262.6073333333333,679.0773333333333,13.130366666666665,13.581546666666666,2.5,2.585903922459642,1.0343615689838568,W20 -> W50
STJSrcGen,Serialize,Width,Boolean,D=20,50,100,679.0773333333333,1436.6926666666668,13.581546666666666,14.366926666666668,2,2.1156539854076515,1.0578269927038257,W50 -> W100
Newtonsoft,Deserialize,Width,Textual,D=2,5,20,65.40733333333334,227.248,13.081466666666667,11.3624,4,3.4743504805781202,0.8685876201445301,W5 -> W20
Newtonsoft,Deserialize,Width,Textual,D=2,20,50,227.248,571.3133333333333,11.3624,11.426266666666665,2.5,2.514052195545542,1.0056208782182168,W20 -> W50
Newtonsoft,Deserialize,Width,Textual,D=2,50,100,571.3133333333333,1205.4073333333333,11.426266666666665,12.054073333333333,2,2.1098883274793754,1.0549441637396877,W50 -> W100
Newtonsoft,Deserialize,Width,Textual,D=5,5,20,146.13133333333334,549.8673333333334,29.226266666666668,27.493366666666667,4,3.762829783254333,0.9407074458135832,W5 -> W20
Newtonsoft,Deserialize,Width,Textual,D=5,20,50,549.8673333333334,1385.1246666666666,27.493366666666667,27.702493333333333,2.5,2.5190161020658315,1.0076064408263326,W20 -> W50
Newtonsoft,Deserialize,Width,Textual,D=5,50,100,1385.1246666666666,2953.614666666667,27.702493333333333,29.536146666666667,2,2.1323818265215118,1.0661909132607559,W50 -> W100
Newtonsoft,Deserialize,Width,Textual,D=10,5,20,274.7966666666667,1079.2713333333334,54.95933333333333,53.963566666666665,4,3.9275270199784083,0.9818817549946021,W5 -> W20
Newtonsoft,Deserialize,Width,Textual,D=10,20,50,1079.2713333333334,2782.282,53.963566666666665,55.64564,2.5,2.5779263416613802,1.031170536664552,W20 -> W50
Newtonsoft,Deserialize,Width,Textual,D=10,50,100,2782.282,5837.402,55.64564,58.37402,2,2.0980626694202815,1.0490313347101408,W50 -> W100
Newtonsoft,Deserialize,Width,Textual,D=20,5,20,549.742,2147.326,109.94839999999999,107.3663,4,3.906061388796927,0.9765153471992317,W5 -> W20
Newtonsoft,Deserialize,Width,Textual,D=20,20,50,2147.326,5682.548666666667,107.3663,113.65097333333333,2.5,2.6463371964325244,1.0585348785730098,W20 -> W50
Newtonsoft,Deserialize,Width,Textual,D=20,50,100,5682.548666666667,11918.164666666667,113.65097333333333,119.18164666666668,2,2.097327337745047,1.0486636688725237,W50 -> W100
Newtonsoft,Deserialize,Width,Numeric,D=2,5,20,68.87733333333334,252.064,13.775466666666668,12.6032,4,3.659607418018506,0.9149018545046265,W5 -> W20
Newtonsoft,Deserialize,Width,Numeric,D=2,20,50,252.064,621.708,12.6032,12.434159999999999,2.5,2.4664688333121747,0.9865875333248698,W20 -> W50
Newtonsoft,Deserialize,Width,Numeric,D=2,50,100,621.708,1291.358,12.434159999999999,12.91358,2,2.0771133715506314,1.038556685775316,W50 -> W100
Newtonsoft,Deserialize,Width,Numeric,D=5,5,20,156.522,598.1633333333333,31.304399999999998,29.908166666666666,4,3.8215927047528995,0.955398176188225,W5 -> W20
Newtonsoft,Deserialize,Width,Numeric,D=5,20,50,598.1633333333333,1540.75,29.908166666666666,30.815,2.5,2.575801481200787,1.0303205924803147,W20 -> W50
Newtonsoft,Deserialize,Width,Numeric,D=5,50,100,1540.75,3195.654666666667,30.815,31.956546666666668,2,2.0740903239764186,1.0370451619882093,W50 -> W100
Newtonsoft,Deserialize,Width,Numeric,D=10,5,20,299.394,1168.7913333333333,59.8788,58.439566666666664,4,3.9038569020532585,0.9759642255133146,W5 -> W20
Newtonsoft,Deserialize,Width,Numeric,D=10,20,50,1168.7913333333333,3039.9653333333335,58.439566666666664,60.79930666666667,2.5,2.6009478737864247,1.04037914951457,W20 -> W50
Newtonsoft,Deserialize,Width,Numeric,D=10,50,100,3039.9653333333335,6294.566,60.79930666666667,62.94566,2,2.070604533209589,1.0353022666047944,W50 -> W100
Newtonsoft,Deserialize,Width,Numeric,D=20,5,20,586.276,2305.2213333333334,117.25519999999999,115.26106666666666,4,3.931972881941839,0.9829932204854597,W5 -> W20
Newtonsoft,Deserialize,Width,Numeric,D=20,20,50,2305.2213333333334,6028.786666666667,115.26106666666666,120.57573333333333,2.5,2.6152745419673367,1.0461098167869347,W20 -> W50
Newtonsoft,Deserialize,Width,Numeric,D=20,50,100,6028.786666666667,12447.826000000001,120.57573333333333,124.47826,2,2.064731543549946,1.032365771774973,W50 -> W100
Newtonsoft,Deserialize,Width,Boolean,D=2,5,20,55.174,190.61533333333335,11.0348,9.530766666666668,4,3.454803591063424,0.863700897765856,W5 -> W20
Newtonsoft,Deserialize,Width,Boolean,D=2,20,50,190.61533333333335,471.39133333333336,9.530766666666668,9.427826666666668,2.5,2.4729979749792776,0.9891991899917111,W20 -> W50
Newtonsoft,Deserialize,Width,Boolean,D=2,50,100,471.39133333333336,969.0253333333334,9.427826666666668,9.690253333333334,2,2.055670660046076,1.027835330023038,W50 -> W100
Newtonsoft,Deserialize,Width,Boolean,D=5,5,20,123.08733333333333,451.98,24.617466666666665,22.599,4,3.6720269077240553,0.9180067269310138,W5 -> W20
Newtonsoft,Deserialize,Width,Boolean,D=5,20,50,451.98,1158.5026666666668,22.599,23.170053333333335,2.5,2.5631724117586323,1.025268964703453,W20 -> W50
Newtonsoft,Deserialize,Width,Boolean,D=5,50,100,1158.5026666666668,2460.112,23.170053333333335,24.60112,2,2.123527265654402,1.061763632827201,W50 -> W100
Newtonsoft,Deserialize,Width,Boolean,D=10,5,20,239.39333333333335,920.5613333333333,47.87866666666667,46.02806666666667,4,3.845392519981063,0.9613481299952659,W5 -> W20
Newtonsoft,Deserialize,Width,Boolean,D=10,20,50,920.5613333333333,2433.1553333333336,46.02806666666667,48.66310666666667,2.5,2.643121370873714,1.0572485483494853,W20 -> W50
Newtonsoft,Deserialize,Width,Boolean,D=10,50,100,2433.1553333333336,5010.5813333333335,48.66310666666667,50.10581333333334,2,2.059293652439781,1.0296468262198906,W50 -> W100
Newtonsoft,Deserialize,Width,Boolean,D=20,5,20,446.534,1862.4026666666666,89.3068,93.12013333333333,4,4.170796997914306,1.0426992494785765,W5 -> W20
Newtonsoft,Deserialize,Width,Boolean,D=20,20,50,1862.4026666666666,4774.084666666667,93.12013333333333,95.48169333333334,2.5,2.5634008971923006,1.0253603588769205,W20 -> W50
Newtonsoft,Deserialize,Width,Boolean,D=20,50,100,4774.084666666667,9968.023333333333,95.48169333333334,99.68023333333332,2,2.087944397578761,1.0439721987893802,W50 -> W100
Newtonsoft,Serialize,Width,Textual,D=2,5,20,35.32933333333333,122.17666666666666,7.0658666666666665,6.108833333333333,4,3.4582216854738275,0.8645554213684568,W5 -> W20
Newtonsoft,Serialize,Width,Textual,D=2,20,50,122.17666666666666,311.6906666666667,6.108833333333333,6.233813333333334,2.5,2.5511472457916136,1.0204588983166454,W20 -> W50
Newtonsoft,Serialize,Width,Textual,D=2,50,100,311.6906666666667,699.598,6.233813333333334,6.995979999999999,2,2.2445266246877242,1.1222633123438621,W50 -> W100
Newtonsoft,Serialize,Width,Textual,D=5,5,20,77.604,324.18,15.5208,16.209,4,4.177361991649915,1.0443404979124788,W5 -> W20
Newtonsoft,Serialize,Width,Textual,D=5,20,50,324.18,701.568,16.209,14.03136,2.5,2.164131038312049,0.8656524153248195,W20 -> W50
Newtonsoft,Serialize,Width,Textual,D=5,50,100,701.568,1744.4286666666667,14.03136,17.444286666666667,2,2.486471256765797,1.2432356283828985,W50 -> W100
Newtonsoft,Serialize,Width,Textual,D=10,5,20,173.98266666666666,532.912,34.79653333333333,26.6456,4,3.063017771885322,0.7657544429713307,W5 -> W20
Newtonsoft,Serialize,Width,Textual,D=10,20,50,532.912,1695.138,26.6456,33.90276,2.5,3.180896658360104,1.2723586633440418,W20 -> W50
Newtonsoft,Serialize,Width,Textual,D=10,50,100,1695.138,3492.8153333333335,33.90276,34.928153333333334,2,2.060490257037087,1.0302451285185434,W50 -> W100
Newtonsoft,Serialize,Width,Textual,D=20,5,20,343.45666666666665,1056.5813333333333,68.69133333333333,52.82906666666666,4,3.07631627473626,0.7690790686840648,W5 -> W20
Newtonsoft,Serialize,Width,Textual,D=20,20,50,1056.5813333333333,2674.7513333333336,52.82906666666666,53.495026666666675,2.5,2.5315148478867697,1.012605939154708,W20 -> W50
Newtonsoft,Serialize,Width,Textual,D=20,50,100,2674.7513333333336,6224.388,53.495026666666675,62.24388,2,2.3270903438500325,1.163545171925016,W50 -> W100
Newtonsoft,Serialize,Width,Numeric,D=2,5,20,38.06333333333333,136.368,7.612666666666667,6.8184,4,3.582660478150451,0.8956651195376127,W5 -> W20
Newtonsoft,Serialize,Width,Numeric,D=2,20,50,136.368,354.02,6.8184,7.0804,2.5,2.5960635926317024,1.038425437052681,W20 -> W50
Newtonsoft,Serialize,Width,Numeric,D=2,50,100,354.02,729.2046666666666,7.0804,7.292046666666667,2,2.0597838163568913,1.0298919081784457,W50 -> W100
Newtonsoft,Serialize,Width,Numeric,D=5,5,20,84.86733333333333,307.774,16.973466666666667,15.3887,4,3.626530820653412,0.906632705163353,W5 -> W20
Newtonsoft,Serialize,Width,Numeric,D=5,20,50,307.774,821.9126666666667,15.3887,16.438253333333336,2.5,2.670507147019133,1.0682028588076533,W20 -> W50
Newtonsoft,Serialize,Width,Numeric,D=5,50,100,821.9126666666667,1787.5646666666667,16.438253333333336,17.87564666666667,2,2.1748839495518175,1.0874419747759088,W50 -> W100
Newtonsoft,Serialize,Width,Numeric,D=10,5,20,181.18466666666666,605.856,36.23693333333333,30.2928,4,3.343859119793066,0.8359647799482665,W5 -> W20
Newtonsoft,Serialize,Width,Numeric,D=10,20,50,605.856,1620.014,30.2928,32.400279999999995,2.5,2.673925817355939,1.0695703269423755,W20 -> W50
Newtonsoft,Serialize,Width,Numeric,D=10,50,100,1620.014,3734.684,32.400279999999995,37.34684,2,2.305340571130867,1.1526702855654336,W50 -> W100
Newtonsoft,Serialize,Width,Numeric,D=20,5,20,361.5146666666667,1191.5726666666667,72.30293333333334,59.578633333333336,4,3.2960562227074233,0.8240140556768558,W5 -> W20
Newtonsoft,Serialize,Width,Numeric,D=20,20,50,1191.5726666666667,3211.858,59.578633333333336,64.23716,2.5,2.6954780768720776,1.078191230748831,W20 -> W50
Newtonsoft,Serialize,Width,Numeric,D=20,50,100,3211.858,7026.602,64.23716,70.26602,2,2.1877063058204937,1.0938531529102469,W50 -> W100
Newtonsoft,Serialize,Width,Boolean,D=2,5,20,33.55533333333333,107.64933333333333,6.711066666666666,5.382466666666667,4,3.2081139610196097,0.8020284902549025,W5 -> W20
Newtonsoft,Serialize,Width,Boolean,D=2,20,50,107.64933333333333,264.6413333333333,5.382466666666667,5.292826666666667,2.5,2.4583648141496464,0.9833459256598586,W20 -> W50
Newtonsoft,Serialize,Width,Boolean,D=2,50,100,264.6413333333333,584.912,5.292826666666667,5.84912,2,2.2102065185080693,1.1051032592540344,W50 -> W100
Newtonsoft,Serialize,Width,Boolean,D=5,5,20,75.572,250.99333333333334,15.1144,12.549666666666667,4,3.321247728435576,0.830311932108894,W5 -> W20
Newtonsoft,Serialize,Width,Boolean,D=5,20,50,250.99333333333334,631.38,12.549666666666667,12.6276,2.5,2.5155249807431805,1.006209992297272,W20 -> W50
Newtonsoft,Serialize,Width,Boolean,D=5,50,100,631.38,1426.8506666666667,12.6276,14.268506666666667,2,2.2598920882300146,1.1299460441150075,W50 -> W100
Newtonsoft,Serialize,Width,Boolean,D=10,5,20,150.09933333333333,502.242,30.019866666666665,25.1121,4,3.3460641619549722,0.8365160404887431,W5 -> W20
Newtonsoft,Serialize,Width,Boolean,D=10,20,50,502.242,1259.78,25.1121,25.1956,2.5,2.5083127257377917,1.0033250902951165,W20 -> W50
Newtonsoft,Serialize,Width,Boolean,D=10,50,100,1259.78,2722.8586666666665,25.1956,27.228586666666665,2,2.161376324966793,1.0806881624833966,W50 -> W100
Newtonsoft,Serialize,Width,Boolean,D=20,5,20,286.73133333333334,1005.054,57.346266666666665,50.2527,4,3.5052116150542783,0.8763029037635696,W5 -> W20
Newtonsoft,Serialize,Width,Boolean,D=20,20,50,1005.054,2486.922666666667,50.2527,49.73845333333334,2.5,2.4744169633339768,0.9897667853335909,W20 -> W50
Newtonsoft,Serialize,Width,Boolean,D=20,50,100,2486.922666666667,5254.131333333333,49.73845333333334,52.54131333333333,2,2.112703946832283,1.0563519734161413,W50 -> W100
