Factor,SumSq,Df,Fvalue,Pvalue,EtaSq
Depth,288047007.6944238,3,154332.35379744507,0,0.22688733301245523
Width,361911002.16661745,3,193907.8530155048,0,0.2850681308120332
Content,147061412.94870874,2,118190.78174852877,0,0.11583655056876262
Depth:Width,214307084.65661126,9,38274.44355379941,0,0.16880426313956215
Depth:Content,86381381.37719253,6,23141.08731578917,0,0.06804042645495736
Width:Content,106185752.09854113,6,28446.56709384225,0,0.0836398277156139
Depth:Width:Content,65247954.15711747,18,5826.520253376146,0,0.051394161049338714
Residuals,418075.20028000174,672,NA,NA,3.293072472768269e-4
