Factor,SumSq,Df,Fvalue,Pvalue,EtaSq
Depth,190096174.0375156,3,151927.48732152034,0,0.14597927259152768
Width,225436499.61933905,3,180171.96353970698,0,0.17311793041935025
Content,171530901.7595968,2,205634.7980248178,0,0.13172256828742426
Depth:Width,187727210.74460092,9,50011.39304830005,0,0.14416009059038193
Depth:Content,160304989.7228376,6,64058.980715957056,0,0.12310192938398597
Width:Content,181920126.71408752,6,72696.53869895717,0,0.13970069572383967
Depth:Width:Content,184917284.62114874,18,24631.407897479276,0,0.1420022829773969
Residuals,280275.43754665833,672,NA,NA,2.1523002609331234e-4
