// Validating benchmarks:
// ***** BenchmarkRunner: Start   *****
// ***** Found 10 benchmark(s) in total *****
// ***** Building 1 exe(s) in Parallel: Start   *****
// start dotnet  restore --nodeReuse:false /p:UseSharedCompilation=false /p:Deterministic=true /p:Optimize=true /p:ArtifactsPath="/home/test/json-energy-bench/JsonBench/bin/Release/net10.0/JsonBench-Energy-1/" /p:OutDir="/home/test/json-energy-bench/JsonBench/bin/Release/net10.0/JsonBench-Energy-1/bin/Release/net10.0/" /p:OutputPath="/home/test/json-energy-bench/JsonBench/bin/Release/net10.0/JsonBench-Energy-1/bin/Release/net10.0/" /p:PublishDir="/home/test/json-energy-bench/JsonBench/bin/Release/net10.0/JsonBench-Energy-1/publish/" in /home/test/json-energy-bench/JsonBench/bin/Release/net10.0/JsonBench-Energy-1
// command took 1.31 sec and exited with 0
// start dotnet  build -c Release --no-restore --nodeReuse:false /p:UseSharedCompilation=false /p:Deterministic=true /p:Optimize=true /p:ArtifactsPath="/home/test/json-energy-bench/JsonBench/bin/Release/net10.0/JsonBench-Energy-1/" /p:OutDir="/home/test/json-energy-bench/JsonBench/bin/Release/net10.0/JsonBench-Energy-1/bin/Release/net10.0/" /p:OutputPath="/home/test/json-energy-bench/JsonBench/bin/Release/net10.0/JsonBench-Energy-1/bin/Release/net10.0/" /p:PublishDir="/home/test/json-energy-bench/JsonBench/bin/Release/net10.0/JsonBench-Energy-1/publish/" --output "/home/test/json-energy-bench/JsonBench/bin/Release/net10.0/JsonBench-Energy-1/bin/Release/net10.0/" in /home/test/json-energy-bench/JsonBench/bin/Release/net10.0/JsonBench-Energy-1
// command took 4.18 sec and exited with 0
// ***** Done, took 00:00:05 (5.54 sec)   *****
// Found 10 benchmarks:
//   SmokeBenchByte.STJRefGen_Deser: Energy(OutlierMode=DontRemove, IterationTime=1s)
//   SmokeBenchByte.STJSrcGen_Deser: Energy(OutlierMode=DontRemove, IterationTime=1s)
//   SmokeBenchByte.Newtonsoft_Deser: Energy(OutlierMode=DontRemove, IterationTime=1s)
//   SmokeBenchByte.SpanJson_Deser: Energy(OutlierMode=DontRemove, IterationTime=1s)
//   SmokeBenchByte.Utf8Json_Deser: Energy(OutlierMode=DontRemove, IterationTime=1s)
//   SmokeBenchByte.STJRefGen_Ser: Energy(OutlierMode=DontRemove, IterationTime=1s)
//   SmokeBenchByte.STJSrcGen_Ser: Energy(OutlierMode=DontRemove, IterationTime=1s)
//   SmokeBenchByte.Newtonsoft_Ser: Energy(OutlierMode=DontRemove, IterationTime=1s)
//   SmokeBenchByte.SpanJson_Ser: Energy(OutlierMode=DontRemove, IterationTime=1s)
//   SmokeBenchByte.Utf8Json_Ser: Energy(OutlierMode=DontRemove, IterationTime=1s)

// **************************
// Benchmark: SmokeBenchByte.STJRefGen_Deser: Energy(OutlierMode=DontRemove, IterationTime=1s)
// *** Execute ***
// Launch: 1 / 1
// Execute: dotnet JsonBench-Energy-1.dll --anonymousPipes 158 159 --benchmarkName JsonBench.Benchmarks.SmokeBenchByte.STJRefGen_Deser --job Energy --benchmarkId 0 in /home/test/json-energy-bench/JsonBench/bin/Release/net10.0/JsonBench-Energy-1/bin/Release/net10.0
// BeforeAnythingElse

// Benchmark Process Environment Information:
// BenchmarkDotNet v0.15.5-develop (2026-05-15)
// Runtime=.NET 10.0.7 (10.0.7, 10.0.726.21808), X64 RyuJIT x86-64-v3
// GC=Concurrent Workstation
// HardwareIntrinsics=AVX2+BMI1+BMI2+F16C+FMA+LZCNT+MOVBE,AVX,SSE3+SSSE3+SSE4.1+SSE4.2+POPCNT,X86Base+SSE+SSE2,AES+PCLMUL VectorSize=256
// Job: Energy(OutlierMode=DontRemove, IterationTime=1s)

OverheadJitting  1: 1 op, 187345.00 ns, 187.3450 us/op
WorkloadJitting  1: 1 op, 264359.00 ns, 264.3590 us/op

OverheadJitting  2: 16 op, 491124.00 ns, 30.6953 us/op
WorkloadJitting  2: 16 op, 838864.00 ns, 52.4290 us/op

WorkloadPilot    1: 16 op, 292075.00 ns, 18.2547 us/op
WorkloadPilot    2: 54784 op, 714787541.00 ns, 13.0474 us/op
WorkloadPilot    3: 76656 op, 650927859.00 ns, 8.4915 us/op
WorkloadPilot    4: 117776 op, 946536646.00 ns, 8.0368 us/op
WorkloadPilot    5: 124432 op, 1258224109.00 ns, 10.1117 us/op
WorkloadPilot    6: 98896 op, 1015812968.00 ns, 10.2715 us/op
WorkloadPilot    7: 97360 op, 906086679.00 ns, 9.3066 us/op
WorkloadPilot    8: 107456 op, 863885334.00 ns, 8.0394 us/op
WorkloadPilot    9: 124400 op, 938667241.00 ns, 7.5456 us/op
WorkloadPilot   10: 132528 op, 995266629.00 ns, 7.5099 us/op
WorkloadPilot   11: 133168 op, 999030991.00 ns, 7.5020 us/op
WorkloadPilot   12: 133312 op, 1002151012.00 ns, 7.5173 us/op

OverheadWarmup   1: 133312 op, 473898.00 ns, 3.5548 ns/op
OverheadWarmup   2: 133312 op, 427558.00 ns, 3.2072 ns/op
OverheadWarmup   3: 133312 op, 472123.00 ns, 3.5415 ns/op
OverheadWarmup   4: 133312 op, 472404.00 ns, 3.5436 ns/op
OverheadWarmup   5: 133312 op, 427759.00 ns, 3.2087 ns/op
OverheadWarmup   6: 133312 op, 427495.00 ns, 3.2067 ns/op
OverheadWarmup   7: 133312 op, 428608.00 ns, 3.2151 ns/op
OverheadWarmup   8: 133312 op, 425542.00 ns, 3.1921 ns/op

OverheadActual   1: 133312 op, 467633.00 ns, 3.5078 ns/op
OverheadActual   2: 133312 op, 467276.00 ns, 3.5051 ns/op
OverheadActual   3: 133312 op, 481073.00 ns, 3.6086 ns/op
OverheadActual   4: 133312 op, 429152.00 ns, 3.2192 ns/op
OverheadActual   5: 133312 op, 427759.00 ns, 3.2087 ns/op
OverheadActual   6: 133312 op, 427641.00 ns, 3.2078 ns/op
OverheadActual   7: 133312 op, 425832.00 ns, 3.1943 ns/op
OverheadActual   8: 133312 op, 427935.00 ns, 3.2100 ns/op
OverheadActual   9: 133312 op, 470670.00 ns, 3.5306 ns/op
OverheadActual  10: 133312 op, 473870.00 ns, 3.5546 ns/op
OverheadActual  11: 133312 op, 469581.00 ns, 3.5224 ns/op
OverheadActual  12: 133312 op, 472940.00 ns, 3.5476 ns/op
OverheadActual  13: 133312 op, 425470.00 ns, 3.1915 ns/op
OverheadActual  14: 133312 op, 428373.00 ns, 3.2133 ns/op
OverheadActual  15: 133312 op, 426389.00 ns, 3.1984 ns/op
OverheadActual  16: 133312 op, 430008.00 ns, 3.2256 ns/op
OverheadActual  17: 133312 op, 474122.00 ns, 3.5565 ns/op
OverheadActual  18: 133312 op, 471840.00 ns, 3.5394 ns/op

WorkloadWarmup   1: 133312 op, 1179777909.00 ns, 8.8498 us/op
WorkloadWarmup   2: 133312 op, 1110398991.00 ns, 8.3293 us/op
WorkloadWarmup   3: 133312 op, 994892422.00 ns, 7.4629 us/op
WorkloadWarmup   4: 133312 op, 1001221110.00 ns, 7.5104 us/op
WorkloadWarmup   5: 133312 op, 1019614389.00 ns, 7.6483 us/op
WorkloadWarmup   6: 133312 op, 1110120165.00 ns, 8.3272 us/op
WorkloadWarmup   7: 133312 op, 1001165195.00 ns, 7.5099 us/op
WorkloadWarmup   8: 133312 op, 999779964.00 ns, 7.4995 us/op
WorkloadWarmup   9: 133312 op, 1004365502.00 ns, 7.5339 us/op
WorkloadWarmup  10: 133312 op, 1009742523.00 ns, 7.5743 us/op
WorkloadWarmup  11: 133312 op, 1184088145.00 ns, 8.8821 us/op
WorkloadWarmup  12: 133312 op, 1043174806.00 ns, 7.8251 us/op

// BeforeActualRun
WorkloadActual   1: 133312 op, 998313523.00 ns, 7.4885 us/op
WorkloadActual   2: 133312 op, 1007921895.00 ns, 7.5606 us/op
WorkloadActual   3: 133312 op, 1002575802.00 ns, 7.5205 us/op
WorkloadActual   4: 133312 op, 1008841592.00 ns, 7.5675 us/op
WorkloadActual   5: 133312 op, 1120184669.00 ns, 8.4027 us/op
WorkloadActual   6: 133312 op, 1001560235.00 ns, 7.5129 us/op
WorkloadActual   7: 133312 op, 1028561009.00 ns, 7.7154 us/op
WorkloadActual   8: 133312 op, 1033563606.00 ns, 7.7530 us/op
WorkloadActual   9: 133312 op, 1084393094.00 ns, 8.1342 us/op
WorkloadActual  10: 133312 op, 1093311757.00 ns, 8.2012 us/op
WorkloadActual  11: 133312 op, 1000554073.00 ns, 7.5054 us/op
WorkloadActual  12: 133312 op, 1003493876.00 ns, 7.5274 us/op
WorkloadActual  13: 133312 op, 1006468154.00 ns, 7.5497 us/op
WorkloadActual  14: 133312 op, 1013645510.00 ns, 7.6036 us/op
WorkloadActual  15: 133312 op, 1119618106.00 ns, 8.3985 us/op
WorkloadActual  16: 133312 op, 1002231316.00 ns, 7.5179 us/op
WorkloadActual  17: 133312 op, 1007492246.00 ns, 7.5574 us/op
WorkloadActual  18: 133312 op, 1023340590.00 ns, 7.6763 us/op
WorkloadActual  19: 133312 op, 1209763191.00 ns, 9.0747 us/op
WorkloadActual  20: 133312 op, 1146487892.00 ns, 8.6000 us/op
WorkloadActual  21: 133312 op, 996047831.00 ns, 7.4716 us/op
WorkloadActual  22: 133312 op, 1027085197.00 ns, 7.7044 us/op
WorkloadActual  23: 133312 op, 997598707.00 ns, 7.4832 us/op
WorkloadActual  24: 133312 op, 1000792176.00 ns, 7.5071 us/op
WorkloadActual  25: 133312 op, 1098286630.00 ns, 8.2385 us/op
WorkloadActual  26: 133312 op, 997194920.00 ns, 7.4802 us/op
WorkloadActual  27: 133312 op, 994447210.00 ns, 7.4595 us/op
WorkloadActual  28: 133312 op, 1071672741.00 ns, 8.0388 us/op
WorkloadActual  29: 133312 op, 995342326.00 ns, 7.4663 us/op
WorkloadActual  30: 133312 op, 1106815658.00 ns, 8.3024 us/op
WorkloadActual  31: 133312 op, 995786802.00 ns, 7.4696 us/op
WorkloadActual  32: 133312 op, 988567167.00 ns, 7.4154 us/op
WorkloadActual  33: 133312 op, 994853304.00 ns, 7.4626 us/op
WorkloadActual  34: 133312 op, 995068646.00 ns, 7.4642 us/op
WorkloadActual  35: 133312 op, 1117131736.00 ns, 8.3798 us/op
WorkloadActual  36: 133312 op, 994358147.00 ns, 7.4589 us/op
WorkloadActual  37: 133312 op, 998886907.00 ns, 7.4929 us/op
WorkloadActual  38: 133312 op, 1045805104.00 ns, 7.8448 us/op
WorkloadActual  39: 133312 op, 1001365804.00 ns, 7.5114 us/op
WorkloadActual  40: 133312 op, 1078786820.00 ns, 8.0922 us/op
WorkloadActual  41: 133312 op, 1028549886.00 ns, 7.7154 us/op
WorkloadActual  42: 133312 op, 1006556663.00 ns, 7.5504 us/op
WorkloadActual  43: 133312 op, 1002745510.00 ns, 7.5218 us/op
WorkloadActual  44: 133312 op, 1012165267.00 ns, 7.5925 us/op
WorkloadActual  45: 133312 op, 989036370.00 ns, 7.4190 us/op
WorkloadActual  46: 133312 op, 1101600030.00 ns, 8.2633 us/op
WorkloadActual  47: 133312 op, 1005130239.00 ns, 7.5397 us/op
WorkloadActual  48: 133312 op, 1104990237.00 ns, 8.2888 us/op
WorkloadActual  49: 133312 op, 998615955.00 ns, 7.4908 us/op
WorkloadActual  50: 133312 op, 992278400.00 ns, 7.4433 us/op
WorkloadActual  51: 133312 op, 1105247330.00 ns, 8.2907 us/op
WorkloadActual  52: 133312 op, 982722181.00 ns, 7.3716 us/op
WorkloadActual  53: 133312 op, 987205898.00 ns, 7.4052 us/op
WorkloadActual  54: 133312 op, 988715406.00 ns, 7.4166 us/op
WorkloadActual  55: 133312 op, 992925773.00 ns, 7.4481 us/op
WorkloadActual  56: 133312 op, 1094673908.00 ns, 8.2114 us/op
WorkloadActual  57: 133312 op, 1099800612.00 ns, 8.2498 us/op
WorkloadActual  58: 133312 op, 994686884.00 ns, 7.4613 us/op
WorkloadActual  59: 133312 op, 995204905.00 ns, 7.4652 us/op
WorkloadActual  60: 133312 op, 1000143694.00 ns, 7.5023 us/op
WorkloadActual  61: 133312 op, 1146567149.00 ns, 8.6006 us/op
WorkloadActual  62: 133312 op, 998555128.00 ns, 7.4904 us/op
WorkloadActual  63: 133312 op, 1003109984.00 ns, 7.5245 us/op
WorkloadActual  64: 133312 op, 1001259821.00 ns, 7.5107 us/op
WorkloadActual  65: 133312 op, 1005973048.00 ns, 7.5460 us/op
WorkloadActual  66: 133312 op, 1100710971.00 ns, 8.2567 us/op
WorkloadActual  67: 133312 op, 1036580392.00 ns, 7.7756 us/op
WorkloadActual  68: 133312 op, 1006997950.00 ns, 7.5537 us/op
WorkloadActual  69: 133312 op, 1000439500.00 ns, 7.5045 us/op
WorkloadActual  70: 133312 op, 1015406852.00 ns, 7.6168 us/op
WorkloadActual  71: 133312 op, 1096998904.00 ns, 8.2288 us/op
WorkloadActual  72: 133312 op, 1000918564.00 ns, 7.5081 us/op

// AfterActualRun
WorkloadResult   1: 133312 op, 997864881.00 ns, 7.4852 us/op
WorkloadResult   2: 133312 op, 1007473253.00 ns, 7.5573 us/op
WorkloadResult   3: 133312 op, 1002127160.00 ns, 7.5172 us/op
WorkloadResult   4: 133312 op, 1008392950.00 ns, 7.5642 us/op
WorkloadResult   5: 133312 op, 1119736027.00 ns, 8.3994 us/op
WorkloadResult   6: 133312 op, 1001111593.00 ns, 7.5095 us/op
WorkloadResult   7: 133312 op, 1028112367.00 ns, 7.7121 us/op
WorkloadResult   8: 133312 op, 1033114964.00 ns, 7.7496 us/op
WorkloadResult   9: 133312 op, 1083944452.00 ns, 8.1309 us/op
WorkloadResult  10: 133312 op, 1092863115.00 ns, 8.1978 us/op
WorkloadResult  11: 133312 op, 1000105431.00 ns, 7.5020 us/op
WorkloadResult  12: 133312 op, 1003045234.00 ns, 7.5240 us/op
WorkloadResult  13: 133312 op, 1006019512.00 ns, 7.5464 us/op
WorkloadResult  14: 133312 op, 1013196868.00 ns, 7.6002 us/op
WorkloadResult  15: 133312 op, 1119169464.00 ns, 8.3951 us/op
WorkloadResult  16: 133312 op, 1001782674.00 ns, 7.5146 us/op
WorkloadResult  17: 133312 op, 1007043604.00 ns, 7.5540 us/op
WorkloadResult  18: 133312 op, 1022891948.00 ns, 7.6729 us/op
WorkloadResult  19: 133312 op, 1209314549.00 ns, 9.0713 us/op
WorkloadResult  20: 133312 op, 1146039250.00 ns, 8.5967 us/op
WorkloadResult  21: 133312 op, 995599189.00 ns, 7.4682 us/op
WorkloadResult  22: 133312 op, 1026636555.00 ns, 7.7010 us/op
WorkloadResult  23: 133312 op, 997150065.00 ns, 7.4798 us/op
WorkloadResult  24: 133312 op, 1000343534.00 ns, 7.5038 us/op
WorkloadResult  25: 133312 op, 1097837988.00 ns, 8.2351 us/op
WorkloadResult  26: 133312 op, 996746278.00 ns, 7.4768 us/op
WorkloadResult  27: 133312 op, 993998568.00 ns, 7.4562 us/op
WorkloadResult  28: 133312 op, 1071224099.00 ns, 8.0355 us/op
WorkloadResult  29: 133312 op, 994893684.00 ns, 7.4629 us/op
WorkloadResult  30: 133312 op, 1106367016.00 ns, 8.2991 us/op
WorkloadResult  31: 133312 op, 995338160.00 ns, 7.4662 us/op
WorkloadResult  32: 133312 op, 988118525.00 ns, 7.4121 us/op
WorkloadResult  33: 133312 op, 994404662.00 ns, 7.4592 us/op
WorkloadResult  34: 133312 op, 994620004.00 ns, 7.4608 us/op
WorkloadResult  35: 133312 op, 1116683094.00 ns, 8.3765 us/op
WorkloadResult  36: 133312 op, 993909505.00 ns, 7.4555 us/op
WorkloadResult  37: 133312 op, 998438265.00 ns, 7.4895 us/op
WorkloadResult  38: 133312 op, 1045356462.00 ns, 7.8414 us/op
WorkloadResult  39: 133312 op, 1000917162.00 ns, 7.5081 us/op
WorkloadResult  40: 133312 op, 1078338178.00 ns, 8.0888 us/op
WorkloadResult  41: 133312 op, 1028101244.00 ns, 7.7120 us/op
WorkloadResult  42: 133312 op, 1006108021.00 ns, 7.5470 us/op
WorkloadResult  43: 133312 op, 1002296868.00 ns, 7.5184 us/op
WorkloadResult  44: 133312 op, 1011716625.00 ns, 7.5891 us/op
WorkloadResult  45: 133312 op, 988587728.00 ns, 7.4156 us/op
WorkloadResult  46: 133312 op, 1101151388.00 ns, 8.2600 us/op
WorkloadResult  47: 133312 op, 1004681597.00 ns, 7.5363 us/op
WorkloadResult  48: 133312 op, 1104541595.00 ns, 8.2854 us/op
WorkloadResult  49: 133312 op, 998167313.00 ns, 7.4875 us/op
WorkloadResult  50: 133312 op, 991829758.00 ns, 7.4399 us/op
WorkloadResult  51: 133312 op, 1104798688.00 ns, 8.2873 us/op
WorkloadResult  52: 133312 op, 982273539.00 ns, 7.3682 us/op
WorkloadResult  53: 133312 op, 986757256.00 ns, 7.4019 us/op
WorkloadResult  54: 133312 op, 988266764.00 ns, 7.4132 us/op
WorkloadResult  55: 133312 op, 992477131.00 ns, 7.4448 us/op
WorkloadResult  56: 133312 op, 1094225266.00 ns, 8.2080 us/op
WorkloadResult  57: 133312 op, 1099351970.00 ns, 8.2465 us/op
WorkloadResult  58: 133312 op, 994238242.00 ns, 7.4580 us/op
WorkloadResult  59: 133312 op, 994756263.00 ns, 7.4619 us/op
WorkloadResult  60: 133312 op, 999695052.00 ns, 7.4989 us/op
WorkloadResult  61: 133312 op, 1146118507.00 ns, 8.5973 us/op
WorkloadResult  62: 133312 op, 998106486.00 ns, 7.4870 us/op
WorkloadResult  63: 133312 op, 1002661342.00 ns, 7.5212 us/op
WorkloadResult  64: 133312 op, 1000811179.00 ns, 7.5073 us/op
WorkloadResult  65: 133312 op, 1005524406.00 ns, 7.5426 us/op
WorkloadResult  66: 133312 op, 1100262329.00 ns, 8.2533 us/op
WorkloadResult  67: 133312 op, 1036131750.00 ns, 7.7722 us/op
WorkloadResult  68: 133312 op, 1006549308.00 ns, 7.5503 us/op
WorkloadResult  69: 133312 op, 999990858.00 ns, 7.5011 us/op
WorkloadResult  70: 133312 op, 1014958210.00 ns, 7.6134 us/op
WorkloadResult  71: 133312 op, 1096550262.00 ns, 8.2254 us/op
WorkloadResult  72: 133312 op, 1000469922.00 ns, 7.5047 us/op

// AfterAll
// Benchmark Process 894522 has exited with code 0.

Mean = 7.738 μs, StdErr = 0.045 μs (0.58%), N = 72, StdDev = 0.382 μs
Min = 7.368 μs, Q1 = 7.484 μs, Median = 7.539 μs, Q3 = 8.049 μs, Max = 9.071 μs
IQR = 0.565 μs, LowerFence = 6.636 μs, UpperFence = 8.896 μs
ConfidenceInterval = [7.583 μs; 7.893 μs] (CI 99.9%), Margin = 0.155 μs (2.00% of Mean)
Skewness = 1.3, Kurtosis = 3.74, MValue = 2.58

// ** Remained 9 (90.0 %) benchmark(s) to run. Estimated finish 2026-05-15 19:02 (0h 16m from now) **
// **************************
// Benchmark: SmokeBenchByte.STJSrcGen_Deser: Energy(OutlierMode=DontRemove, IterationTime=1s)
// *** Execute ***
// Launch: 1 / 1
// Execute: dotnet JsonBench-Energy-1.dll --anonymousPipes 162 163 --benchmarkName JsonBench.Benchmarks.SmokeBenchByte.STJSrcGen_Deser --job Energy --benchmarkId 1 in /home/test/json-energy-bench/JsonBench/bin/Release/net10.0/JsonBench-Energy-1/bin/Release/net10.0
// BeforeAnythingElse

// Benchmark Process Environment Information:
// BenchmarkDotNet v0.15.5-develop (2026-05-15)
// Runtime=.NET 10.0.7 (10.0.7, 10.0.726.21808), X64 RyuJIT x86-64-v3
// GC=Concurrent Workstation
// HardwareIntrinsics=AVX2+BMI1+BMI2+F16C+FMA+LZCNT+MOVBE,AVX,SSE3+SSSE3+SSE4.1+SSE4.2+POPCNT,X86Base+SSE+SSE2,AES+PCLMUL VectorSize=256
// Job: Energy(OutlierMode=DontRemove, IterationTime=1s)

OverheadJitting  1: 1 op, 183780.00 ns, 183.7800 us/op
WorkloadJitting  1: 1 op, 8305265.00 ns, 8.3053 ms/op

OverheadJitting  2: 16 op, 491874.00 ns, 30.7421 us/op
WorkloadJitting  2: 16 op, 818393.00 ns, 51.1496 us/op

WorkloadPilot    1: 16 op, 335963.00 ns, 20.9977 us/op
WorkloadPilot    2: 47632 op, 661366805.00 ns, 13.8849 us/op
WorkloadPilot    3: 72032 op, 612160374.00 ns, 8.4985 us/op
WorkloadPilot    4: 117680 op, 927748674.00 ns, 7.8837 us/op
WorkloadPilot    5: 126848 op, 1172787269.00 ns, 9.2456 us/op
WorkloadPilot    6: 108160 op, 1024707801.00 ns, 9.4740 us/op
WorkloadPilot    7: 105552 op, 976856234.00 ns, 9.2547 us/op
WorkloadPilot    8: 108064 op, 912802236.00 ns, 8.4469 us/op
WorkloadPilot    9: 118400 op, 899196691.00 ns, 7.5946 us/op
WorkloadPilot   10: 131680 op, 998255067.00 ns, 7.5809 us/op
WorkloadPilot   11: 131920 op, 988661951.00 ns, 7.4944 us/op
WorkloadPilot   12: 133440 op, 1000716338.00 ns, 7.4994 us/op

OverheadWarmup   1: 133440 op, 452903.00 ns, 3.3941 ns/op
OverheadWarmup   2: 133440 op, 494973.00 ns, 3.7093 ns/op
OverheadWarmup   3: 133440 op, 452312.00 ns, 3.3896 ns/op
OverheadWarmup   4: 133440 op, 499605.00 ns, 3.7440 ns/op
OverheadWarmup   5: 133440 op, 493140.00 ns, 3.6956 ns/op

OverheadActual   1: 133440 op, 457830.00 ns, 3.4310 ns/op
OverheadActual   2: 133440 op, 453123.00 ns, 3.3957 ns/op
OverheadActual   3: 133440 op, 453131.00 ns, 3.3958 ns/op
OverheadActual   4: 133440 op, 452374.00 ns, 3.3901 ns/op
OverheadActual   5: 133440 op, 497639.00 ns, 3.7293 ns/op
OverheadActual   6: 133440 op, 501687.00 ns, 3.7596 ns/op
OverheadActual   7: 133440 op, 451329.00 ns, 3.3823 ns/op
OverheadActual   8: 133440 op, 451392.00 ns, 3.3827 ns/op
OverheadActual   9: 133440 op, 500357.00 ns, 3.7497 ns/op
OverheadActual  10: 133440 op, 499236.00 ns, 3.7413 ns/op
OverheadActual  11: 133440 op, 452632.00 ns, 3.3920 ns/op
OverheadActual  12: 133440 op, 452609.00 ns, 3.3919 ns/op
OverheadActual  13: 133440 op, 452730.00 ns, 3.3928 ns/op
OverheadActual  14: 133440 op, 493475.00 ns, 3.6981 ns/op
OverheadActual  15: 133440 op, 453058.00 ns, 3.3952 ns/op
OverheadActual  16: 133440 op, 453148.00 ns, 3.3959 ns/op

WorkloadWarmup   1: 133440 op, 1115405900.00 ns, 8.3589 us/op
WorkloadWarmup   2: 133440 op, 1211456399.00 ns, 9.0787 us/op
WorkloadWarmup   3: 133440 op, 1000954860.00 ns, 7.5012 us/op
WorkloadWarmup   4: 133440 op, 997126702.00 ns, 7.4725 us/op
WorkloadWarmup   5: 133440 op, 1005897688.00 ns, 7.5382 us/op
WorkloadWarmup   6: 133440 op, 1133465912.00 ns, 8.4942 us/op
WorkloadWarmup   7: 133440 op, 1005550141.00 ns, 7.5356 us/op

// BeforeActualRun
WorkloadActual   1: 133440 op, 1002267699.00 ns, 7.5110 us/op
WorkloadActual   2: 133440 op, 1007628790.00 ns, 7.5512 us/op
WorkloadActual   3: 133440 op, 1007661753.00 ns, 7.5514 us/op
WorkloadActual   4: 133440 op, 1222949005.00 ns, 9.1648 us/op
WorkloadActual   5: 133440 op, 1026571723.00 ns, 7.6931 us/op
WorkloadActual   6: 133440 op, 1005297170.00 ns, 7.5337 us/op
WorkloadActual   7: 133440 op, 1011280260.00 ns, 7.5785 us/op
WorkloadActual   8: 133440 op, 1009717841.00 ns, 7.5668 us/op
WorkloadActual   9: 133440 op, 1022134121.00 ns, 7.6599 us/op
WorkloadActual  10: 133440 op, 1089399158.00 ns, 8.1640 us/op
WorkloadActual  11: 133440 op, 1015431674.00 ns, 7.6096 us/op
WorkloadActual  12: 133440 op, 1025183516.00 ns, 7.6827 us/op
WorkloadActual  13: 133440 op, 1020815951.00 ns, 7.6500 us/op
WorkloadActual  14: 133440 op, 1108822605.00 ns, 8.3095 us/op
WorkloadActual  15: 133440 op, 1129816800.00 ns, 8.4669 us/op
WorkloadActual  16: 133440 op, 1005551385.00 ns, 7.5356 us/op
WorkloadActual  17: 133440 op, 1006732643.00 ns, 7.5445 us/op
WorkloadActual  18: 133440 op, 1000715842.00 ns, 7.4994 us/op
WorkloadActual  19: 133440 op, 993904688.00 ns, 7.4483 us/op
WorkloadActual  20: 133440 op, 1100455743.00 ns, 8.2468 us/op
WorkloadActual  21: 133440 op, 996610578.00 ns, 7.4686 us/op
WorkloadActual  22: 133440 op, 999235730.00 ns, 7.4883 us/op
WorkloadActual  23: 133440 op, 1122357817.00 ns, 8.4110 us/op
WorkloadActual  24: 133440 op, 1078068606.00 ns, 8.0791 us/op
WorkloadActual  25: 133440 op, 1104120258.00 ns, 8.2743 us/op
WorkloadActual  26: 133440 op, 997468628.00 ns, 7.4750 us/op
WorkloadActual  27: 133440 op, 999155703.00 ns, 7.4877 us/op
WorkloadActual  28: 133440 op, 995711198.00 ns, 7.4619 us/op
WorkloadActual  29: 133440 op, 1025319594.00 ns, 7.6837 us/op
WorkloadActual  30: 133440 op, 1097041506.00 ns, 8.2212 us/op
WorkloadActual  31: 133440 op, 1003821263.00 ns, 7.5226 us/op
WorkloadActual  32: 133440 op, 997048316.00 ns, 7.4719 us/op
WorkloadActual  33: 133440 op, 1030606618.00 ns, 7.7234 us/op
WorkloadActual  34: 133440 op, 1026638833.00 ns, 7.6936 us/op
WorkloadActual  35: 133440 op, 1103772166.00 ns, 8.2717 us/op
WorkloadActual  36: 133440 op, 977850616.00 ns, 7.3280 us/op
WorkloadActual  37: 133440 op, 998424436.00 ns, 7.4822 us/op
WorkloadActual  38: 133440 op, 989851471.00 ns, 7.4180 us/op
WorkloadActual  39: 133440 op, 974514632.00 ns, 7.3030 us/op
WorkloadActual  40: 133440 op, 1082929689.00 ns, 8.1155 us/op
WorkloadActual  41: 133440 op, 1020119260.00 ns, 7.6448 us/op
WorkloadActual  42: 133440 op, 999999144.00 ns, 7.4940 us/op
WorkloadActual  43: 133440 op, 1151955091.00 ns, 8.6328 us/op
WorkloadActual  44: 133440 op, 1010253635.00 ns, 7.5708 us/op
WorkloadActual  45: 133440 op, 1074402163.00 ns, 8.0516 us/op
WorkloadActual  46: 133440 op, 1038602368.00 ns, 7.7833 us/op
WorkloadActual  47: 133440 op, 970972231.00 ns, 7.2765 us/op
WorkloadActual  48: 133440 op, 989853672.00 ns, 7.4180 us/op
WorkloadActual  49: 133440 op, 994823271.00 ns, 7.4552 us/op
WorkloadActual  50: 133440 op, 995414353.00 ns, 7.4596 us/op
WorkloadActual  51: 133440 op, 1095563368.00 ns, 8.2102 us/op
WorkloadActual  52: 133440 op, 1015712279.00 ns, 7.6118 us/op
WorkloadActual  53: 133440 op, 1066928266.00 ns, 7.9956 us/op
WorkloadActual  54: 133440 op, 1009341838.00 ns, 7.5640 us/op
WorkloadActual  55: 133440 op, 1006926564.00 ns, 7.5459 us/op
WorkloadActual  56: 133440 op, 1119030822.00 ns, 8.3860 us/op
WorkloadActual  57: 133440 op, 1025664680.00 ns, 7.6863 us/op
WorkloadActual  58: 133440 op, 996147559.00 ns, 7.4651 us/op
WorkloadActual  59: 133440 op, 994240930.00 ns, 7.4508 us/op
WorkloadActual  60: 133440 op, 1031187238.00 ns, 7.7277 us/op
WorkloadActual  61: 133440 op, 1130983944.00 ns, 8.4756 us/op
WorkloadActual  62: 133440 op, 1071877867.00 ns, 8.0327 us/op
WorkloadActual  63: 133440 op, 1012109016.00 ns, 7.5847 us/op
WorkloadActual  64: 133440 op, 1005179030.00 ns, 7.5328 us/op
WorkloadActual  65: 133440 op, 1001883668.00 ns, 7.5081 us/op
WorkloadActual  66: 133440 op, 1118765241.00 ns, 8.3840 us/op
WorkloadActual  67: 133440 op, 1004293051.00 ns, 7.5262 us/op
WorkloadActual  68: 133440 op, 994375752.00 ns, 7.4519 us/op
WorkloadActual  69: 133440 op, 994370793.00 ns, 7.4518 us/op
WorkloadActual  70: 133440 op, 995604950.00 ns, 7.4611 us/op
WorkloadActual  71: 133440 op, 1116049174.00 ns, 8.3637 us/op
WorkloadActual  72: 133440 op, 1098048276.00 ns, 8.2288 us/op
WorkloadActual  73: 133440 op, 993741884.00 ns, 7.4471 us/op
WorkloadActual  74: 133440 op, 995030551.00 ns, 7.4568 us/op

// AfterActualRun
WorkloadResult   1: 133440 op, 1001814572.00 ns, 7.5076 us/op
WorkloadResult   2: 133440 op, 1007175663.00 ns, 7.5478 us/op
WorkloadResult   3: 133440 op, 1007208626.00 ns, 7.5480 us/op
WorkloadResult   4: 133440 op, 1222495878.00 ns, 9.1614 us/op
WorkloadResult   5: 133440 op, 1026118596.00 ns, 7.6897 us/op
WorkloadResult   6: 133440 op, 1004844043.00 ns, 7.5303 us/op
WorkloadResult   7: 133440 op, 1010827133.00 ns, 7.5751 us/op
WorkloadResult   8: 133440 op, 1009264714.00 ns, 7.5634 us/op
WorkloadResult   9: 133440 op, 1021680994.00 ns, 7.6565 us/op
WorkloadResult  10: 133440 op, 1088946031.00 ns, 8.1606 us/op
WorkloadResult  11: 133440 op, 1014978547.00 ns, 7.6063 us/op
WorkloadResult  12: 133440 op, 1024730389.00 ns, 7.6793 us/op
WorkloadResult  13: 133440 op, 1020362824.00 ns, 7.6466 us/op
WorkloadResult  14: 133440 op, 1108369478.00 ns, 8.3061 us/op
WorkloadResult  15: 133440 op, 1129363673.00 ns, 8.4635 us/op
WorkloadResult  16: 133440 op, 1005098258.00 ns, 7.5322 us/op
WorkloadResult  17: 133440 op, 1006279516.00 ns, 7.5411 us/op
WorkloadResult  18: 133440 op, 1000262715.00 ns, 7.4960 us/op
WorkloadResult  19: 133440 op, 993451561.00 ns, 7.4449 us/op
WorkloadResult  20: 133440 op, 1100002616.00 ns, 8.2434 us/op
WorkloadResult  21: 133440 op, 996157451.00 ns, 7.4652 us/op
WorkloadResult  22: 133440 op, 998782603.00 ns, 7.4849 us/op
WorkloadResult  23: 133440 op, 1121904690.00 ns, 8.4076 us/op
WorkloadResult  24: 133440 op, 1077615479.00 ns, 8.0757 us/op
WorkloadResult  25: 133440 op, 1103667131.00 ns, 8.2709 us/op
WorkloadResult  26: 133440 op, 997015501.00 ns, 7.4716 us/op
WorkloadResult  27: 133440 op, 998702576.00 ns, 7.4843 us/op
WorkloadResult  28: 133440 op, 995258071.00 ns, 7.4585 us/op
WorkloadResult  29: 133440 op, 1024866467.00 ns, 7.6804 us/op
WorkloadResult  30: 133440 op, 1096588379.00 ns, 8.2178 us/op
WorkloadResult  31: 133440 op, 1003368136.00 ns, 7.5192 us/op
WorkloadResult  32: 133440 op, 996595189.00 ns, 7.4685 us/op
WorkloadResult  33: 133440 op, 1030153491.00 ns, 7.7200 us/op
WorkloadResult  34: 133440 op, 1026185706.00 ns, 7.6902 us/op
WorkloadResult  35: 133440 op, 1103319039.00 ns, 8.2683 us/op
WorkloadResult  36: 133440 op, 977397489.00 ns, 7.3246 us/op
WorkloadResult  37: 133440 op, 997971309.00 ns, 7.4788 us/op
WorkloadResult  38: 133440 op, 989398344.00 ns, 7.4146 us/op
WorkloadResult  39: 133440 op, 974061505.00 ns, 7.2996 us/op
WorkloadResult  40: 133440 op, 1082476562.00 ns, 8.1121 us/op
WorkloadResult  41: 133440 op, 1019666133.00 ns, 7.6414 us/op
WorkloadResult  42: 133440 op, 999546017.00 ns, 7.4906 us/op
WorkloadResult  43: 133440 op, 1151501964.00 ns, 8.6294 us/op
WorkloadResult  44: 133440 op, 1009800508.00 ns, 7.5674 us/op
WorkloadResult  45: 133440 op, 1073949036.00 ns, 8.0482 us/op
WorkloadResult  46: 133440 op, 1038149241.00 ns, 7.7799 us/op
WorkloadResult  47: 133440 op, 970519104.00 ns, 7.2731 us/op
WorkloadResult  48: 133440 op, 989400545.00 ns, 7.4146 us/op
WorkloadResult  49: 133440 op, 994370144.00 ns, 7.4518 us/op
WorkloadResult  50: 133440 op, 994961226.00 ns, 7.4562 us/op
WorkloadResult  51: 133440 op, 1095110241.00 ns, 8.2068 us/op
WorkloadResult  52: 133440 op, 1015259152.00 ns, 7.6084 us/op
WorkloadResult  53: 133440 op, 1066475139.00 ns, 7.9922 us/op
WorkloadResult  54: 133440 op, 1008888711.00 ns, 7.5606 us/op
WorkloadResult  55: 133440 op, 1006473437.00 ns, 7.5425 us/op
WorkloadResult  56: 133440 op, 1118577695.00 ns, 8.3826 us/op
WorkloadResult  57: 133440 op, 1025211553.00 ns, 7.6829 us/op
WorkloadResult  58: 133440 op, 995694432.00 ns, 7.4617 us/op
WorkloadResult  59: 133440 op, 993787803.00 ns, 7.4475 us/op
WorkloadResult  60: 133440 op, 1030734111.00 ns, 7.7243 us/op
WorkloadResult  61: 133440 op, 1130530817.00 ns, 8.4722 us/op
WorkloadResult  62: 133440 op, 1071424740.00 ns, 8.0293 us/op
WorkloadResult  63: 133440 op, 1011655889.00 ns, 7.5814 us/op
WorkloadResult  64: 133440 op, 1004725903.00 ns, 7.5294 us/op
WorkloadResult  65: 133440 op, 1001430541.00 ns, 7.5047 us/op
WorkloadResult  66: 133440 op, 1118312114.00 ns, 8.3806 us/op
WorkloadResult  67: 133440 op, 1003839924.00 ns, 7.5228 us/op
WorkloadResult  68: 133440 op, 993922625.00 ns, 7.4485 us/op
WorkloadResult  69: 133440 op, 993917666.00 ns, 7.4484 us/op
WorkloadResult  70: 133440 op, 995151823.00 ns, 7.4577 us/op
WorkloadResult  71: 133440 op, 1115596047.00 ns, 8.3603 us/op
WorkloadResult  72: 133440 op, 1097595149.00 ns, 8.2254 us/op
WorkloadResult  73: 133440 op, 993288757.00 ns, 7.4437 us/op
WorkloadResult  74: 133440 op, 994577424.00 ns, 7.4534 us/op

// AfterAll
// Benchmark Process 895285 has exited with code 0.

Mean = 7.749 μs, StdErr = 0.045 μs (0.58%), N = 74, StdDev = 0.388 μs
Min = 7.273 μs, Q1 = 7.473 μs, Median = 7.565 μs, Q3 = 8.043 μs, Max = 9.161 μs
IQR = 0.570 μs, LowerFence = 6.618 μs, UpperFence = 8.898 μs
ConfidenceInterval = [7.595 μs; 7.904 μs] (CI 99.9%), Margin = 0.155 μs (1.99% of Mean)
Skewness = 1.25, Kurtosis = 3.95, MValue = 2.63

// ** Remained 8 (80.0 %) benchmark(s) to run. Estimated finish 2026-05-15 19:01 (0h 14m from now) **
// **************************
// Benchmark: SmokeBenchByte.Newtonsoft_Deser: Energy(OutlierMode=DontRemove, IterationTime=1s)
// *** Execute ***
// Launch: 1 / 1
// Execute: dotnet JsonBench-Energy-1.dll --anonymousPipes 121 122 --benchmarkName JsonBench.Benchmarks.SmokeBenchByte.Newtonsoft_Deser --job Energy --benchmarkId 2 in /home/test/json-energy-bench/JsonBench/bin/Release/net10.0/JsonBench-Energy-1/bin/Release/net10.0
// BeforeAnythingElse

// Benchmark Process Environment Information:
// BenchmarkDotNet v0.15.5-develop (2026-05-15)
// Runtime=.NET 10.0.7 (10.0.7, 10.0.726.21808), X64 RyuJIT x86-64-v3
// GC=Concurrent Workstation
// HardwareIntrinsics=AVX2+BMI1+BMI2+F16C+FMA+LZCNT+MOVBE,AVX,SSE3+SSSE3+SSE4.1+SSE4.2+POPCNT,X86Base+SSE+SSE2,AES+PCLMUL VectorSize=256
// Job: Energy(OutlierMode=DontRemove, IterationTime=1s)

OverheadJitting  1: 1 op, 188944.00 ns, 188.9440 us/op
WorkloadJitting  1: 1 op, 47354942.00 ns, 47.3549 ms/op

OverheadJitting  2: 16 op, 499948.00 ns, 31.2468 us/op
WorkloadJitting  2: 16 op, 1848090.00 ns, 115.5056 us/op

WorkloadPilot    1: 16 op, 1307894.00 ns, 81.7434 us/op
WorkloadPilot    2: 12240 op, 497819510.00 ns, 40.6715 us/op
WorkloadPilot    3: 24592 op, 350828955.00 ns, 14.2660 us/op
WorkloadPilot    4: 70112 op, 1086582511.00 ns, 15.4978 us/op
WorkloadPilot    5: 64528 op, 1092998902.00 ns, 16.9384 us/op
WorkloadPilot    6: 59040 op, 1042806097.00 ns, 17.6627 us/op

OverheadWarmup   1: 59040 op, 205772.00 ns, 3.4853 ns/op
OverheadWarmup   2: 59040 op, 207034.00 ns, 3.5067 ns/op
OverheadWarmup   3: 59040 op, 206855.00 ns, 3.5036 ns/op
OverheadWarmup   4: 59040 op, 206749.00 ns, 3.5018 ns/op
OverheadWarmup   5: 59040 op, 1306598.00 ns, 22.1307 ns/op
OverheadWarmup   6: 59040 op, 226749.00 ns, 3.8406 ns/op

OverheadActual   1: 59040 op, 217773.00 ns, 3.6886 ns/op
OverheadActual   2: 59040 op, 307587.00 ns, 5.2098 ns/op
OverheadActual   3: 59040 op, 215407.00 ns, 3.6485 ns/op
OverheadActual   4: 59040 op, 206511.00 ns, 3.4978 ns/op
OverheadActual   5: 59040 op, 213486.00 ns, 3.6160 ns/op
OverheadActual   6: 59040 op, 456233.00 ns, 7.7275 ns/op
OverheadActual   7: 59040 op, 206836.00 ns, 3.5033 ns/op
OverheadActual   8: 59040 op, 258017.00 ns, 4.3702 ns/op
OverheadActual   9: 59040 op, 210061.00 ns, 3.5579 ns/op
OverheadActual  10: 59040 op, 207064.00 ns, 3.5072 ns/op
OverheadActual  11: 59040 op, 226578.00 ns, 3.8377 ns/op
OverheadActual  12: 59040 op, 375210.00 ns, 6.3552 ns/op
OverheadActual  13: 59040 op, 206806.00 ns, 3.5028 ns/op
OverheadActual  14: 59040 op, 226704.00 ns, 3.8398 ns/op
OverheadActual  15: 59040 op, 206884.00 ns, 3.5041 ns/op
OverheadActual  16: 59040 op, 207127.00 ns, 3.5082 ns/op
OverheadActual  17: 59040 op, 457076.00 ns, 7.7418 ns/op
OverheadActual  18: 59040 op, 207521.00 ns, 3.5149 ns/op
OverheadActual  19: 59040 op, 206251.00 ns, 3.4934 ns/op
OverheadActual  20: 59040 op, 217892.00 ns, 3.6906 ns/op

WorkloadWarmup   1: 59040 op, 1093947475.00 ns, 18.5289 us/op
WorkloadWarmup   2: 59040 op, 942973303.00 ns, 15.9718 us/op
WorkloadWarmup   3: 59040 op, 831356641.00 ns, 14.0812 us/op
WorkloadWarmup   4: 59040 op, 834485995.00 ns, 14.1342 us/op
WorkloadWarmup   5: 59040 op, 833164466.00 ns, 14.1119 us/op
WorkloadWarmup   6: 59040 op, 831089502.00 ns, 14.0767 us/op
WorkloadWarmup   7: 59040 op, 828865923.00 ns, 14.0391 us/op
WorkloadWarmup   8: 59040 op, 957600198.00 ns, 16.2195 us/op
WorkloadWarmup   9: 59040 op, 1001761351.00 ns, 16.9675 us/op
WorkloadWarmup  10: 59040 op, 828337056.00 ns, 14.0301 us/op

// BeforeActualRun
WorkloadActual   1: 59040 op, 829405407.00 ns, 14.0482 us/op
WorkloadActual   2: 59040 op, 831635974.00 ns, 14.0860 us/op
WorkloadActual   3: 59040 op, 830640207.00 ns, 14.0691 us/op
WorkloadActual   4: 59040 op, 922240981.00 ns, 15.6206 us/op
WorkloadActual   5: 59040 op, 859596734.00 ns, 14.5596 us/op
WorkloadActual   6: 59040 op, 831102160.00 ns, 14.0769 us/op
WorkloadActual   7: 59040 op, 829039320.00 ns, 14.0420 us/op
WorkloadActual   8: 59040 op, 830799614.00 ns, 14.0718 us/op
WorkloadActual   9: 59040 op, 830593176.00 ns, 14.0683 us/op
WorkloadActual  10: 59040 op, 922823923.00 ns, 15.6305 us/op
WorkloadActual  11: 59040 op, 1005817668.00 ns, 17.0362 us/op
WorkloadActual  12: 59040 op, 833378168.00 ns, 14.1155 us/op
WorkloadActual  13: 59040 op, 835709582.00 ns, 14.1550 us/op
WorkloadActual  14: 59040 op, 835375715.00 ns, 14.1493 us/op
WorkloadActual  15: 59040 op, 833761110.00 ns, 14.1220 us/op
WorkloadActual  16: 59040 op, 832225436.00 ns, 14.0960 us/op
WorkloadActual  17: 59040 op, 956865809.00 ns, 16.2071 us/op
WorkloadActual  18: 59040 op, 831072716.00 ns, 14.0764 us/op
WorkloadActual  19: 59040 op, 837247701.00 ns, 14.1810 us/op
WorkloadActual  20: 59040 op, 829964499.00 ns, 14.0577 us/op
WorkloadActual  21: 59040 op, 849412141.00 ns, 14.3871 us/op
WorkloadActual  22: 59040 op, 906179864.00 ns, 15.3486 us/op
WorkloadActual  23: 59040 op, 923551741.00 ns, 15.6428 us/op
WorkloadActual  24: 59040 op, 831044038.00 ns, 14.0759 us/op
WorkloadActual  25: 59040 op, 830863725.00 ns, 14.0729 us/op
WorkloadActual  26: 59040 op, 825432292.00 ns, 13.9809 us/op
WorkloadActual  27: 59040 op, 828057059.00 ns, 14.0254 us/op
WorkloadActual  28: 59040 op, 828530525.00 ns, 14.0334 us/op
WorkloadActual  29: 59040 op, 923469126.00 ns, 15.6414 us/op
WorkloadActual  30: 59040 op, 828475948.00 ns, 14.0325 us/op
WorkloadActual  31: 59040 op, 828358260.00 ns, 14.0305 us/op
WorkloadActual  32: 59040 op, 828063694.00 ns, 14.0255 us/op
WorkloadActual  33: 59040 op, 867826886.00 ns, 14.6990 us/op
WorkloadActual  34: 59040 op, 960728736.00 ns, 16.2725 us/op
WorkloadActual  35: 59040 op, 960898361.00 ns, 16.2754 us/op
WorkloadActual  36: 59040 op, 835577847.00 ns, 14.1527 us/op
WorkloadActual  37: 59040 op, 831257563.00 ns, 14.0796 us/op
WorkloadActual  38: 59040 op, 831841862.00 ns, 14.0895 us/op
WorkloadActual  39: 59040 op, 827693659.00 ns, 14.0192 us/op
WorkloadActual  40: 59040 op, 825508097.00 ns, 13.9822 us/op
WorkloadActual  41: 59040 op, 833149516.00 ns, 14.1116 us/op
WorkloadActual  42: 59040 op, 926216250.00 ns, 15.6879 us/op
WorkloadActual  43: 59040 op, 833321951.00 ns, 14.1145 us/op
WorkloadActual  44: 59040 op, 832990253.00 ns, 14.1089 us/op
WorkloadActual  45: 59040 op, 854333356.00 ns, 14.4704 us/op
WorkloadActual  46: 59040 op, 834300009.00 ns, 14.1311 us/op
WorkloadActual  47: 59040 op, 828696997.00 ns, 14.0362 us/op
WorkloadActual  48: 59040 op, 958275937.00 ns, 16.2310 us/op
WorkloadActual  49: 59040 op, 829802890.00 ns, 14.0549 us/op
WorkloadActual  50: 59040 op, 826807243.00 ns, 14.0042 us/op
WorkloadActual  51: 59040 op, 812623463.00 ns, 13.7639 us/op
WorkloadActual  52: 59040 op, 819330886.00 ns, 13.8776 us/op
WorkloadActual  53: 59040 op, 829425745.00 ns, 14.0485 us/op
WorkloadActual  54: 59040 op, 931376546.00 ns, 15.7753 us/op
WorkloadActual  55: 59040 op, 830326194.00 ns, 14.0638 us/op
WorkloadActual  56: 59040 op, 831701139.00 ns, 14.0871 us/op
WorkloadActual  57: 59040 op, 963201457.00 ns, 16.3144 us/op
WorkloadActual  58: 59040 op, 839036537.00 ns, 14.2113 us/op
WorkloadActual  59: 59040 op, 827823322.00 ns, 14.0214 us/op
WorkloadActual  60: 59040 op, 936030550.00 ns, 15.8542 us/op
WorkloadActual  61: 59040 op, 827361597.00 ns, 14.0136 us/op
WorkloadActual  62: 59040 op, 830689743.00 ns, 14.0699 us/op
WorkloadActual  63: 59040 op, 832086965.00 ns, 14.0936 us/op
WorkloadActual  64: 59040 op, 825533838.00 ns, 13.9826 us/op
WorkloadActual  65: 59040 op, 826872045.00 ns, 14.0053 us/op
WorkloadActual  66: 59040 op, 912702908.00 ns, 15.4591 us/op
WorkloadActual  67: 59040 op, 858036004.00 ns, 14.5331 us/op
WorkloadActual  68: 59040 op, 886044377.00 ns, 15.0075 us/op
WorkloadActual  69: 59040 op, 911649439.00 ns, 15.4412 us/op
WorkloadActual  70: 59040 op, 814103674.00 ns, 13.7890 us/op
WorkloadActual  71: 59040 op, 831047534.00 ns, 14.0760 us/op
WorkloadActual  72: 59040 op, 854683620.00 ns, 14.4763 us/op
WorkloadActual  73: 59040 op, 912890253.00 ns, 15.4622 us/op
WorkloadActual  74: 59040 op, 819465667.00 ns, 13.8798 us/op
WorkloadActual  75: 59040 op, 812720016.00 ns, 13.7656 us/op
WorkloadActual  76: 59040 op, 817465238.00 ns, 13.8460 us/op
WorkloadActual  77: 59040 op, 852259727.00 ns, 14.4353 us/op
WorkloadActual  78: 59040 op, 839512279.00 ns, 14.2194 us/op
WorkloadActual  79: 59040 op, 930160461.00 ns, 15.7548 us/op
WorkloadActual  80: 59040 op, 855427058.00 ns, 14.4889 us/op
WorkloadActual  81: 59040 op, 825779068.00 ns, 13.9868 us/op
WorkloadActual  82: 59040 op, 814935299.00 ns, 13.8031 us/op
WorkloadActual  83: 59040 op, 835552107.00 ns, 14.1523 us/op
WorkloadActual  84: 59040 op, 832070740.00 ns, 14.0933 us/op

// AfterActualRun
WorkloadResult   1: 59040 op, 829190960.50 ns, 14.0446 us/op
WorkloadResult   2: 59040 op, 831421527.50 ns, 14.0823 us/op
WorkloadResult   3: 59040 op, 830425760.50 ns, 14.0655 us/op
WorkloadResult   4: 59040 op, 922026534.50 ns, 15.6170 us/op
WorkloadResult   5: 59040 op, 859382287.50 ns, 14.5559 us/op
WorkloadResult   6: 59040 op, 830887713.50 ns, 14.0733 us/op
WorkloadResult   7: 59040 op, 828824873.50 ns, 14.0384 us/op
WorkloadResult   8: 59040 op, 830585167.50 ns, 14.0682 us/op
WorkloadResult   9: 59040 op, 830378729.50 ns, 14.0647 us/op
WorkloadResult  10: 59040 op, 922609476.50 ns, 15.6269 us/op
WorkloadResult  11: 59040 op, 1005603221.50 ns, 17.0326 us/op
WorkloadResult  12: 59040 op, 833163721.50 ns, 14.1119 us/op
WorkloadResult  13: 59040 op, 835495135.50 ns, 14.1513 us/op
WorkloadResult  14: 59040 op, 835161268.50 ns, 14.1457 us/op
WorkloadResult  15: 59040 op, 833546663.50 ns, 14.1183 us/op
WorkloadResult  16: 59040 op, 832010989.50 ns, 14.0923 us/op
WorkloadResult  17: 59040 op, 956651362.50 ns, 16.2034 us/op
WorkloadResult  18: 59040 op, 830858269.50 ns, 14.0728 us/op
WorkloadResult  19: 59040 op, 837033254.50 ns, 14.1774 us/op
WorkloadResult  20: 59040 op, 829750052.50 ns, 14.0540 us/op
WorkloadResult  21: 59040 op, 849197694.50 ns, 14.3834 us/op
WorkloadResult  22: 59040 op, 905965417.50 ns, 15.3449 us/op
WorkloadResult  23: 59040 op, 923337294.50 ns, 15.6392 us/op
WorkloadResult  24: 59040 op, 830829591.50 ns, 14.0723 us/op
WorkloadResult  25: 59040 op, 830649278.50 ns, 14.0693 us/op
WorkloadResult  26: 59040 op, 825217845.50 ns, 13.9773 us/op
WorkloadResult  27: 59040 op, 827842612.50 ns, 14.0217 us/op
WorkloadResult  28: 59040 op, 828316078.50 ns, 14.0297 us/op
WorkloadResult  29: 59040 op, 923254679.50 ns, 15.6378 us/op
WorkloadResult  30: 59040 op, 828261501.50 ns, 14.0288 us/op
WorkloadResult  31: 59040 op, 828143813.50 ns, 14.0268 us/op
WorkloadResult  32: 59040 op, 827849247.50 ns, 14.0218 us/op
WorkloadResult  33: 59040 op, 867612439.50 ns, 14.6953 us/op
WorkloadResult  34: 59040 op, 960514289.50 ns, 16.2689 us/op
WorkloadResult  35: 59040 op, 960683914.50 ns, 16.2717 us/op
WorkloadResult  36: 59040 op, 835363400.50 ns, 14.1491 us/op
WorkloadResult  37: 59040 op, 831043116.50 ns, 14.0759 us/op
WorkloadResult  38: 59040 op, 831627415.50 ns, 14.0858 us/op
WorkloadResult  39: 59040 op, 827479212.50 ns, 14.0156 us/op
WorkloadResult  40: 59040 op, 825293650.50 ns, 13.9786 us/op
WorkloadResult  41: 59040 op, 832935069.50 ns, 14.1080 us/op
WorkloadResult  42: 59040 op, 926001803.50 ns, 15.6843 us/op
WorkloadResult  43: 59040 op, 833107504.50 ns, 14.1109 us/op
WorkloadResult  44: 59040 op, 832775806.50 ns, 14.1053 us/op
WorkloadResult  45: 59040 op, 854118909.50 ns, 14.4668 us/op
WorkloadResult  46: 59040 op, 834085562.50 ns, 14.1275 us/op
WorkloadResult  47: 59040 op, 828482550.50 ns, 14.0326 us/op
WorkloadResult  48: 59040 op, 958061490.50 ns, 16.2273 us/op
WorkloadResult  49: 59040 op, 829588443.50 ns, 14.0513 us/op
WorkloadResult  50: 59040 op, 826592796.50 ns, 14.0006 us/op
WorkloadResult  51: 59040 op, 812409016.50 ns, 13.7603 us/op
WorkloadResult  52: 59040 op, 819116439.50 ns, 13.8739 us/op
WorkloadResult  53: 59040 op, 829211298.50 ns, 14.0449 us/op
WorkloadResult  54: 59040 op, 931162099.50 ns, 15.7717 us/op
WorkloadResult  55: 59040 op, 830111747.50 ns, 14.0602 us/op
WorkloadResult  56: 59040 op, 831486692.50 ns, 14.0834 us/op
WorkloadResult  57: 59040 op, 962987010.50 ns, 16.3108 us/op
WorkloadResult  58: 59040 op, 838822090.50 ns, 14.2077 us/op
WorkloadResult  59: 59040 op, 827608875.50 ns, 14.0178 us/op
WorkloadResult  60: 59040 op, 935816103.50 ns, 15.8505 us/op
WorkloadResult  61: 59040 op, 827147150.50 ns, 14.0099 us/op
WorkloadResult  62: 59040 op, 830475296.50 ns, 14.0663 us/op
WorkloadResult  63: 59040 op, 831872518.50 ns, 14.0900 us/op
WorkloadResult  64: 59040 op, 825319391.50 ns, 13.9790 us/op
WorkloadResult  65: 59040 op, 826657598.50 ns, 14.0017 us/op
WorkloadResult  66: 59040 op, 912488461.50 ns, 15.4554 us/op
WorkloadResult  67: 59040 op, 857821557.50 ns, 14.5295 us/op
WorkloadResult  68: 59040 op, 885829930.50 ns, 15.0039 us/op
WorkloadResult  69: 59040 op, 911434992.50 ns, 15.4376 us/op
WorkloadResult  70: 59040 op, 813889227.50 ns, 13.7854 us/op
WorkloadResult  71: 59040 op, 830833087.50 ns, 14.0724 us/op
WorkloadResult  72: 59040 op, 854469173.50 ns, 14.4727 us/op
WorkloadResult  73: 59040 op, 912675806.50 ns, 15.4586 us/op
WorkloadResult  74: 59040 op, 819251220.50 ns, 13.8762 us/op
WorkloadResult  75: 59040 op, 812505569.50 ns, 13.7620 us/op
WorkloadResult  76: 59040 op, 817250791.50 ns, 13.8423 us/op
WorkloadResult  77: 59040 op, 852045280.50 ns, 14.4317 us/op
WorkloadResult  78: 59040 op, 839297832.50 ns, 14.2157 us/op
WorkloadResult  79: 59040 op, 929946014.50 ns, 15.7511 us/op
WorkloadResult  80: 59040 op, 855212611.50 ns, 14.4853 us/op
WorkloadResult  81: 59040 op, 825564621.50 ns, 13.9831 us/op
WorkloadResult  82: 59040 op, 814720852.50 ns, 13.7995 us/op
WorkloadResult  83: 59040 op, 835337660.50 ns, 14.1487 us/op
WorkloadResult  84: 59040 op, 831856293.50 ns, 14.0897 us/op

// AfterAll
// Benchmark Process 896041 has exited with code 0.

Mean = 14.486 μs, StdErr = 0.084 μs (0.58%), N = 84, StdDev = 0.774 μs
Min = 13.760 μs, Q1 = 14.032 μs, Median = 14.090 μs, Q3 = 14.536 μs, Max = 17.033 μs
IQR = 0.504 μs, LowerFence = 13.275 μs, UpperFence = 15.292 μs
ConfidenceInterval = [14.198 μs; 14.774 μs] (CI 99.9%), Margin = 0.288 μs (1.99% of Mean)
Skewness = 1.44, Kurtosis = 3.82, MValue = 2

// ** Remained 7 (70.0 %) benchmark(s) to run. Estimated finish 2026-05-15 19:01 (0h 12m from now) **
// **************************
// Benchmark: SmokeBenchByte.SpanJson_Deser: Energy(OutlierMode=DontRemove, IterationTime=1s)
// *** Execute ***
// Launch: 1 / 1
// Execute: dotnet JsonBench-Energy-1.dll --anonymousPipes 121 122 --benchmarkName JsonBench.Benchmarks.SmokeBenchByte.SpanJson_Deser --job Energy --benchmarkId 3 in /home/test/json-energy-bench/JsonBench/bin/Release/net10.0/JsonBench-Energy-1/bin/Release/net10.0
// BeforeAnythingElse

// Benchmark Process Environment Information:
// BenchmarkDotNet v0.15.5-develop (2026-05-15)
// Runtime=.NET 10.0.7 (10.0.7, 10.0.726.21808), X64 RyuJIT x86-64-v3
// GC=Concurrent Workstation
// HardwareIntrinsics=AVX2+BMI1+BMI2+F16C+FMA+LZCNT+MOVBE,AVX,SSE3+SSSE3+SSE4.1+SSE4.2+POPCNT,X86Base+SSE+SSE2,AES+PCLMUL VectorSize=256
// Job: Energy(OutlierMode=DontRemove, IterationTime=1s)

OverheadJitting  1: 1 op, 190732.00 ns, 190.7320 us/op
WorkloadJitting  1: 1 op, 58779485.00 ns, 58.7795 ms/op

OverheadJitting  2: 16 op, 493519.00 ns, 30.8449 us/op
WorkloadJitting  2: 16 op, 856863.00 ns, 53.5539 us/op

WorkloadPilot    1: 16 op, 319136.00 ns, 19.9460 us/op
WorkloadPilot    2: 50144 op, 527261996.00 ns, 10.5150 us/op
WorkloadPilot    3: 95104 op, 603221626.00 ns, 6.3428 us/op
WorkloadPilot    4: 157664 op, 919056126.00 ns, 5.8292 us/op
WorkloadPilot    5: 171552 op, 1144174830.00 ns, 6.6696 us/op
WorkloadPilot    6: 149936 op, 1031361813.00 ns, 6.8787 us/op
WorkloadPilot    7: 145392 op, 1055061839.00 ns, 7.2567 us/op

OverheadWarmup   1: 145392 op, 485165.00 ns, 3.3369 ns/op
OverheadWarmup   2: 145392 op, 473296.00 ns, 3.2553 ns/op
OverheadWarmup   3: 145392 op, 737434.00 ns, 5.0720 ns/op
OverheadWarmup   4: 145392 op, 482976.00 ns, 3.3219 ns/op
OverheadWarmup   5: 145392 op, 789221.00 ns, 5.4282 ns/op
OverheadWarmup   6: 145392 op, 482635.00 ns, 3.3195 ns/op

OverheadActual   1: 145392 op, 685225.00 ns, 4.7129 ns/op
OverheadActual   2: 145392 op, 480137.00 ns, 3.3024 ns/op
OverheadActual   3: 145392 op, 473422.00 ns, 3.2562 ns/op
OverheadActual   4: 145392 op, 483480.00 ns, 3.3254 ns/op
OverheadActual   5: 145392 op, 476471.00 ns, 3.2771 ns/op
OverheadActual   6: 145392 op, 476249.00 ns, 3.2756 ns/op
OverheadActual   7: 145392 op, 678614.00 ns, 4.6675 ns/op
OverheadActual   8: 145392 op, 477298.00 ns, 3.2828 ns/op
OverheadActual   9: 145392 op, 481208.00 ns, 3.3097 ns/op
OverheadActual  10: 145392 op, 663621.00 ns, 4.5644 ns/op
OverheadActual  11: 145392 op, 474046.00 ns, 3.2605 ns/op
OverheadActual  12: 145392 op, 476261.00 ns, 3.2757 ns/op
OverheadActual  13: 145392 op, 685748.00 ns, 4.7165 ns/op
OverheadActual  14: 145392 op, 534215.00 ns, 3.6743 ns/op
OverheadActual  15: 145392 op, 485109.00 ns, 3.3366 ns/op
OverheadActual  16: 145392 op, 477056.00 ns, 3.2812 ns/op
OverheadActual  17: 145392 op, 536178.00 ns, 3.6878 ns/op
OverheadActual  18: 145392 op, 475853.00 ns, 3.2729 ns/op
OverheadActual  19: 145392 op, 610679.00 ns, 4.2002 ns/op
OverheadActual  20: 145392 op, 493943.00 ns, 3.3973 ns/op

WorkloadWarmup   1: 145392 op, 889111200.00 ns, 6.1153 us/op
WorkloadWarmup   2: 145392 op, 813065090.00 ns, 5.5922 us/op
WorkloadWarmup   3: 145392 op, 810893462.00 ns, 5.5773 us/op
WorkloadWarmup   4: 145392 op, 809328916.00 ns, 5.5665 us/op
WorkloadWarmup   5: 145392 op, 811882844.00 ns, 5.5841 us/op
WorkloadWarmup   6: 145392 op, 806819957.00 ns, 5.5493 us/op
WorkloadWarmup   7: 145392 op, 898301752.00 ns, 6.1785 us/op
WorkloadWarmup   8: 145392 op, 941657143.00 ns, 6.4767 us/op
WorkloadWarmup   9: 145392 op, 810571593.00 ns, 5.5751 us/op

// BeforeActualRun
WorkloadActual   1: 145392 op, 811968761.00 ns, 5.5847 us/op
WorkloadActual   2: 145392 op, 811536694.00 ns, 5.5817 us/op
WorkloadActual   3: 145392 op, 812444433.00 ns, 5.5880 us/op
WorkloadActual   4: 145392 op, 811541797.00 ns, 5.5818 us/op
WorkloadActual   5: 145392 op, 922897263.00 ns, 6.3476 us/op
WorkloadActual   6: 145392 op, 815366820.00 ns, 5.6081 us/op
WorkloadActual   7: 145392 op, 814257149.00 ns, 5.6004 us/op
WorkloadActual   8: 145392 op, 817490995.00 ns, 5.6227 us/op
WorkloadActual   9: 145392 op, 815364397.00 ns, 5.6080 us/op
WorkloadActual  10: 145392 op, 835876416.00 ns, 5.7491 us/op
WorkloadActual  11: 145392 op, 1015210833.00 ns, 6.9826 us/op
WorkloadActual  12: 145392 op, 809927453.00 ns, 5.5706 us/op
WorkloadActual  13: 145392 op, 812152021.00 ns, 5.5859 us/op
WorkloadActual  14: 145392 op, 812097752.00 ns, 5.5856 us/op
WorkloadActual  15: 145392 op, 811823608.00 ns, 5.5837 us/op
WorkloadActual  16: 145392 op, 812597407.00 ns, 5.5890 us/op
WorkloadActual  17: 145392 op, 922068910.00 ns, 6.3420 us/op
WorkloadActual  18: 145392 op, 869526448.00 ns, 5.9806 us/op
WorkloadActual  19: 145392 op, 809941078.00 ns, 5.5707 us/op
WorkloadActual  20: 145392 op, 812674898.00 ns, 5.5895 us/op
WorkloadActual  21: 145392 op, 810896325.00 ns, 5.5773 us/op
WorkloadActual  22: 145392 op, 818849180.00 ns, 5.6320 us/op
WorkloadActual  23: 145392 op, 917003333.00 ns, 6.3071 us/op
WorkloadActual  24: 145392 op, 920342894.00 ns, 6.3301 us/op
WorkloadActual  25: 145392 op, 811170825.00 ns, 5.5792 us/op
WorkloadActual  26: 145392 op, 810913799.00 ns, 5.5774 us/op
WorkloadActual  27: 145392 op, 810332886.00 ns, 5.5734 us/op
WorkloadActual  28: 145392 op, 810081713.00 ns, 5.5717 us/op
WorkloadActual  29: 145392 op, 808035111.00 ns, 5.5576 us/op
WorkloadActual  30: 145392 op, 924190049.00 ns, 6.3565 us/op
WorkloadActual  31: 145392 op, 815644534.00 ns, 5.6100 us/op
WorkloadActual  32: 145392 op, 808151395.00 ns, 5.5584 us/op
WorkloadActual  33: 145392 op, 812851577.00 ns, 5.5908 us/op
WorkloadActual  34: 145392 op, 916191671.00 ns, 6.3015 us/op
WorkloadActual  35: 145392 op, 928224930.00 ns, 6.3843 us/op
WorkloadActual  36: 145392 op, 905844731.00 ns, 6.2304 us/op
WorkloadActual  37: 145392 op, 810779039.00 ns, 5.5765 us/op
WorkloadActual  38: 145392 op, 804734371.00 ns, 5.5349 us/op
WorkloadActual  39: 145392 op, 806616287.00 ns, 5.5479 us/op
WorkloadActual  40: 145392 op, 805081111.00 ns, 5.5373 us/op
WorkloadActual  41: 145392 op, 806608156.00 ns, 5.5478 us/op
WorkloadActual  42: 145392 op, 807738503.00 ns, 5.5556 us/op
WorkloadActual  43: 145392 op, 942254942.00 ns, 6.4808 us/op
WorkloadActual  44: 145392 op, 810088133.00 ns, 5.5718 us/op
WorkloadActual  45: 145392 op, 817966611.00 ns, 5.6259 us/op
WorkloadActual  46: 145392 op, 943272361.00 ns, 6.4878 us/op
WorkloadActual  47: 145392 op, 815067640.00 ns, 5.6060 us/op
WorkloadActual  48: 145392 op, 803824947.00 ns, 5.5287 us/op
WorkloadActual  49: 145392 op, 924703163.00 ns, 6.3601 us/op
WorkloadActual  50: 145392 op, 814324960.00 ns, 5.6009 us/op
WorkloadActual  51: 145392 op, 806342996.00 ns, 5.5460 us/op
WorkloadActual  52: 145392 op, 810698364.00 ns, 5.5759 us/op
WorkloadActual  53: 145392 op, 806505089.00 ns, 5.5471 us/op
WorkloadActual  54: 145392 op, 801653170.00 ns, 5.5137 us/op
WorkloadActual  55: 145392 op, 890228339.00 ns, 6.1230 us/op
WorkloadActual  56: 145392 op, 831776681.00 ns, 5.7209 us/op
WorkloadActual  57: 145392 op, 807318729.00 ns, 5.5527 us/op
WorkloadActual  58: 145392 op, 892117147.00 ns, 6.1359 us/op
WorkloadActual  59: 145392 op, 815769918.00 ns, 5.6108 us/op
WorkloadActual  60: 145392 op, 806368539.00 ns, 5.5462 us/op
WorkloadActual  61: 145392 op, 810605880.00 ns, 5.5753 us/op
WorkloadActual  62: 145392 op, 925142252.00 ns, 6.3631 us/op
WorkloadActual  63: 145392 op, 816185424.00 ns, 5.6137 us/op
WorkloadActual  64: 145392 op, 806507111.00 ns, 5.5471 us/op
WorkloadActual  65: 145392 op, 806950291.00 ns, 5.5502 us/op
WorkloadActual  66: 145392 op, 805768977.00 ns, 5.5420 us/op
WorkloadActual  67: 145392 op, 808153715.00 ns, 5.5584 us/op
WorkloadActual  68: 145392 op, 914287654.00 ns, 6.2884 us/op
WorkloadActual  69: 145392 op, 813159678.00 ns, 5.5929 us/op
WorkloadActual  70: 145392 op, 836291875.00 ns, 5.7520 us/op
WorkloadActual  71: 145392 op, 808100383.00 ns, 5.5581 us/op
WorkloadActual  72: 145392 op, 803169678.00 ns, 5.5242 us/op
WorkloadActual  73: 145392 op, 806727457.00 ns, 5.5486 us/op
WorkloadActual  74: 145392 op, 807258836.00 ns, 5.5523 us/op
WorkloadActual  75: 145392 op, 905563639.00 ns, 6.2284 us/op
WorkloadActual  76: 145392 op, 803982832.00 ns, 5.5298 us/op
WorkloadActual  77: 145392 op, 805721354.00 ns, 5.5417 us/op
WorkloadActual  78: 145392 op, 810765824.00 ns, 5.5764 us/op
WorkloadActual  79: 145392 op, 809488543.00 ns, 5.5676 us/op
WorkloadActual  80: 145392 op, 810510110.00 ns, 5.5747 us/op
WorkloadActual  81: 145392 op, 908688797.00 ns, 6.2499 us/op
WorkloadActual  82: 145392 op, 887038166.00 ns, 6.1010 us/op
WorkloadActual  83: 145392 op, 820864712.00 ns, 5.6459 us/op
WorkloadActual  84: 145392 op, 810098789.00 ns, 5.5718 us/op
WorkloadActual  85: 145392 op, 810162118.00 ns, 5.5723 us/op
WorkloadActual  86: 145392 op, 807715641.00 ns, 5.5554 us/op
WorkloadActual  87: 145392 op, 876973104.00 ns, 6.0318 us/op
WorkloadActual  88: 145392 op, 842360341.00 ns, 5.7937 us/op
WorkloadActual  89: 145392 op, 810839555.00 ns, 5.5769 us/op
WorkloadActual  90: 145392 op, 809736257.00 ns, 5.5693 us/op
WorkloadActual  91: 145392 op, 809877172.00 ns, 5.5703 us/op
WorkloadActual  92: 145392 op, 806567279.00 ns, 5.5475 us/op

// AfterActualRun
WorkloadResult   1: 145392 op, 811486417.00 ns, 5.5814 us/op
WorkloadResult   2: 145392 op, 811054350.00 ns, 5.5784 us/op
WorkloadResult   3: 145392 op, 811962089.00 ns, 5.5846 us/op
WorkloadResult   4: 145392 op, 811059453.00 ns, 5.5784 us/op
WorkloadResult   5: 145392 op, 922414919.00 ns, 6.3443 us/op
WorkloadResult   6: 145392 op, 814884476.00 ns, 5.6047 us/op
WorkloadResult   7: 145392 op, 813774805.00 ns, 5.5971 us/op
WorkloadResult   8: 145392 op, 817008651.00 ns, 5.6194 us/op
WorkloadResult   9: 145392 op, 814882053.00 ns, 5.6047 us/op
WorkloadResult  10: 145392 op, 835394072.00 ns, 5.7458 us/op
WorkloadResult  11: 145392 op, 1014728489.00 ns, 6.9793 us/op
WorkloadResult  12: 145392 op, 809445109.00 ns, 5.5673 us/op
WorkloadResult  13: 145392 op, 811669677.00 ns, 5.5826 us/op
WorkloadResult  14: 145392 op, 811615408.00 ns, 5.5823 us/op
WorkloadResult  15: 145392 op, 811341264.00 ns, 5.5804 us/op
WorkloadResult  16: 145392 op, 812115063.00 ns, 5.5857 us/op
WorkloadResult  17: 145392 op, 921586566.00 ns, 6.3386 us/op
WorkloadResult  18: 145392 op, 869044104.00 ns, 5.9772 us/op
WorkloadResult  19: 145392 op, 809458734.00 ns, 5.5674 us/op
WorkloadResult  20: 145392 op, 812192554.00 ns, 5.5862 us/op
WorkloadResult  21: 145392 op, 810413981.00 ns, 5.5740 us/op
WorkloadResult  22: 145392 op, 818366836.00 ns, 5.6287 us/op
WorkloadResult  23: 145392 op, 916520989.00 ns, 6.3038 us/op
WorkloadResult  24: 145392 op, 919860550.00 ns, 6.3268 us/op
WorkloadResult  25: 145392 op, 810688481.00 ns, 5.5759 us/op
WorkloadResult  26: 145392 op, 810431455.00 ns, 5.5741 us/op
WorkloadResult  27: 145392 op, 809850542.00 ns, 5.5701 us/op
WorkloadResult  28: 145392 op, 809599369.00 ns, 5.5684 us/op
WorkloadResult  29: 145392 op, 807552767.00 ns, 5.5543 us/op
WorkloadResult  30: 145392 op, 923707705.00 ns, 6.3532 us/op
WorkloadResult  31: 145392 op, 815162190.00 ns, 5.6067 us/op
WorkloadResult  32: 145392 op, 807669051.00 ns, 5.5551 us/op
WorkloadResult  33: 145392 op, 812369233.00 ns, 5.5874 us/op
WorkloadResult  34: 145392 op, 915709327.00 ns, 6.2982 us/op
WorkloadResult  35: 145392 op, 927742586.00 ns, 6.3810 us/op
WorkloadResult  36: 145392 op, 905362387.00 ns, 6.2270 us/op
WorkloadResult  37: 145392 op, 810296695.00 ns, 5.5732 us/op
WorkloadResult  38: 145392 op, 804252027.00 ns, 5.5316 us/op
WorkloadResult  39: 145392 op, 806133943.00 ns, 5.5446 us/op
WorkloadResult  40: 145392 op, 804598767.00 ns, 5.5340 us/op
WorkloadResult  41: 145392 op, 806125812.00 ns, 5.5445 us/op
WorkloadResult  42: 145392 op, 807256159.00 ns, 5.5523 us/op
WorkloadResult  43: 145392 op, 941772598.00 ns, 6.4775 us/op
WorkloadResult  44: 145392 op, 809605789.00 ns, 5.5684 us/op
WorkloadResult  45: 145392 op, 817484267.00 ns, 5.6226 us/op
WorkloadResult  46: 145392 op, 942790017.00 ns, 6.4845 us/op
WorkloadResult  47: 145392 op, 814585296.00 ns, 5.6027 us/op
WorkloadResult  48: 145392 op, 803342603.00 ns, 5.5254 us/op
WorkloadResult  49: 145392 op, 924220819.00 ns, 6.3568 us/op
WorkloadResult  50: 145392 op, 813842616.00 ns, 5.5976 us/op
WorkloadResult  51: 145392 op, 805860652.00 ns, 5.5427 us/op
WorkloadResult  52: 145392 op, 810216020.00 ns, 5.5726 us/op
WorkloadResult  53: 145392 op, 806022745.00 ns, 5.5438 us/op
WorkloadResult  54: 145392 op, 801170826.00 ns, 5.5104 us/op
WorkloadResult  55: 145392 op, 889745995.00 ns, 6.1196 us/op
WorkloadResult  56: 145392 op, 831294337.00 ns, 5.7176 us/op
WorkloadResult  57: 145392 op, 806836385.00 ns, 5.5494 us/op
WorkloadResult  58: 145392 op, 891634803.00 ns, 6.1326 us/op
WorkloadResult  59: 145392 op, 815287574.00 ns, 5.6075 us/op
WorkloadResult  60: 145392 op, 805886195.00 ns, 5.5429 us/op
WorkloadResult  61: 145392 op, 810123536.00 ns, 5.5720 us/op
WorkloadResult  62: 145392 op, 924659908.00 ns, 6.3598 us/op
WorkloadResult  63: 145392 op, 815703080.00 ns, 5.6104 us/op
WorkloadResult  64: 145392 op, 806024767.00 ns, 5.5438 us/op
WorkloadResult  65: 145392 op, 806467947.00 ns, 5.5469 us/op
WorkloadResult  66: 145392 op, 805286633.00 ns, 5.5387 us/op
WorkloadResult  67: 145392 op, 807671371.00 ns, 5.5551 us/op
WorkloadResult  68: 145392 op, 913805310.00 ns, 6.2851 us/op
WorkloadResult  69: 145392 op, 812677334.00 ns, 5.5896 us/op
WorkloadResult  70: 145392 op, 835809531.00 ns, 5.7487 us/op
WorkloadResult  71: 145392 op, 807618039.00 ns, 5.5548 us/op
WorkloadResult  72: 145392 op, 802687334.00 ns, 5.5208 us/op
WorkloadResult  73: 145392 op, 806245113.00 ns, 5.5453 us/op
WorkloadResult  74: 145392 op, 806776492.00 ns, 5.5490 us/op
WorkloadResult  75: 145392 op, 905081295.00 ns, 6.2251 us/op
WorkloadResult  76: 145392 op, 803500488.00 ns, 5.5264 us/op
WorkloadResult  77: 145392 op, 805239010.00 ns, 5.5384 us/op
WorkloadResult  78: 145392 op, 810283480.00 ns, 5.5731 us/op
WorkloadResult  79: 145392 op, 809006199.00 ns, 5.5643 us/op
WorkloadResult  80: 145392 op, 810027766.00 ns, 5.5713 us/op
WorkloadResult  81: 145392 op, 908206453.00 ns, 6.2466 us/op
WorkloadResult  82: 145392 op, 886555822.00 ns, 6.0977 us/op
WorkloadResult  83: 145392 op, 820382368.00 ns, 5.6426 us/op
WorkloadResult  84: 145392 op, 809616445.00 ns, 5.5685 us/op
WorkloadResult  85: 145392 op, 809679774.00 ns, 5.5689 us/op
WorkloadResult  86: 145392 op, 807233297.00 ns, 5.5521 us/op
WorkloadResult  87: 145392 op, 876490760.00 ns, 6.0285 us/op
WorkloadResult  88: 145392 op, 841877997.00 ns, 5.7904 us/op
WorkloadResult  89: 145392 op, 810357211.00 ns, 5.5736 us/op
WorkloadResult  90: 145392 op, 809253913.00 ns, 5.5660 us/op
WorkloadResult  91: 145392 op, 809394828.00 ns, 5.5670 us/op
WorkloadResult  92: 145392 op, 806084935.00 ns, 5.5442 us/op

// AfterAll
// Benchmark Process 896792 has exited with code 0.

Mean = 5.744 μs, StdErr = 0.034 μs (0.59%), N = 92, StdDev = 0.323 μs
Min = 5.510 μs, Q1 = 5.555 μs, Median = 5.579 μs, Q3 = 5.747 μs, Max = 6.979 μs
IQR = 0.191 μs, LowerFence = 5.268 μs, UpperFence = 6.034 μs
ConfidenceInterval = [5.630 μs; 5.859 μs] (CI 99.9%), Margin = 0.114 μs (1.99% of Mean)
Skewness = 1.59, Kurtosis = 4.47, MValue = 2

// ** Remained 6 (60.0 %) benchmark(s) to run. Estimated finish 2026-05-15 19:01 (0h 10m from now) **
// **************************
// Benchmark: SmokeBenchByte.Utf8Json_Deser: Energy(OutlierMode=DontRemove, IterationTime=1s)
// *** Execute ***
// Launch: 1 / 1
// Execute: dotnet JsonBench-Energy-1.dll --anonymousPipes 121 122 --benchmarkName JsonBench.Benchmarks.SmokeBenchByte.Utf8Json_Deser --job Energy --benchmarkId 4 in /home/test/json-energy-bench/JsonBench/bin/Release/net10.0/JsonBench-Energy-1/bin/Release/net10.0
// BeforeAnythingElse

// Benchmark Process Environment Information:
// BenchmarkDotNet v0.15.5-develop (2026-05-15)
// Runtime=.NET 10.0.7 (10.0.7, 10.0.726.21808), X64 RyuJIT x86-64-v3
// GC=Concurrent Workstation
// HardwareIntrinsics=AVX2+BMI1+BMI2+F16C+FMA+LZCNT+MOVBE,AVX,SSE3+SSSE3+SSE4.1+SSE4.2+POPCNT,X86Base+SSE+SSE2,AES+PCLMUL VectorSize=256
// Job: Energy(OutlierMode=DontRemove, IterationTime=1s)

OverheadJitting  1: 1 op, 184803.00 ns, 184.8030 us/op
WorkloadJitting  1: 1 op, 66325001.00 ns, 66.3250 ms/op

OverheadJitting  2: 16 op, 524016.00 ns, 32.7510 us/op
WorkloadJitting  2: 16 op, 1391103.00 ns, 86.9439 us/op

WorkloadPilot    1: 16 op, 858377.00 ns, 53.6486 us/op
WorkloadPilot    2: 18640 op, 464166037.00 ns, 24.9016 us/op
WorkloadPilot    3: 40160 op, 378129467.00 ns, 9.4156 us/op
WorkloadPilot    4: 106208 op, 1126286820.00 ns, 10.6045 us/op
WorkloadPilot    5: 94304 op, 1085713153.00 ns, 11.5129 us/op
WorkloadPilot    6: 86864 op, 1010735505.00 ns, 11.6358 us/op

OverheadWarmup   1: 86864 op, 356581.00 ns, 4.1050 ns/op
OverheadWarmup   2: 86864 op, 284736.00 ns, 3.2780 ns/op
OverheadWarmup   3: 86864 op, 456315.00 ns, 5.2532 ns/op
OverheadWarmup   4: 86864 op, 1817762.00 ns, 20.9265 ns/op
OverheadWarmup   5: 86864 op, 1586988.00 ns, 18.2698 ns/op
OverheadWarmup   6: 86864 op, 466209.00 ns, 5.3671 ns/op
OverheadWarmup   7: 86864 op, 284534.00 ns, 3.2756 ns/op
OverheadWarmup   8: 86864 op, 358015.00 ns, 4.1216 ns/op
OverheadWarmup   9: 86864 op, 345888.00 ns, 3.9819 ns/op

OverheadActual   1: 86864 op, 438748.00 ns, 5.0510 ns/op
OverheadActual   2: 86864 op, 419470.00 ns, 4.8290 ns/op
OverheadActual   3: 86864 op, 477601.00 ns, 5.4983 ns/op
OverheadActual   4: 86864 op, 284955.00 ns, 3.2805 ns/op
OverheadActual   5: 86864 op, 284528.00 ns, 3.2756 ns/op
OverheadActual   6: 86864 op, 453849.00 ns, 5.2248 ns/op
OverheadActual   7: 86864 op, 495655.00 ns, 5.7061 ns/op
OverheadActual   8: 86864 op, 501878.00 ns, 5.7777 ns/op
OverheadActual   9: 86864 op, 470710.00 ns, 5.4189 ns/op
OverheadActual  10: 86864 op, 467794.00 ns, 5.3854 ns/op
OverheadActual  11: 86864 op, 1754666.00 ns, 20.2002 ns/op
OverheadActual  12: 86864 op, 457976.00 ns, 5.2723 ns/op
OverheadActual  13: 86864 op, 1639515.00 ns, 18.8745 ns/op
OverheadActual  14: 86864 op, 476059.00 ns, 5.4805 ns/op
OverheadActual  15: 86864 op, 285088.00 ns, 3.2820 ns/op
OverheadActual  16: 86864 op, 540955.00 ns, 6.2276 ns/op
OverheadActual  17: 86864 op, 1631999.00 ns, 18.7880 ns/op
OverheadActual  18: 86864 op, 610656.00 ns, 7.0300 ns/op
OverheadActual  19: 86864 op, 284744.00 ns, 3.2780 ns/op
OverheadActual  20: 86864 op, 285924.00 ns, 3.2916 ns/op

WorkloadWarmup   1: 86864 op, 1044542873.00 ns, 12.0250 us/op
WorkloadWarmup   2: 86864 op, 950851039.00 ns, 10.9464 us/op
WorkloadWarmup   3: 86864 op, 820371576.00 ns, 9.4443 us/op
WorkloadWarmup   4: 86864 op, 822237039.00 ns, 9.4658 us/op
WorkloadWarmup   5: 86864 op, 822176514.00 ns, 9.4651 us/op
WorkloadWarmup   6: 86864 op, 822876051.00 ns, 9.4732 us/op
WorkloadWarmup   7: 86864 op, 822957001.00 ns, 9.4741 us/op
WorkloadWarmup   8: 86864 op, 899026721.00 ns, 10.3498 us/op
WorkloadWarmup   9: 86864 op, 945544612.00 ns, 10.8853 us/op
WorkloadWarmup  10: 86864 op, 834197082.00 ns, 9.6035 us/op

// BeforeActualRun
WorkloadActual   1: 86864 op, 851071401.00 ns, 9.7977 us/op
WorkloadActual   2: 86864 op, 821734595.00 ns, 9.4600 us/op
WorkloadActual   3: 86864 op, 823085793.00 ns, 9.4756 us/op
WorkloadActual   4: 86864 op, 821651316.00 ns, 9.4591 us/op
WorkloadActual   5: 86864 op, 938674683.00 ns, 10.8063 us/op
WorkloadActual   6: 86864 op, 838989197.00 ns, 9.6587 us/op
WorkloadActual   7: 86864 op, 823663394.00 ns, 9.4822 us/op
WorkloadActual   8: 86864 op, 821835810.00 ns, 9.4612 us/op
WorkloadActual   9: 86864 op, 823381397.00 ns, 9.4790 us/op
WorkloadActual  10: 86864 op, 851073109.00 ns, 9.7978 us/op
WorkloadActual  11: 86864 op, 941120900.00 ns, 10.8344 us/op
WorkloadActual  12: 86864 op, 823184730.00 ns, 9.4767 us/op
WorkloadActual  13: 86864 op, 822300579.00 ns, 9.4665 us/op
WorkloadActual  14: 86864 op, 821500879.00 ns, 9.4573 us/op
WorkloadActual  15: 86864 op, 824353178.00 ns, 9.4902 us/op
WorkloadActual  16: 86864 op, 825261785.00 ns, 9.5006 us/op
WorkloadActual  17: 86864 op, 928470190.00 ns, 10.6888 us/op
WorkloadActual  18: 86864 op, 822239899.00 ns, 9.4658 us/op
WorkloadActual  19: 86864 op, 821863994.00 ns, 9.4615 us/op
WorkloadActual  20: 86864 op, 822163206.00 ns, 9.4649 us/op
WorkloadActual  21: 86864 op, 825908380.00 ns, 9.5081 us/op
WorkloadActual  22: 86864 op, 963697744.00 ns, 11.0943 us/op
WorkloadActual  23: 86864 op, 900125818.00 ns, 10.3625 us/op
WorkloadActual  24: 86864 op, 845963266.00 ns, 9.7389 us/op
WorkloadActual  25: 86864 op, 820819697.00 ns, 9.4495 us/op
WorkloadActual  26: 86864 op, 819056886.00 ns, 9.4292 us/op
WorkloadActual  27: 86864 op, 818814469.00 ns, 9.4264 us/op
WorkloadActual  28: 86864 op, 820493284.00 ns, 9.4457 us/op
WorkloadActual  29: 86864 op, 819099618.00 ns, 9.4297 us/op
WorkloadActual  30: 86864 op, 904299560.00 ns, 10.4105 us/op
WorkloadActual  31: 86864 op, 819411161.00 ns, 9.4333 us/op
WorkloadActual  32: 86864 op, 818544456.00 ns, 9.4233 us/op
WorkloadActual  33: 86864 op, 827137870.00 ns, 9.5222 us/op
WorkloadActual  34: 86864 op, 905409238.00 ns, 10.4233 us/op
WorkloadActual  35: 86864 op, 892644562.00 ns, 10.2763 us/op
WorkloadActual  36: 86864 op, 936005406.00 ns, 10.7755 us/op
WorkloadActual  37: 86864 op, 818087649.00 ns, 9.4180 us/op
WorkloadActual  38: 86864 op, 818387478.00 ns, 9.4215 us/op
WorkloadActual  39: 86864 op, 824033356.00 ns, 9.4865 us/op
WorkloadActual  40: 86864 op, 819930118.00 ns, 9.4392 us/op
WorkloadActual  41: 86864 op, 818807679.00 ns, 9.4263 us/op
WorkloadActual  42: 86864 op, 925187382.00 ns, 10.6510 us/op
WorkloadActual  43: 86864 op, 821471267.00 ns, 9.4570 us/op
WorkloadActual  44: 86864 op, 820218025.00 ns, 9.4426 us/op
WorkloadActual  45: 86864 op, 847350835.00 ns, 9.7549 us/op
WorkloadActual  46: 86864 op, 863495257.00 ns, 9.9408 us/op
WorkloadActual  47: 86864 op, 822500315.00 ns, 9.4688 us/op
WorkloadActual  48: 86864 op, 874073798.00 ns, 10.0626 us/op
WorkloadActual  49: 86864 op, 867587620.00 ns, 9.9879 us/op
WorkloadActual  50: 86864 op, 824621408.00 ns, 9.4932 us/op
WorkloadActual  51: 86864 op, 821355550.00 ns, 9.4556 us/op
WorkloadActual  52: 86864 op, 823183054.00 ns, 9.4767 us/op
WorkloadActual  53: 86864 op, 822937544.00 ns, 9.4739 us/op
WorkloadActual  54: 86864 op, 823433246.00 ns, 9.4796 us/op
WorkloadActual  55: 86864 op, 935077139.00 ns, 10.7648 us/op
WorkloadActual  56: 86864 op, 826192274.00 ns, 9.5113 us/op
WorkloadActual  57: 86864 op, 857442936.00 ns, 9.8711 us/op
WorkloadActual  58: 86864 op, 900249050.00 ns, 10.3639 us/op
WorkloadActual  59: 86864 op, 827129653.00 ns, 9.5221 us/op
WorkloadActual  60: 86864 op, 820515431.00 ns, 9.4460 us/op
WorkloadActual  61: 86864 op, 917764135.00 ns, 10.5655 us/op
WorkloadActual  62: 86864 op, 822772161.00 ns, 9.4720 us/op
WorkloadActual  63: 86864 op, 823465925.00 ns, 9.4799 us/op
WorkloadActual  64: 86864 op, 822223995.00 ns, 9.4656 us/op
WorkloadActual  65: 86864 op, 827909517.00 ns, 9.5311 us/op
WorkloadActual  66: 86864 op, 822696293.00 ns, 9.4711 us/op
WorkloadActual  67: 86864 op, 914459879.00 ns, 10.5275 us/op
WorkloadActual  68: 86864 op, 825574356.00 ns, 9.5042 us/op
WorkloadActual  69: 86864 op, 834450819.00 ns, 9.6064 us/op

// AfterActualRun
WorkloadResult   1: 86864 op, 850602149.00 ns, 9.7923 us/op
WorkloadResult   2: 86864 op, 821265343.00 ns, 9.4546 us/op
WorkloadResult   3: 86864 op, 822616541.00 ns, 9.4702 us/op
WorkloadResult   4: 86864 op, 821182064.00 ns, 9.4537 us/op
WorkloadResult   5: 86864 op, 938205431.00 ns, 10.8009 us/op
WorkloadResult   6: 86864 op, 838519945.00 ns, 9.6533 us/op
WorkloadResult   7: 86864 op, 823194142.00 ns, 9.4768 us/op
WorkloadResult   8: 86864 op, 821366558.00 ns, 9.4558 us/op
WorkloadResult   9: 86864 op, 822912145.00 ns, 9.4736 us/op
WorkloadResult  10: 86864 op, 850603857.00 ns, 9.7924 us/op
WorkloadResult  11: 86864 op, 940651648.00 ns, 10.8290 us/op
WorkloadResult  12: 86864 op, 822715478.00 ns, 9.4713 us/op
WorkloadResult  13: 86864 op, 821831327.00 ns, 9.4611 us/op
WorkloadResult  14: 86864 op, 821031627.00 ns, 9.4519 us/op
WorkloadResult  15: 86864 op, 823883926.00 ns, 9.4848 us/op
WorkloadResult  16: 86864 op, 824792533.00 ns, 9.4952 us/op
WorkloadResult  17: 86864 op, 928000938.00 ns, 10.6834 us/op
WorkloadResult  18: 86864 op, 821770647.00 ns, 9.4604 us/op
WorkloadResult  19: 86864 op, 821394742.00 ns, 9.4561 us/op
WorkloadResult  20: 86864 op, 821693954.00 ns, 9.4595 us/op
WorkloadResult  21: 86864 op, 825439128.00 ns, 9.5027 us/op
WorkloadResult  22: 86864 op, 963228492.00 ns, 11.0889 us/op
WorkloadResult  23: 86864 op, 899656566.00 ns, 10.3571 us/op
WorkloadResult  24: 86864 op, 845494014.00 ns, 9.7335 us/op
WorkloadResult  25: 86864 op, 820350445.00 ns, 9.4441 us/op
WorkloadResult  26: 86864 op, 818587634.00 ns, 9.4238 us/op
WorkloadResult  27: 86864 op, 818345217.00 ns, 9.4210 us/op
WorkloadResult  28: 86864 op, 820024032.00 ns, 9.4403 us/op
WorkloadResult  29: 86864 op, 818630366.00 ns, 9.4243 us/op
WorkloadResult  30: 86864 op, 903830308.00 ns, 10.4051 us/op
WorkloadResult  31: 86864 op, 818941909.00 ns, 9.4279 us/op
WorkloadResult  32: 86864 op, 818075204.00 ns, 9.4179 us/op
WorkloadResult  33: 86864 op, 826668618.00 ns, 9.5168 us/op
WorkloadResult  34: 86864 op, 904939986.00 ns, 10.4179 us/op
WorkloadResult  35: 86864 op, 892175310.00 ns, 10.2709 us/op
WorkloadResult  36: 86864 op, 935536154.00 ns, 10.7701 us/op
WorkloadResult  37: 86864 op, 817618397.00 ns, 9.4126 us/op
WorkloadResult  38: 86864 op, 817918226.00 ns, 9.4161 us/op
WorkloadResult  39: 86864 op, 823564104.00 ns, 9.4811 us/op
WorkloadResult  40: 86864 op, 819460866.00 ns, 9.4338 us/op
WorkloadResult  41: 86864 op, 818338427.00 ns, 9.4209 us/op
WorkloadResult  42: 86864 op, 924718130.00 ns, 10.6456 us/op
WorkloadResult  43: 86864 op, 821002015.00 ns, 9.4516 us/op
WorkloadResult  44: 86864 op, 819748773.00 ns, 9.4372 us/op
WorkloadResult  45: 86864 op, 846881583.00 ns, 9.7495 us/op
WorkloadResult  46: 86864 op, 863026005.00 ns, 9.9354 us/op
WorkloadResult  47: 86864 op, 822031063.00 ns, 9.4634 us/op
WorkloadResult  48: 86864 op, 873604546.00 ns, 10.0572 us/op
WorkloadResult  49: 86864 op, 867118368.00 ns, 9.9825 us/op
WorkloadResult  50: 86864 op, 824152156.00 ns, 9.4878 us/op
WorkloadResult  51: 86864 op, 820886298.00 ns, 9.4502 us/op
WorkloadResult  52: 86864 op, 822713802.00 ns, 9.4713 us/op
WorkloadResult  53: 86864 op, 822468292.00 ns, 9.4685 us/op
WorkloadResult  54: 86864 op, 822963994.00 ns, 9.4742 us/op
WorkloadResult  55: 86864 op, 934607887.00 ns, 10.7594 us/op
WorkloadResult  56: 86864 op, 825723022.00 ns, 9.5059 us/op
WorkloadResult  57: 86864 op, 856973684.00 ns, 9.8657 us/op
WorkloadResult  58: 86864 op, 899779798.00 ns, 10.3585 us/op
WorkloadResult  59: 86864 op, 826660401.00 ns, 9.5167 us/op
WorkloadResult  60: 86864 op, 820046179.00 ns, 9.4406 us/op
WorkloadResult  61: 86864 op, 917294883.00 ns, 10.5601 us/op
WorkloadResult  62: 86864 op, 822302909.00 ns, 9.4666 us/op
WorkloadResult  63: 86864 op, 822996673.00 ns, 9.4745 us/op
WorkloadResult  64: 86864 op, 821754743.00 ns, 9.4602 us/op
WorkloadResult  65: 86864 op, 827440265.00 ns, 9.5257 us/op
WorkloadResult  66: 86864 op, 822227041.00 ns, 9.4657 us/op
WorkloadResult  67: 86864 op, 913990627.00 ns, 10.5221 us/op
WorkloadResult  68: 86864 op, 825105104.00 ns, 9.4988 us/op
WorkloadResult  69: 86864 op, 833981567.00 ns, 9.6010 us/op

// AfterAll
// Benchmark Process 897547 has exited with code 0.

Mean = 9.745 μs, StdErr = 0.056 μs (0.58%), N = 69, StdDev = 0.469 μs
Min = 9.413 μs, Q1 = 9.455 μs, Median = 9.477 μs, Q3 = 9.866 μs, Max = 11.089 μs
IQR = 0.411 μs, LowerFence = 8.838 μs, UpperFence = 10.482 μs
ConfidenceInterval = [9.551 μs; 9.939 μs] (CI 99.9%), Margin = 0.194 μs (1.99% of Mean)
Skewness = 1.37, Kurtosis = 3.41, MValue = 2

// ** Remained 5 (50.0 %) benchmark(s) to run. Estimated finish 2026-05-15 19:00 (0h 8m from now) **
// **************************
// Benchmark: SmokeBenchByte.STJRefGen_Ser: Energy(OutlierMode=DontRemove, IterationTime=1s)
// *** Execute ***
// Launch: 1 / 1
// Execute: dotnet JsonBench-Energy-1.dll --anonymousPipes 121 122 --benchmarkName JsonBench.Benchmarks.SmokeBenchByte.STJRefGen_Ser --job Energy --benchmarkId 5 in /home/test/json-energy-bench/JsonBench/bin/Release/net10.0/JsonBench-Energy-1/bin/Release/net10.0
// BeforeAnythingElse

// Benchmark Process Environment Information:
// BenchmarkDotNet v0.15.5-develop (2026-05-15)
// Runtime=.NET 10.0.7 (10.0.7, 10.0.726.21808), X64 RyuJIT x86-64-v3
// GC=Concurrent Workstation
// HardwareIntrinsics=AVX2+BMI1+BMI2+F16C+FMA+LZCNT+MOVBE,AVX,SSE3+SSSE3+SSE4.1+SSE4.2+POPCNT,X86Base+SSE+SSE2,AES+PCLMUL VectorSize=256
// Job: Energy(OutlierMode=DontRemove, IterationTime=1s)

OverheadJitting  1: 1 op, 183792.00 ns, 183.7920 us/op
WorkloadJitting  1: 1 op, 2873524.00 ns, 2.8735 ms/op

OverheadJitting  2: 16 op, 496887.00 ns, 31.0554 us/op
WorkloadJitting  2: 16 op, 743798.00 ns, 46.4874 us/op

WorkloadPilot    1: 16 op, 221145.00 ns, 13.8216 us/op
WorkloadPilot    2: 72352 op, 606533422.00 ns, 8.3831 us/op
WorkloadPilot    3: 119296 op, 514151230.00 ns, 4.3099 us/op
WorkloadPilot    4: 232032 op, 936414259.00 ns, 4.0357 us/op
WorkloadPilot    5: 247792 op, 1230668570.00 ns, 4.9665 us/op
WorkloadPilot    6: 201360 op, 1043839517.00 ns, 5.1839 us/op
WorkloadPilot    7: 192912 op, 929575049.00 ns, 4.8186 us/op
WorkloadPilot    8: 207536 op, 873245416.00 ns, 4.2077 us/op
WorkloadPilot    9: 237664 op, 973557770.00 ns, 4.0964 us/op
WorkloadPilot   10: 244128 op, 940117027.00 ns, 3.8509 us/op
WorkloadPilot   11: 259680 op, 999935183.00 ns, 3.8506 us/op
WorkloadPilot   12: 259712 op, 1017606508.00 ns, 3.9182 us/op

OverheadWarmup   1: 259712 op, 887523.00 ns, 3.4173 ns/op
OverheadWarmup   2: 259712 op, 2808700.00 ns, 10.8147 ns/op
OverheadWarmup   3: 259712 op, 5769836.00 ns, 22.2163 ns/op
OverheadWarmup   4: 259712 op, 926694.00 ns, 3.5682 ns/op
OverheadWarmup   5: 259712 op, 1000813.00 ns, 3.8535 ns/op
OverheadWarmup   6: 259712 op, 923621.00 ns, 3.5563 ns/op

OverheadActual   1: 259712 op, 922119.00 ns, 3.5505 ns/op
OverheadActual   2: 259712 op, 927305.00 ns, 3.5705 ns/op
OverheadActual   3: 259712 op, 881130.00 ns, 3.3927 ns/op
OverheadActual   4: 259712 op, 927097.00 ns, 3.5697 ns/op
OverheadActual   5: 259712 op, 925466.00 ns, 3.5634 ns/op
OverheadActual   6: 259712 op, 917168.00 ns, 3.5315 ns/op
OverheadActual   7: 259712 op, 927581.00 ns, 3.5716 ns/op
OverheadActual   8: 259712 op, 923264.00 ns, 3.5550 ns/op
OverheadActual   9: 259712 op, 912028.00 ns, 3.5117 ns/op
OverheadActual  10: 259712 op, 920854.00 ns, 3.5457 ns/op
OverheadActual  11: 259712 op, 921941.00 ns, 3.5499 ns/op
OverheadActual  12: 259712 op, 956212.00 ns, 3.6818 ns/op
OverheadActual  13: 259712 op, 1204712.00 ns, 4.6386 ns/op
OverheadActual  14: 259712 op, 1879286.00 ns, 7.2360 ns/op
OverheadActual  15: 259712 op, 916568.00 ns, 3.5292 ns/op
OverheadActual  16: 259712 op, 923344.00 ns, 3.5553 ns/op
OverheadActual  17: 259712 op, 927430.00 ns, 3.5710 ns/op
OverheadActual  18: 259712 op, 985053.00 ns, 3.7929 ns/op
OverheadActual  19: 259712 op, 1849442.00 ns, 7.1211 ns/op
OverheadActual  20: 259712 op, 927613.00 ns, 3.5717 ns/op

WorkloadWarmup   1: 259712 op, 1150319259.00 ns, 4.4292 us/op
WorkloadWarmup   2: 259712 op, 1119896405.00 ns, 4.3121 us/op
WorkloadWarmup   3: 259712 op, 1004350450.00 ns, 3.8672 us/op
WorkloadWarmup   4: 259712 op, 1005022136.00 ns, 3.8698 us/op
WorkloadWarmup   5: 259712 op, 998192440.00 ns, 3.8435 us/op
WorkloadWarmup   6: 259712 op, 1079373068.00 ns, 4.1560 us/op
WorkloadWarmup   7: 259712 op, 1044365154.00 ns, 4.0212 us/op

// BeforeActualRun
WorkloadActual   1: 259712 op, 1004440106.00 ns, 3.8675 us/op
WorkloadActual   2: 259712 op, 1005391805.00 ns, 3.8712 us/op
WorkloadActual   3: 259712 op, 1008569910.00 ns, 3.8834 us/op
WorkloadActual   4: 259712 op, 1144717046.00 ns, 4.4076 us/op
WorkloadActual   5: 259712 op, 1094676985.00 ns, 4.2150 us/op
WorkloadActual   6: 259712 op, 1006364857.00 ns, 3.8749 us/op
WorkloadActual   7: 259712 op, 1007622511.00 ns, 3.8798 us/op
WorkloadActual   8: 259712 op, 1006566388.00 ns, 3.8757 us/op
WorkloadActual   9: 259712 op, 1005101307.00 ns, 3.8701 us/op
WorkloadActual  10: 259712 op, 1112851941.00 ns, 4.2849 us/op
WorkloadActual  11: 259712 op, 1006163535.00 ns, 3.8742 us/op
WorkloadActual  12: 259712 op, 1003823153.00 ns, 3.8651 us/op
WorkloadActual  13: 259712 op, 1001312908.00 ns, 3.8555 us/op
WorkloadActual  14: 259712 op, 1098219348.00 ns, 4.2286 us/op
WorkloadActual  15: 259712 op, 1122449850.00 ns, 4.3219 us/op
WorkloadActual  16: 259712 op, 1000078865.00 ns, 3.8507 us/op
WorkloadActual  17: 259712 op, 1008704709.00 ns, 3.8839 us/op
WorkloadActual  18: 259712 op, 1012298458.00 ns, 3.8978 us/op
WorkloadActual  19: 259712 op, 1042790533.00 ns, 4.0152 us/op
WorkloadActual  20: 259712 op, 1116348338.00 ns, 4.2984 us/op
WorkloadActual  21: 259712 op, 1010049617.00 ns, 3.8891 us/op
WorkloadActual  22: 259712 op, 1004815762.00 ns, 3.8690 us/op
WorkloadActual  23: 259712 op, 1009411631.00 ns, 3.8867 us/op
WorkloadActual  24: 259712 op, 1140984852.00 ns, 4.3933 us/op
WorkloadActual  25: 259712 op, 1120744795.00 ns, 4.3153 us/op
WorkloadActual  26: 259712 op, 996596671.00 ns, 3.8373 us/op
WorkloadActual  27: 259712 op, 997201496.00 ns, 3.8396 us/op
WorkloadActual  28: 259712 op, 999726698.00 ns, 3.8494 us/op
WorkloadActual  29: 259712 op, 1037836585.00 ns, 3.9961 us/op
WorkloadActual  30: 259712 op, 1121499517.00 ns, 4.3182 us/op
WorkloadActual  31: 259712 op, 1014502957.00 ns, 3.9063 us/op
WorkloadActual  32: 259712 op, 1007107911.00 ns, 3.8778 us/op
WorkloadActual  33: 259712 op, 1027420621.00 ns, 3.9560 us/op
WorkloadActual  34: 259712 op, 1003835665.00 ns, 3.8652 us/op
WorkloadActual  35: 259712 op, 1113902708.00 ns, 4.2890 us/op
WorkloadActual  36: 259712 op, 998757738.00 ns, 3.8456 us/op
WorkloadActual  37: 259712 op, 1000432760.00 ns, 3.8521 us/op
WorkloadActual  38: 259712 op, 1006353174.00 ns, 3.8749 us/op
WorkloadActual  39: 259712 op, 1009338019.00 ns, 3.8864 us/op
WorkloadActual  40: 259712 op, 1087083855.00 ns, 4.1857 us/op
WorkloadActual  41: 259712 op, 1027863536.00 ns, 3.9577 us/op
WorkloadActual  42: 259712 op, 1008021224.00 ns, 3.8813 us/op
WorkloadActual  43: 259712 op, 1130437061.00 ns, 4.3527 us/op
WorkloadActual  44: 259712 op, 1021257133.00 ns, 3.9323 us/op
WorkloadActual  45: 259712 op, 1003557469.00 ns, 3.8641 us/op
WorkloadActual  46: 259712 op, 1101341022.00 ns, 4.2406 us/op
WorkloadActual  47: 259712 op, 1002386272.00 ns, 3.8596 us/op
WorkloadActual  48: 259712 op, 1000965081.00 ns, 3.8541 us/op
WorkloadActual  49: 259712 op, 999263889.00 ns, 3.8476 us/op
WorkloadActual  50: 259712 op, 997547737.00 ns, 3.8410 us/op
WorkloadActual  51: 259712 op, 1120074564.00 ns, 4.3128 us/op
WorkloadActual  52: 259712 op, 1009655770.00 ns, 3.8876 us/op
WorkloadActual  53: 259712 op, 1084277697.00 ns, 4.1749 us/op
WorkloadActual  54: 259712 op, 999229803.00 ns, 3.8475 us/op
WorkloadActual  55: 259712 op, 1007686287.00 ns, 3.8800 us/op
WorkloadActual  56: 259712 op, 1163900153.00 ns, 4.4815 us/op
WorkloadActual  57: 259712 op, 1004878150.00 ns, 3.8692 us/op
WorkloadActual  58: 259712 op, 1004832067.00 ns, 3.8690 us/op
WorkloadActual  59: 259712 op, 998286892.00 ns, 3.8438 us/op
WorkloadActual  60: 259712 op, 999313017.00 ns, 3.8478 us/op
WorkloadActual  61: 259712 op, 1095850002.00 ns, 4.2195 us/op
WorkloadActual  62: 259712 op, 1034585990.00 ns, 3.9836 us/op
WorkloadActual  63: 259712 op, 1044724023.00 ns, 4.0226 us/op
WorkloadActual  64: 259712 op, 996608139.00 ns, 3.8374 us/op
WorkloadActual  65: 259712 op, 1036396951.00 ns, 3.9906 us/op
WorkloadActual  66: 259712 op, 1098052892.00 ns, 4.2280 us/op
WorkloadActual  67: 259712 op, 998088694.00 ns, 3.8431 us/op
WorkloadActual  68: 259712 op, 999724072.00 ns, 3.8494 us/op

// AfterActualRun
WorkloadResult   1: 259712 op, 1003513824.50 ns, 3.8639 us/op
WorkloadResult   2: 259712 op, 1004465523.50 ns, 3.8676 us/op
WorkloadResult   3: 259712 op, 1007643628.50 ns, 3.8799 us/op
WorkloadResult   4: 259712 op, 1143790764.50 ns, 4.4041 us/op
WorkloadResult   5: 259712 op, 1093750703.50 ns, 4.2114 us/op
WorkloadResult   6: 259712 op, 1005438575.50 ns, 3.8714 us/op
WorkloadResult   7: 259712 op, 1006696229.50 ns, 3.8762 us/op
WorkloadResult   8: 259712 op, 1005640106.50 ns, 3.8721 us/op
WorkloadResult   9: 259712 op, 1004175025.50 ns, 3.8665 us/op
WorkloadResult  10: 259712 op, 1111925659.50 ns, 4.2814 us/op
WorkloadResult  11: 259712 op, 1005237253.50 ns, 3.8706 us/op
WorkloadResult  12: 259712 op, 1002896871.50 ns, 3.8616 us/op
WorkloadResult  13: 259712 op, 1000386626.50 ns, 3.8519 us/op
WorkloadResult  14: 259712 op, 1097293066.50 ns, 4.2250 us/op
WorkloadResult  15: 259712 op, 1121523568.50 ns, 4.3183 us/op
WorkloadResult  16: 259712 op, 999152583.50 ns, 3.8472 us/op
WorkloadResult  17: 259712 op, 1007778427.50 ns, 3.8804 us/op
WorkloadResult  18: 259712 op, 1011372176.50 ns, 3.8942 us/op
WorkloadResult  19: 259712 op, 1041864251.50 ns, 4.0116 us/op
WorkloadResult  20: 259712 op, 1115422056.50 ns, 4.2948 us/op
WorkloadResult  21: 259712 op, 1009123335.50 ns, 3.8855 us/op
WorkloadResult  22: 259712 op, 1003889480.50 ns, 3.8654 us/op
WorkloadResult  23: 259712 op, 1008485349.50 ns, 3.8831 us/op
WorkloadResult  24: 259712 op, 1140058570.50 ns, 4.3897 us/op
WorkloadResult  25: 259712 op, 1119818513.50 ns, 4.3118 us/op
WorkloadResult  26: 259712 op, 995670389.50 ns, 3.8337 us/op
WorkloadResult  27: 259712 op, 996275214.50 ns, 3.8361 us/op
WorkloadResult  28: 259712 op, 998800416.50 ns, 3.8458 us/op
WorkloadResult  29: 259712 op, 1036910303.50 ns, 3.9925 us/op
WorkloadResult  30: 259712 op, 1120573235.50 ns, 4.3147 us/op
WorkloadResult  31: 259712 op, 1013576675.50 ns, 3.9027 us/op
WorkloadResult  32: 259712 op, 1006181629.50 ns, 3.8742 us/op
WorkloadResult  33: 259712 op, 1026494339.50 ns, 3.9524 us/op
WorkloadResult  34: 259712 op, 1002909383.50 ns, 3.8616 us/op
WorkloadResult  35: 259712 op, 1112976426.50 ns, 4.2854 us/op
WorkloadResult  36: 259712 op, 997831456.50 ns, 3.8421 us/op
WorkloadResult  37: 259712 op, 999506478.50 ns, 3.8485 us/op
WorkloadResult  38: 259712 op, 1005426892.50 ns, 3.8713 us/op
WorkloadResult  39: 259712 op, 1008411737.50 ns, 3.8828 us/op
WorkloadResult  40: 259712 op, 1086157573.50 ns, 4.1822 us/op
WorkloadResult  41: 259712 op, 1026937254.50 ns, 3.9541 us/op
WorkloadResult  42: 259712 op, 1007094942.50 ns, 3.8777 us/op
WorkloadResult  43: 259712 op, 1129510779.50 ns, 4.3491 us/op
WorkloadResult  44: 259712 op, 1020330851.50 ns, 3.9287 us/op
WorkloadResult  45: 259712 op, 1002631187.50 ns, 3.8606 us/op
WorkloadResult  46: 259712 op, 1100414740.50 ns, 4.2371 us/op
WorkloadResult  47: 259712 op, 1001459990.50 ns, 3.8560 us/op
WorkloadResult  48: 259712 op, 1000038799.50 ns, 3.8506 us/op
WorkloadResult  49: 259712 op, 998337607.50 ns, 3.8440 us/op
WorkloadResult  50: 259712 op, 996621455.50 ns, 3.8374 us/op
WorkloadResult  51: 259712 op, 1119148282.50 ns, 4.3092 us/op
WorkloadResult  52: 259712 op, 1008729488.50 ns, 3.8840 us/op
WorkloadResult  53: 259712 op, 1083351415.50 ns, 4.1714 us/op
WorkloadResult  54: 259712 op, 998303521.50 ns, 3.8439 us/op
WorkloadResult  55: 259712 op, 1006760005.50 ns, 3.8764 us/op
WorkloadResult  56: 259712 op, 1162973871.50 ns, 4.4779 us/op
WorkloadResult  57: 259712 op, 1003951868.50 ns, 3.8656 us/op
WorkloadResult  58: 259712 op, 1003905785.50 ns, 3.8655 us/op
WorkloadResult  59: 259712 op, 997360610.50 ns, 3.8403 us/op
WorkloadResult  60: 259712 op, 998386735.50 ns, 3.8442 us/op
WorkloadResult  61: 259712 op, 1094923720.50 ns, 4.2159 us/op
WorkloadResult  62: 259712 op, 1033659708.50 ns, 3.9800 us/op
WorkloadResult  63: 259712 op, 1043797741.50 ns, 4.0191 us/op
WorkloadResult  64: 259712 op, 995681857.50 ns, 3.8338 us/op
WorkloadResult  65: 259712 op, 1035470669.50 ns, 3.9870 us/op
WorkloadResult  66: 259712 op, 1097126610.50 ns, 4.2244 us/op
WorkloadResult  67: 259712 op, 997162412.50 ns, 3.8395 us/op
WorkloadResult  68: 259712 op, 998797790.50 ns, 3.8458 us/op

// AfterAll
// Benchmark Process 898293 has exited with code 0.

Mean = 3.989 μs, StdErr = 0.023 μs (0.58%), N = 68, StdDev = 0.191 μs
Min = 3.834 μs, Q1 = 3.859 μs, Median = 3.879 μs, Q3 = 4.174 μs, Max = 4.478 μs
IQR = 0.315 μs, LowerFence = 3.387 μs, UpperFence = 4.646 μs
ConfidenceInterval = [3.909 μs; 4.068 μs] (CI 99.9%), Margin = 0.080 μs (1.99% of Mean)
Skewness = 1.07, Kurtosis = 2.54, MValue = 2.68

// ** Remained 4 (40.0 %) benchmark(s) to run. Estimated finish 2026-05-15 19:00 (0h 6m from now) **
// **************************
// Benchmark: SmokeBenchByte.STJSrcGen_Ser: Energy(OutlierMode=DontRemove, IterationTime=1s)
// *** Execute ***
// Launch: 1 / 1
// Execute: dotnet JsonBench-Energy-1.dll --anonymousPipes 121 122 --benchmarkName JsonBench.Benchmarks.SmokeBenchByte.STJSrcGen_Ser --job Energy --benchmarkId 6 in /home/test/json-energy-bench/JsonBench/bin/Release/net10.0/JsonBench-Energy-1/bin/Release/net10.0
// BeforeAnythingElse

// Benchmark Process Environment Information:
// BenchmarkDotNet v0.15.5-develop (2026-05-15)
// Runtime=.NET 10.0.7 (10.0.7, 10.0.726.21808), X64 RyuJIT x86-64-v3
// GC=Concurrent Workstation
// HardwareIntrinsics=AVX2+BMI1+BMI2+F16C+FMA+LZCNT+MOVBE,AVX,SSE3+SSSE3+SSE4.1+SSE4.2+POPCNT,X86Base+SSE+SSE2,AES+PCLMUL VectorSize=256
// Job: Energy(OutlierMode=DontRemove, IterationTime=1s)

OverheadJitting  1: 1 op, 191978.00 ns, 191.9780 us/op
WorkloadJitting  1: 1 op, 8954995.00 ns, 8.9550 ms/op

OverheadJitting  2: 16 op, 496929.00 ns, 31.0581 us/op
WorkloadJitting  2: 16 op, 721306.00 ns, 45.0816 us/op

WorkloadPilot    1: 16 op, 160653.00 ns, 10.0408 us/op
WorkloadPilot    2: 99600 op, 505576768.00 ns, 5.0761 us/op
WorkloadPilot    3: 197008 op, 564615611.00 ns, 2.8660 us/op
WorkloadPilot    4: 348928 op, 1061704716.00 ns, 3.0428 us/op
WorkloadPilot    5: 328656 op, 1122934397.00 ns, 3.4167 us/op
WorkloadPilot    6: 292688 op, 1026370596.00 ns, 3.5067 us/op

OverheadWarmup   1: 292688 op, 965127.00 ns, 3.2975 ns/op
OverheadWarmup   2: 292688 op, 1274670.00 ns, 4.3550 ns/op
OverheadWarmup   3: 292688 op, 965081.00 ns, 3.2973 ns/op
OverheadWarmup   4: 292688 op, 1366923.00 ns, 4.6702 ns/op
OverheadWarmup   5: 292688 op, 1006014.00 ns, 3.4372 ns/op

OverheadActual   1: 292688 op, 1863579.00 ns, 6.3671 ns/op
OverheadActual   2: 292688 op, 1108225.00 ns, 3.7864 ns/op
OverheadActual   3: 292688 op, 2112396.00 ns, 7.2172 ns/op
OverheadActual   4: 292688 op, 2179899.00 ns, 7.4479 ns/op
OverheadActual   5: 292688 op, 2197121.00 ns, 7.5067 ns/op
OverheadActual   6: 292688 op, 2202068.00 ns, 7.5236 ns/op
OverheadActual   7: 292688 op, 2208823.00 ns, 7.5467 ns/op
OverheadActual   8: 292688 op, 2214325.00 ns, 7.5655 ns/op
OverheadActual   9: 292688 op, 2196244.00 ns, 7.5037 ns/op
OverheadActual  10: 292688 op, 2183643.00 ns, 7.4607 ns/op
OverheadActual  11: 292688 op, 1792664.00 ns, 6.1248 ns/op
OverheadActual  12: 292688 op, 967792.00 ns, 3.3066 ns/op
OverheadActual  13: 292688 op, 1151529.00 ns, 3.9343 ns/op
OverheadActual  14: 292688 op, 1051158.00 ns, 3.5914 ns/op
OverheadActual  15: 292688 op, 997116.00 ns, 3.4068 ns/op
OverheadActual  16: 292688 op, 1549623.00 ns, 5.2945 ns/op
OverheadActual  17: 292688 op, 1046232.00 ns, 3.5746 ns/op
OverheadActual  18: 292688 op, 989693.00 ns, 3.3814 ns/op
OverheadActual  19: 292688 op, 1240609.00 ns, 4.2387 ns/op
OverheadActual  20: 292688 op, 969196.00 ns, 3.3114 ns/op

WorkloadWarmup   1: 292688 op, 1077740928.00 ns, 3.6822 us/op
WorkloadWarmup   2: 292688 op, 871243355.00 ns, 2.9767 us/op
WorkloadWarmup   3: 292688 op, 780370841.00 ns, 2.6662 us/op
WorkloadWarmup   4: 292688 op, 797189321.00 ns, 2.7237 us/op
WorkloadWarmup   5: 292688 op, 790160812.00 ns, 2.6997 us/op
WorkloadWarmup   6: 292688 op, 796698725.00 ns, 2.7220 us/op
WorkloadWarmup   7: 292688 op, 795538187.00 ns, 2.7180 us/op

// BeforeActualRun
WorkloadActual   1: 292688 op, 860024194.00 ns, 2.9384 us/op
WorkloadActual   2: 292688 op, 1014054341.00 ns, 3.4646 us/op
WorkloadActual   3: 292688 op, 800350656.00 ns, 2.7345 us/op
WorkloadActual   4: 292688 op, 796361630.00 ns, 2.7209 us/op
WorkloadActual   5: 292688 op, 796956772.00 ns, 2.7229 us/op
WorkloadActual   6: 292688 op, 798082780.00 ns, 2.7267 us/op
WorkloadActual   7: 292688 op, 830858823.00 ns, 2.8387 us/op
WorkloadActual   8: 292688 op, 902998262.00 ns, 3.0852 us/op
WorkloadActual   9: 292688 op, 795946847.00 ns, 2.7194 us/op
WorkloadActual  10: 292688 op, 790840127.00 ns, 2.7020 us/op
WorkloadActual  11: 292688 op, 790822140.00 ns, 2.7019 us/op
WorkloadActual  12: 292688 op, 791205314.00 ns, 2.7032 us/op
WorkloadActual  13: 292688 op, 800078354.00 ns, 2.7336 us/op
WorkloadActual  14: 292688 op, 998774144.00 ns, 3.4124 us/op
WorkloadActual  15: 292688 op, 790040815.00 ns, 2.6993 us/op
WorkloadActual  16: 292688 op, 790602085.00 ns, 2.7012 us/op
WorkloadActual  17: 292688 op, 792602055.00 ns, 2.7080 us/op
WorkloadActual  18: 292688 op, 788054796.00 ns, 2.6925 us/op
WorkloadActual  19: 292688 op, 808892091.00 ns, 2.7637 us/op
WorkloadActual  20: 292688 op, 795195053.00 ns, 2.7169 us/op
WorkloadActual  21: 292688 op, 902355965.00 ns, 3.0830 us/op
WorkloadActual  22: 292688 op, 802148138.00 ns, 2.7406 us/op
WorkloadActual  23: 292688 op, 985667404.00 ns, 3.3676 us/op
WorkloadActual  24: 292688 op, 813457624.00 ns, 2.7793 us/op
WorkloadActual  25: 292688 op, 804533010.00 ns, 2.7488 us/op
WorkloadActual  26: 292688 op, 837839635.00 ns, 2.8626 us/op
WorkloadActual  27: 292688 op, 977891194.00 ns, 3.3411 us/op
WorkloadActual  28: 292688 op, 818397197.00 ns, 2.7961 us/op
WorkloadActual  29: 292688 op, 791170794.00 ns, 2.7031 us/op
WorkloadActual  30: 292688 op, 787398171.00 ns, 2.6902 us/op
WorkloadActual  31: 292688 op, 799151062.00 ns, 2.7304 us/op
WorkloadActual  32: 292688 op, 795209412.00 ns, 2.7169 us/op
WorkloadActual  33: 292688 op, 878373135.00 ns, 3.0011 us/op
WorkloadActual  34: 292688 op, 823938606.00 ns, 2.8151 us/op
WorkloadActual  35: 292688 op, 790671399.00 ns, 2.7014 us/op
WorkloadActual  36: 292688 op, 792589693.00 ns, 2.7080 us/op
WorkloadActual  37: 292688 op, 789381181.00 ns, 2.6970 us/op
WorkloadActual  38: 292688 op, 857116908.00 ns, 2.9284 us/op
WorkloadActual  39: 292688 op, 902780221.00 ns, 3.0844 us/op
WorkloadActual  40: 292688 op, 908327443.00 ns, 3.1034 us/op
WorkloadActual  41: 292688 op, 796900634.00 ns, 2.7227 us/op
WorkloadActual  42: 292688 op, 820361846.00 ns, 2.8029 us/op
WorkloadActual  43: 292688 op, 794844012.00 ns, 2.7157 us/op
WorkloadActual  44: 292688 op, 831256659.00 ns, 2.8401 us/op
WorkloadActual  45: 292688 op, 790586063.00 ns, 2.7011 us/op
WorkloadActual  46: 292688 op, 894809313.00 ns, 3.0572 us/op
WorkloadActual  47: 292688 op, 788249465.00 ns, 2.6931 us/op
WorkloadActual  48: 292688 op, 787843867.00 ns, 2.6918 us/op
WorkloadActual  49: 292688 op, 787858840.00 ns, 2.6918 us/op
WorkloadActual  50: 292688 op, 814735282.00 ns, 2.7836 us/op
WorkloadActual  51: 292688 op, 792275931.00 ns, 2.7069 us/op
WorkloadActual  52: 292688 op, 789762885.00 ns, 2.6983 us/op
WorkloadActual  53: 292688 op, 924671011.00 ns, 3.1592 us/op
WorkloadActual  54: 292688 op, 786780403.00 ns, 2.6881 us/op
WorkloadActual  55: 292688 op, 788642342.00 ns, 2.6945 us/op
WorkloadActual  56: 292688 op, 788247267.00 ns, 2.6931 us/op
WorkloadActual  57: 292688 op, 787596475.00 ns, 2.6909 us/op
WorkloadActual  58: 292688 op, 787360968.00 ns, 2.6901 us/op
WorkloadActual  59: 292688 op, 891515098.00 ns, 3.0460 us/op
WorkloadActual  60: 292688 op, 809959913.00 ns, 2.7673 us/op
WorkloadActual  61: 292688 op, 788370040.00 ns, 2.6936 us/op
WorkloadActual  62: 292688 op, 869671946.00 ns, 2.9713 us/op
WorkloadActual  63: 292688 op, 814673080.00 ns, 2.7834 us/op
WorkloadActual  64: 292688 op, 792791366.00 ns, 2.7087 us/op
WorkloadActual  65: 292688 op, 795960065.00 ns, 2.7195 us/op
WorkloadActual  66: 292688 op, 913025262.00 ns, 3.1194 us/op
WorkloadActual  67: 292688 op, 847913446.00 ns, 2.8970 us/op
WorkloadActual  68: 292688 op, 787062078.00 ns, 2.6891 us/op
WorkloadActual  69: 292688 op, 788883026.00 ns, 2.6953 us/op
WorkloadActual  70: 292688 op, 787929826.00 ns, 2.6920 us/op
WorkloadActual  71: 292688 op, 789131037.00 ns, 2.6962 us/op
WorkloadActual  72: 292688 op, 898015019.00 ns, 3.0682 us/op
WorkloadActual  73: 292688 op, 790402475.00 ns, 2.7005 us/op
WorkloadActual  74: 292688 op, 797122763.00 ns, 2.7235 us/op
WorkloadActual  75: 292688 op, 884697187.00 ns, 3.0227 us/op
WorkloadActual  76: 292688 op, 821115961.00 ns, 2.8054 us/op
WorkloadActual  77: 292688 op, 795023846.00 ns, 2.7163 us/op
WorkloadActual  78: 292688 op, 795066635.00 ns, 2.7164 us/op
WorkloadActual  79: 292688 op, 904198979.00 ns, 3.0893 us/op
WorkloadActual  80: 292688 op, 789489311.00 ns, 2.6974 us/op
WorkloadActual  81: 292688 op, 794014213.00 ns, 2.7128 us/op
WorkloadActual  82: 292688 op, 819343023.00 ns, 2.7994 us/op
WorkloadActual  83: 292688 op, 793317843.00 ns, 2.7105 us/op
WorkloadActual  84: 292688 op, 795394490.00 ns, 2.7176 us/op
WorkloadActual  85: 292688 op, 887372360.00 ns, 3.0318 us/op
WorkloadActual  86: 292688 op, 793680862.00 ns, 2.7117 us/op
WorkloadActual  87: 292688 op, 871390519.00 ns, 2.9772 us/op
WorkloadActual  88: 292688 op, 794812436.00 ns, 2.7156 us/op
WorkloadActual  89: 292688 op, 790032903.00 ns, 2.6992 us/op
WorkloadActual  90: 292688 op, 793536792.00 ns, 2.7112 us/op
WorkloadActual  91: 292688 op, 796018790.00 ns, 2.7197 us/op
WorkloadActual  92: 292688 op, 913628244.00 ns, 3.1215 us/op
WorkloadActual  93: 292688 op, 792033774.00 ns, 2.7061 us/op
WorkloadActual  94: 292688 op, 789420923.00 ns, 2.6971 us/op
WorkloadActual  95: 292688 op, 791098974.00 ns, 2.7029 us/op
WorkloadActual  96: 292688 op, 796618016.00 ns, 2.7217 us/op
WorkloadActual  97: 292688 op, 792165163.00 ns, 2.7065 us/op
WorkloadActual  98: 292688 op, 906203306.00 ns, 3.0961 us/op
WorkloadActual  99: 292688 op, 849815178.00 ns, 2.9035 us/op
WorkloadActual  100: 292688 op, 788718776.00 ns, 2.6947 us/op

// AfterActualRun
WorkloadResult   1: 292688 op, 858353050.50 ns, 2.9327 us/op
WorkloadResult   2: 292688 op, 1012383197.50 ns, 3.4589 us/op
WorkloadResult   3: 292688 op, 798679512.50 ns, 2.7288 us/op
WorkloadResult   4: 292688 op, 794690486.50 ns, 2.7151 us/op
WorkloadResult   5: 292688 op, 795285628.50 ns, 2.7172 us/op
WorkloadResult   6: 292688 op, 796411636.50 ns, 2.7210 us/op
WorkloadResult   7: 292688 op, 829187679.50 ns, 2.8330 us/op
WorkloadResult   8: 292688 op, 901327118.50 ns, 3.0795 us/op
WorkloadResult   9: 292688 op, 794275703.50 ns, 2.7137 us/op
WorkloadResult  10: 292688 op, 789168983.50 ns, 2.6963 us/op
WorkloadResult  11: 292688 op, 789150996.50 ns, 2.6962 us/op
WorkloadResult  12: 292688 op, 789534170.50 ns, 2.6975 us/op
WorkloadResult  13: 292688 op, 798407210.50 ns, 2.7278 us/op
WorkloadResult  14: 292688 op, 997103000.50 ns, 3.4067 us/op
WorkloadResult  15: 292688 op, 788369671.50 ns, 2.6935 us/op
WorkloadResult  16: 292688 op, 788930941.50 ns, 2.6955 us/op
WorkloadResult  17: 292688 op, 790930911.50 ns, 2.7023 us/op
WorkloadResult  18: 292688 op, 786383652.50 ns, 2.6868 us/op
WorkloadResult  19: 292688 op, 807220947.50 ns, 2.7580 us/op
WorkloadResult  20: 292688 op, 793523909.50 ns, 2.7112 us/op
WorkloadResult  21: 292688 op, 900684821.50 ns, 3.0773 us/op
WorkloadResult  22: 292688 op, 800476994.50 ns, 2.7349 us/op
WorkloadResult  23: 292688 op, 983996260.50 ns, 3.3619 us/op
WorkloadResult  24: 292688 op, 811786480.50 ns, 2.7736 us/op
WorkloadResult  25: 292688 op, 802861866.50 ns, 2.7431 us/op
WorkloadResult  26: 292688 op, 836168491.50 ns, 2.8569 us/op
WorkloadResult  27: 292688 op, 976220050.50 ns, 3.3354 us/op
WorkloadResult  28: 292688 op, 816726053.50 ns, 2.7904 us/op
WorkloadResult  29: 292688 op, 789499650.50 ns, 2.6974 us/op
WorkloadResult  30: 292688 op, 785727027.50 ns, 2.6845 us/op
WorkloadResult  31: 292688 op, 797479918.50 ns, 2.7247 us/op
WorkloadResult  32: 292688 op, 793538268.50 ns, 2.7112 us/op
WorkloadResult  33: 292688 op, 876701991.50 ns, 2.9953 us/op
WorkloadResult  34: 292688 op, 822267462.50 ns, 2.8094 us/op
WorkloadResult  35: 292688 op, 789000255.50 ns, 2.6957 us/op
WorkloadResult  36: 292688 op, 790918549.50 ns, 2.7023 us/op
WorkloadResult  37: 292688 op, 787710037.50 ns, 2.6913 us/op
WorkloadResult  38: 292688 op, 855445764.50 ns, 2.9227 us/op
WorkloadResult  39: 292688 op, 901109077.50 ns, 3.0787 us/op
WorkloadResult  40: 292688 op, 906656299.50 ns, 3.0977 us/op
WorkloadResult  41: 292688 op, 795229490.50 ns, 2.7170 us/op
WorkloadResult  42: 292688 op, 818690702.50 ns, 2.7971 us/op
WorkloadResult  43: 292688 op, 793172868.50 ns, 2.7100 us/op
WorkloadResult  44: 292688 op, 829585515.50 ns, 2.8344 us/op
WorkloadResult  45: 292688 op, 788914919.50 ns, 2.6954 us/op
WorkloadResult  46: 292688 op, 893138169.50 ns, 3.0515 us/op
WorkloadResult  47: 292688 op, 786578321.50 ns, 2.6874 us/op
WorkloadResult  48: 292688 op, 786172723.50 ns, 2.6860 us/op
WorkloadResult  49: 292688 op, 786187696.50 ns, 2.6861 us/op
WorkloadResult  50: 292688 op, 813064138.50 ns, 2.7779 us/op
WorkloadResult  51: 292688 op, 790604787.50 ns, 2.7012 us/op
WorkloadResult  52: 292688 op, 788091741.50 ns, 2.6926 us/op
WorkloadResult  53: 292688 op, 922999867.50 ns, 3.1535 us/op
WorkloadResult  54: 292688 op, 785109259.50 ns, 2.6824 us/op
WorkloadResult  55: 292688 op, 786971198.50 ns, 2.6888 us/op
WorkloadResult  56: 292688 op, 786576123.50 ns, 2.6874 us/op
WorkloadResult  57: 292688 op, 785925331.50 ns, 2.6852 us/op
WorkloadResult  58: 292688 op, 785689824.50 ns, 2.6844 us/op
WorkloadResult  59: 292688 op, 889843954.50 ns, 3.0402 us/op
WorkloadResult  60: 292688 op, 808288769.50 ns, 2.7616 us/op
WorkloadResult  61: 292688 op, 786698896.50 ns, 2.6878 us/op
WorkloadResult  62: 292688 op, 868000802.50 ns, 2.9656 us/op
WorkloadResult  63: 292688 op, 813001936.50 ns, 2.7777 us/op
WorkloadResult  64: 292688 op, 791120222.50 ns, 2.7029 us/op
WorkloadResult  65: 292688 op, 794288921.50 ns, 2.7138 us/op
WorkloadResult  66: 292688 op, 911354118.50 ns, 3.1137 us/op
WorkloadResult  67: 292688 op, 846242302.50 ns, 2.8913 us/op
WorkloadResult  68: 292688 op, 785390934.50 ns, 2.6834 us/op
WorkloadResult  69: 292688 op, 787211882.50 ns, 2.6896 us/op
WorkloadResult  70: 292688 op, 786258682.50 ns, 2.6863 us/op
WorkloadResult  71: 292688 op, 787459893.50 ns, 2.6904 us/op
WorkloadResult  72: 292688 op, 896343875.50 ns, 3.0625 us/op
WorkloadResult  73: 292688 op, 788731331.50 ns, 2.6948 us/op
WorkloadResult  74: 292688 op, 795451619.50 ns, 2.7177 us/op
WorkloadResult  75: 292688 op, 883026043.50 ns, 3.0170 us/op
WorkloadResult  76: 292688 op, 819444817.50 ns, 2.7997 us/op
WorkloadResult  77: 292688 op, 793352702.50 ns, 2.7106 us/op
WorkloadResult  78: 292688 op, 793395491.50 ns, 2.7107 us/op
WorkloadResult  79: 292688 op, 902527835.50 ns, 3.0836 us/op
WorkloadResult  80: 292688 op, 787818167.50 ns, 2.6917 us/op
WorkloadResult  81: 292688 op, 792343069.50 ns, 2.7071 us/op
WorkloadResult  82: 292688 op, 817671879.50 ns, 2.7937 us/op
WorkloadResult  83: 292688 op, 791646699.50 ns, 2.7047 us/op
WorkloadResult  84: 292688 op, 793723346.50 ns, 2.7118 us/op
WorkloadResult  85: 292688 op, 885701216.50 ns, 3.0261 us/op
WorkloadResult  86: 292688 op, 792009718.50 ns, 2.7060 us/op
WorkloadResult  87: 292688 op, 869719375.50 ns, 2.9715 us/op
WorkloadResult  88: 292688 op, 793141292.50 ns, 2.7099 us/op
WorkloadResult  89: 292688 op, 788361759.50 ns, 2.6935 us/op
WorkloadResult  90: 292688 op, 791865648.50 ns, 2.7055 us/op
WorkloadResult  91: 292688 op, 794347646.50 ns, 2.7140 us/op
WorkloadResult  92: 292688 op, 911957100.50 ns, 3.1158 us/op
WorkloadResult  93: 292688 op, 790362630.50 ns, 2.7004 us/op
WorkloadResult  94: 292688 op, 787749779.50 ns, 2.6914 us/op
WorkloadResult  95: 292688 op, 789427830.50 ns, 2.6972 us/op
WorkloadResult  96: 292688 op, 794946872.50 ns, 2.7160 us/op
WorkloadResult  97: 292688 op, 790494019.50 ns, 2.7008 us/op
WorkloadResult  98: 292688 op, 904532162.50 ns, 3.0904 us/op
WorkloadResult  99: 292688 op, 848144034.50 ns, 2.8978 us/op
WorkloadResult  100: 292688 op, 787047632.50 ns, 2.6890 us/op

// AfterAll
// Benchmark Process 899045 has exited with code 0.

Mean = 2.811 μs, StdErr = 0.018 μs (0.64%), N = 100, StdDev = 0.181 μs
Min = 2.682 μs, Q1 = 2.696 μs, Median = 2.714 μs, Q3 = 2.865 μs, Max = 3.459 μs
IQR = 0.170 μs, LowerFence = 2.441 μs, UpperFence = 3.120 μs
ConfidenceInterval = [2.750 μs; 2.873 μs] (CI 99.9%), Margin = 0.061 μs (2.19% of Mean)
Skewness = 1.69, Kurtosis = 5.19, MValue = 2.3

// ** Remained 3 (30.0 %) benchmark(s) to run. Estimated finish 2026-05-15 19:00 (0h 5m from now) **
// **************************
// Benchmark: SmokeBenchByte.Newtonsoft_Ser: Energy(OutlierMode=DontRemove, IterationTime=1s)
// *** Execute ***
// Launch: 1 / 1
// Execute: dotnet JsonBench-Energy-1.dll --anonymousPipes 121 122 --benchmarkName JsonBench.Benchmarks.SmokeBenchByte.Newtonsoft_Ser --job Energy --benchmarkId 7 in /home/test/json-energy-bench/JsonBench/bin/Release/net10.0/JsonBench-Energy-1/bin/Release/net10.0
// BeforeAnythingElse

// Benchmark Process Environment Information:
// BenchmarkDotNet v0.15.5-develop (2026-05-15)
// Runtime=.NET 10.0.7 (10.0.7, 10.0.726.21808), X64 RyuJIT x86-64-v3
// GC=Concurrent Workstation
// HardwareIntrinsics=AVX2+BMI1+BMI2+F16C+FMA+LZCNT+MOVBE,AVX,SSE3+SSSE3+SSE4.1+SSE4.2+POPCNT,X86Base+SSE+SSE2,AES+PCLMUL VectorSize=256
// Job: Energy(OutlierMode=DontRemove, IterationTime=1s)

OverheadJitting  1: 1 op, 189699.00 ns, 189.6990 us/op
WorkloadJitting  1: 1 op, 46142333.00 ns, 46.1423 ms/op

OverheadJitting  2: 16 op, 501017.00 ns, 31.3136 us/op
WorkloadJitting  2: 16 op, 1423623.00 ns, 88.9764 us/op

WorkloadPilot    1: 16 op, 788388.00 ns, 49.2743 us/op
WorkloadPilot    2: 20304 op, 508896596.00 ns, 25.0639 us/op
WorkloadPilot    3: 39904 op, 365039064.00 ns, 9.1479 us/op
WorkloadPilot    4: 109328 op, 1118568652.00 ns, 10.2313 us/op
WorkloadPilot    5: 97744 op, 1080568268.00 ns, 11.0551 us/op
WorkloadPilot    6: 90464 op, 1084407604.00 ns, 11.9872 us/op

OverheadWarmup   1: 90464 op, 498273.00 ns, 5.5080 ns/op
OverheadWarmup   2: 90464 op, 482886.00 ns, 5.3379 ns/op
OverheadWarmup   3: 90464 op, 493043.00 ns, 5.4502 ns/op
OverheadWarmup   4: 90464 op, 526309.00 ns, 5.8179 ns/op
OverheadWarmup   5: 90464 op, 536359.00 ns, 5.9290 ns/op
OverheadWarmup   6: 90464 op, 494631.00 ns, 5.4677 ns/op
OverheadWarmup   7: 90464 op, 468899.00 ns, 5.1833 ns/op
OverheadWarmup   8: 90464 op, 521830.00 ns, 5.7684 ns/op
OverheadWarmup   9: 90464 op, 485823.00 ns, 5.3703 ns/op

OverheadActual   1: 90464 op, 473102.00 ns, 5.2297 ns/op
OverheadActual   2: 90464 op, 529813.00 ns, 5.8566 ns/op
OverheadActual   3: 90464 op, 489425.00 ns, 5.4102 ns/op
OverheadActual   4: 90464 op, 468277.00 ns, 5.1764 ns/op
OverheadActual   5: 90464 op, 520734.00 ns, 5.7563 ns/op
OverheadActual   6: 90464 op, 471261.00 ns, 5.2094 ns/op
OverheadActual   7: 90464 op, 490927.00 ns, 5.4268 ns/op
OverheadActual   8: 90464 op, 515939.00 ns, 5.7033 ns/op
OverheadActual   9: 90464 op, 516117.00 ns, 5.7052 ns/op
OverheadActual  10: 90464 op, 506447.00 ns, 5.5983 ns/op
OverheadActual  11: 90464 op, 478273.00 ns, 5.2869 ns/op
OverheadActual  12: 90464 op, 482841.00 ns, 5.3374 ns/op
OverheadActual  13: 90464 op, 495748.00 ns, 5.4801 ns/op
OverheadActual  14: 90464 op, 506460.00 ns, 5.5985 ns/op
OverheadActual  15: 90464 op, 500618.00 ns, 5.5339 ns/op

WorkloadWarmup   1: 90464 op, 1024291113.00 ns, 11.3226 us/op
WorkloadWarmup   2: 90464 op, 968195601.00 ns, 10.7026 us/op
WorkloadWarmup   3: 90464 op, 820475874.00 ns, 9.0696 us/op
WorkloadWarmup   4: 90464 op, 820631637.00 ns, 9.0714 us/op
WorkloadWarmup   5: 90464 op, 819728913.00 ns, 9.0614 us/op
WorkloadWarmup   6: 90464 op, 821573331.00 ns, 9.0818 us/op
WorkloadWarmup   7: 90464 op, 820602347.00 ns, 9.0710 us/op

// BeforeActualRun
WorkloadActual   1: 90464 op, 959112669.00 ns, 10.6021 us/op
WorkloadActual   2: 90464 op, 1016976601.00 ns, 11.2418 us/op
WorkloadActual   3: 90464 op, 834341476.00 ns, 9.2229 us/op
WorkloadActual   4: 90464 op, 828036743.00 ns, 9.1532 us/op
WorkloadActual   5: 90464 op, 827964830.00 ns, 9.1524 us/op
WorkloadActual   6: 90464 op, 829590884.00 ns, 9.1704 us/op
WorkloadActual   7: 90464 op, 923315774.00 ns, 10.2064 us/op
WorkloadActual   8: 90464 op, 847471741.00 ns, 9.3681 us/op
WorkloadActual   9: 90464 op, 820901806.00 ns, 9.0743 us/op
WorkloadActual  10: 90464 op, 819544679.00 ns, 9.0593 us/op
WorkloadActual  11: 90464 op, 820126145.00 ns, 9.0658 us/op
WorkloadActual  12: 90464 op, 820562331.00 ns, 9.0706 us/op
WorkloadActual  13: 90464 op, 882577472.00 ns, 9.7561 us/op
WorkloadActual  14: 90464 op, 1023534386.00 ns, 11.3143 us/op
WorkloadActual  15: 90464 op, 821435675.00 ns, 9.0802 us/op
WorkloadActual  16: 90464 op, 846731815.00 ns, 9.3599 us/op
WorkloadActual  17: 90464 op, 839198269.00 ns, 9.2766 us/op
WorkloadActual  18: 90464 op, 818431680.00 ns, 9.0470 us/op
WorkloadActual  19: 90464 op, 812518160.00 ns, 8.9817 us/op
WorkloadActual  20: 90464 op, 933785369.00 ns, 10.3222 us/op
WorkloadActual  21: 90464 op, 842136041.00 ns, 9.3091 us/op
WorkloadActual  22: 90464 op, 814377048.00 ns, 9.0022 us/op
WorkloadActual  23: 90464 op, 815602808.00 ns, 9.0158 us/op
WorkloadActual  24: 90464 op, 820568155.00 ns, 9.0707 us/op
WorkloadActual  25: 90464 op, 917460007.00 ns, 10.1417 us/op
WorkloadActual  26: 90464 op, 942706255.00 ns, 10.4208 us/op
WorkloadActual  27: 90464 op, 817656509.00 ns, 9.0385 us/op
WorkloadActual  28: 90464 op, 816718021.00 ns, 9.0281 us/op
WorkloadActual  29: 90464 op, 816837466.00 ns, 9.0294 us/op
WorkloadActual  30: 90464 op, 816571728.00 ns, 9.0265 us/op
WorkloadActual  31: 90464 op, 842478599.00 ns, 9.3129 us/op
WorkloadActual  32: 90464 op, 814230362.00 ns, 9.0006 us/op
WorkloadActual  33: 90464 op, 929956147.00 ns, 10.2798 us/op
WorkloadActual  34: 90464 op, 813292175.00 ns, 8.9902 us/op
WorkloadActual  35: 90464 op, 816297872.00 ns, 9.0235 us/op
WorkloadActual  36: 90464 op, 816330650.00 ns, 9.0238 us/op
WorkloadActual  37: 90464 op, 968908112.00 ns, 10.7104 us/op
WorkloadActual  38: 90464 op, 861143067.00 ns, 9.5192 us/op
WorkloadActual  39: 90464 op, 976984346.00 ns, 10.7997 us/op
WorkloadActual  40: 90464 op, 813201156.00 ns, 8.9892 us/op
WorkloadActual  41: 90464 op, 819191248.00 ns, 9.0554 us/op
WorkloadActual  42: 90464 op, 816576086.00 ns, 9.0265 us/op
WorkloadActual  43: 90464 op, 814060684.00 ns, 8.9987 us/op
WorkloadActual  44: 90464 op, 814026610.00 ns, 8.9983 us/op
WorkloadActual  45: 90464 op, 930497485.00 ns, 10.2858 us/op
WorkloadActual  46: 90464 op, 814538403.00 ns, 9.0040 us/op
WorkloadActual  47: 90464 op, 810493356.00 ns, 8.9593 us/op
WorkloadActual  48: 90464 op, 824539789.00 ns, 9.1146 us/op
WorkloadActual  49: 90464 op, 844220740.00 ns, 9.3321 us/op
WorkloadActual  50: 90464 op, 823120116.00 ns, 9.0989 us/op
WorkloadActual  51: 90464 op, 935726835.00 ns, 10.3436 us/op
WorkloadActual  52: 90464 op, 854855221.00 ns, 9.4497 us/op
WorkloadActual  53: 90464 op, 824226523.00 ns, 9.1111 us/op
WorkloadActual  54: 90464 op, 816378525.00 ns, 9.0243 us/op
WorkloadActual  55: 90464 op, 821886391.00 ns, 9.0852 us/op
WorkloadActual  56: 90464 op, 825005426.00 ns, 9.1197 us/op
WorkloadActual  57: 90464 op, 824973473.00 ns, 9.1194 us/op
WorkloadActual  58: 90464 op, 936206962.00 ns, 10.3489 us/op
WorkloadActual  59: 90464 op, 816981823.00 ns, 9.0310 us/op
WorkloadActual  60: 90464 op, 919491445.00 ns, 10.1642 us/op
WorkloadActual  61: 90464 op, 877630695.00 ns, 9.7014 us/op
WorkloadActual  62: 90464 op, 816252868.00 ns, 9.0230 us/op
WorkloadActual  63: 90464 op, 817393434.00 ns, 9.0356 us/op
WorkloadActual  64: 90464 op, 946643239.00 ns, 10.4643 us/op
WorkloadActual  65: 90464 op, 823736102.00 ns, 9.1057 us/op
WorkloadActual  66: 90464 op, 816703934.00 ns, 9.0279 us/op
WorkloadActual  67: 90464 op, 813525302.00 ns, 8.9928 us/op
WorkloadActual  68: 90464 op, 803880733.00 ns, 8.8862 us/op
WorkloadActual  69: 90464 op, 811245446.00 ns, 8.9676 us/op
WorkloadActual  70: 90464 op, 931309023.00 ns, 10.2948 us/op
WorkloadActual  71: 90464 op, 846835612.00 ns, 9.3610 us/op
WorkloadActual  72: 90464 op, 845741705.00 ns, 9.3489 us/op
WorkloadActual  73: 90464 op, 850416899.00 ns, 9.4006 us/op
WorkloadActual  74: 90464 op, 817906640.00 ns, 9.0412 us/op
WorkloadActual  75: 90464 op, 820864249.00 ns, 9.0739 us/op
WorkloadActual  76: 90464 op, 904756724.00 ns, 10.0013 us/op
WorkloadActual  77: 90464 op, 845896218.00 ns, 9.3506 us/op
WorkloadActual  78: 90464 op, 817131404.00 ns, 9.0327 us/op
WorkloadActual  79: 90464 op, 816184002.00 ns, 9.0222 us/op
WorkloadActual  80: 90464 op, 814613053.00 ns, 9.0048 us/op
WorkloadActual  81: 90464 op, 815622130.00 ns, 9.0160 us/op
WorkloadActual  82: 90464 op, 815364513.00 ns, 9.0131 us/op
WorkloadActual  83: 90464 op, 947369697.00 ns, 10.4723 us/op
WorkloadActual  84: 90464 op, 849279207.00 ns, 9.3880 us/op
WorkloadActual  85: 90464 op, 830942373.00 ns, 9.1853 us/op
WorkloadActual  86: 90464 op, 837056787.00 ns, 9.2529 us/op
WorkloadActual  87: 90464 op, 810525277.00 ns, 8.9596 us/op
WorkloadActual  88: 90464 op, 814629174.00 ns, 9.0050 us/op
WorkloadActual  89: 90464 op, 938051944.00 ns, 10.3693 us/op
WorkloadActual  90: 90464 op, 813741331.00 ns, 8.9952 us/op
WorkloadActual  91: 90464 op, 810934099.00 ns, 8.9642 us/op
WorkloadActual  92: 90464 op, 814496370.00 ns, 9.0035 us/op
WorkloadActual  93: 90464 op, 799226728.00 ns, 8.8347 us/op
WorkloadActual  94: 90464 op, 811509355.00 ns, 8.9705 us/op
WorkloadActual  95: 90464 op, 815323607.00 ns, 9.0127 us/op
WorkloadActual  96: 90464 op, 955019760.00 ns, 10.5569 us/op
WorkloadActual  97: 90464 op, 813707222.00 ns, 8.9948 us/op
WorkloadActual  98: 90464 op, 816852639.00 ns, 9.0296 us/op
WorkloadActual  99: 90464 op, 812571745.00 ns, 8.9823 us/op
WorkloadActual  100: 90464 op, 814328823.00 ns, 9.0017 us/op

// AfterActualRun
WorkloadResult   1: 90464 op, 958616921.00 ns, 10.5967 us/op
WorkloadResult   2: 90464 op, 1016480853.00 ns, 11.2363 us/op
WorkloadResult   3: 90464 op, 833845728.00 ns, 9.2174 us/op
WorkloadResult   4: 90464 op, 827540995.00 ns, 9.1477 us/op
WorkloadResult   5: 90464 op, 827469082.00 ns, 9.1469 us/op
WorkloadResult   6: 90464 op, 829095136.00 ns, 9.1649 us/op
WorkloadResult   7: 90464 op, 922820026.00 ns, 10.2010 us/op
WorkloadResult   8: 90464 op, 846975993.00 ns, 9.3626 us/op
WorkloadResult   9: 90464 op, 820406058.00 ns, 9.0689 us/op
WorkloadResult  10: 90464 op, 819048931.00 ns, 9.0539 us/op
WorkloadResult  11: 90464 op, 819630397.00 ns, 9.0603 us/op
WorkloadResult  12: 90464 op, 820066583.00 ns, 9.0651 us/op
WorkloadResult  13: 90464 op, 882081724.00 ns, 9.7506 us/op
WorkloadResult  14: 90464 op, 1023038638.00 ns, 11.3088 us/op
WorkloadResult  15: 90464 op, 820939927.00 ns, 9.0748 us/op
WorkloadResult  16: 90464 op, 846236067.00 ns, 9.3544 us/op
WorkloadResult  17: 90464 op, 838702521.00 ns, 9.2711 us/op
WorkloadResult  18: 90464 op, 817935932.00 ns, 9.0416 us/op
WorkloadResult  19: 90464 op, 812022412.00 ns, 8.9762 us/op
WorkloadResult  20: 90464 op, 933289621.00 ns, 10.3167 us/op
WorkloadResult  21: 90464 op, 841640293.00 ns, 9.3036 us/op
WorkloadResult  22: 90464 op, 813881300.00 ns, 8.9967 us/op
WorkloadResult  23: 90464 op, 815107060.00 ns, 9.0103 us/op
WorkloadResult  24: 90464 op, 820072407.00 ns, 9.0652 us/op
WorkloadResult  25: 90464 op, 916964259.00 ns, 10.1362 us/op
WorkloadResult  26: 90464 op, 942210507.00 ns, 10.4153 us/op
WorkloadResult  27: 90464 op, 817160761.00 ns, 9.0330 us/op
WorkloadResult  28: 90464 op, 816222273.00 ns, 9.0226 us/op
WorkloadResult  29: 90464 op, 816341718.00 ns, 9.0239 us/op
WorkloadResult  30: 90464 op, 816075980.00 ns, 9.0210 us/op
WorkloadResult  31: 90464 op, 841982851.00 ns, 9.3074 us/op
WorkloadResult  32: 90464 op, 813734614.00 ns, 8.9951 us/op
WorkloadResult  33: 90464 op, 929460399.00 ns, 10.2744 us/op
WorkloadResult  34: 90464 op, 812796427.00 ns, 8.9848 us/op
WorkloadResult  35: 90464 op, 815802124.00 ns, 9.0180 us/op
WorkloadResult  36: 90464 op, 815834902.00 ns, 9.0183 us/op
WorkloadResult  37: 90464 op, 968412364.00 ns, 10.7049 us/op
WorkloadResult  38: 90464 op, 860647319.00 ns, 9.5137 us/op
WorkloadResult  39: 90464 op, 976488598.00 ns, 10.7942 us/op
WorkloadResult  40: 90464 op, 812705408.00 ns, 8.9837 us/op
WorkloadResult  41: 90464 op, 818695500.00 ns, 9.0500 us/op
WorkloadResult  42: 90464 op, 816080338.00 ns, 9.0211 us/op
WorkloadResult  43: 90464 op, 813564936.00 ns, 8.9932 us/op
WorkloadResult  44: 90464 op, 813530862.00 ns, 8.9929 us/op
WorkloadResult  45: 90464 op, 930001737.00 ns, 10.2804 us/op
WorkloadResult  46: 90464 op, 814042655.00 ns, 8.9985 us/op
WorkloadResult  47: 90464 op, 809997608.00 ns, 8.9538 us/op
WorkloadResult  48: 90464 op, 824044041.00 ns, 9.1091 us/op
WorkloadResult  49: 90464 op, 843724992.00 ns, 9.3266 us/op
WorkloadResult  50: 90464 op, 822624368.00 ns, 9.0934 us/op
WorkloadResult  51: 90464 op, 935231087.00 ns, 10.3382 us/op
WorkloadResult  52: 90464 op, 854359473.00 ns, 9.4442 us/op
WorkloadResult  53: 90464 op, 823730775.00 ns, 9.1056 us/op
WorkloadResult  54: 90464 op, 815882777.00 ns, 9.0189 us/op
WorkloadResult  55: 90464 op, 821390643.00 ns, 9.0798 us/op
WorkloadResult  56: 90464 op, 824509678.00 ns, 9.1142 us/op
WorkloadResult  57: 90464 op, 824477725.00 ns, 9.1139 us/op
WorkloadResult  58: 90464 op, 935711214.00 ns, 10.3435 us/op
WorkloadResult  59: 90464 op, 816486075.00 ns, 9.0255 us/op
WorkloadResult  60: 90464 op, 918995697.00 ns, 10.1587 us/op
WorkloadResult  61: 90464 op, 877134947.00 ns, 9.6960 us/op
WorkloadResult  62: 90464 op, 815757120.00 ns, 9.0175 us/op
WorkloadResult  63: 90464 op, 816897686.00 ns, 9.0301 us/op
WorkloadResult  64: 90464 op, 946147491.00 ns, 10.4588 us/op
WorkloadResult  65: 90464 op, 823240354.00 ns, 9.1002 us/op
WorkloadResult  66: 90464 op, 816208186.00 ns, 9.0225 us/op
WorkloadResult  67: 90464 op, 813029554.00 ns, 8.9873 us/op
WorkloadResult  68: 90464 op, 803384985.00 ns, 8.8807 us/op
WorkloadResult  69: 90464 op, 810749698.00 ns, 8.9621 us/op
WorkloadResult  70: 90464 op, 930813275.00 ns, 10.2893 us/op
WorkloadResult  71: 90464 op, 846339864.00 ns, 9.3555 us/op
WorkloadResult  72: 90464 op, 845245957.00 ns, 9.3435 us/op
WorkloadResult  73: 90464 op, 849921151.00 ns, 9.3951 us/op
WorkloadResult  74: 90464 op, 817410892.00 ns, 9.0358 us/op
WorkloadResult  75: 90464 op, 820368501.00 ns, 9.0685 us/op
WorkloadResult  76: 90464 op, 904260976.00 ns, 9.9958 us/op
WorkloadResult  77: 90464 op, 845400470.00 ns, 9.3452 us/op
WorkloadResult  78: 90464 op, 816635656.00 ns, 9.0272 us/op
WorkloadResult  79: 90464 op, 815688254.00 ns, 9.0167 us/op
WorkloadResult  80: 90464 op, 814117305.00 ns, 8.9994 us/op
WorkloadResult  81: 90464 op, 815126382.00 ns, 9.0105 us/op
WorkloadResult  82: 90464 op, 814868765.00 ns, 9.0077 us/op
WorkloadResult  83: 90464 op, 946873949.00 ns, 10.4669 us/op
WorkloadResult  84: 90464 op, 848783459.00 ns, 9.3826 us/op
WorkloadResult  85: 90464 op, 830446625.00 ns, 9.1799 us/op
WorkloadResult  86: 90464 op, 836561039.00 ns, 9.2474 us/op
WorkloadResult  87: 90464 op, 810029529.00 ns, 8.9542 us/op
WorkloadResult  88: 90464 op, 814133426.00 ns, 8.9995 us/op
WorkloadResult  89: 90464 op, 937556196.00 ns, 10.3639 us/op
WorkloadResult  90: 90464 op, 813245583.00 ns, 8.9897 us/op
WorkloadResult  91: 90464 op, 810438351.00 ns, 8.9587 us/op
WorkloadResult  92: 90464 op, 814000622.00 ns, 8.9981 us/op
WorkloadResult  93: 90464 op, 798730980.00 ns, 8.8293 us/op
WorkloadResult  94: 90464 op, 811013607.00 ns, 8.9650 us/op
WorkloadResult  95: 90464 op, 814827859.00 ns, 9.0072 us/op
WorkloadResult  96: 90464 op, 954524012.00 ns, 10.5514 us/op
WorkloadResult  97: 90464 op, 813211474.00 ns, 8.9893 us/op
WorkloadResult  98: 90464 op, 816356891.00 ns, 9.0241 us/op
WorkloadResult  99: 90464 op, 812075997.00 ns, 8.9768 us/op
WorkloadResult  100: 90464 op, 813833075.00 ns, 8.9962 us/op

// AfterAll
// Benchmark Process 899799 has exited with code 0.

Mean = 9.375 μs, StdErr = 0.059 μs (0.62%), N = 100, StdDev = 0.586 μs
Min = 8.829 μs, Q1 = 9.010 μs, Median = 9.069 μs, Q3 = 9.386 μs, Max = 11.309 μs
IQR = 0.376 μs, LowerFence = 8.446 μs, UpperFence = 9.950 μs
ConfidenceInterval = [9.177 μs; 9.574 μs] (CI 99.9%), Margin = 0.199 μs (2.12% of Mean)
Skewness = 1.53, Kurtosis = 4.18, MValue = 2

// ** Remained 2 (20.0 %) benchmark(s) to run. Estimated finish 2026-05-15 19:00 (0h 3m from now) **
// **************************
// Benchmark: SmokeBenchByte.SpanJson_Ser: Energy(OutlierMode=DontRemove, IterationTime=1s)
// *** Execute ***
// Launch: 1 / 1
// Execute: dotnet JsonBench-Energy-1.dll --anonymousPipes 121 122 --benchmarkName JsonBench.Benchmarks.SmokeBenchByte.SpanJson_Ser --job Energy --benchmarkId 8 in /home/test/json-energy-bench/JsonBench/bin/Release/net10.0/JsonBench-Energy-1/bin/Release/net10.0
// BeforeAnythingElse

// Benchmark Process Environment Information:
// BenchmarkDotNet v0.15.5-develop (2026-05-15)
// Runtime=.NET 10.0.7 (10.0.7, 10.0.726.21808), X64 RyuJIT x86-64-v3
// GC=Concurrent Workstation
// HardwareIntrinsics=AVX2+BMI1+BMI2+F16C+FMA+LZCNT+MOVBE,AVX,SSE3+SSSE3+SSE4.1+SSE4.2+POPCNT,X86Base+SSE+SSE2,AES+PCLMUL VectorSize=256
// Job: Energy(OutlierMode=DontRemove, IterationTime=1s)

OverheadJitting  1: 1 op, 192965.00 ns, 192.9650 us/op
WorkloadJitting  1: 1 op, 60950734.00 ns, 60.9507 ms/op

OverheadJitting  2: 16 op, 513505.00 ns, 32.0941 us/op
WorkloadJitting  2: 16 op, 1086113.00 ns, 67.8821 us/op

WorkloadPilot    1: 16 op, 441005.00 ns, 27.5628 us/op
WorkloadPilot    2: 36288 op, 267417406.00 ns, 7.3693 us/op
WorkloadPilot    3: 135712 op, 591300648.00 ns, 4.3570 us/op
WorkloadPilot    4: 229520 op, 1080337461.00 ns, 4.7069 us/op
WorkloadPilot    5: 212464 op, 1062033018.00 ns, 4.9986 us/op
WorkloadPilot    6: 200064 op, 1047526354.00 ns, 5.2360 us/op

OverheadWarmup   1: 200064 op, 700065.00 ns, 3.4992 ns/op
OverheadWarmup   2: 200064 op, 973889.00 ns, 4.8679 ns/op
OverheadWarmup   3: 200064 op, 700889.00 ns, 3.5033 ns/op
OverheadWarmup   4: 200064 op, 697054.00 ns, 3.4842 ns/op
OverheadWarmup   5: 200064 op, 946683.00 ns, 4.7319 ns/op
OverheadWarmup   6: 200064 op, 1432188.00 ns, 7.1586 ns/op
OverheadWarmup   7: 200064 op, 5433275.00 ns, 27.1577 ns/op
OverheadWarmup   8: 200064 op, 5406974.00 ns, 27.0262 ns/op

OverheadActual   1: 200064 op, 1266150.00 ns, 6.3287 ns/op
OverheadActual   2: 200064 op, 1269481.00 ns, 6.3454 ns/op
OverheadActual   3: 200064 op, 1315556.00 ns, 6.5757 ns/op
OverheadActual   4: 200064 op, 1280166.00 ns, 6.3988 ns/op
OverheadActual   5: 200064 op, 1271841.00 ns, 6.3572 ns/op
OverheadActual   6: 200064 op, 1279002.00 ns, 6.3930 ns/op
OverheadActual   7: 200064 op, 1264796.00 ns, 6.3220 ns/op
OverheadActual   8: 200064 op, 1279030.00 ns, 6.3931 ns/op
OverheadActual   9: 200064 op, 1271868.00 ns, 6.3573 ns/op
OverheadActual  10: 200064 op, 1280319.00 ns, 6.3995 ns/op
OverheadActual  11: 200064 op, 1283787.00 ns, 6.4169 ns/op
OverheadActual  12: 200064 op, 1272094.00 ns, 6.3584 ns/op
OverheadActual  13: 200064 op, 1285123.00 ns, 6.4236 ns/op
OverheadActual  14: 200064 op, 1287839.00 ns, 6.4371 ns/op
OverheadActual  15: 200064 op, 1292762.00 ns, 6.4617 ns/op

WorkloadWarmup   1: 200064 op, 1085049357.00 ns, 5.4235 us/op
WorkloadWarmup   2: 200064 op, 917192230.00 ns, 4.5845 us/op
WorkloadWarmup   3: 200064 op, 886870454.00 ns, 4.4329 us/op
WorkloadWarmup   4: 200064 op, 872083080.00 ns, 4.3590 us/op
WorkloadWarmup   5: 200064 op, 870056682.00 ns, 4.3489 us/op
WorkloadWarmup   6: 200064 op, 873523095.00 ns, 4.3662 us/op
WorkloadWarmup   7: 200064 op, 872937718.00 ns, 4.3633 us/op
WorkloadWarmup   8: 200064 op, 1067462550.00 ns, 5.3356 us/op
WorkloadWarmup   9: 200064 op, 940159335.00 ns, 4.6993 us/op

// BeforeActualRun
WorkloadActual   1: 200064 op, 880427840.00 ns, 4.4007 us/op
WorkloadActual   2: 200064 op, 908409052.00 ns, 4.5406 us/op
WorkloadActual   3: 200064 op, 902690629.00 ns, 4.5120 us/op
WorkloadActual   4: 200064 op, 917265207.00 ns, 4.5849 us/op
WorkloadActual   5: 200064 op, 957582306.00 ns, 4.7864 us/op
WorkloadActual   6: 200064 op, 883777647.00 ns, 4.4175 us/op
WorkloadActual   7: 200064 op, 876386069.00 ns, 4.3805 us/op
WorkloadActual   8: 200064 op, 874114706.00 ns, 4.3692 us/op
WorkloadActual   9: 200064 op, 880632296.00 ns, 4.4018 us/op
WorkloadActual  10: 200064 op, 930823953.00 ns, 4.6526 us/op
WorkloadActual  11: 200064 op, 984163074.00 ns, 4.9192 us/op
WorkloadActual  12: 200064 op, 909670659.00 ns, 4.5469 us/op
WorkloadActual  13: 200064 op, 879238447.00 ns, 4.3948 us/op
WorkloadActual  14: 200064 op, 864022799.00 ns, 4.3187 us/op
WorkloadActual  15: 200064 op, 892068586.00 ns, 4.4589 us/op
WorkloadActual  16: 200064 op, 916986736.00 ns, 4.5835 us/op
WorkloadActual  17: 200064 op, 933104923.00 ns, 4.6640 us/op
WorkloadActual  18: 200064 op, 874893205.00 ns, 4.3731 us/op
WorkloadActual  19: 200064 op, 881847580.00 ns, 4.4078 us/op
WorkloadActual  20: 200064 op, 877186932.00 ns, 4.3845 us/op
WorkloadActual  21: 200064 op, 984808948.00 ns, 4.9225 us/op
WorkloadActual  22: 200064 op, 983627015.00 ns, 4.9166 us/op
WorkloadActual  23: 200064 op, 884959163.00 ns, 4.4234 us/op
WorkloadActual  24: 200064 op, 883433553.00 ns, 4.4158 us/op
WorkloadActual  25: 200064 op, 888027769.00 ns, 4.4387 us/op
WorkloadActual  26: 200064 op, 877348521.00 ns, 4.3853 us/op
WorkloadActual  27: 200064 op, 871636726.00 ns, 4.3568 us/op
WorkloadActual  28: 200064 op, 962573211.00 ns, 4.8113 us/op
WorkloadActual  29: 200064 op, 886008766.00 ns, 4.4286 us/op
WorkloadActual  30: 200064 op, 897676845.00 ns, 4.4869 us/op
WorkloadActual  31: 200064 op, 879586720.00 ns, 4.3965 us/op
WorkloadActual  32: 200064 op, 919864808.00 ns, 4.5979 us/op
WorkloadActual  33: 200064 op, 979459773.00 ns, 4.8957 us/op
WorkloadActual  34: 200064 op, 955385556.00 ns, 4.7754 us/op
WorkloadActual  35: 200064 op, 863387695.00 ns, 4.3156 us/op
WorkloadActual  36: 200064 op, 870819062.00 ns, 4.3527 us/op
WorkloadActual  37: 200064 op, 903448431.00 ns, 4.5158 us/op
WorkloadActual  38: 200064 op, 866900210.00 ns, 4.3331 us/op
WorkloadActual  39: 200064 op, 878605525.00 ns, 4.3916 us/op
WorkloadActual  40: 200064 op, 979691559.00 ns, 4.8969 us/op
WorkloadActual  41: 200064 op, 881307062.00 ns, 4.4051 us/op
WorkloadActual  42: 200064 op, 878286786.00 ns, 4.3900 us/op
WorkloadActual  43: 200064 op, 905953252.00 ns, 4.5283 us/op
WorkloadActual  44: 200064 op, 919413270.00 ns, 4.5956 us/op
WorkloadActual  45: 200064 op, 882115793.00 ns, 4.4092 us/op
WorkloadActual  46: 200064 op, 973964055.00 ns, 4.8683 us/op
WorkloadActual  47: 200064 op, 882624569.00 ns, 4.4117 us/op
WorkloadActual  48: 200064 op, 881754422.00 ns, 4.4074 us/op
WorkloadActual  49: 200064 op, 878438895.00 ns, 4.3908 us/op
WorkloadActual  50: 200064 op, 878697560.00 ns, 4.3921 us/op
WorkloadActual  51: 200064 op, 871563531.00 ns, 4.3564 us/op

// AfterActualRun
WorkloadResult   1: 200064 op, 879148810.00 ns, 4.3943 us/op
WorkloadResult   2: 200064 op, 907130022.00 ns, 4.5342 us/op
WorkloadResult   3: 200064 op, 901411599.00 ns, 4.5056 us/op
WorkloadResult   4: 200064 op, 915986177.00 ns, 4.5785 us/op
WorkloadResult   5: 200064 op, 956303276.00 ns, 4.7800 us/op
WorkloadResult   6: 200064 op, 882498617.00 ns, 4.4111 us/op
WorkloadResult   7: 200064 op, 875107039.00 ns, 4.3741 us/op
WorkloadResult   8: 200064 op, 872835676.00 ns, 4.3628 us/op
WorkloadResult   9: 200064 op, 879353266.00 ns, 4.3954 us/op
WorkloadResult  10: 200064 op, 929544923.00 ns, 4.6462 us/op
WorkloadResult  11: 200064 op, 982884044.00 ns, 4.9128 us/op
WorkloadResult  12: 200064 op, 908391629.00 ns, 4.5405 us/op
WorkloadResult  13: 200064 op, 877959417.00 ns, 4.3884 us/op
WorkloadResult  14: 200064 op, 862743769.00 ns, 4.3123 us/op
WorkloadResult  15: 200064 op, 890789556.00 ns, 4.4525 us/op
WorkloadResult  16: 200064 op, 915707706.00 ns, 4.5771 us/op
WorkloadResult  17: 200064 op, 931825893.00 ns, 4.6576 us/op
WorkloadResult  18: 200064 op, 873614175.00 ns, 4.3667 us/op
WorkloadResult  19: 200064 op, 880568550.00 ns, 4.4014 us/op
WorkloadResult  20: 200064 op, 875907902.00 ns, 4.3781 us/op
WorkloadResult  21: 200064 op, 983529918.00 ns, 4.9161 us/op
WorkloadResult  22: 200064 op, 982347985.00 ns, 4.9102 us/op
WorkloadResult  23: 200064 op, 883680133.00 ns, 4.4170 us/op
WorkloadResult  24: 200064 op, 882154523.00 ns, 4.4094 us/op
WorkloadResult  25: 200064 op, 886748739.00 ns, 4.4323 us/op
WorkloadResult  26: 200064 op, 876069491.00 ns, 4.3789 us/op
WorkloadResult  27: 200064 op, 870357696.00 ns, 4.3504 us/op
WorkloadResult  28: 200064 op, 961294181.00 ns, 4.8049 us/op
WorkloadResult  29: 200064 op, 884729736.00 ns, 4.4222 us/op
WorkloadResult  30: 200064 op, 896397815.00 ns, 4.4806 us/op
WorkloadResult  31: 200064 op, 878307690.00 ns, 4.3901 us/op
WorkloadResult  32: 200064 op, 918585778.00 ns, 4.5915 us/op
WorkloadResult  33: 200064 op, 978180743.00 ns, 4.8893 us/op
WorkloadResult  34: 200064 op, 954106526.00 ns, 4.7690 us/op
WorkloadResult  35: 200064 op, 862108665.00 ns, 4.3092 us/op
WorkloadResult  36: 200064 op, 869540032.00 ns, 4.3463 us/op
WorkloadResult  37: 200064 op, 902169401.00 ns, 4.5094 us/op
WorkloadResult  38: 200064 op, 865621180.00 ns, 4.3267 us/op
WorkloadResult  39: 200064 op, 877326495.00 ns, 4.3852 us/op
WorkloadResult  40: 200064 op, 978412529.00 ns, 4.8905 us/op
WorkloadResult  41: 200064 op, 880028032.00 ns, 4.3987 us/op
WorkloadResult  42: 200064 op, 877007756.00 ns, 4.3836 us/op
WorkloadResult  43: 200064 op, 904674222.00 ns, 4.5219 us/op
WorkloadResult  44: 200064 op, 918134240.00 ns, 4.5892 us/op
WorkloadResult  45: 200064 op, 880836763.00 ns, 4.4028 us/op
WorkloadResult  46: 200064 op, 972685025.00 ns, 4.8619 us/op
WorkloadResult  47: 200064 op, 881345539.00 ns, 4.4053 us/op
WorkloadResult  48: 200064 op, 880475392.00 ns, 4.4010 us/op
WorkloadResult  49: 200064 op, 877159865.00 ns, 4.3844 us/op
WorkloadResult  50: 200064 op, 877418530.00 ns, 4.3857 us/op
WorkloadResult  51: 200064 op, 870284501.00 ns, 4.3500 us/op

// AfterAll
// Benchmark Process 900567 has exited with code 0.

Mean = 4.509 μs, StdErr = 0.026 μs (0.57%), N = 51, StdDev = 0.184 μs
Min = 4.309 μs, Q1 = 4.385 μs, Median = 4.411 μs, Q3 = 4.584 μs, Max = 4.916 μs
IQR = 0.199 μs, LowerFence = 4.086 μs, UpperFence = 4.882 μs
ConfidenceInterval = [4.419 μs; 4.600 μs] (CI 99.9%), Margin = 0.090 μs (2.00% of Mean)
Skewness = 1.09, Kurtosis = 2.82, MValue = 2.14

// ** Remained 1 (10.0 %) benchmark(s) to run. Estimated finish 2026-05-15 19:00 (0h 1m from now) **
// **************************
// Benchmark: SmokeBenchByte.Utf8Json_Ser: Energy(OutlierMode=DontRemove, IterationTime=1s)
// *** Execute ***
// Launch: 1 / 1
// Execute: dotnet JsonBench-Energy-1.dll --anonymousPipes 121 122 --benchmarkName JsonBench.Benchmarks.SmokeBenchByte.Utf8Json_Ser --job Energy --benchmarkId 9 in /home/test/json-energy-bench/JsonBench/bin/Release/net10.0/JsonBench-Energy-1/bin/Release/net10.0
// BeforeAnythingElse

// Benchmark Process Environment Information:
// BenchmarkDotNet v0.15.5-develop (2026-05-15)
// Runtime=.NET 10.0.7 (10.0.7, 10.0.726.21808), X64 RyuJIT x86-64-v3
// GC=Concurrent Workstation
// HardwareIntrinsics=AVX2+BMI1+BMI2+F16C+FMA+LZCNT+MOVBE,AVX,SSE3+SSSE3+SSE4.1+SSE4.2+POPCNT,X86Base+SSE+SSE2,AES+PCLMUL VectorSize=256
// Job: Energy(OutlierMode=DontRemove, IterationTime=1s)

OverheadJitting  1: 1 op, 183393.00 ns, 183.3930 us/op
WorkloadJitting  1: 1 op, 65299022.00 ns, 65.2990 ms/op

OverheadJitting  2: 16 op, 507833.00 ns, 31.7396 us/op
WorkloadJitting  2: 16 op, 1076065.00 ns, 67.2541 us/op

WorkloadPilot    1: 16 op, 545667.00 ns, 34.1042 us/op
WorkloadPilot    2: 29328 op, 259417860.00 ns, 8.8454 us/op
WorkloadPilot    3: 113056 op, 605615877.00 ns, 5.3568 us/op
WorkloadPilot    4: 186688 op, 1040163097.00 ns, 5.5717 us/op
WorkloadPilot    5: 179488 op, 1067356885.00 ns, 5.9467 us/op
WorkloadPilot    6: 168176 op, 1045160509.00 ns, 6.2147 us/op

OverheadWarmup   1: 168176 op, 589304.00 ns, 3.5041 ns/op
OverheadWarmup   2: 168176 op, 918710.00 ns, 5.4628 ns/op
OverheadWarmup   3: 168176 op, 590680.00 ns, 3.5123 ns/op
OverheadWarmup   4: 168176 op, 850543.00 ns, 5.0575 ns/op
OverheadWarmup   5: 168176 op, 586464.00 ns, 3.4872 ns/op

OverheadActual   1: 168176 op, 593114.00 ns, 3.5267 ns/op
OverheadActual   2: 168176 op, 587477.00 ns, 3.4932 ns/op
OverheadActual   3: 168176 op, 594166.00 ns, 3.5330 ns/op
OverheadActual   4: 168176 op, 593019.00 ns, 3.5262 ns/op
OverheadActual   5: 168176 op, 589045.00 ns, 3.5026 ns/op
OverheadActual   6: 168176 op, 872131.00 ns, 5.1858 ns/op
OverheadActual   7: 168176 op, 590715.00 ns, 3.5125 ns/op
OverheadActual   8: 168176 op, 798950.00 ns, 4.7507 ns/op
OverheadActual   9: 168176 op, 596968.00 ns, 3.5497 ns/op
OverheadActual  10: 168176 op, 730182.00 ns, 4.3418 ns/op
OverheadActual  11: 168176 op, 611725.00 ns, 3.6374 ns/op
OverheadActual  12: 168176 op, 612011.00 ns, 3.6391 ns/op
OverheadActual  13: 168176 op, 887284.00 ns, 5.2759 ns/op
OverheadActual  14: 168176 op, 587747.00 ns, 3.4948 ns/op
OverheadActual  15: 168176 op, 596404.00 ns, 3.5463 ns/op
OverheadActual  16: 168176 op, 588721.00 ns, 3.5006 ns/op
OverheadActual  17: 168176 op, 714807.00 ns, 4.2504 ns/op
OverheadActual  18: 168176 op, 595979.00 ns, 3.5438 ns/op
OverheadActual  19: 168176 op, 594741.00 ns, 3.5364 ns/op
OverheadActual  20: 168176 op, 587834.00 ns, 3.4954 ns/op

WorkloadWarmup   1: 168176 op, 1059007220.00 ns, 6.2970 us/op
WorkloadWarmup   2: 168176 op, 899803224.00 ns, 5.3504 us/op
WorkloadWarmup   3: 168176 op, 881905484.00 ns, 5.2439 us/op
WorkloadWarmup   4: 168176 op, 859042807.00 ns, 5.1080 us/op
WorkloadWarmup   5: 168176 op, 857144478.00 ns, 5.0967 us/op
WorkloadWarmup   6: 168176 op, 861511783.00 ns, 5.1227 us/op
WorkloadWarmup   7: 168176 op, 855338478.00 ns, 5.0860 us/op
WorkloadWarmup   8: 168176 op, 974408271.00 ns, 5.7940 us/op
WorkloadWarmup   9: 168176 op, 954817558.00 ns, 5.6775 us/op

// BeforeActualRun
WorkloadActual   1: 168176 op, 874879972.00 ns, 5.2022 us/op
WorkloadActual   2: 168176 op, 866838309.00 ns, 5.1544 us/op
WorkloadActual   3: 168176 op, 860467998.00 ns, 5.1165 us/op
WorkloadActual   4: 168176 op, 858575974.00 ns, 5.1052 us/op
WorkloadActual   5: 168176 op, 974778793.00 ns, 5.7962 us/op
WorkloadActual   6: 168176 op, 865108413.00 ns, 5.1441 us/op
WorkloadActual   7: 168176 op, 860835268.00 ns, 5.1187 us/op
WorkloadActual   8: 168176 op, 860081539.00 ns, 5.1142 us/op
WorkloadActual   9: 168176 op, 866228432.00 ns, 5.1507 us/op
WorkloadActual  10: 168176 op, 868284974.00 ns, 5.1630 us/op
WorkloadActual  11: 168176 op, 994912333.00 ns, 5.9159 us/op
WorkloadActual  12: 168176 op, 872143033.00 ns, 5.1859 us/op
WorkloadActual  13: 168176 op, 866924887.00 ns, 5.1549 us/op
WorkloadActual  14: 168176 op, 907446885.00 ns, 5.3958 us/op
WorkloadActual  15: 168176 op, 861172860.00 ns, 5.1207 us/op
WorkloadActual  16: 168176 op, 860585712.00 ns, 5.1172 us/op
WorkloadActual  17: 168176 op, 937162517.00 ns, 5.5725 us/op
WorkloadActual  18: 168176 op, 865166941.00 ns, 5.1444 us/op
WorkloadActual  19: 168176 op, 856627100.00 ns, 5.0936 us/op
WorkloadActual  20: 168176 op, 858361098.00 ns, 5.1039 us/op
WorkloadActual  21: 168176 op, 855154775.00 ns, 5.0849 us/op
WorkloadActual  22: 168176 op, 1035316076.00 ns, 6.1561 us/op
WorkloadActual  23: 168176 op, 981574268.00 ns, 5.8366 us/op
WorkloadActual  24: 168176 op, 866464338.00 ns, 5.1521 us/op
WorkloadActual  25: 168176 op, 863625387.00 ns, 5.1352 us/op
WorkloadActual  26: 168176 op, 865467327.00 ns, 5.1462 us/op
WorkloadActual  27: 168176 op, 856416178.00 ns, 5.0924 us/op
WorkloadActual  28: 168176 op, 865149530.00 ns, 5.1443 us/op
WorkloadActual  29: 168176 op, 945295954.00 ns, 5.6209 us/op
WorkloadActual  30: 168176 op, 865806032.00 ns, 5.1482 us/op
WorkloadActual  31: 168176 op, 875203074.00 ns, 5.2041 us/op
WorkloadActual  32: 168176 op, 866096848.00 ns, 5.1499 us/op
WorkloadActual  33: 168176 op, 1032661386.00 ns, 6.1404 us/op
WorkloadActual  34: 168176 op, 871119253.00 ns, 5.1798 us/op
WorkloadActual  35: 168176 op, 938737143.00 ns, 5.5819 us/op
WorkloadActual  36: 168176 op, 863725891.00 ns, 5.1358 us/op
WorkloadActual  37: 168176 op, 860205969.00 ns, 5.1149 us/op
WorkloadActual  38: 168176 op, 864841446.00 ns, 5.1425 us/op
WorkloadActual  39: 168176 op, 857213571.00 ns, 5.0971 us/op
WorkloadActual  40: 168176 op, 862766794.00 ns, 5.1301 us/op
WorkloadActual  41: 168176 op, 937292908.00 ns, 5.5733 us/op
WorkloadActual  42: 168176 op, 864336020.00 ns, 5.1395 us/op
WorkloadActual  43: 168176 op, 861598302.00 ns, 5.1232 us/op
WorkloadActual  44: 168176 op, 862952111.00 ns, 5.1312 us/op
WorkloadActual  45: 168176 op, 883126051.00 ns, 5.2512 us/op
WorkloadActual  46: 168176 op, 859702722.00 ns, 5.1119 us/op
WorkloadActual  47: 168176 op, 956203129.00 ns, 5.6857 us/op
WorkloadActual  48: 168176 op, 856837622.00 ns, 5.0949 us/op
WorkloadActual  49: 168176 op, 865597972.00 ns, 5.1470 us/op
WorkloadActual  50: 168176 op, 865302477.00 ns, 5.1452 us/op
WorkloadActual  51: 168176 op, 897568841.00 ns, 5.3371 us/op
WorkloadActual  52: 168176 op, 862704566.00 ns, 5.1298 us/op
WorkloadActual  53: 168176 op, 958943738.00 ns, 5.7020 us/op
WorkloadActual  54: 168176 op, 862162311.00 ns, 5.1265 us/op
WorkloadActual  55: 168176 op, 855491411.00 ns, 5.0869 us/op
WorkloadActual  56: 168176 op, 989120916.00 ns, 5.8815 us/op
WorkloadActual  57: 168176 op, 861024639.00 ns, 5.1198 us/op
WorkloadActual  58: 168176 op, 864287098.00 ns, 5.1392 us/op
WorkloadActual  59: 168176 op, 975266388.00 ns, 5.7991 us/op
WorkloadActual  60: 168176 op, 869104935.00 ns, 5.1678 us/op
WorkloadActual  61: 168176 op, 863825379.00 ns, 5.1364 us/op
WorkloadActual  62: 168176 op, 865184353.00 ns, 5.1445 us/op
WorkloadActual  63: 168176 op, 866141016.00 ns, 5.1502 us/op
WorkloadActual  64: 168176 op, 864540887.00 ns, 5.1407 us/op
WorkloadActual  65: 168176 op, 937905339.00 ns, 5.5769 us/op
WorkloadActual  66: 168176 op, 860114106.00 ns, 5.1144 us/op
WorkloadActual  67: 168176 op, 948771927.00 ns, 5.6415 us/op
WorkloadActual  68: 168176 op, 866967656.00 ns, 5.1551 us/op
WorkloadActual  69: 168176 op, 859276009.00 ns, 5.1094 us/op
WorkloadActual  70: 168176 op, 858725740.00 ns, 5.1061 us/op
WorkloadActual  71: 168176 op, 958923565.00 ns, 5.7019 us/op
WorkloadActual  72: 168176 op, 873034981.00 ns, 5.1912 us/op
WorkloadActual  73: 168176 op, 864048069.00 ns, 5.1378 us/op
WorkloadActual  74: 168176 op, 870717929.00 ns, 5.1774 us/op
WorkloadActual  75: 168176 op, 868594458.00 ns, 5.1648 us/op
WorkloadActual  76: 168176 op, 870495892.00 ns, 5.1761 us/op
WorkloadActual  77: 168176 op, 962656941.00 ns, 5.7241 us/op
WorkloadActual  78: 168176 op, 862642205.00 ns, 5.1294 us/op

// AfterActualRun
WorkloadResult   1: 168176 op, 874284612.00 ns, 5.1986 us/op
WorkloadResult   2: 168176 op, 866242949.00 ns, 5.1508 us/op
WorkloadResult   3: 168176 op, 859872638.00 ns, 5.1129 us/op
WorkloadResult   4: 168176 op, 857980614.00 ns, 5.1017 us/op
WorkloadResult   5: 168176 op, 974183433.00 ns, 5.7926 us/op
WorkloadResult   6: 168176 op, 864513053.00 ns, 5.1405 us/op
WorkloadResult   7: 168176 op, 860239908.00 ns, 5.1151 us/op
WorkloadResult   8: 168176 op, 859486179.00 ns, 5.1106 us/op
WorkloadResult   9: 168176 op, 865633072.00 ns, 5.1472 us/op
WorkloadResult  10: 168176 op, 867689614.00 ns, 5.1594 us/op
WorkloadResult  11: 168176 op, 994316973.00 ns, 5.9124 us/op
WorkloadResult  12: 168176 op, 871547673.00 ns, 5.1824 us/op
WorkloadResult  13: 168176 op, 866329527.00 ns, 5.1513 us/op
WorkloadResult  14: 168176 op, 906851525.00 ns, 5.3923 us/op
WorkloadResult  15: 168176 op, 860577500.00 ns, 5.1171 us/op
WorkloadResult  16: 168176 op, 859990352.00 ns, 5.1136 us/op
WorkloadResult  17: 168176 op, 936567157.00 ns, 5.5690 us/op
WorkloadResult  18: 168176 op, 864571581.00 ns, 5.1409 us/op
WorkloadResult  19: 168176 op, 856031740.00 ns, 5.0901 us/op
WorkloadResult  20: 168176 op, 857765738.00 ns, 5.1004 us/op
WorkloadResult  21: 168176 op, 854559415.00 ns, 5.0813 us/op
WorkloadResult  22: 168176 op, 1034720716.00 ns, 6.1526 us/op
WorkloadResult  23: 168176 op, 980978908.00 ns, 5.8330 us/op
WorkloadResult  24: 168176 op, 865868978.00 ns, 5.1486 us/op
WorkloadResult  25: 168176 op, 863030027.00 ns, 5.1317 us/op
WorkloadResult  26: 168176 op, 864871967.00 ns, 5.1427 us/op
WorkloadResult  27: 168176 op, 855820818.00 ns, 5.0888 us/op
WorkloadResult  28: 168176 op, 864554170.00 ns, 5.1408 us/op
WorkloadResult  29: 168176 op, 944700594.00 ns, 5.6173 us/op
WorkloadResult  30: 168176 op, 865210672.00 ns, 5.1447 us/op
WorkloadResult  31: 168176 op, 874607714.00 ns, 5.2006 us/op
WorkloadResult  32: 168176 op, 865501488.00 ns, 5.1464 us/op
WorkloadResult  33: 168176 op, 1032066026.00 ns, 6.1368 us/op
WorkloadResult  34: 168176 op, 870523893.00 ns, 5.1763 us/op
WorkloadResult  35: 168176 op, 938141783.00 ns, 5.5783 us/op
WorkloadResult  36: 168176 op, 863130531.00 ns, 5.1323 us/op
WorkloadResult  37: 168176 op, 859610609.00 ns, 5.1114 us/op
WorkloadResult  38: 168176 op, 864246086.00 ns, 5.1389 us/op
WorkloadResult  39: 168176 op, 856618211.00 ns, 5.0936 us/op
WorkloadResult  40: 168176 op, 862171434.00 ns, 5.1266 us/op
WorkloadResult  41: 168176 op, 936697548.00 ns, 5.5697 us/op
WorkloadResult  42: 168176 op, 863740660.00 ns, 5.1359 us/op
WorkloadResult  43: 168176 op, 861002942.00 ns, 5.1197 us/op
WorkloadResult  44: 168176 op, 862356751.00 ns, 5.1277 us/op
WorkloadResult  45: 168176 op, 882530691.00 ns, 5.2477 us/op
WorkloadResult  46: 168176 op, 859107362.00 ns, 5.1084 us/op
WorkloadResult  47: 168176 op, 955607769.00 ns, 5.6822 us/op
WorkloadResult  48: 168176 op, 856242262.00 ns, 5.0913 us/op
WorkloadResult  49: 168176 op, 865002612.00 ns, 5.1434 us/op
WorkloadResult  50: 168176 op, 864707117.00 ns, 5.1417 us/op
WorkloadResult  51: 168176 op, 896973481.00 ns, 5.3335 us/op
WorkloadResult  52: 168176 op, 862109206.00 ns, 5.1262 us/op
WorkloadResult  53: 168176 op, 958348378.00 ns, 5.6985 us/op
WorkloadResult  54: 168176 op, 861566951.00 ns, 5.1230 us/op
WorkloadResult  55: 168176 op, 854896051.00 ns, 5.0833 us/op
WorkloadResult  56: 168176 op, 988525556.00 ns, 5.8779 us/op
WorkloadResult  57: 168176 op, 860429279.00 ns, 5.1162 us/op
WorkloadResult  58: 168176 op, 863691738.00 ns, 5.1356 us/op
WorkloadResult  59: 168176 op, 974671028.00 ns, 5.7955 us/op
WorkloadResult  60: 168176 op, 868509575.00 ns, 5.1643 us/op
WorkloadResult  61: 168176 op, 863230019.00 ns, 5.1329 us/op
WorkloadResult  62: 168176 op, 864588993.00 ns, 5.1410 us/op
WorkloadResult  63: 168176 op, 865545656.00 ns, 5.1467 us/op
WorkloadResult  64: 168176 op, 863945527.00 ns, 5.1372 us/op
WorkloadResult  65: 168176 op, 937309979.00 ns, 5.5734 us/op
WorkloadResult  66: 168176 op, 859518746.00 ns, 5.1108 us/op
WorkloadResult  67: 168176 op, 948176567.00 ns, 5.6380 us/op
WorkloadResult  68: 168176 op, 866372296.00 ns, 5.1516 us/op
WorkloadResult  69: 168176 op, 858680649.00 ns, 5.1058 us/op
WorkloadResult  70: 168176 op, 858130380.00 ns, 5.1026 us/op
WorkloadResult  71: 168176 op, 958328205.00 ns, 5.6984 us/op
WorkloadResult  72: 168176 op, 872439621.00 ns, 5.1877 us/op
WorkloadResult  73: 168176 op, 863452709.00 ns, 5.1342 us/op
WorkloadResult  74: 168176 op, 870122569.00 ns, 5.1739 us/op
WorkloadResult  75: 168176 op, 867999098.00 ns, 5.1613 us/op
WorkloadResult  76: 168176 op, 869900532.00 ns, 5.1726 us/op
WorkloadResult  77: 168176 op, 962061581.00 ns, 5.7206 us/op
WorkloadResult  78: 168176 op, 862046845.00 ns, 5.1259 us/op

// AfterAll
// Benchmark Process 901305 has exited with code 0.

Mean = 5.276 μs, StdErr = 0.031 μs (0.58%), N = 78, StdDev = 0.272 μs
Min = 5.081 μs, Q1 = 5.120 μs, Median = 5.143 μs, Q3 = 5.236 μs, Max = 6.153 μs
IQR = 0.115 μs, LowerFence = 4.947 μs, UpperFence = 5.409 μs
ConfidenceInterval = [5.171 μs; 5.382 μs] (CI 99.9%), Margin = 0.105 μs (1.99% of Mean)
Skewness = 1.63, Kurtosis = 4.45, MValue = 2

// ** Remained 0 (0.0 %) benchmark(s) to run. Estimated finish 2026-05-15 19:00 (0h 0m from now) **
// ***** BenchmarkRunner: Finish  *****

// * Export *
  BenchmarkArtifacts/results/JsonBench.Benchmarks.SmokeBenchByte-report.csv
  BenchmarkArtifacts/results/JsonBench.Benchmarks.SmokeBenchByte-report-github.md
  BenchmarkArtifacts/results/JsonBench.Benchmarks.SmokeBenchByte-report.html
  BenchmarkArtifacts/results/JsonBench.Benchmarks.SmokeBenchByte-measurements.csv

// * Detailed results *
SmokeBenchByte.SpanJson_Deser: Energy(OutlierMode=DontRemove, IterationTime=1s)
Runtime = .NET 10.0.7 (10.0.7, 10.0.726.21808), X64 RyuJIT x86-64-v3; GC = Concurrent Workstation
Mean = 5.744 μs, StdErr = 0.034 μs (0.59%), N = 92, StdDev = 0.323 μs
Min = 5.510 μs, Q1 = 5.555 μs, Median = 5.579 μs, Q3 = 5.747 μs, Max = 6.979 μs
IQR = 0.191 μs, LowerFence = 5.268 μs, UpperFence = 6.034 μs
ConfidenceInterval = [5.630 μs; 5.859 μs] (CI 99.9%), Margin = 0.114 μs (1.99% of Mean)
Skewness = 1.59, Kurtosis = 4.47, MValue = 2
-------------------- Histogram --------------------
[5.483 μs ; 5.670 μs) | @@@@@@@@@@@@@@@@@@@@@@@@@@@@@@@@@@@@@@@@@@@@@@@@@@@@@@@@@@@@@@@@@@@
[5.670 μs ; 5.961 μs) | @@@@
[5.961 μs ; 6.149 μs) | @@@@@
[6.149 μs ; 6.397 μs) | @@@@@@@@@@@@@
[6.397 μs ; 6.575 μs) | @@
[6.575 μs ; 6.885 μs) | 
[6.885 μs ; 7.073 μs) | @
---------------------------------------------------

SmokeBenchByte.STJRefGen_Deser: Energy(OutlierMode=DontRemove, IterationTime=1s)
Runtime = .NET 10.0.7 (10.0.7, 10.0.726.21808), X64 RyuJIT x86-64-v3; GC = Concurrent Workstation
Mean = 7.738 μs, StdErr = 0.045 μs (0.58%), N = 72, StdDev = 0.382 μs
Min = 7.368 μs, Q1 = 7.484 μs, Median = 7.539 μs, Q3 = 8.049 μs, Max = 9.071 μs
IQR = 0.565 μs, LowerFence = 6.636 μs, UpperFence = 8.896 μs
ConfidenceInterval = [7.583 μs; 7.893 μs] (CI 99.9%), Margin = 0.155 μs (2.00% of Mean)
Skewness = 1.3, Kurtosis = 3.74, MValue = 2.58
-------------------- Histogram --------------------
[7.248 μs ; 7.628 μs) | @@@@@@@@@@@@@@@@@@@@@@@@@@@@@@@@@@@@@@@@@@@@@@
[7.628 μs ; 7.878 μs) | @@@@@@@
[7.878 μs ; 8.178 μs) | @@@
[8.178 μs ; 8.476 μs) | @@@@@@@@@@@@@
[8.476 μs ; 8.718 μs) | @@
[8.718 μs ; 8.951 μs) | 
[8.951 μs ; 9.192 μs) | @
---------------------------------------------------

SmokeBenchByte.STJSrcGen_Deser: Energy(OutlierMode=DontRemove, IterationTime=1s)
Runtime = .NET 10.0.7 (10.0.7, 10.0.726.21808), X64 RyuJIT x86-64-v3; GC = Concurrent Workstation
Mean = 7.749 μs, StdErr = 0.045 μs (0.58%), N = 74, StdDev = 0.388 μs
Min = 7.273 μs, Q1 = 7.473 μs, Median = 7.565 μs, Q3 = 8.043 μs, Max = 9.161 μs
IQR = 0.570 μs, LowerFence = 6.618 μs, UpperFence = 8.898 μs
ConfidenceInterval = [7.595 μs; 7.904 μs] (CI 99.9%), Margin = 0.155 μs (1.99% of Mean)
Skewness = 1.25, Kurtosis = 3.95, MValue = 2.63
-------------------- Histogram --------------------
[7.152 μs ; 7.442 μs) | @@@@@
[7.442 μs ; 7.685 μs) | @@@@@@@@@@@@@@@@@@@@@@@@@@@@@@@@@@@@@@@@@@@
[7.685 μs ; 7.955 μs) | @@@@@
[7.955 μs ; 8.186 μs) | @@@@@@
[8.186 μs ; 8.428 μs) | @@@@@@@@@@@
[8.428 μs ; 8.668 μs) | @@@
[8.668 μs ; 9.040 μs) | 
[9.040 μs ; 9.283 μs) | @
---------------------------------------------------

SmokeBenchByte.Utf8Json_Deser: Energy(OutlierMode=DontRemove, IterationTime=1s)
Runtime = .NET 10.0.7 (10.0.7, 10.0.726.21808), X64 RyuJIT x86-64-v3; GC = Concurrent Workstation
Mean = 9.745 μs, StdErr = 0.056 μs (0.58%), N = 69, StdDev = 0.469 μs
Min = 9.413 μs, Q1 = 9.455 μs, Median = 9.477 μs, Q3 = 9.866 μs, Max = 11.089 μs
IQR = 0.411 μs, LowerFence = 8.838 μs, UpperFence = 10.482 μs
ConfidenceInterval = [9.551 μs; 9.939 μs] (CI 99.9%), Margin = 0.194 μs (1.99% of Mean)
Skewness = 1.37, Kurtosis = 3.41, MValue = 2
-------------------- Histogram --------------------
[ 9.383 μs ;  9.683 μs) | @@@@@@@@@@@@@@@@@@@@@@@@@@@@@@@@@@@@@@@@@@@@@@@
[ 9.683 μs ; 10.008 μs) | @@@@@@@
[10.008 μs ; 10.247 μs) | @
[10.247 μs ; 10.545 μs) | @@@@@@
[10.545 μs ; 10.939 μs) | @@@@@@@
[10.939 μs ; 11.239 μs) | @
---------------------------------------------------

SmokeBenchByte.Newtonsoft_Deser: Energy(OutlierMode=DontRemove, IterationTime=1s)
Runtime = .NET 10.0.7 (10.0.7, 10.0.726.21808), X64 RyuJIT x86-64-v3; GC = Concurrent Workstation
Mean = 14.486 μs, StdErr = 0.084 μs (0.58%), N = 84, StdDev = 0.774 μs
Min = 13.760 μs, Q1 = 14.032 μs, Median = 14.090 μs, Q3 = 14.536 μs, Max = 17.033 μs
IQR = 0.504 μs, LowerFence = 13.275 μs, UpperFence = 15.292 μs
ConfidenceInterval = [14.198 μs; 14.774 μs] (CI 99.9%), Margin = 0.288 μs (1.99% of Mean)
Skewness = 1.44, Kurtosis = 3.82, MValue = 2
-------------------- Histogram --------------------
[13.756 μs ; 14.220 μs) | @@@@@@@@@@@@@@@@@@@@@@@@@@@@@@@@@@@@@@@@@@@@@@@@@@@@@@@@@
[14.220 μs ; 14.771 μs) | @@@@@@@@
[14.771 μs ; 15.412 μs) | @@
[15.412 μs ; 15.876 μs) | @@@@@@@@@@@
[15.876 μs ; 16.489 μs) | @@@@@
[16.489 μs ; 17.265 μs) | @
---------------------------------------------------

SmokeBenchByte.STJSrcGen_Ser: Energy(OutlierMode=DontRemove, IterationTime=1s)
Runtime = .NET 10.0.7 (10.0.7, 10.0.726.21808), X64 RyuJIT x86-64-v3; GC = Concurrent Workstation
Mean = 2.811 μs, StdErr = 0.018 μs (0.64%), N = 100, StdDev = 0.181 μs
Min = 2.682 μs, Q1 = 2.696 μs, Median = 2.714 μs, Q3 = 2.865 μs, Max = 3.459 μs
IQR = 0.170 μs, LowerFence = 2.441 μs, UpperFence = 3.120 μs
ConfidenceInterval = [2.750 μs; 2.873 μs] (CI 99.9%), Margin = 0.061 μs (2.19% of Mean)
Skewness = 1.69, Kurtosis = 5.19, MValue = 2.3
-------------------- Histogram --------------------
[2.679 μs ; 2.781 μs) | @@@@@@@@@@@@@@@@@@@@@@@@@@@@@@@@@@@@@@@@@@@@@@@@@@@@@@@@@@@@@@@@@@@
[2.781 μs ; 2.892 μs) | @@@@@@@@@
[2.892 μs ; 3.015 μs) | @@@@@@
[3.015 μs ; 3.118 μs) | @@@@@@@@@@@@@
[3.118 μs ; 3.205 μs) | @
[3.205 μs ; 3.320 μs) | 
[3.320 μs ; 3.422 μs) | @@@
[3.422 μs ; 3.510 μs) | @
---------------------------------------------------

SmokeBenchByte.STJRefGen_Ser: Energy(OutlierMode=DontRemove, IterationTime=1s)
Runtime = .NET 10.0.7 (10.0.7, 10.0.726.21808), X64 RyuJIT x86-64-v3; GC = Concurrent Workstation
Mean = 3.989 μs, StdErr = 0.023 μs (0.58%), N = 68, StdDev = 0.191 μs
Min = 3.834 μs, Q1 = 3.859 μs, Median = 3.879 μs, Q3 = 4.174 μs, Max = 4.478 μs
IQR = 0.315 μs, LowerFence = 3.387 μs, UpperFence = 4.646 μs
ConfidenceInterval = [3.909 μs; 4.068 μs] (CI 99.9%), Margin = 0.080 μs (1.99% of Mean)
Skewness = 1.07, Kurtosis = 2.54, MValue = 2.68
-------------------- Histogram --------------------
[3.833 μs ; 3.955 μs) | @@@@@@@@@@@@@@@@@@@@@@@@@@@@@@@@@@@@@@@@@@@@@
[3.955 μs ; 4.061 μs) | @@@@@
[4.061 μs ; 4.204 μs) | @@
[4.204 μs ; 4.326 μs) | @@@@@@@@@@@@
[4.326 μs ; 4.438 μs) | @@@
[4.438 μs ; 4.539 μs) | @
---------------------------------------------------

SmokeBenchByte.SpanJson_Ser: Energy(OutlierMode=DontRemove, IterationTime=1s)
Runtime = .NET 10.0.7 (10.0.7, 10.0.726.21808), X64 RyuJIT x86-64-v3; GC = Concurrent Workstation
Mean = 4.509 μs, StdErr = 0.026 μs (0.57%), N = 51, StdDev = 0.184 μs
Min = 4.309 μs, Q1 = 4.385 μs, Median = 4.411 μs, Q3 = 4.584 μs, Max = 4.916 μs
IQR = 0.199 μs, LowerFence = 4.086 μs, UpperFence = 4.882 μs
ConfidenceInterval = [4.419 μs; 4.600 μs] (CI 99.9%), Margin = 0.090 μs (2.00% of Mean)
Skewness = 1.09, Kurtosis = 2.82, MValue = 2.14
-------------------- Histogram --------------------
[4.305 μs ; 4.436 μs) | @@@@@@@@@@@@@@@@@@@@@@@@@@@@@
[4.436 μs ; 4.601 μs) | @@@@@@@@@@@
[4.601 μs ; 4.795 μs) | @@@@
[4.795 μs ; 4.926 μs) | @@@@@@@
---------------------------------------------------

SmokeBenchByte.Utf8Json_Ser: Energy(OutlierMode=DontRemove, IterationTime=1s)
Runtime = .NET 10.0.7 (10.0.7, 10.0.726.21808), X64 RyuJIT x86-64-v3; GC = Concurrent Workstation
Mean = 5.276 μs, StdErr = 0.031 μs (0.58%), N = 78, StdDev = 0.272 μs
Min = 5.081 μs, Q1 = 5.120 μs, Median = 5.143 μs, Q3 = 5.236 μs, Max = 6.153 μs
IQR = 0.115 μs, LowerFence = 4.947 μs, UpperFence = 5.409 μs
ConfidenceInterval = [5.171 μs; 5.382 μs] (CI 99.9%), Margin = 0.105 μs (1.99% of Mean)
Skewness = 1.63, Kurtosis = 4.45, MValue = 2
-------------------- Histogram --------------------
[5.081 μs ; 5.248 μs) | @@@@@@@@@@@@@@@@@@@@@@@@@@@@@@@@@@@@@@@@@@@@@@@@@@@@@@@@@@@
[5.248 μs ; 5.446 μs) | @@
[5.446 μs ; 5.561 μs) | 
[5.561 μs ; 5.728 μs) | @@@@@@@@@@
[5.728 μs ; 5.936 μs) | @@@@@
[5.936 μs ; 6.061 μs) | 
[6.061 μs ; 6.236 μs) | @@
---------------------------------------------------

SmokeBenchByte.Newtonsoft_Ser: Energy(OutlierMode=DontRemove, IterationTime=1s)
Runtime = .NET 10.0.7 (10.0.7, 10.0.726.21808), X64 RyuJIT x86-64-v3; GC = Concurrent Workstation
Mean = 9.375 μs, StdErr = 0.059 μs (0.62%), N = 100, StdDev = 0.586 μs
Min = 8.829 μs, Q1 = 9.010 μs, Median = 9.069 μs, Q3 = 9.386 μs, Max = 11.309 μs
IQR = 0.376 μs, LowerFence = 8.446 μs, UpperFence = 9.950 μs
ConfidenceInterval = [9.177 μs; 9.574 μs] (CI 99.9%), Margin = 0.199 μs (2.12% of Mean)
Skewness = 1.53, Kurtosis = 4.18, MValue = 2
-------------------- Histogram --------------------
[ 8.664 μs ;  8.947 μs) | @@
[ 8.947 μs ;  9.278 μs) | @@@@@@@@@@@@@@@@@@@@@@@@@@@@@@@@@@@@@@@@@@@@@@@@@@@@@@@@@@@@@@@@
[ 9.278 μs ;  9.680 μs) | @@@@@@@@@@@@
[ 9.680 μs ; 10.012 μs) | @@@
[10.012 μs ; 10.467 μs) | @@@@@@@@@@@@@
[10.467 μs ; 10.838 μs) | @@@@
[10.838 μs ; 11.107 μs) | 
[11.107 μs ; 11.474 μs) | @@
---------------------------------------------------

// * Summary *

BenchmarkDotNet v0.15.5-develop (2026-05-15), Linux Ubuntu 24.04.4 LTS (Noble Numbat)
Intel Core i9-9900K CPU 3.60GHz (Max: 0.80GHz) (Coffee Lake), 1 CPU, 16 logical and 8 physical cores
.NET SDK 10.0.107
  [Host] : .NET 10.0.7 (10.0.7, 10.0.726.21808), X64 RyuJIT x86-64-v3
  Energy : .NET 10.0.7 (10.0.7, 10.0.726.21808), X64 RyuJIT x86-64-v3

Job=Energy  OutlierMode=DontRemove  IterationTime=1s  

| Method           | Mean      | Error     | StdDev    | Operations | Median    | Iterations | Metrion CPU Energy (uJ/op) | Metrion CPU Energy (uJ/iter) |
|----------------- |----------:|----------:|----------:|-----------:|----------:|-----------:|---------------------------:|-----------------------------:|
| SpanJson_Deser   |  5.744 μs | 0.1144 μs | 0.3227 μs |    145,392 |  5.579 μs |      92.00 |                     137.03 |                  19923317.68 |
| STJRefGen_Deser  |  7.738 μs | 0.1547 μs | 0.3823 μs |    133,312 |  7.539 μs |      72.00 |                     191.21 |                  25490791.25 |
| STJSrcGen_Deser  |  7.749 μs | 0.1545 μs | 0.3876 μs |    133,440 |  7.565 μs |      74.00 |                     188.60 |                  25166593.55 |
| Utf8Json_Deser   |  9.745 μs | 0.1941 μs | 0.4688 μs |     86,864 |  9.477 μs |      69.00 |                     242.43 |                  21058303.02 |
| Newtonsoft_Deser | 14.486 μs | 0.2883 μs | 0.7744 μs |     59,040 | 14.090 μs |      84.00 |                     359.32 |                  21214321.78 |
|                  |           |           |           |            |           |            |                            |                              |
| STJSrcGen_Ser    |  2.811 μs | 0.0615 μs | 0.1813 μs |    292,688 |  2.714 μs |     100.00 |                      70.70 |                  20691951.82 |
| STJRefGen_Ser    |  3.989 μs | 0.0795 μs | 0.1905 μs |    259,712 |  3.879 μs |      68.00 |                     101.60 |                  26385506.88 |
| SpanJson_Ser     |  4.509 μs | 0.0903 μs | 0.1844 μs |    200,064 |  4.411 μs |      51.00 |                     110.04 |                  22014392.93 |
| Utf8Json_Ser     |  5.276 μs | 0.1053 μs | 0.2717 μs |    168,176 |  5.143 μs |      78.00 |                     131.20 |                  22064326.07 |
| Newtonsoft_Ser   |  9.375 μs | 0.1987 μs | 0.5859 μs |     90,464 |  9.069 μs |     100.00 |                     228.44 |                  20665769.81 |

// * Hints *
Outliers
  SmokeBenchByte.SpanJson_Deser: Energy   -> 19 outliers were detected (6.10 μs..6.98 μs)
  SmokeBenchByte.STJRefGen_Deser: Energy  -> 1 outlier  was  detected (9.07 μs)
  SmokeBenchByte.STJSrcGen_Deser: Energy  -> 1 outlier  was  detected (9.16 μs)
  SmokeBenchByte.Utf8Json_Deser: Energy   -> 9 outliers were detected (10.53 μs..11.09 μs)
  SmokeBenchByte.Newtonsoft_Deser: Energy -> 18 outliers were detected (15.35 μs..17.04 μs)
  SmokeBenchByte.STJSrcGen_Ser: Energy    -> 5 outliers were detected (3.16 μs..3.46 μs)
  SmokeBenchByte.SpanJson_Ser: Energy     -> 5 outliers were detected (4.90 μs..4.92 μs)
  SmokeBenchByte.Utf8Json_Ser: Energy     -> 17 outliers were detected (5.57 μs..6.16 μs)
  SmokeBenchByte.Newtonsoft_Ser: Energy   -> 20 outliers were detected (10.00 μs..11.31 μs)

// * Legends *
  Mean                         : Arithmetic mean of all measurements
  Error                        : Half of 99.9% confidence interval
  StdDev                       : Standard deviation of all measurements
  Operations                   : Actual invocations per measured iteration (from measurements)
  Median                       : Value separating the higher half of all measurements (50th percentile)
  Iterations                   : Number of target iterations
  Metrion CPU Energy (uJ/op)   : Average CPU core energy consumed per benchmark operation (uJ), captured with Metrion.
  Metrion CPU Energy (uJ/iter) : Average CPU core energy consumed per benchmark iteration (uJ), captured with Metrion.
  1 μs                         : 1 Microsecond (0.000001 sec)

// * Diagnostic Output - MetrionEnergyProfiler *
Metrion measured the energy for a total of 10 benchmarks.
The database files for each benchmark were stored in the Artifacts folder. e.g: 
/home/test/json-energy-bench/BenchmarkArtifacts/metrion/JsonBench.Benchmarks.SmokeBenchByte.STJRefGen_Deser-20260515-184522.pid894522.db
The measurements details of Actual Stage for each benchmark:
BenchmarkMethod - StartTimestamp - EndTimestamp - TotalEnergyFromSummary - TotalEnergyFromRawMeasurements
STJRefGen_Deser: 2026-05-15T18:43:57.636270 - 2026-05-15T18:45:12.020703 - 1839.3759576595758 - 1835.3369698808806
STJSrcGen_Deser: 2026-05-15T18:45:43.472398 - 2026-05-15T18:47:00.124574 - 1857.2578780703454 - 1862.327922899303
Newtonsoft_Deser: 2026-05-15T18:47:28.512639 - 2026-05-15T18:48:40.476773 - 1789.977987026228 - 1782.0030295489307
SpanJson_Deser: 2026-05-15T18:49:09.627618 - 2026-05-15T18:50:26.668186 - 1831.1882525651888 - 1832.9452262785842
Utf8Json_Deser: 2026-05-15T18:50:55.872171 - 2026-05-15T18:51:54.413588 - 1457.3972354021394 - 1453.022908446082
STJRefGen_Ser: 2026-05-15T18:52:25.338726 - 2026-05-15T18:53:35.907042 - 1783.1186175213236 - 1794.2144677362542
STJSrcGen_Ser: 2026-05-15T18:53:59.822188 - 2026-05-15T18:55:22.374052 - 2073.1698139116606 - 2069.195181640118
Newtonsoft_Ser: 2026-05-15T18:55:46.372649 - 2026-05-15T18:57:11.345209 - 2060.2943248294628 - 2066.5769806861144
SpanJson_Ser: 2026-05-15T18:57:38.596576 - 2026-05-15T18:58:24.752274 - 1113.8355163048575 - 1122.734039357835
Utf8Json_Ser: 2026-05-15T18:58:53.417473 - 2026-05-15T19:00:02.779726 - 1704.0720832976886 - 1721.0174336948444


// ***** BenchmarkRunner: End *****
Run time: 00:16:41 (1001.21 sec), executed benchmarks: 10

Global total time: 00:16:46 (1006.92 sec), executed benchmarks: 10
// * Artifacts cleanup *
Artifacts cleanup is finished
