// Validating benchmarks:
// ***** BenchmarkRunner: Start   *****
// ***** Found 10 benchmark(s) in total *****
// ***** Building 1 exe(s) in Parallel: Start   *****
// start dotnet  restore --nodeReuse:false /p:UseSharedCompilation=false /p:Deterministic=true /p:Optimize=true /p:ArtifactsPath="/home/test/json-energy-bench/JsonBench/bin/Release/net10.0/JsonBench-Energy-1/" /p:OutDir="/home/test/json-energy-bench/JsonBench/bin/Release/net10.0/JsonBench-Energy-1/bin/Release/net10.0/" /p:OutputPath="/home/test/json-energy-bench/JsonBench/bin/Release/net10.0/JsonBench-Energy-1/bin/Release/net10.0/" /p:PublishDir="/home/test/json-energy-bench/JsonBench/bin/Release/net10.0/JsonBench-Energy-1/publish/" in /home/test/json-energy-bench/JsonBench/bin/Release/net10.0/JsonBench-Energy-1
// command took 1.42 sec and exited with 0
// start dotnet  build -c Release --no-restore --nodeReuse:false /p:UseSharedCompilation=false /p:Deterministic=true /p:Optimize=true /p:ArtifactsPath="/home/test/json-energy-bench/JsonBench/bin/Release/net10.0/JsonBench-Energy-1/" /p:OutDir="/home/test/json-energy-bench/JsonBench/bin/Release/net10.0/JsonBench-Energy-1/bin/Release/net10.0/" /p:OutputPath="/home/test/json-energy-bench/JsonBench/bin/Release/net10.0/JsonBench-Energy-1/bin/Release/net10.0/" /p:PublishDir="/home/test/json-energy-bench/JsonBench/bin/Release/net10.0/JsonBench-Energy-1/publish/" --output "/home/test/json-energy-bench/JsonBench/bin/Release/net10.0/JsonBench-Energy-1/bin/Release/net10.0/" in /home/test/json-energy-bench/JsonBench/bin/Release/net10.0/JsonBench-Energy-1
// command took 4.57 sec and exited with 0
// ***** Done, took 00:00:06 (6.07 sec)   *****
// Found 10 benchmarks:
//   SmokeBenchByte.STJRefGen_Deser: Energy(OutlierMode=DontRemove, IterationTime=1s)
//   SmokeBenchByte.STJSrcGen_Deser: Energy(OutlierMode=DontRemove, IterationTime=1s)
//   SmokeBenchByte.Newtonsoft_Deser: Energy(OutlierMode=DontRemove, IterationTime=1s)
//   SmokeBenchByte.SpanJson_Deser: Energy(OutlierMode=DontRemove, IterationTime=1s)
//   SmokeBenchByte.Utf8Json_Deser: Energy(OutlierMode=DontRemove, IterationTime=1s)
//   SmokeBenchByte.STJRefGen_Ser: Energy(OutlierMode=DontRemove, IterationTime=1s)
//   SmokeBenchByte.STJSrcGen_Ser: Energy(OutlierMode=DontRemove, IterationTime=1s)
//   SmokeBenchByte.Newtonsoft_Ser: Energy(OutlierMode=DontRemove, IterationTime=1s)
//   SmokeBenchByte.SpanJson_Ser: Energy(OutlierMode=DontRemove, IterationTime=1s)
//   SmokeBenchByte.Utf8Json_Ser: Energy(OutlierMode=DontRemove, IterationTime=1s)

// **************************
// Benchmark: SmokeBenchByte.STJRefGen_Deser: Energy(OutlierMode=DontRemove, IterationTime=1s)
// *** Execute ***
// Launch: 1 / 1
// Execute: dotnet JsonBench-Energy-1.dll --anonymousPipes 160 161 --benchmarkName JsonBench.Benchmarks.SmokeBenchByte.STJRefGen_Deser --job Energy --benchmarkId 0 in /home/test/json-energy-bench/JsonBench/bin/Release/net10.0/JsonBench-Energy-1/bin/Release/net10.0
// BeforeAnythingElse

// Benchmark Process Environment Information:
// BenchmarkDotNet v0.15.5-develop (2026-05-17)
// Runtime=.NET 10.0.7 (10.0.7, 10.0.726.21808), X64 RyuJIT x86-64-v3
// GC=Concurrent Workstation
// HardwareIntrinsics=AVX2+BMI1+BMI2+F16C+FMA+LZCNT+MOVBE,AVX,SSE3+SSSE3+SSE4.1+SSE4.2+POPCNT,X86Base+SSE+SSE2,AES+PCLMUL VectorSize=256
// Job: Energy(OutlierMode=DontRemove, IterationTime=1s)

OverheadJitting  1: 1 op, 190958.00 ns, 190.9580 us/op
WorkloadJitting  1: 1 op, 278124.00 ns, 278.1240 us/op

OverheadJitting  2: 16 op, 491401.00 ns, 30.7126 us/op
WorkloadJitting  2: 16 op, 837431.00 ns, 52.3394 us/op

WorkloadPilot    1: 16 op, 295629.00 ns, 18.4768 us/op
WorkloadPilot    2: 54128 op, 760084766.00 ns, 14.0424 us/op
WorkloadPilot    3: 71216 op, 718540757.00 ns, 10.0896 us/op
WorkloadPilot    4: 99120 op, 810182074.00 ns, 8.1737 us/op
WorkloadPilot    5: 122352 op, 1391534837.00 ns, 11.3732 us/op
WorkloadPilot    6: 87936 op, 982585371.00 ns, 11.1739 us/op
WorkloadPilot    7: 89504 op, 949155136.00 ns, 10.6046 us/op
WorkloadPilot    8: 94304 op, 991148391.00 ns, 10.5101 us/op
WorkloadPilot    9: 95152 op, 838132495.00 ns, 8.8084 us/op
WorkloadPilot   10: 113536 op, 977854468.00 ns, 8.6127 us/op
WorkloadPilot   11: 116112 op, 957327454.00 ns, 8.2449 us/op
WorkloadPilot   12: 121296 op, 1080291026.00 ns, 8.9062 us/op
WorkloadPilot   13: 112288 op, 1116080692.00 ns, 9.9394 us/op

OverheadWarmup   1: 112288 op, 408684.00 ns, 3.6396 ns/op
OverheadWarmup   2: 112288 op, 437697.00 ns, 3.8980 ns/op
OverheadWarmup   3: 112288 op, 449449.00 ns, 4.0026 ns/op
OverheadWarmup   4: 112288 op, 940005.00 ns, 8.3714 ns/op
OverheadWarmup   5: 112288 op, 373639.00 ns, 3.3275 ns/op
OverheadWarmup   6: 112288 op, 443779.00 ns, 3.9521 ns/op
OverheadWarmup   7: 112288 op, 448944.00 ns, 3.9981 ns/op
OverheadWarmup   8: 112288 op, 416412.00 ns, 3.7084 ns/op

OverheadActual   1: 112288 op, 468845.00 ns, 4.1754 ns/op
OverheadActual   2: 112288 op, 1170398.00 ns, 10.4232 ns/op
OverheadActual   3: 112288 op, 498889.00 ns, 4.4429 ns/op
OverheadActual   4: 112288 op, 473883.00 ns, 4.2202 ns/op
OverheadActual   5: 112288 op, 368175.00 ns, 3.2788 ns/op
OverheadActual   6: 112288 op, 388014.00 ns, 3.4555 ns/op
OverheadActual   7: 112288 op, 445150.00 ns, 3.9644 ns/op
OverheadActual   8: 112288 op, 404950.00 ns, 3.6064 ns/op
OverheadActual   9: 112288 op, 383681.00 ns, 3.4169 ns/op
OverheadActual  10: 112288 op, 515727.00 ns, 4.5929 ns/op
OverheadActual  11: 112288 op, 436364.00 ns, 3.8861 ns/op
OverheadActual  12: 112288 op, 371055.00 ns, 3.3045 ns/op
OverheadActual  13: 112288 op, 449041.00 ns, 3.9990 ns/op
OverheadActual  14: 112288 op, 458381.00 ns, 4.0822 ns/op
OverheadActual  15: 112288 op, 418114.00 ns, 3.7236 ns/op
OverheadActual  16: 112288 op, 640961.00 ns, 5.7082 ns/op
OverheadActual  17: 112288 op, 595298.00 ns, 5.3015 ns/op
OverheadActual  18: 112288 op, 573665.00 ns, 5.1089 ns/op
OverheadActual  19: 112288 op, 596890.00 ns, 5.3157 ns/op
OverheadActual  20: 112288 op, 633774.00 ns, 5.6442 ns/op

WorkloadWarmup   1: 112288 op, 1144684149.00 ns, 10.1942 us/op
WorkloadWarmup   2: 112288 op, 963417587.00 ns, 8.5799 us/op
WorkloadWarmup   3: 112288 op, 989699810.00 ns, 8.8139 us/op
WorkloadWarmup   4: 112288 op, 879238329.00 ns, 7.8302 us/op
WorkloadWarmup   5: 112288 op, 1061968279.00 ns, 9.4575 us/op
WorkloadWarmup   6: 112288 op, 910503375.00 ns, 8.1086 us/op

// BeforeActualRun
WorkloadActual   1: 112288 op, 915655106.00 ns, 8.1545 us/op
WorkloadActual   2: 112288 op, 880272783.00 ns, 7.8394 us/op
WorkloadActual   3: 112288 op, 889278608.00 ns, 7.9196 us/op
WorkloadActual   4: 112288 op, 906101836.00 ns, 8.0694 us/op
WorkloadActual   5: 112288 op, 1146967352.00 ns, 10.2145 us/op
WorkloadActual   6: 112288 op, 1020878204.00 ns, 9.0916 us/op
WorkloadActual   7: 112288 op, 999105917.00 ns, 8.8977 us/op
WorkloadActual   8: 112288 op, 912461976.00 ns, 8.1261 us/op
WorkloadActual   9: 112288 op, 899474676.00 ns, 8.0104 us/op
WorkloadActual  10: 112288 op, 1062465711.00 ns, 9.4620 us/op
WorkloadActual  11: 112288 op, 949458078.00 ns, 8.4556 us/op
WorkloadActual  12: 112288 op, 970391666.00 ns, 8.6420 us/op
WorkloadActual  13: 112288 op, 952322158.00 ns, 8.4811 us/op
WorkloadActual  14: 112288 op, 901824153.00 ns, 8.0313 us/op
WorkloadActual  15: 112288 op, 1048808683.00 ns, 9.3403 us/op
WorkloadActual  16: 112288 op, 987624049.00 ns, 8.7955 us/op
WorkloadActual  17: 112288 op, 887478246.00 ns, 7.9036 us/op
WorkloadActual  18: 112288 op, 894422553.00 ns, 7.9654 us/op
WorkloadActual  19: 112288 op, 957420900.00 ns, 8.5265 us/op
WorkloadActual  20: 112288 op, 935913051.00 ns, 8.3349 us/op
WorkloadActual  21: 112288 op, 908993585.00 ns, 8.0952 us/op
WorkloadActual  22: 112288 op, 1045563662.00 ns, 9.3114 us/op
WorkloadActual  23: 112288 op, 1041923283.00 ns, 9.2790 us/op
WorkloadActual  24: 112288 op, 1011294414.00 ns, 9.0063 us/op
WorkloadActual  25: 112288 op, 1030022528.00 ns, 9.1730 us/op
WorkloadActual  26: 112288 op, 1091158649.00 ns, 9.7175 us/op
WorkloadActual  27: 112288 op, 1031404434.00 ns, 9.1853 us/op
WorkloadActual  28: 112288 op, 934998752.00 ns, 8.3268 us/op
WorkloadActual  29: 112288 op, 879591388.00 ns, 7.8334 us/op
WorkloadActual  30: 112288 op, 952165674.00 ns, 8.4797 us/op
WorkloadActual  31: 112288 op, 887143144.00 ns, 7.9006 us/op
WorkloadActual  32: 112288 op, 1009728102.00 ns, 8.9923 us/op
WorkloadActual  33: 112288 op, 877408256.00 ns, 7.8139 us/op
WorkloadActual  34: 112288 op, 899080540.00 ns, 8.0069 us/op
WorkloadActual  35: 112288 op, 883103476.00 ns, 7.8646 us/op
WorkloadActual  36: 112288 op, 1053916276.00 ns, 9.3858 us/op
WorkloadActual  37: 112288 op, 964025763.00 ns, 8.5853 us/op
WorkloadActual  38: 112288 op, 1044474224.00 ns, 9.3017 us/op
WorkloadActual  39: 112288 op, 899066759.00 ns, 8.0068 us/op
WorkloadActual  40: 112288 op, 950735732.00 ns, 8.4669 us/op
WorkloadActual  41: 112288 op, 886175955.00 ns, 7.8920 us/op
WorkloadActual  42: 112288 op, 890664939.00 ns, 7.9320 us/op
WorkloadActual  43: 112288 op, 1047694340.00 ns, 9.3304 us/op
WorkloadActual  44: 112288 op, 991578687.00 ns, 8.8307 us/op
WorkloadActual  45: 112288 op, 1012016574.00 ns, 9.0127 us/op
WorkloadActual  46: 112288 op, 1031065567.00 ns, 9.1823 us/op
WorkloadActual  47: 112288 op, 1125923179.00 ns, 10.0271 us/op
WorkloadActual  48: 112288 op, 1083821195.00 ns, 9.6522 us/op
WorkloadActual  49: 112288 op, 897543764.00 ns, 7.9932 us/op
WorkloadActual  50: 112288 op, 882834504.00 ns, 7.8622 us/op
WorkloadActual  51: 112288 op, 887255650.00 ns, 7.9016 us/op
WorkloadActual  52: 112288 op, 882779849.00 ns, 7.8617 us/op
WorkloadActual  53: 112288 op, 917379800.00 ns, 8.1699 us/op
WorkloadActual  54: 112288 op, 989351761.00 ns, 8.8108 us/op
WorkloadActual  55: 112288 op, 884535017.00 ns, 7.8774 us/op
WorkloadActual  56: 112288 op, 939964236.00 ns, 8.3710 us/op
WorkloadActual  57: 112288 op, 1071025626.00 ns, 9.5382 us/op
WorkloadActual  58: 112288 op, 911146008.00 ns, 8.1144 us/op
WorkloadActual  59: 112288 op, 913415585.00 ns, 8.1346 us/op
WorkloadActual  60: 112288 op, 1074067169.00 ns, 9.5653 us/op
WorkloadActual  61: 112288 op, 943980838.00 ns, 8.4068 us/op
WorkloadActual  62: 112288 op, 889271536.00 ns, 7.9196 us/op
WorkloadActual  63: 112288 op, 885544685.00 ns, 7.8864 us/op
WorkloadActual  64: 112288 op, 890845510.00 ns, 7.9336 us/op
WorkloadActual  65: 112288 op, 1062220013.00 ns, 9.4598 us/op
WorkloadActual  66: 112288 op, 973718931.00 ns, 8.6716 us/op
WorkloadActual  67: 112288 op, 1080145350.00 ns, 9.6194 us/op
WorkloadActual  68: 112288 op, 911316053.00 ns, 8.1159 us/op
WorkloadActual  69: 112288 op, 974749599.00 ns, 8.6808 us/op
WorkloadActual  70: 112288 op, 913441422.00 ns, 8.1348 us/op
WorkloadActual  71: 112288 op, 1027054367.00 ns, 9.1466 us/op
WorkloadActual  72: 112288 op, 954918820.00 ns, 8.5042 us/op
WorkloadActual  73: 112288 op, 885935626.00 ns, 7.8899 us/op
WorkloadActual  74: 112288 op, 889933973.00 ns, 7.9255 us/op
WorkloadActual  75: 112288 op, 890993849.00 ns, 7.9349 us/op
WorkloadActual  76: 112288 op, 1003446115.00 ns, 8.9364 us/op
WorkloadActual  77: 112288 op, 894522895.00 ns, 7.9663 us/op
WorkloadActual  78: 112288 op, 1102335126.00 ns, 9.8170 us/op
WorkloadActual  79: 112288 op, 877507378.00 ns, 7.8148 us/op
WorkloadActual  80: 112288 op, 882767999.00 ns, 7.8616 us/op
WorkloadActual  81: 112288 op, 889077016.00 ns, 7.9178 us/op
WorkloadActual  82: 112288 op, 1025533017.00 ns, 9.1331 us/op
WorkloadActual  83: 112288 op, 994158383.00 ns, 8.8536 us/op
WorkloadActual  84: 112288 op, 1012197102.00 ns, 9.0143 us/op
WorkloadActual  85: 112288 op, 894635125.00 ns, 7.9673 us/op
WorkloadActual  86: 112288 op, 1065578789.00 ns, 9.4897 us/op
WorkloadActual  87: 112288 op, 971416282.00 ns, 8.6511 us/op
WorkloadActual  88: 112288 op, 1026313105.00 ns, 9.1400 us/op
WorkloadActual  89: 112288 op, 920680907.00 ns, 8.1993 us/op
WorkloadActual  90: 112288 op, 888191606.00 ns, 7.9099 us/op
WorkloadActual  91: 112288 op, 886062442.00 ns, 7.8910 us/op
WorkloadActual  92: 112288 op, 895516285.00 ns, 7.9752 us/op
WorkloadActual  93: 112288 op, 982403850.00 ns, 8.7490 us/op
WorkloadActual  94: 112288 op, 879725137.00 ns, 7.8345 us/op
WorkloadActual  95: 112288 op, 884560796.00 ns, 7.8776 us/op
WorkloadActual  96: 112288 op, 892994688.00 ns, 7.9527 us/op
WorkloadActual  97: 112288 op, 885657170.00 ns, 7.8874 us/op
WorkloadActual  98: 112288 op, 888671939.00 ns, 7.9142 us/op
WorkloadActual  99: 112288 op, 1178469001.00 ns, 10.4951 us/op
WorkloadActual  100: 112288 op, 1002558745.00 ns, 8.9285 us/op

// AfterActualRun
WorkloadResult   1: 112288 op, 915191493.00 ns, 8.1504 us/op
WorkloadResult   2: 112288 op, 879809170.00 ns, 7.8353 us/op
WorkloadResult   3: 112288 op, 888814995.00 ns, 7.9155 us/op
WorkloadResult   4: 112288 op, 905638223.00 ns, 8.0653 us/op
WorkloadResult   5: 112288 op, 1146503739.00 ns, 10.2104 us/op
WorkloadResult   6: 112288 op, 1020414591.00 ns, 9.0875 us/op
WorkloadResult   7: 112288 op, 998642304.00 ns, 8.8936 us/op
WorkloadResult   8: 112288 op, 911998363.00 ns, 8.1220 us/op
WorkloadResult   9: 112288 op, 899011063.00 ns, 8.0063 us/op
WorkloadResult  10: 112288 op, 1062002098.00 ns, 9.4578 us/op
WorkloadResult  11: 112288 op, 948994465.00 ns, 8.4514 us/op
WorkloadResult  12: 112288 op, 969928053.00 ns, 8.6379 us/op
WorkloadResult  13: 112288 op, 951858545.00 ns, 8.4769 us/op
WorkloadResult  14: 112288 op, 901360540.00 ns, 8.0272 us/op
WorkloadResult  15: 112288 op, 1048345070.00 ns, 9.3362 us/op
WorkloadResult  16: 112288 op, 987160436.00 ns, 8.7913 us/op
WorkloadResult  17: 112288 op, 887014633.00 ns, 7.8995 us/op
WorkloadResult  18: 112288 op, 893958940.00 ns, 7.9613 us/op
WorkloadResult  19: 112288 op, 956957287.00 ns, 8.5223 us/op
WorkloadResult  20: 112288 op, 935449438.00 ns, 8.3308 us/op
WorkloadResult  21: 112288 op, 908529972.00 ns, 8.0911 us/op
WorkloadResult  22: 112288 op, 1045100049.00 ns, 9.3073 us/op
WorkloadResult  23: 112288 op, 1041459670.00 ns, 9.2749 us/op
WorkloadResult  24: 112288 op, 1010830801.00 ns, 9.0021 us/op
WorkloadResult  25: 112288 op, 1029558915.00 ns, 9.1689 us/op
WorkloadResult  26: 112288 op, 1090695036.00 ns, 9.7134 us/op
WorkloadResult  27: 112288 op, 1030940821.00 ns, 9.1812 us/op
WorkloadResult  28: 112288 op, 934535139.00 ns, 8.3227 us/op
WorkloadResult  29: 112288 op, 879127775.00 ns, 7.8292 us/op
WorkloadResult  30: 112288 op, 951702061.00 ns, 8.4755 us/op
WorkloadResult  31: 112288 op, 886679531.00 ns, 7.8965 us/op
WorkloadResult  32: 112288 op, 1009264489.00 ns, 8.9882 us/op
WorkloadResult  33: 112288 op, 876944643.00 ns, 7.8098 us/op
WorkloadResult  34: 112288 op, 898616927.00 ns, 8.0028 us/op
WorkloadResult  35: 112288 op, 882639863.00 ns, 7.8605 us/op
WorkloadResult  36: 112288 op, 1053452663.00 ns, 9.3817 us/op
WorkloadResult  37: 112288 op, 963562150.00 ns, 8.5812 us/op
WorkloadResult  38: 112288 op, 1044010611.00 ns, 9.2976 us/op
WorkloadResult  39: 112288 op, 898603146.00 ns, 8.0027 us/op
WorkloadResult  40: 112288 op, 950272119.00 ns, 8.4628 us/op
WorkloadResult  41: 112288 op, 885712342.00 ns, 7.8879 us/op
WorkloadResult  42: 112288 op, 890201326.00 ns, 7.9278 us/op
WorkloadResult  43: 112288 op, 1047230727.00 ns, 9.3263 us/op
WorkloadResult  44: 112288 op, 991115074.00 ns, 8.8265 us/op
WorkloadResult  45: 112288 op, 1011552961.00 ns, 9.0086 us/op
WorkloadResult  46: 112288 op, 1030601954.00 ns, 9.1782 us/op
WorkloadResult  47: 112288 op, 1125459566.00 ns, 10.0230 us/op
WorkloadResult  48: 112288 op, 1083357582.00 ns, 9.6480 us/op
WorkloadResult  49: 112288 op, 897080151.00 ns, 7.9891 us/op
WorkloadResult  50: 112288 op, 882370891.00 ns, 7.8581 us/op
WorkloadResult  51: 112288 op, 886792037.00 ns, 7.8975 us/op
WorkloadResult  52: 112288 op, 882316236.00 ns, 7.8576 us/op
WorkloadResult  53: 112288 op, 916916187.00 ns, 8.1658 us/op
WorkloadResult  54: 112288 op, 988888148.00 ns, 8.8067 us/op
WorkloadResult  55: 112288 op, 884071404.00 ns, 7.8732 us/op
WorkloadResult  56: 112288 op, 939500623.00 ns, 8.3669 us/op
WorkloadResult  57: 112288 op, 1070562013.00 ns, 9.5341 us/op
WorkloadResult  58: 112288 op, 910682395.00 ns, 8.1102 us/op
WorkloadResult  59: 112288 op, 912951972.00 ns, 8.1305 us/op
WorkloadResult  60: 112288 op, 1073603556.00 ns, 9.5612 us/op
WorkloadResult  61: 112288 op, 943517225.00 ns, 8.4027 us/op
WorkloadResult  62: 112288 op, 888807923.00 ns, 7.9154 us/op
WorkloadResult  63: 112288 op, 885081072.00 ns, 7.8822 us/op
WorkloadResult  64: 112288 op, 890381897.00 ns, 7.9294 us/op
WorkloadResult  65: 112288 op, 1061756400.00 ns, 9.4557 us/op
WorkloadResult  66: 112288 op, 973255318.00 ns, 8.6675 us/op
WorkloadResult  67: 112288 op, 1079681737.00 ns, 9.6153 us/op
WorkloadResult  68: 112288 op, 910852440.00 ns, 8.1118 us/op
WorkloadResult  69: 112288 op, 974285986.00 ns, 8.6767 us/op
WorkloadResult  70: 112288 op, 912977809.00 ns, 8.1307 us/op
WorkloadResult  71: 112288 op, 1026590754.00 ns, 9.1425 us/op
WorkloadResult  72: 112288 op, 954455207.00 ns, 8.5001 us/op
WorkloadResult  73: 112288 op, 885472013.00 ns, 7.8857 us/op
WorkloadResult  74: 112288 op, 889470360.00 ns, 7.9213 us/op
WorkloadResult  75: 112288 op, 890530236.00 ns, 7.9308 us/op
WorkloadResult  76: 112288 op, 1002982502.00 ns, 8.9322 us/op
WorkloadResult  77: 112288 op, 894059282.00 ns, 7.9622 us/op
WorkloadResult  78: 112288 op, 1101871513.00 ns, 9.8129 us/op
WorkloadResult  79: 112288 op, 877043765.00 ns, 7.8107 us/op
WorkloadResult  80: 112288 op, 882304386.00 ns, 7.8575 us/op
WorkloadResult  81: 112288 op, 888613403.00 ns, 7.9137 us/op
WorkloadResult  82: 112288 op, 1025069404.00 ns, 9.1289 us/op
WorkloadResult  83: 112288 op, 993694770.00 ns, 8.8495 us/op
WorkloadResult  84: 112288 op, 1011733489.00 ns, 9.0102 us/op
WorkloadResult  85: 112288 op, 894171512.00 ns, 7.9632 us/op
WorkloadResult  86: 112288 op, 1065115176.00 ns, 9.4856 us/op
WorkloadResult  87: 112288 op, 970952669.00 ns, 8.6470 us/op
WorkloadResult  88: 112288 op, 1025849492.00 ns, 9.1359 us/op
WorkloadResult  89: 112288 op, 920217294.00 ns, 8.1952 us/op
WorkloadResult  90: 112288 op, 887727993.00 ns, 7.9058 us/op
WorkloadResult  91: 112288 op, 885598829.00 ns, 7.8869 us/op
WorkloadResult  92: 112288 op, 895052672.00 ns, 7.9710 us/op
WorkloadResult  93: 112288 op, 981940237.00 ns, 8.7448 us/op
WorkloadResult  94: 112288 op, 879261524.00 ns, 7.8304 us/op
WorkloadResult  95: 112288 op, 884097183.00 ns, 7.8735 us/op
WorkloadResult  96: 112288 op, 892531075.00 ns, 7.9486 us/op
WorkloadResult  97: 112288 op, 885193557.00 ns, 7.8832 us/op
WorkloadResult  98: 112288 op, 888208326.00 ns, 7.9101 us/op
WorkloadResult  99: 112288 op, 1178005388.00 ns, 10.4909 us/op
WorkloadResult  100: 112288 op, 1002095132.00 ns, 8.9243 us/op

// AfterAll
// Benchmark Process 1000762 has exited with code 0.

Mean = 8.530 μs, StdErr = 0.067 μs (0.78%), N = 100, StdDev = 0.666 μs
Min = 7.810 μs, Q1 = 7.926 μs, Median = 8.349 μs, Q3 = 9.029 μs, Max = 10.491 μs
IQR = 1.103 μs, LowerFence = 6.271 μs, UpperFence = 10.684 μs
ConfidenceInterval = [8.305 μs; 8.756 μs] (CI 99.9%), Margin = 0.226 μs (2.65% of Mean)
Skewness = 0.74, Kurtosis = 2.53, MValue = 2.13

// ** Remained 9 (90.0 %) benchmark(s) to run. Estimated finish 2026-05-17 15:48 (0h 19m from now) **
// **************************
// Benchmark: SmokeBenchByte.STJSrcGen_Deser: Energy(OutlierMode=DontRemove, IterationTime=1s)
// *** Execute ***
// Launch: 1 / 1
// Execute: dotnet JsonBench-Energy-1.dll --anonymousPipes 164 165 --benchmarkName JsonBench.Benchmarks.SmokeBenchByte.STJSrcGen_Deser --job Energy --benchmarkId 1 in /home/test/json-energy-bench/JsonBench/bin/Release/net10.0/JsonBench-Energy-1/bin/Release/net10.0
// BeforeAnythingElse

// Benchmark Process Environment Information:
// BenchmarkDotNet v0.15.5-develop (2026-05-17)
// Runtime=.NET 10.0.7 (10.0.7, 10.0.726.21808), X64 RyuJIT x86-64-v3
// GC=Concurrent Workstation
// HardwareIntrinsics=AVX2+BMI1+BMI2+F16C+FMA+LZCNT+MOVBE,AVX,SSE3+SSSE3+SSE4.1+SSE4.2+POPCNT,X86Base+SSE+SSE2,AES+PCLMUL VectorSize=256
// Job: Energy(OutlierMode=DontRemove, IterationTime=1s)

OverheadJitting  1: 1 op, 190122.00 ns, 190.1220 us/op
WorkloadJitting  1: 1 op, 14183194.00 ns, 14.1832 ms/op

OverheadJitting  2: 16 op, 864079.00 ns, 54.0049 us/op
WorkloadJitting  2: 16 op, 1439833.00 ns, 89.9896 us/op

WorkloadPilot    1: 16 op, 594072.00 ns, 37.1295 us/op
WorkloadPilot    2: 26944 op, 528776796.00 ns, 19.6250 us/op
WorkloadPilot    3: 50960 op, 393355623.00 ns, 7.7189 us/op
WorkloadPilot    4: 129552 op, 1307052512.00 ns, 10.0890 us/op
WorkloadPilot    5: 99120 op, 1059639236.00 ns, 10.6905 us/op
WorkloadPilot    6: 93552 op, 967076588.00 ns, 10.3373 us/op
WorkloadPilot    7: 96752 op, 1192292806.00 ns, 12.3232 us/op

OverheadWarmup   1: 96752 op, 771799.00 ns, 7.9771 ns/op
OverheadWarmup   2: 96752 op, 909095.00 ns, 9.3961 ns/op
OverheadWarmup   3: 96752 op, 1419125.00 ns, 14.6677 ns/op
OverheadWarmup   4: 96752 op, 694800.00 ns, 7.1812 ns/op
OverheadWarmup   5: 96752 op, 727735.00 ns, 7.5217 ns/op
OverheadWarmup   6: 96752 op, 743811.00 ns, 7.6878 ns/op
OverheadWarmup   7: 96752 op, 368316.00 ns, 3.8068 ns/op

OverheadActual   1: 96752 op, 358736.00 ns, 3.7078 ns/op
OverheadActual   2: 96752 op, 358804.00 ns, 3.7085 ns/op
OverheadActual   3: 96752 op, 358295.00 ns, 3.7032 ns/op
OverheadActual   4: 96752 op, 358530.00 ns, 3.7057 ns/op
OverheadActual   5: 96752 op, 553823.00 ns, 5.7242 ns/op
OverheadActual   6: 96752 op, 358921.00 ns, 3.7097 ns/op
OverheadActual   7: 96752 op, 357135.00 ns, 3.6912 ns/op
OverheadActual   8: 96752 op, 415934.00 ns, 4.2990 ns/op
OverheadActual   9: 96752 op, 357524.00 ns, 3.6953 ns/op
OverheadActual  10: 96752 op, 348972.00 ns, 3.6069 ns/op
OverheadActual  11: 96752 op, 513110.00 ns, 5.3034 ns/op
OverheadActual  12: 96752 op, 357455.00 ns, 3.6945 ns/op
OverheadActual  13: 96752 op, 355089.00 ns, 3.6701 ns/op
OverheadActual  14: 96752 op, 350626.00 ns, 3.6240 ns/op
OverheadActual  15: 96752 op, 562314.00 ns, 5.8119 ns/op
OverheadActual  16: 96752 op, 592267.00 ns, 6.1215 ns/op
OverheadActual  17: 96752 op, 665385.00 ns, 6.8772 ns/op
OverheadActual  18: 96752 op, 646761.00 ns, 6.6847 ns/op
OverheadActual  19: 96752 op, 687932.00 ns, 7.1103 ns/op
OverheadActual  20: 96752 op, 611497.00 ns, 6.3203 ns/op

WorkloadWarmup   1: 96752 op, 1057691994.00 ns, 10.9320 us/op
WorkloadWarmup   2: 96752 op, 753863441.00 ns, 7.7917 us/op
WorkloadWarmup   3: 96752 op, 847774238.00 ns, 8.7623 us/op
WorkloadWarmup   4: 96752 op, 769004329.00 ns, 7.9482 us/op
WorkloadWarmup   5: 96752 op, 778348440.00 ns, 8.0448 us/op
WorkloadWarmup   6: 96752 op, 832477891.00 ns, 8.6042 us/op
WorkloadWarmup   7: 96752 op, 899695758.00 ns, 9.2990 us/op
WorkloadWarmup   8: 96752 op, 988344413.00 ns, 10.2152 us/op
WorkloadWarmup   9: 96752 op, 779905420.00 ns, 8.0609 us/op

// BeforeActualRun
WorkloadActual   1: 96752 op, 752321859.00 ns, 7.7758 us/op
WorkloadActual   2: 96752 op, 779353384.00 ns, 8.0552 us/op
WorkloadActual   3: 96752 op, 763492183.00 ns, 7.8912 us/op
WorkloadActual   4: 96752 op, 886968313.00 ns, 9.1674 us/op
WorkloadActual   5: 96752 op, 922694255.00 ns, 9.5367 us/op
WorkloadActual   6: 96752 op, 852142660.00 ns, 8.8075 us/op
WorkloadActual   7: 96752 op, 841634849.00 ns, 8.6989 us/op
WorkloadActual   8: 96752 op, 835471547.00 ns, 8.6352 us/op
WorkloadActual   9: 96752 op, 863621969.00 ns, 8.9261 us/op
WorkloadActual  10: 96752 op, 916813718.00 ns, 9.4759 us/op
WorkloadActual  11: 96752 op, 920560738.00 ns, 9.5146 us/op
WorkloadActual  12: 96752 op, 753423619.00 ns, 7.7872 us/op
WorkloadActual  13: 96752 op, 748577703.00 ns, 7.7371 us/op
WorkloadActual  14: 96752 op, 837931376.00 ns, 8.6606 us/op
WorkloadActual  15: 96752 op, 847600887.00 ns, 8.7606 us/op
WorkloadActual  16: 96752 op, 747705196.00 ns, 7.7281 us/op
WorkloadActual  17: 96752 op, 902414678.00 ns, 9.3271 us/op
WorkloadActual  18: 96752 op, 799491014.00 ns, 8.2633 us/op
WorkloadActual  19: 96752 op, 751598627.00 ns, 7.7683 us/op
WorkloadActual  20: 96752 op, 820073212.00 ns, 8.4760 us/op
WorkloadActual  21: 96752 op, 751602906.00 ns, 7.7683 us/op
WorkloadActual  22: 96752 op, 776886488.00 ns, 8.0297 us/op
WorkloadActual  23: 96752 op, 998966554.00 ns, 10.3250 us/op
WorkloadActual  24: 96752 op, 861456764.00 ns, 8.9038 us/op
WorkloadActual  25: 96752 op, 753213099.00 ns, 7.7850 us/op
WorkloadActual  26: 96752 op, 756071536.00 ns, 7.8145 us/op
WorkloadActual  27: 96752 op, 753454148.00 ns, 7.7875 us/op
WorkloadActual  28: 96752 op, 755470149.00 ns, 7.8083 us/op
WorkloadActual  29: 96752 op, 757450398.00 ns, 7.8288 us/op
WorkloadActual  30: 96752 op, 850950536.00 ns, 8.7952 us/op
WorkloadActual  31: 96752 op, 811431526.00 ns, 8.3867 us/op
WorkloadActual  32: 96752 op, 743080657.00 ns, 7.6803 us/op
WorkloadActual  33: 96752 op, 747420342.00 ns, 7.7251 us/op
WorkloadActual  34: 96752 op, 750032213.00 ns, 7.7521 us/op
WorkloadActual  35: 96752 op, 793913672.00 ns, 8.2057 us/op
WorkloadActual  36: 96752 op, 877567643.00 ns, 9.0703 us/op
WorkloadActual  37: 96752 op, 890245262.00 ns, 9.2013 us/op
WorkloadActual  38: 96752 op, 830015937.00 ns, 8.5788 us/op
WorkloadActual  39: 96752 op, 828646776.00 ns, 8.5646 us/op
WorkloadActual  40: 96752 op, 749714200.00 ns, 7.7488 us/op
WorkloadActual  41: 96752 op, 754731793.00 ns, 7.8007 us/op
WorkloadActual  42: 96752 op, 761803246.00 ns, 7.8738 us/op
WorkloadActual  43: 96752 op, 761109934.00 ns, 7.8666 us/op
WorkloadActual  44: 96752 op, 925832138.00 ns, 9.5691 us/op
WorkloadActual  45: 96752 op, 820037316.00 ns, 8.4757 us/op
WorkloadActual  46: 96752 op, 837181447.00 ns, 8.6529 us/op
WorkloadActual  47: 96752 op, 892549681.00 ns, 9.2251 us/op
WorkloadActual  48: 96752 op, 932381992.00 ns, 9.6368 us/op
WorkloadActual  49: 96752 op, 901500688.00 ns, 9.3176 us/op
WorkloadActual  50: 96752 op, 996320582.00 ns, 10.2977 us/op
WorkloadActual  51: 96752 op, 801548795.00 ns, 8.2846 us/op
WorkloadActual  52: 96752 op, 744674048.00 ns, 7.6967 us/op
WorkloadActual  53: 96752 op, 793093221.00 ns, 8.1972 us/op
WorkloadActual  54: 96752 op, 747029048.00 ns, 7.7211 us/op
WorkloadActual  55: 96752 op, 741261885.00 ns, 7.6615 us/op
WorkloadActual  56: 96752 op, 862526214.00 ns, 8.9148 us/op
WorkloadActual  57: 96752 op, 824264428.00 ns, 8.5194 us/op
WorkloadActual  58: 96752 op, 822532546.00 ns, 8.5015 us/op
WorkloadActual  59: 96752 op, 830127469.00 ns, 8.5800 us/op
WorkloadActual  60: 96752 op, 913648026.00 ns, 9.4432 us/op
WorkloadActual  61: 96752 op, 812299355.00 ns, 8.3957 us/op
WorkloadActual  62: 96752 op, 745884816.00 ns, 7.7092 us/op
WorkloadActual  63: 96752 op, 871880203.00 ns, 9.0115 us/op
WorkloadActual  64: 96752 op, 806338157.00 ns, 8.3341 us/op
WorkloadActual  65: 96752 op, 747100636.00 ns, 7.7218 us/op
WorkloadActual  66: 96752 op, 749720129.00 ns, 7.7489 us/op
WorkloadActual  67: 96752 op, 752437924.00 ns, 7.7770 us/op
WorkloadActual  68: 96752 op, 757265890.00 ns, 7.8269 us/op
WorkloadActual  69: 96752 op, 850460752.00 ns, 8.7901 us/op
WorkloadActual  70: 96752 op, 823305227.00 ns, 8.5094 us/op
WorkloadActual  71: 96752 op, 761519485.00 ns, 7.8708 us/op
WorkloadActual  72: 96752 op, 884083315.00 ns, 9.1376 us/op
WorkloadActual  73: 96752 op, 781338446.00 ns, 8.0757 us/op
WorkloadActual  74: 96752 op, 749235299.00 ns, 7.7439 us/op
WorkloadActual  75: 96752 op, 747277380.00 ns, 7.7236 us/op
WorkloadActual  76: 96752 op, 859747573.00 ns, 8.8861 us/op
WorkloadActual  77: 96752 op, 831911491.00 ns, 8.5984 us/op
WorkloadActual  78: 96752 op, 754115838.00 ns, 7.7943 us/op
WorkloadActual  79: 96752 op, 836506062.00 ns, 8.6459 us/op
WorkloadActual  80: 96752 op, 846218961.00 ns, 8.7463 us/op
WorkloadActual  81: 96752 op, 855932398.00 ns, 8.8467 us/op
WorkloadActual  82: 96752 op, 910060895.00 ns, 9.4061 us/op
WorkloadActual  83: 96752 op, 867678070.00 ns, 8.9681 us/op
WorkloadActual  84: 96752 op, 879643553.00 ns, 9.0917 us/op
WorkloadActual  85: 96752 op, 902180076.00 ns, 9.3247 us/op
WorkloadActual  86: 96752 op, 775959543.00 ns, 8.0201 us/op
WorkloadActual  87: 96752 op, 756332121.00 ns, 7.8172 us/op
WorkloadActual  88: 96752 op, 809647559.00 ns, 8.3683 us/op
WorkloadActual  89: 96752 op, 935397100.00 ns, 9.6680 us/op
WorkloadActual  90: 96752 op, 764754043.00 ns, 7.9043 us/op
WorkloadActual  91: 96752 op, 818891350.00 ns, 8.4638 us/op
WorkloadActual  92: 96752 op, 794778459.00 ns, 8.2146 us/op
WorkloadActual  93: 96752 op, 769949123.00 ns, 7.9580 us/op
WorkloadActual  94: 96752 op, 745083157.00 ns, 7.7010 us/op
WorkloadActual  95: 96752 op, 929738822.00 ns, 9.6095 us/op
WorkloadActual  96: 96752 op, 867517947.00 ns, 8.9664 us/op
WorkloadActual  97: 96752 op, 946904884.00 ns, 9.7869 us/op
WorkloadActual  98: 96752 op, 863311036.00 ns, 8.9229 us/op
WorkloadActual  99: 96752 op, 904597291.00 ns, 9.3496 us/op
WorkloadActual  100: 96752 op, 768268062.00 ns, 7.9406 us/op

// AfterActualRun
WorkloadResult   1: 96752 op, 751962996.50 ns, 7.7721 us/op
WorkloadResult   2: 96752 op, 778994521.50 ns, 8.0515 us/op
WorkloadResult   3: 96752 op, 763133320.50 ns, 7.8875 us/op
WorkloadResult   4: 96752 op, 886609450.50 ns, 9.1637 us/op
WorkloadResult   5: 96752 op, 922335392.50 ns, 9.5330 us/op
WorkloadResult   6: 96752 op, 851783797.50 ns, 8.8038 us/op
WorkloadResult   7: 96752 op, 841275986.50 ns, 8.6952 us/op
WorkloadResult   8: 96752 op, 835112684.50 ns, 8.6315 us/op
WorkloadResult   9: 96752 op, 863263106.50 ns, 8.9224 us/op
WorkloadResult  10: 96752 op, 916454855.50 ns, 9.4722 us/op
WorkloadResult  11: 96752 op, 920201875.50 ns, 9.5109 us/op
WorkloadResult  12: 96752 op, 753064756.50 ns, 7.7835 us/op
WorkloadResult  13: 96752 op, 748218840.50 ns, 7.7334 us/op
WorkloadResult  14: 96752 op, 837572513.50 ns, 8.6569 us/op
WorkloadResult  15: 96752 op, 847242024.50 ns, 8.7568 us/op
WorkloadResult  16: 96752 op, 747346333.50 ns, 7.7244 us/op
WorkloadResult  17: 96752 op, 902055815.50 ns, 9.3234 us/op
WorkloadResult  18: 96752 op, 799132151.50 ns, 8.2596 us/op
WorkloadResult  19: 96752 op, 751239764.50 ns, 7.7646 us/op
WorkloadResult  20: 96752 op, 819714349.50 ns, 8.4723 us/op
WorkloadResult  21: 96752 op, 751244043.50 ns, 7.7646 us/op
WorkloadResult  22: 96752 op, 776527625.50 ns, 8.0260 us/op
WorkloadResult  23: 96752 op, 998607691.50 ns, 10.3213 us/op
WorkloadResult  24: 96752 op, 861097901.50 ns, 8.9001 us/op
WorkloadResult  25: 96752 op, 752854236.50 ns, 7.7813 us/op
WorkloadResult  26: 96752 op, 755712673.50 ns, 7.8108 us/op
WorkloadResult  27: 96752 op, 753095285.50 ns, 7.7838 us/op
WorkloadResult  28: 96752 op, 755111286.50 ns, 7.8046 us/op
WorkloadResult  29: 96752 op, 757091535.50 ns, 7.8251 us/op
WorkloadResult  30: 96752 op, 850591673.50 ns, 8.7915 us/op
WorkloadResult  31: 96752 op, 811072663.50 ns, 8.3830 us/op
WorkloadResult  32: 96752 op, 742721794.50 ns, 7.6766 us/op
WorkloadResult  33: 96752 op, 747061479.50 ns, 7.7214 us/op
WorkloadResult  34: 96752 op, 749673350.50 ns, 7.7484 us/op
WorkloadResult  35: 96752 op, 793554809.50 ns, 8.2019 us/op
WorkloadResult  36: 96752 op, 877208780.50 ns, 9.0666 us/op
WorkloadResult  37: 96752 op, 889886399.50 ns, 9.1976 us/op
WorkloadResult  38: 96752 op, 829657074.50 ns, 8.5751 us/op
WorkloadResult  39: 96752 op, 828287913.50 ns, 8.5609 us/op
WorkloadResult  40: 96752 op, 749355337.50 ns, 7.7451 us/op
WorkloadResult  41: 96752 op, 754372930.50 ns, 7.7970 us/op
WorkloadResult  42: 96752 op, 761444383.50 ns, 7.8701 us/op
WorkloadResult  43: 96752 op, 760751071.50 ns, 7.8629 us/op
WorkloadResult  44: 96752 op, 925473275.50 ns, 9.5654 us/op
WorkloadResult  45: 96752 op, 819678453.50 ns, 8.4720 us/op
WorkloadResult  46: 96752 op, 836822584.50 ns, 8.6492 us/op
WorkloadResult  47: 96752 op, 892190818.50 ns, 9.2214 us/op
WorkloadResult  48: 96752 op, 932023129.50 ns, 9.6331 us/op
WorkloadResult  49: 96752 op, 901141825.50 ns, 9.3139 us/op
WorkloadResult  50: 96752 op, 995961719.50 ns, 10.2940 us/op
WorkloadResult  51: 96752 op, 801189932.50 ns, 8.2809 us/op
WorkloadResult  52: 96752 op, 744315185.50 ns, 7.6930 us/op
WorkloadResult  53: 96752 op, 792734358.50 ns, 8.1935 us/op
WorkloadResult  54: 96752 op, 746670185.50 ns, 7.7174 us/op
WorkloadResult  55: 96752 op, 740903022.50 ns, 7.6578 us/op
WorkloadResult  56: 96752 op, 862167351.50 ns, 8.9111 us/op
WorkloadResult  57: 96752 op, 823905565.50 ns, 8.5156 us/op
WorkloadResult  58: 96752 op, 822173683.50 ns, 8.4977 us/op
WorkloadResult  59: 96752 op, 829768606.50 ns, 8.5762 us/op
WorkloadResult  60: 96752 op, 913289163.50 ns, 9.4395 us/op
WorkloadResult  61: 96752 op, 811940492.50 ns, 8.3920 us/op
WorkloadResult  62: 96752 op, 745525953.50 ns, 7.7055 us/op
WorkloadResult  63: 96752 op, 871521340.50 ns, 9.0078 us/op
WorkloadResult  64: 96752 op, 805979294.50 ns, 8.3304 us/op
WorkloadResult  65: 96752 op, 746741773.50 ns, 7.7181 us/op
WorkloadResult  66: 96752 op, 749361266.50 ns, 7.7452 us/op
WorkloadResult  67: 96752 op, 752079061.50 ns, 7.7733 us/op
WorkloadResult  68: 96752 op, 756907027.50 ns, 7.8232 us/op
WorkloadResult  69: 96752 op, 850101889.50 ns, 8.7864 us/op
WorkloadResult  70: 96752 op, 822946364.50 ns, 8.5057 us/op
WorkloadResult  71: 96752 op, 761160622.50 ns, 7.8671 us/op
WorkloadResult  72: 96752 op, 883724452.50 ns, 9.1339 us/op
WorkloadResult  73: 96752 op, 780979583.50 ns, 8.0720 us/op
WorkloadResult  74: 96752 op, 748876436.50 ns, 7.7402 us/op
WorkloadResult  75: 96752 op, 746918517.50 ns, 7.7199 us/op
WorkloadResult  76: 96752 op, 859388710.50 ns, 8.8824 us/op
WorkloadResult  77: 96752 op, 831552628.50 ns, 8.5947 us/op
WorkloadResult  78: 96752 op, 753756975.50 ns, 7.7906 us/op
WorkloadResult  79: 96752 op, 836147199.50 ns, 8.6422 us/op
WorkloadResult  80: 96752 op, 845860098.50 ns, 8.7426 us/op
WorkloadResult  81: 96752 op, 855573535.50 ns, 8.8430 us/op
WorkloadResult  82: 96752 op, 909702032.50 ns, 9.4024 us/op
WorkloadResult  83: 96752 op, 867319207.50 ns, 8.9644 us/op
WorkloadResult  84: 96752 op, 879284690.50 ns, 9.0880 us/op
WorkloadResult  85: 96752 op, 901821213.50 ns, 9.3210 us/op
WorkloadResult  86: 96752 op, 775600680.50 ns, 8.0164 us/op
WorkloadResult  87: 96752 op, 755973258.50 ns, 7.8135 us/op
WorkloadResult  88: 96752 op, 809288696.50 ns, 8.3646 us/op
WorkloadResult  89: 96752 op, 935038237.50 ns, 9.6643 us/op
WorkloadResult  90: 96752 op, 764395180.50 ns, 7.9006 us/op
WorkloadResult  91: 96752 op, 818532487.50 ns, 8.4601 us/op
WorkloadResult  92: 96752 op, 794419596.50 ns, 8.2109 us/op
WorkloadResult  93: 96752 op, 769590260.50 ns, 7.9543 us/op
WorkloadResult  94: 96752 op, 744724294.50 ns, 7.6972 us/op
WorkloadResult  95: 96752 op, 929379959.50 ns, 9.6058 us/op
WorkloadResult  96: 96752 op, 867159084.50 ns, 8.9627 us/op
WorkloadResult  97: 96752 op, 946546021.50 ns, 9.7832 us/op
WorkloadResult  98: 96752 op, 862952173.50 ns, 8.9192 us/op
WorkloadResult  99: 96752 op, 904238428.50 ns, 9.3459 us/op
WorkloadResult  100: 96752 op, 767909199.50 ns, 7.9369 us/op

// AfterAll
// Benchmark Process 1001538 has exited with code 0.

Mean = 8.480 μs, StdErr = 0.068 μs (0.80%), N = 100, StdDev = 0.677 μs
Min = 7.658 μs, Q1 = 7.809 μs, Median = 8.466 μs, Q3 = 8.932 μs, Max = 10.321 μs
IQR = 1.123 μs, LowerFence = 6.124 μs, UpperFence = 10.617 μs
ConfidenceInterval = [8.250 μs; 8.710 μs] (CI 99.9%), Margin = 0.230 μs (2.71% of Mean)
Skewness = 0.56, Kurtosis = 2.37, MValue = 2.58

// ** Remained 8 (80.0 %) benchmark(s) to run. Estimated finish 2026-05-17 15:47 (0h 16m from now) **
// **************************
// Benchmark: SmokeBenchByte.Newtonsoft_Deser: Energy(OutlierMode=DontRemove, IterationTime=1s)
// *** Execute ***
// Launch: 1 / 1
// Execute: dotnet JsonBench-Energy-1.dll --anonymousPipes 123 124 --benchmarkName JsonBench.Benchmarks.SmokeBenchByte.Newtonsoft_Deser --job Energy --benchmarkId 2 in /home/test/json-energy-bench/JsonBench/bin/Release/net10.0/JsonBench-Energy-1/bin/Release/net10.0
// BeforeAnythingElse

// Benchmark Process Environment Information:
// BenchmarkDotNet v0.15.5-develop (2026-05-17)
// Runtime=.NET 10.0.7 (10.0.7, 10.0.726.21808), X64 RyuJIT x86-64-v3
// GC=Concurrent Workstation
// HardwareIntrinsics=AVX2+BMI1+BMI2+F16C+FMA+LZCNT+MOVBE,AVX,SSE3+SSSE3+SSE4.1+SSE4.2+POPCNT,X86Base+SSE+SSE2,AES+PCLMUL VectorSize=256
// Job: Energy(OutlierMode=DontRemove, IterationTime=1s)

OverheadJitting  1: 1 op, 188817.00 ns, 188.8170 us/op
WorkloadJitting  1: 1 op, 60830970.00 ns, 60.8310 ms/op

OverheadJitting  2: 16 op, 507262.00 ns, 31.7039 us/op
WorkloadJitting  2: 16 op, 1882297.00 ns, 117.6436 us/op

WorkloadPilot    1: 16 op, 1305725.00 ns, 81.6078 us/op
WorkloadPilot    2: 12256 op, 526756264.00 ns, 42.9795 us/op
WorkloadPilot    3: 23280 op, 430942143.00 ns, 18.5113 us/op
WorkloadPilot    4: 54032 op, 1061833243.00 ns, 19.6519 us/op
WorkloadPilot    5: 50896 op, 1135094041.00 ns, 22.3022 us/op
WorkloadPilot    6: 44848 op, 950585168.00 ns, 21.1957 us/op
WorkloadPilot    7: 47184 op, 1164208637.00 ns, 24.6738 us/op

OverheadWarmup   1: 47184 op, 173630.00 ns, 3.6798 ns/op
OverheadWarmup   2: 47184 op, 172841.00 ns, 3.6631 ns/op
OverheadWarmup   3: 47184 op, 281668.00 ns, 5.9696 ns/op
OverheadWarmup   4: 47184 op, 172683.00 ns, 3.6598 ns/op
OverheadWarmup   5: 47184 op, 172393.00 ns, 3.6536 ns/op
OverheadWarmup   6: 47184 op, 265404.00 ns, 5.6249 ns/op
OverheadWarmup   7: 47184 op, 172795.00 ns, 3.6622 ns/op

OverheadActual   1: 47184 op, 172865.00 ns, 3.6636 ns/op
OverheadActual   2: 47184 op, 173723.00 ns, 3.6818 ns/op
OverheadActual   3: 47184 op, 275448.00 ns, 5.8377 ns/op
OverheadActual   4: 47184 op, 172715.00 ns, 3.6605 ns/op
OverheadActual   5: 47184 op, 173468.00 ns, 3.6764 ns/op
OverheadActual   6: 47184 op, 361662.00 ns, 7.6649 ns/op
OverheadActual   7: 47184 op, 926203.00 ns, 19.6296 ns/op
OverheadActual   8: 47184 op, 276495.00 ns, 5.8599 ns/op
OverheadActual   9: 47184 op, 522975.00 ns, 11.0837 ns/op
OverheadActual  10: 47184 op, 217056.00 ns, 4.6002 ns/op
OverheadActual  11: 47184 op, 182768.00 ns, 3.8735 ns/op
OverheadActual  12: 47184 op, 173136.00 ns, 3.6694 ns/op
OverheadActual  13: 47184 op, 328105.00 ns, 6.9537 ns/op
OverheadActual  14: 47184 op, 1086007.00 ns, 23.0164 ns/op
OverheadActual  15: 47184 op, 534198.00 ns, 11.3216 ns/op
OverheadActual  16: 47184 op, 731977.00 ns, 15.5132 ns/op
OverheadActual  17: 47184 op, 172813.00 ns, 3.6625 ns/op
OverheadActual  18: 47184 op, 196329.00 ns, 4.1609 ns/op
OverheadActual  19: 47184 op, 172696.00 ns, 3.6601 ns/op
OverheadActual  20: 47184 op, 172688.00 ns, 3.6599 ns/op

WorkloadWarmup   1: 47184 op, 1063353772.00 ns, 22.5363 us/op
WorkloadWarmup   2: 47184 op, 756762035.00 ns, 16.0385 us/op
WorkloadWarmup   3: 47184 op, 733615682.00 ns, 15.5480 us/op
WorkloadWarmup   4: 47184 op, 741245497.00 ns, 15.7097 us/op
WorkloadWarmup   5: 47184 op, 763805347.00 ns, 16.1878 us/op
WorkloadWarmup   6: 47184 op, 859830740.00 ns, 18.2229 us/op
WorkloadWarmup   7: 47184 op, 788549195.00 ns, 16.7122 us/op
WorkloadWarmup   8: 47184 op, 964043198.00 ns, 20.4316 us/op
WorkloadWarmup   9: 47184 op, 814348359.00 ns, 17.2590 us/op

// BeforeActualRun
WorkloadActual   1: 47184 op, 733974770.00 ns, 15.5556 us/op
WorkloadActual   2: 47184 op, 736969325.00 ns, 15.6191 us/op
WorkloadActual   3: 47184 op, 734638001.00 ns, 15.5696 us/op
WorkloadActual   4: 47184 op, 827487708.00 ns, 17.5375 us/op
WorkloadActual   5: 47184 op, 910735928.00 ns, 19.3018 us/op
WorkloadActual   6: 47184 op, 784560403.00 ns, 16.6277 us/op
WorkloadActual   7: 47184 op, 839379352.00 ns, 17.7895 us/op
WorkloadActual   8: 47184 op, 735337295.00 ns, 15.5845 us/op
WorkloadActual   9: 47184 op, 733149395.00 ns, 15.5381 us/op
WorkloadActual  10: 47184 op, 799862684.00 ns, 16.9520 us/op
WorkloadActual  11: 47184 op, 864275049.00 ns, 18.3171 us/op
WorkloadActual  12: 47184 op, 986797282.00 ns, 20.9138 us/op
WorkloadActual  13: 47184 op, 739389835.00 ns, 15.6704 us/op
WorkloadActual  14: 47184 op, 732325504.00 ns, 15.5206 us/op
WorkloadActual  15: 47184 op, 736875192.00 ns, 15.6171 us/op
WorkloadActual  16: 47184 op, 731171846.00 ns, 15.4962 us/op
WorkloadActual  17: 47184 op, 735110946.00 ns, 15.5797 us/op
WorkloadActual  18: 47184 op, 731045336.00 ns, 15.4935 us/op
WorkloadActual  19: 47184 op, 836080445.00 ns, 17.7196 us/op
WorkloadActual  20: 47184 op, 748092508.00 ns, 15.8548 us/op
WorkloadActual  21: 47184 op, 736141687.00 ns, 15.6015 us/op
WorkloadActual  22: 47184 op, 796782448.00 ns, 16.8867 us/op
WorkloadActual  23: 47184 op, 746243212.00 ns, 15.8156 us/op
WorkloadActual  24: 47184 op, 757957605.00 ns, 16.0639 us/op
WorkloadActual  25: 47184 op, 1071147307.00 ns, 22.7015 us/op
WorkloadActual  26: 47184 op, 778780851.00 ns, 16.5052 us/op
WorkloadActual  27: 47184 op, 781499331.00 ns, 16.5628 us/op
WorkloadActual  28: 47184 op, 824648809.00 ns, 17.4773 us/op
WorkloadActual  29: 47184 op, 830372363.00 ns, 17.5986 us/op
WorkloadActual  30: 47184 op, 886731219.00 ns, 18.7930 us/op
WorkloadActual  31: 47184 op, 927801037.00 ns, 19.6635 us/op
WorkloadActual  32: 47184 op, 853946227.00 ns, 18.0982 us/op
WorkloadActual  33: 47184 op, 838875575.00 ns, 17.7788 us/op
WorkloadActual  34: 47184 op, 749072757.00 ns, 15.8756 us/op
WorkloadActual  35: 47184 op, 730191178.00 ns, 15.4754 us/op
WorkloadActual  36: 47184 op, 863795814.00 ns, 18.3070 us/op
WorkloadActual  37: 47184 op, 918958672.00 ns, 19.4761 us/op
WorkloadActual  38: 47184 op, 875842054.00 ns, 18.5623 us/op
WorkloadActual  39: 47184 op, 736838634.00 ns, 15.6163 us/op
WorkloadActual  40: 47184 op, 751950658.00 ns, 15.9366 us/op
WorkloadActual  41: 47184 op, 798242741.00 ns, 16.9177 us/op
WorkloadActual  42: 47184 op, 820945473.00 ns, 17.3988 us/op
WorkloadActual  43: 47184 op, 835131762.00 ns, 17.6995 us/op
WorkloadActual  44: 47184 op, 901169095.00 ns, 19.0990 us/op
WorkloadActual  45: 47184 op, 841890856.00 ns, 17.8427 us/op
WorkloadActual  46: 47184 op, 825303933.00 ns, 17.4912 us/op
WorkloadActual  47: 47184 op, 833537363.00 ns, 17.6657 us/op
WorkloadActual  48: 47184 op, 810618316.00 ns, 17.1799 us/op
WorkloadActual  49: 47184 op, 1006204648.00 ns, 21.3251 us/op
WorkloadActual  50: 47184 op, 855788306.00 ns, 18.1373 us/op
WorkloadActual  51: 47184 op, 886177047.00 ns, 18.7813 us/op
WorkloadActual  52: 47184 op, 817796376.00 ns, 17.3321 us/op
WorkloadActual  53: 47184 op, 852516537.00 ns, 18.0679 us/op
WorkloadActual  54: 47184 op, 812317055.00 ns, 17.2159 us/op
WorkloadActual  55: 47184 op, 842180314.00 ns, 17.8489 us/op
WorkloadActual  56: 47184 op, 824083477.00 ns, 17.4653 us/op
WorkloadActual  57: 47184 op, 938829210.00 ns, 19.8972 us/op
WorkloadActual  58: 47184 op, 837158301.00 ns, 17.7424 us/op
WorkloadActual  59: 47184 op, 850957202.00 ns, 18.0349 us/op
WorkloadActual  60: 47184 op, 890453701.00 ns, 18.8719 us/op
WorkloadActual  61: 47184 op, 892465292.00 ns, 18.9146 us/op
WorkloadActual  62: 47184 op, 741975864.00 ns, 15.7252 us/op
WorkloadActual  63: 47184 op, 843562377.00 ns, 17.8781 us/op
WorkloadActual  64: 47184 op, 732706803.00 ns, 15.5287 us/op
WorkloadActual  65: 47184 op, 733819058.00 ns, 15.5523 us/op
WorkloadActual  66: 47184 op, 735554069.00 ns, 15.5891 us/op
WorkloadActual  67: 47184 op, 744270881.00 ns, 15.7738 us/op
WorkloadActual  68: 47184 op, 739915284.00 ns, 15.6815 us/op
WorkloadActual  69: 47184 op, 729302697.00 ns, 15.4566 us/op
WorkloadActual  70: 47184 op, 926150327.00 ns, 19.6285 us/op
WorkloadActual  71: 47184 op, 836398875.00 ns, 17.7263 us/op
WorkloadActual  72: 47184 op, 729319187.00 ns, 15.4569 us/op
WorkloadActual  73: 47184 op, 904414850.00 ns, 19.1678 us/op
WorkloadActual  74: 47184 op, 736826218.00 ns, 15.6160 us/op
WorkloadActual  75: 47184 op, 842398955.00 ns, 17.8535 us/op
WorkloadActual  76: 47184 op, 920710792.00 ns, 19.5132 us/op
WorkloadActual  77: 47184 op, 765883052.00 ns, 16.2318 us/op
WorkloadActual  78: 47184 op, 803707323.00 ns, 17.0335 us/op
WorkloadActual  79: 47184 op, 838431301.00 ns, 17.7694 us/op
WorkloadActual  80: 47184 op, 801602298.00 ns, 16.9889 us/op
WorkloadActual  81: 47184 op, 755975244.00 ns, 16.0219 us/op
WorkloadActual  82: 47184 op, 822181527.00 ns, 17.4250 us/op
WorkloadActual  83: 47184 op, 896941299.00 ns, 19.0094 us/op
WorkloadActual  84: 47184 op, 883368982.00 ns, 18.7218 us/op
WorkloadActual  85: 47184 op, 853397995.00 ns, 18.0866 us/op
WorkloadActual  86: 47184 op, 819156739.00 ns, 17.3609 us/op
WorkloadActual  87: 47184 op, 831082797.00 ns, 17.6137 us/op
WorkloadActual  88: 47184 op, 814141276.00 ns, 17.2546 us/op
WorkloadActual  89: 47184 op, 876613572.00 ns, 18.5786 us/op
WorkloadActual  90: 47184 op, 810715927.00 ns, 17.1820 us/op
WorkloadActual  91: 47184 op, 824373585.00 ns, 17.4715 us/op
WorkloadActual  92: 47184 op, 854519539.00 ns, 18.1104 us/op
WorkloadActual  93: 47184 op, 879295530.00 ns, 18.6355 us/op
WorkloadActual  94: 47184 op, 810675638.00 ns, 17.1812 us/op
WorkloadActual  95: 47184 op, 927933572.00 ns, 19.6663 us/op
WorkloadActual  96: 47184 op, 832697780.00 ns, 17.6479 us/op
WorkloadActual  97: 47184 op, 1002130776.00 ns, 21.2388 us/op
WorkloadActual  98: 47184 op, 845794918.00 ns, 17.9255 us/op
WorkloadActual  99: 47184 op, 832568954.00 ns, 17.6452 us/op
WorkloadActual  100: 47184 op, 826248565.00 ns, 17.5112 us/op

// AfterActualRun
WorkloadResult   1: 47184 op, 733768077.50 ns, 15.5512 us/op
WorkloadResult   2: 47184 op, 736762632.50 ns, 15.6147 us/op
WorkloadResult   3: 47184 op, 734431308.50 ns, 15.5653 us/op
WorkloadResult   4: 47184 op, 827281015.50 ns, 17.5331 us/op
WorkloadResult   5: 47184 op, 910529235.50 ns, 19.2974 us/op
WorkloadResult   6: 47184 op, 784353710.50 ns, 16.6233 us/op
WorkloadResult   7: 47184 op, 839172659.50 ns, 17.7851 us/op
WorkloadResult   8: 47184 op, 735130602.50 ns, 15.5801 us/op
WorkloadResult   9: 47184 op, 732942702.50 ns, 15.5337 us/op
WorkloadResult  10: 47184 op, 799655991.50 ns, 16.9476 us/op
WorkloadResult  11: 47184 op, 864068356.50 ns, 18.3127 us/op
WorkloadResult  12: 47184 op, 986590589.50 ns, 20.9094 us/op
WorkloadResult  13: 47184 op, 739183142.50 ns, 15.6660 us/op
WorkloadResult  14: 47184 op, 732118811.50 ns, 15.5163 us/op
WorkloadResult  15: 47184 op, 736668499.50 ns, 15.6127 us/op
WorkloadResult  16: 47184 op, 730965153.50 ns, 15.4918 us/op
WorkloadResult  17: 47184 op, 734904253.50 ns, 15.5753 us/op
WorkloadResult  18: 47184 op, 730838643.50 ns, 15.4891 us/op
WorkloadResult  19: 47184 op, 835873752.50 ns, 17.7152 us/op
WorkloadResult  20: 47184 op, 747885815.50 ns, 15.8504 us/op
WorkloadResult  21: 47184 op, 735934994.50 ns, 15.5971 us/op
WorkloadResult  22: 47184 op, 796575755.50 ns, 16.8823 us/op
WorkloadResult  23: 47184 op, 746036519.50 ns, 15.8112 us/op
WorkloadResult  24: 47184 op, 757750912.50 ns, 16.0595 us/op
WorkloadResult  25: 47184 op, 1070940614.50 ns, 22.6971 us/op
WorkloadResult  26: 47184 op, 778574158.50 ns, 16.5008 us/op
WorkloadResult  27: 47184 op, 781292638.50 ns, 16.5584 us/op
WorkloadResult  28: 47184 op, 824442116.50 ns, 17.4729 us/op
WorkloadResult  29: 47184 op, 830165670.50 ns, 17.5942 us/op
WorkloadResult  30: 47184 op, 886524526.50 ns, 18.7887 us/op
WorkloadResult  31: 47184 op, 927594344.50 ns, 19.6591 us/op
WorkloadResult  32: 47184 op, 853739534.50 ns, 18.0938 us/op
WorkloadResult  33: 47184 op, 838668882.50 ns, 17.7744 us/op
WorkloadResult  34: 47184 op, 748866064.50 ns, 15.8712 us/op
WorkloadResult  35: 47184 op, 729984485.50 ns, 15.4710 us/op
WorkloadResult  36: 47184 op, 863589121.50 ns, 18.3026 us/op
WorkloadResult  37: 47184 op, 918751979.50 ns, 19.4717 us/op
WorkloadResult  38: 47184 op, 875635361.50 ns, 18.5579 us/op
WorkloadResult  39: 47184 op, 736631941.50 ns, 15.6119 us/op
WorkloadResult  40: 47184 op, 751743965.50 ns, 15.9322 us/op
WorkloadResult  41: 47184 op, 798036048.50 ns, 16.9133 us/op
WorkloadResult  42: 47184 op, 820738780.50 ns, 17.3944 us/op
WorkloadResult  43: 47184 op, 834925069.50 ns, 17.6951 us/op
WorkloadResult  44: 47184 op, 900962402.50 ns, 19.0947 us/op
WorkloadResult  45: 47184 op, 841684163.50 ns, 17.8383 us/op
WorkloadResult  46: 47184 op, 825097240.50 ns, 17.4868 us/op
WorkloadResult  47: 47184 op, 833330670.50 ns, 17.6613 us/op
WorkloadResult  48: 47184 op, 810411623.50 ns, 17.1756 us/op
WorkloadResult  49: 47184 op, 1005997955.50 ns, 21.3207 us/op
WorkloadResult  50: 47184 op, 855581613.50 ns, 18.1329 us/op
WorkloadResult  51: 47184 op, 885970354.50 ns, 18.7769 us/op
WorkloadResult  52: 47184 op, 817589683.50 ns, 17.3277 us/op
WorkloadResult  53: 47184 op, 852309844.50 ns, 18.0635 us/op
WorkloadResult  54: 47184 op, 812110362.50 ns, 17.2116 us/op
WorkloadResult  55: 47184 op, 841973621.50 ns, 17.8445 us/op
WorkloadResult  56: 47184 op, 823876784.50 ns, 17.4609 us/op
WorkloadResult  57: 47184 op, 938622517.50 ns, 19.8928 us/op
WorkloadResult  58: 47184 op, 836951608.50 ns, 17.7380 us/op
WorkloadResult  59: 47184 op, 850750509.50 ns, 18.0305 us/op
WorkloadResult  60: 47184 op, 890247008.50 ns, 18.8676 us/op
WorkloadResult  61: 47184 op, 892258599.50 ns, 18.9102 us/op
WorkloadResult  62: 47184 op, 741769171.50 ns, 15.7208 us/op
WorkloadResult  63: 47184 op, 843355684.50 ns, 17.8738 us/op
WorkloadResult  64: 47184 op, 732500110.50 ns, 15.5243 us/op
WorkloadResult  65: 47184 op, 733612365.50 ns, 15.5479 us/op
WorkloadResult  66: 47184 op, 735347376.50 ns, 15.5847 us/op
WorkloadResult  67: 47184 op, 744064188.50 ns, 15.7694 us/op
WorkloadResult  68: 47184 op, 739708591.50 ns, 15.6771 us/op
WorkloadResult  69: 47184 op, 729096004.50 ns, 15.4522 us/op
WorkloadResult  70: 47184 op, 925943634.50 ns, 19.6241 us/op
WorkloadResult  71: 47184 op, 836192182.50 ns, 17.7219 us/op
WorkloadResult  72: 47184 op, 729112494.50 ns, 15.4525 us/op
WorkloadResult  73: 47184 op, 904208157.50 ns, 19.1634 us/op
WorkloadResult  74: 47184 op, 736619525.50 ns, 15.6116 us/op
WorkloadResult  75: 47184 op, 842192262.50 ns, 17.8491 us/op
WorkloadResult  76: 47184 op, 920504099.50 ns, 19.5088 us/op
WorkloadResult  77: 47184 op, 765676359.50 ns, 16.2275 us/op
WorkloadResult  78: 47184 op, 803500630.50 ns, 17.0291 us/op
WorkloadResult  79: 47184 op, 838224608.50 ns, 17.7650 us/op
WorkloadResult  80: 47184 op, 801395605.50 ns, 16.9845 us/op
WorkloadResult  81: 47184 op, 755768551.50 ns, 16.0175 us/op
WorkloadResult  82: 47184 op, 821974834.50 ns, 17.4206 us/op
WorkloadResult  83: 47184 op, 896734606.50 ns, 19.0051 us/op
WorkloadResult  84: 47184 op, 883162289.50 ns, 18.7174 us/op
WorkloadResult  85: 47184 op, 853191302.50 ns, 18.0822 us/op
WorkloadResult  86: 47184 op, 818950046.50 ns, 17.3565 us/op
WorkloadResult  87: 47184 op, 830876104.50 ns, 17.6093 us/op
WorkloadResult  88: 47184 op, 813934583.50 ns, 17.2502 us/op
WorkloadResult  89: 47184 op, 876406879.50 ns, 18.5742 us/op
WorkloadResult  90: 47184 op, 810509234.50 ns, 17.1776 us/op
WorkloadResult  91: 47184 op, 824166892.50 ns, 17.4671 us/op
WorkloadResult  92: 47184 op, 854312846.50 ns, 18.1060 us/op
WorkloadResult  93: 47184 op, 879088837.50 ns, 18.6311 us/op
WorkloadResult  94: 47184 op, 810468945.50 ns, 17.1768 us/op
WorkloadResult  95: 47184 op, 927726879.50 ns, 19.6619 us/op
WorkloadResult  96: 47184 op, 832491087.50 ns, 17.6435 us/op
WorkloadResult  97: 47184 op, 1001924083.50 ns, 21.2344 us/op
WorkloadResult  98: 47184 op, 845588225.50 ns, 17.9211 us/op
WorkloadResult  99: 47184 op, 832362261.50 ns, 17.6408 us/op
WorkloadResult  100: 47184 op, 826041872.50 ns, 17.5068 us/op

// AfterAll
// Benchmark Process 1002292 has exited with code 0.

Mean = 17.420 μs, StdErr = 0.152 μs (0.87%), N = 100, StdDev = 1.518 μs
Min = 15.452 μs, Q1 = 15.866 μs, Median = 17.480 μs, Q3 = 18.113 μs, Max = 22.697 μs
IQR = 2.247 μs, LowerFence = 12.496 μs, UpperFence = 21.483 μs
ConfidenceInterval = [16.905 μs; 17.935 μs] (CI 99.9%), Margin = 0.515 μs (2.96% of Mean)
Skewness = 0.7, Kurtosis = 3.54, MValue = 3.82

// ** Remained 7 (70.0 %) benchmark(s) to run. Estimated finish 2026-05-17 15:47 (0h 13m from now) **
// **************************
// Benchmark: SmokeBenchByte.SpanJson_Deser: Energy(OutlierMode=DontRemove, IterationTime=1s)
// *** Execute ***
// Launch: 1 / 1
// Execute: dotnet JsonBench-Energy-1.dll --anonymousPipes 123 124 --benchmarkName JsonBench.Benchmarks.SmokeBenchByte.SpanJson_Deser --job Energy --benchmarkId 3 in /home/test/json-energy-bench/JsonBench/bin/Release/net10.0/JsonBench-Energy-1/bin/Release/net10.0
// BeforeAnythingElse

// Benchmark Process Environment Information:
// BenchmarkDotNet v0.15.5-develop (2026-05-17)
// Runtime=.NET 10.0.7 (10.0.7, 10.0.726.21808), X64 RyuJIT x86-64-v3
// GC=Concurrent Workstation
// HardwareIntrinsics=AVX2+BMI1+BMI2+F16C+FMA+LZCNT+MOVBE,AVX,SSE3+SSSE3+SSE4.1+SSE4.2+POPCNT,X86Base+SSE+SSE2,AES+PCLMUL VectorSize=256
// Job: Energy(OutlierMode=DontRemove, IterationTime=1s)

OverheadJitting  1: 1 op, 194538.00 ns, 194.5380 us/op
WorkloadJitting  1: 1 op, 70074265.00 ns, 70.0743 ms/op

WorkloadPilot    1: 4 op, 90794.00 ns, 22.6985 us/op
WorkloadPilot    2: 44056 op, 565321727.00 ns, 12.8319 us/op
WorkloadPilot    3: 77931 op, 449498003.00 ns, 5.7679 us/op
WorkloadPilot    4: 173373 op, 1170168638.00 ns, 6.7494 us/op
WorkloadPilot    5: 148161 op, 1046546318.00 ns, 7.0636 us/op
WorkloadPilot    6: 141571 op, 1126157736.00 ns, 7.9547 us/op

WorkloadWarmup   1: 141571 op, 1225665247.00 ns, 8.6576 us/op
WorkloadWarmup   2: 141571 op, 1149022328.00 ns, 8.1162 us/op
WorkloadWarmup   3: 141571 op, 915303116.00 ns, 6.4653 us/op
WorkloadWarmup   4: 141571 op, 833905029.00 ns, 5.8904 us/op
WorkloadWarmup   5: 141571 op, 853031616.00 ns, 6.0255 us/op
WorkloadWarmup   6: 141571 op, 823981842.00 ns, 5.8203 us/op
WorkloadWarmup   7: 141571 op, 819866767.00 ns, 5.7912 us/op
WorkloadWarmup   8: 141571 op, 1034772439.00 ns, 7.3092 us/op
WorkloadWarmup   9: 141571 op, 841360713.00 ns, 5.9430 us/op

// BeforeActualRun
WorkloadActual   1: 141571 op, 818819513.00 ns, 5.7838 us/op
WorkloadActual   2: 141571 op, 826863489.00 ns, 5.8406 us/op
WorkloadActual   3: 141571 op, 821259435.00 ns, 5.8010 us/op
WorkloadActual   4: 141571 op, 822415820.00 ns, 5.8092 us/op
WorkloadActual   5: 141571 op, 975666772.00 ns, 6.8917 us/op
WorkloadActual   6: 141571 op, 829377977.00 ns, 5.8584 us/op
WorkloadActual   7: 141571 op, 810477714.00 ns, 5.7249 us/op
WorkloadActual   8: 141571 op, 895502320.00 ns, 6.3255 us/op
WorkloadActual   9: 141571 op, 822393725.00 ns, 5.8091 us/op
WorkloadActual  10: 141571 op, 860291511.00 ns, 6.0767 us/op
WorkloadActual  11: 141571 op, 1199298235.00 ns, 8.4714 us/op
WorkloadActual  12: 141571 op, 865129308.00 ns, 6.1109 us/op
WorkloadActual  13: 141571 op, 817335176.00 ns, 5.7733 us/op
WorkloadActual  14: 141571 op, 820777156.00 ns, 5.7976 us/op
WorkloadActual  15: 141571 op, 817854627.00 ns, 5.7770 us/op
WorkloadActual  16: 141571 op, 817433028.00 ns, 5.7740 us/op
WorkloadActual  17: 141571 op, 1002554385.00 ns, 7.0816 us/op
WorkloadActual  18: 141571 op, 883414414.00 ns, 6.2401 us/op
WorkloadActual  19: 141571 op, 860881918.00 ns, 6.0809 us/op
WorkloadActual  20: 141571 op, 819516484.00 ns, 5.7887 us/op
WorkloadActual  21: 141571 op, 821426677.00 ns, 5.8022 us/op
WorkloadActual  22: 141571 op, 1025005661.00 ns, 7.2402 us/op
WorkloadActual  23: 141571 op, 961724002.00 ns, 6.7932 us/op
WorkloadActual  24: 141571 op, 852231867.00 ns, 6.0198 us/op
WorkloadActual  25: 141571 op, 817771229.00 ns, 5.7764 us/op
WorkloadActual  26: 141571 op, 807643080.00 ns, 5.7049 us/op
WorkloadActual  27: 141571 op, 807131370.00 ns, 5.7012 us/op
WorkloadActual  28: 141571 op, 807678415.00 ns, 5.7051 us/op
WorkloadActual  29: 141571 op, 890575402.00 ns, 6.2907 us/op
WorkloadActual  30: 141571 op, 830328072.00 ns, 5.8651 us/op
WorkloadActual  31: 141571 op, 822446035.00 ns, 5.8094 us/op
WorkloadActual  32: 141571 op, 920651545.00 ns, 6.5031 us/op
WorkloadActual  33: 141571 op, 1013941854.00 ns, 7.1621 us/op
WorkloadActual  34: 141571 op, 977706308.00 ns, 6.9061 us/op
WorkloadActual  35: 141571 op, 1067349290.00 ns, 7.5393 us/op
WorkloadActual  36: 141571 op, 833539795.00 ns, 5.8878 us/op
WorkloadActual  37: 141571 op, 824242781.00 ns, 5.8221 us/op
WorkloadActual  38: 141571 op, 816913626.00 ns, 5.7703 us/op
WorkloadActual  39: 141571 op, 821420968.00 ns, 5.8022 us/op
WorkloadActual  40: 141571 op, 826822754.00 ns, 5.8403 us/op
WorkloadActual  41: 141571 op, 945396800.00 ns, 6.6779 us/op
WorkloadActual  42: 141571 op, 813065960.00 ns, 5.7432 us/op
WorkloadActual  43: 141571 op, 807167221.00 ns, 5.7015 us/op
WorkloadActual  44: 141571 op, 810315793.00 ns, 5.7237 us/op
WorkloadActual  45: 141571 op, 1113388519.00 ns, 7.8645 us/op
WorkloadActual  46: 141571 op, 993164444.00 ns, 7.0153 us/op
WorkloadActual  47: 141571 op, 1028791333.00 ns, 7.2670 us/op
WorkloadActual  48: 141571 op, 940371253.00 ns, 6.6424 us/op
WorkloadActual  49: 141571 op, 861369561.00 ns, 6.0844 us/op
WorkloadActual  50: 141571 op, 830747515.00 ns, 5.8681 us/op
WorkloadActual  51: 141571 op, 820094484.00 ns, 5.7928 us/op
WorkloadActual  52: 141571 op, 837878936.00 ns, 5.9184 us/op
WorkloadActual  53: 141571 op, 1043122064.00 ns, 7.3682 us/op
WorkloadActual  54: 141571 op, 858386971.00 ns, 6.0633 us/op
WorkloadActual  55: 141571 op, 810859055.00 ns, 5.7276 us/op
WorkloadActual  56: 141571 op, 1051092075.00 ns, 7.4245 us/op
WorkloadActual  57: 141571 op, 934198905.00 ns, 6.5988 us/op
WorkloadActual  58: 141571 op, 928470312.00 ns, 6.5583 us/op
WorkloadActual  59: 141571 op, 954149158.00 ns, 6.7397 us/op
WorkloadActual  60: 141571 op, 811828293.00 ns, 5.7344 us/op
WorkloadActual  61: 141571 op, 811993342.00 ns, 5.7356 us/op
WorkloadActual  62: 141571 op, 848900963.00 ns, 5.9963 us/op
WorkloadActual  63: 141571 op, 830809731.00 ns, 5.8685 us/op
WorkloadActual  64: 141571 op, 808985744.00 ns, 5.7143 us/op
WorkloadActual  65: 141571 op, 909190907.00 ns, 6.4222 us/op
WorkloadActual  66: 141571 op, 816341444.00 ns, 5.7663 us/op
WorkloadActual  67: 141571 op, 939964815.00 ns, 6.6395 us/op
WorkloadActual  68: 141571 op, 934801870.00 ns, 6.6031 us/op
WorkloadActual  69: 141571 op, 826494793.00 ns, 5.8380 us/op
WorkloadActual  70: 141571 op, 820913810.00 ns, 5.7986 us/op
WorkloadActual  71: 141571 op, 1024413837.00 ns, 7.2360 us/op
WorkloadActual  72: 141571 op, 868021901.00 ns, 6.1314 us/op
WorkloadActual  73: 141571 op, 850589923.00 ns, 6.0082 us/op
WorkloadActual  74: 141571 op, 834392070.00 ns, 5.8938 us/op
WorkloadActual  75: 141571 op, 885296409.00 ns, 6.2534 us/op
WorkloadActual  76: 141571 op, 962552342.00 ns, 6.7991 us/op
WorkloadActual  77: 141571 op, 1034907148.00 ns, 7.3102 us/op
WorkloadActual  78: 141571 op, 1104067752.00 ns, 7.7987 us/op
WorkloadActual  79: 141571 op, 894489290.00 ns, 6.3183 us/op
WorkloadActual  80: 141571 op, 812570401.00 ns, 5.7397 us/op
WorkloadActual  81: 141571 op, 822888129.00 ns, 5.8125 us/op
WorkloadActual  82: 141571 op, 846269965.00 ns, 5.9777 us/op
WorkloadActual  83: 141571 op, 1043085825.00 ns, 7.3679 us/op
WorkloadActual  84: 141571 op, 916131394.00 ns, 6.4712 us/op
WorkloadActual  85: 141571 op, 862411040.00 ns, 6.0917 us/op
WorkloadActual  86: 141571 op, 879328319.00 ns, 6.2112 us/op
WorkloadActual  87: 141571 op, 896997841.00 ns, 6.3360 us/op
WorkloadActual  88: 141571 op, 958081871.00 ns, 6.7675 us/op
WorkloadActual  89: 141571 op, 1019689307.00 ns, 7.2027 us/op
WorkloadActual  90: 141571 op, 823649093.00 ns, 5.8179 us/op
WorkloadActual  91: 141571 op, 881251842.00 ns, 6.2248 us/op
WorkloadActual  92: 141571 op, 887940310.00 ns, 6.2720 us/op
WorkloadActual  93: 141571 op, 923354993.00 ns, 6.5222 us/op
WorkloadActual  94: 141571 op, 951448209.00 ns, 6.7206 us/op
WorkloadActual  95: 141571 op, 920088453.00 ns, 6.4991 us/op
WorkloadActual  96: 141571 op, 827900473.00 ns, 5.8480 us/op
WorkloadActual  97: 141571 op, 812539052.00 ns, 5.7394 us/op
WorkloadActual  98: 141571 op, 858518096.00 ns, 6.0642 us/op
WorkloadActual  99: 141571 op, 812778238.00 ns, 5.7411 us/op
WorkloadActual  100: 141571 op, 918445667.00 ns, 6.4875 us/op

// AfterActualRun
WorkloadResult   1: 141571 op, 818819513.00 ns, 5.7838 us/op
WorkloadResult   2: 141571 op, 826863489.00 ns, 5.8406 us/op
WorkloadResult   3: 141571 op, 821259435.00 ns, 5.8010 us/op
WorkloadResult   4: 141571 op, 822415820.00 ns, 5.8092 us/op
WorkloadResult   5: 141571 op, 975666772.00 ns, 6.8917 us/op
WorkloadResult   6: 141571 op, 829377977.00 ns, 5.8584 us/op
WorkloadResult   7: 141571 op, 810477714.00 ns, 5.7249 us/op
WorkloadResult   8: 141571 op, 895502320.00 ns, 6.3255 us/op
WorkloadResult   9: 141571 op, 822393725.00 ns, 5.8091 us/op
WorkloadResult  10: 141571 op, 860291511.00 ns, 6.0767 us/op
WorkloadResult  11: 141571 op, 1199298235.00 ns, 8.4714 us/op
WorkloadResult  12: 141571 op, 865129308.00 ns, 6.1109 us/op
WorkloadResult  13: 141571 op, 817335176.00 ns, 5.7733 us/op
WorkloadResult  14: 141571 op, 820777156.00 ns, 5.7976 us/op
WorkloadResult  15: 141571 op, 817854627.00 ns, 5.7770 us/op
WorkloadResult  16: 141571 op, 817433028.00 ns, 5.7740 us/op
WorkloadResult  17: 141571 op, 1002554385.00 ns, 7.0816 us/op
WorkloadResult  18: 141571 op, 883414414.00 ns, 6.2401 us/op
WorkloadResult  19: 141571 op, 860881918.00 ns, 6.0809 us/op
WorkloadResult  20: 141571 op, 819516484.00 ns, 5.7887 us/op
WorkloadResult  21: 141571 op, 821426677.00 ns, 5.8022 us/op
WorkloadResult  22: 141571 op, 1025005661.00 ns, 7.2402 us/op
WorkloadResult  23: 141571 op, 961724002.00 ns, 6.7932 us/op
WorkloadResult  24: 141571 op, 852231867.00 ns, 6.0198 us/op
WorkloadResult  25: 141571 op, 817771229.00 ns, 5.7764 us/op
WorkloadResult  26: 141571 op, 807643080.00 ns, 5.7049 us/op
WorkloadResult  27: 141571 op, 807131370.00 ns, 5.7012 us/op
WorkloadResult  28: 141571 op, 807678415.00 ns, 5.7051 us/op
WorkloadResult  29: 141571 op, 890575402.00 ns, 6.2907 us/op
WorkloadResult  30: 141571 op, 830328072.00 ns, 5.8651 us/op
WorkloadResult  31: 141571 op, 822446035.00 ns, 5.8094 us/op
WorkloadResult  32: 141571 op, 920651545.00 ns, 6.5031 us/op
WorkloadResult  33: 141571 op, 1013941854.00 ns, 7.1621 us/op
WorkloadResult  34: 141571 op, 977706308.00 ns, 6.9061 us/op
WorkloadResult  35: 141571 op, 1067349290.00 ns, 7.5393 us/op
WorkloadResult  36: 141571 op, 833539795.00 ns, 5.8878 us/op
WorkloadResult  37: 141571 op, 824242781.00 ns, 5.8221 us/op
WorkloadResult  38: 141571 op, 816913626.00 ns, 5.7703 us/op
WorkloadResult  39: 141571 op, 821420968.00 ns, 5.8022 us/op
WorkloadResult  40: 141571 op, 826822754.00 ns, 5.8403 us/op
WorkloadResult  41: 141571 op, 945396800.00 ns, 6.6779 us/op
WorkloadResult  42: 141571 op, 813065960.00 ns, 5.7432 us/op
WorkloadResult  43: 141571 op, 807167221.00 ns, 5.7015 us/op
WorkloadResult  44: 141571 op, 810315793.00 ns, 5.7237 us/op
WorkloadResult  45: 141571 op, 1113388519.00 ns, 7.8645 us/op
WorkloadResult  46: 141571 op, 993164444.00 ns, 7.0153 us/op
WorkloadResult  47: 141571 op, 1028791333.00 ns, 7.2670 us/op
WorkloadResult  48: 141571 op, 940371253.00 ns, 6.6424 us/op
WorkloadResult  49: 141571 op, 861369561.00 ns, 6.0844 us/op
WorkloadResult  50: 141571 op, 830747515.00 ns, 5.8681 us/op
WorkloadResult  51: 141571 op, 820094484.00 ns, 5.7928 us/op
WorkloadResult  52: 141571 op, 837878936.00 ns, 5.9184 us/op
WorkloadResult  53: 141571 op, 1043122064.00 ns, 7.3682 us/op
WorkloadResult  54: 141571 op, 858386971.00 ns, 6.0633 us/op
WorkloadResult  55: 141571 op, 810859055.00 ns, 5.7276 us/op
WorkloadResult  56: 141571 op, 1051092075.00 ns, 7.4245 us/op
WorkloadResult  57: 141571 op, 934198905.00 ns, 6.5988 us/op
WorkloadResult  58: 141571 op, 928470312.00 ns, 6.5583 us/op
WorkloadResult  59: 141571 op, 954149158.00 ns, 6.7397 us/op
WorkloadResult  60: 141571 op, 811828293.00 ns, 5.7344 us/op
WorkloadResult  61: 141571 op, 811993342.00 ns, 5.7356 us/op
WorkloadResult  62: 141571 op, 848900963.00 ns, 5.9963 us/op
WorkloadResult  63: 141571 op, 830809731.00 ns, 5.8685 us/op
WorkloadResult  64: 141571 op, 808985744.00 ns, 5.7143 us/op
WorkloadResult  65: 141571 op, 909190907.00 ns, 6.4222 us/op
WorkloadResult  66: 141571 op, 816341444.00 ns, 5.7663 us/op
WorkloadResult  67: 141571 op, 939964815.00 ns, 6.6395 us/op
WorkloadResult  68: 141571 op, 934801870.00 ns, 6.6031 us/op
WorkloadResult  69: 141571 op, 826494793.00 ns, 5.8380 us/op
WorkloadResult  70: 141571 op, 820913810.00 ns, 5.7986 us/op
WorkloadResult  71: 141571 op, 1024413837.00 ns, 7.2360 us/op
WorkloadResult  72: 141571 op, 868021901.00 ns, 6.1314 us/op
WorkloadResult  73: 141571 op, 850589923.00 ns, 6.0082 us/op
WorkloadResult  74: 141571 op, 834392070.00 ns, 5.8938 us/op
WorkloadResult  75: 141571 op, 885296409.00 ns, 6.2534 us/op
WorkloadResult  76: 141571 op, 962552342.00 ns, 6.7991 us/op
WorkloadResult  77: 141571 op, 1034907148.00 ns, 7.3102 us/op
WorkloadResult  78: 141571 op, 1104067752.00 ns, 7.7987 us/op
WorkloadResult  79: 141571 op, 894489290.00 ns, 6.3183 us/op
WorkloadResult  80: 141571 op, 812570401.00 ns, 5.7397 us/op
WorkloadResult  81: 141571 op, 822888129.00 ns, 5.8125 us/op
WorkloadResult  82: 141571 op, 846269965.00 ns, 5.9777 us/op
WorkloadResult  83: 141571 op, 1043085825.00 ns, 7.3679 us/op
WorkloadResult  84: 141571 op, 916131394.00 ns, 6.4712 us/op
WorkloadResult  85: 141571 op, 862411040.00 ns, 6.0917 us/op
WorkloadResult  86: 141571 op, 879328319.00 ns, 6.2112 us/op
WorkloadResult  87: 141571 op, 896997841.00 ns, 6.3360 us/op
WorkloadResult  88: 141571 op, 958081871.00 ns, 6.7675 us/op
WorkloadResult  89: 141571 op, 1019689307.00 ns, 7.2027 us/op
WorkloadResult  90: 141571 op, 823649093.00 ns, 5.8179 us/op
WorkloadResult  91: 141571 op, 881251842.00 ns, 6.2248 us/op
WorkloadResult  92: 141571 op, 887940310.00 ns, 6.2720 us/op
WorkloadResult  93: 141571 op, 923354993.00 ns, 6.5222 us/op
WorkloadResult  94: 141571 op, 951448209.00 ns, 6.7206 us/op
WorkloadResult  95: 141571 op, 920088453.00 ns, 6.4991 us/op
WorkloadResult  96: 141571 op, 827900473.00 ns, 5.8480 us/op
WorkloadResult  97: 141571 op, 812539052.00 ns, 5.7394 us/op
WorkloadResult  98: 141571 op, 858518096.00 ns, 6.0642 us/op
WorkloadResult  99: 141571 op, 812778238.00 ns, 5.7411 us/op
WorkloadResult  100: 141571 op, 918445667.00 ns, 6.4875 us/op

// AfterAll
// Benchmark Process 1003049 has exited with code 0.

Mean = 6.273 μs, StdErr = 0.060 μs (0.96%), N = 100, StdDev = 0.603 μs
Min = 5.701 μs, Q1 = 5.800 μs, Median = 6.064 μs, Q3 = 6.612 μs, Max = 8.471 μs
IQR = 0.812 μs, LowerFence = 4.583 μs, UpperFence = 7.830 μs
ConfidenceInterval = [6.069 μs; 6.478 μs] (CI 99.9%), Margin = 0.205 μs (3.26% of Mean)
Skewness = 1.22, Kurtosis = 3.9, MValue = 2.13

// ** Remained 6 (60.0 %) benchmark(s) to run. Estimated finish 2026-05-17 15:46 (0h 11m from now) **
// **************************
// Benchmark: SmokeBenchByte.Utf8Json_Deser: Energy(OutlierMode=DontRemove, IterationTime=1s)
// *** Execute ***
// Launch: 1 / 1
// Execute: dotnet JsonBench-Energy-1.dll --anonymousPipes 123 124 --benchmarkName JsonBench.Benchmarks.SmokeBenchByte.Utf8Json_Deser --job Energy --benchmarkId 4 in /home/test/json-energy-bench/JsonBench/bin/Release/net10.0/JsonBench-Energy-1/bin/Release/net10.0
// BeforeAnythingElse

// Benchmark Process Environment Information:
// BenchmarkDotNet v0.15.5-develop (2026-05-17)
// Runtime=.NET 10.0.7 (10.0.7, 10.0.726.21808), X64 RyuJIT x86-64-v3
// GC=Concurrent Workstation
// HardwareIntrinsics=AVX2+BMI1+BMI2+F16C+FMA+LZCNT+MOVBE,AVX,SSE3+SSSE3+SSE4.1+SSE4.2+POPCNT,X86Base+SSE+SSE2,AES+PCLMUL VectorSize=256
// Job: Energy(OutlierMode=DontRemove, IterationTime=1s)

OverheadJitting  1: 1 op, 189244.00 ns, 189.2440 us/op
WorkloadJitting  1: 1 op, 71583934.00 ns, 71.5839 ms/op

WorkloadPilot    1: 4 op, 237223.00 ns, 59.3058 us/op
WorkloadPilot    2: 16862 op, 522081259.00 ns, 30.9620 us/op
WorkloadPilot    3: 32298 op, 304865492.00 ns, 9.4391 us/op
WorkloadPilot    4: 105942 op, 980991912.00 ns, 9.2597 us/op
WorkloadPilot    5: 107995 op, 1209545536.00 ns, 11.2000 us/op
WorkloadPilot    6: 89286 op, 1068912596.00 ns, 11.9718 us/op
WorkloadPilot    7: 83530 op, 1007471530.00 ns, 12.0612 us/op

WorkloadWarmup   1: 83530 op, 1026623849.00 ns, 12.2905 us/op
WorkloadWarmup   2: 83530 op, 800862733.00 ns, 9.5877 us/op
WorkloadWarmup   3: 83530 op, 770328021.00 ns, 9.2222 us/op
WorkloadWarmup   4: 83530 op, 744338049.00 ns, 8.9110 us/op
WorkloadWarmup   5: 83530 op, 757473309.00 ns, 9.0683 us/op
WorkloadWarmup   6: 83530 op, 701505386.00 ns, 8.3982 us/op
WorkloadWarmup   7: 83530 op, 748125481.00 ns, 8.9564 us/op
WorkloadWarmup   8: 83530 op, 891911881.00 ns, 10.6777 us/op
WorkloadWarmup   9: 83530 op, 1003723378.00 ns, 12.0163 us/op
WorkloadWarmup  10: 83530 op, 715893839.00 ns, 8.5705 us/op

// BeforeActualRun
WorkloadActual   1: 83530 op, 702103285.00 ns, 8.4054 us/op
WorkloadActual   2: 83530 op, 703675379.00 ns, 8.4242 us/op
WorkloadActual   3: 83530 op, 699471722.00 ns, 8.3739 us/op
WorkloadActual   4: 83530 op, 702817019.00 ns, 8.4139 us/op
WorkloadActual   5: 83530 op, 938053894.00 ns, 11.2301 us/op
WorkloadActual   6: 83530 op, 857187237.00 ns, 10.2620 us/op
WorkloadActual   7: 83530 op, 776690424.00 ns, 9.2983 us/op
WorkloadActual   8: 83530 op, 711682451.00 ns, 8.5201 us/op
WorkloadActual   9: 83530 op, 775850923.00 ns, 9.2883 us/op
WorkloadActual  10: 83530 op, 769848482.00 ns, 9.2164 us/op
WorkloadActual  11: 83530 op, 943947311.00 ns, 11.3007 us/op
WorkloadActual  12: 83530 op, 716287693.00 ns, 8.5752 us/op
WorkloadActual  13: 83530 op, 813833961.00 ns, 9.7430 us/op
WorkloadActual  14: 83530 op, 772322591.00 ns, 9.2461 us/op
WorkloadActual  15: 83530 op, 792931194.00 ns, 9.4928 us/op
WorkloadActual  16: 83530 op, 837328120.00 ns, 10.0243 us/op
WorkloadActual  17: 83530 op, 765789511.00 ns, 9.1678 us/op
WorkloadActual  18: 83530 op, 831463258.00 ns, 9.9541 us/op
WorkloadActual  19: 83530 op, 698990955.00 ns, 8.3681 us/op
WorkloadActual  20: 83530 op, 690434645.00 ns, 8.2657 us/op
WorkloadActual  21: 83530 op, 724512271.00 ns, 8.6737 us/op
WorkloadActual  22: 83530 op, 779476752.00 ns, 9.3317 us/op
WorkloadActual  23: 83530 op, 823822441.00 ns, 9.8626 us/op
WorkloadActual  24: 83530 op, 926293434.00 ns, 11.0894 us/op
WorkloadActual  25: 83530 op, 930246999.00 ns, 11.1367 us/op
WorkloadActual  26: 83530 op, 771727346.00 ns, 9.2389 us/op
WorkloadActual  27: 83530 op, 805034180.00 ns, 9.6377 us/op
WorkloadActual  28: 83530 op, 796604913.00 ns, 9.5368 us/op
WorkloadActual  29: 83530 op, 823642529.00 ns, 9.8604 us/op
WorkloadActual  30: 83530 op, 778820423.00 ns, 9.3238 us/op
WorkloadActual  31: 83530 op, 857516637.00 ns, 10.2660 us/op
WorkloadActual  32: 83530 op, 776132155.00 ns, 9.2917 us/op
WorkloadActual  33: 83530 op, 782213337.00 ns, 9.3645 us/op
WorkloadActual  34: 83530 op, 742754730.00 ns, 8.8921 us/op
WorkloadActual  35: 83530 op, 690032759.00 ns, 8.2609 us/op
WorkloadActual  36: 83530 op, 807444737.00 ns, 9.6665 us/op
WorkloadActual  37: 83530 op, 867596515.00 ns, 10.3866 us/op
WorkloadActual  38: 83530 op, 910910616.00 ns, 10.9052 us/op
WorkloadActual  39: 83530 op, 692823954.00 ns, 8.2943 us/op
WorkloadActual  40: 83530 op, 698218356.00 ns, 8.3589 us/op
WorkloadActual  41: 83530 op, 726239527.00 ns, 8.6944 us/op
WorkloadActual  42: 83530 op, 815269575.00 ns, 9.7602 us/op
WorkloadActual  43: 83530 op, 789117334.00 ns, 9.4471 us/op
WorkloadActual  44: 83530 op, 690409532.00 ns, 8.2654 us/op
WorkloadActual  45: 83530 op, 811620012.00 ns, 9.7165 us/op
WorkloadActual  46: 83530 op, 692910416.00 ns, 8.2953 us/op
WorkloadActual  47: 83530 op, 692607150.00 ns, 8.2917 us/op
WorkloadActual  48: 83530 op, 691528134.00 ns, 8.2788 us/op
WorkloadActual  49: 83530 op, 700307764.00 ns, 8.3839 us/op
WorkloadActual  50: 83530 op, 759582015.00 ns, 9.0935 us/op
WorkloadActual  51: 83530 op, 730259806.00 ns, 8.7425 us/op
WorkloadActual  52: 83530 op, 872942176.00 ns, 10.4506 us/op
WorkloadActual  53: 83530 op, 703516484.00 ns, 8.4223 us/op
WorkloadActual  54: 83530 op, 700942097.00 ns, 8.3915 us/op
WorkloadActual  55: 83530 op, 689333897.00 ns, 8.2525 us/op
WorkloadActual  56: 83530 op, 695035384.00 ns, 8.3208 us/op
WorkloadActual  57: 83530 op, 701936628.00 ns, 8.4034 us/op
WorkloadActual  58: 83530 op, 726039023.00 ns, 8.6920 us/op
WorkloadActual  59: 83530 op, 852324313.00 ns, 10.2038 us/op
WorkloadActual  60: 83530 op, 761647834.00 ns, 9.1183 us/op
WorkloadActual  61: 83530 op, 727098257.00 ns, 8.7046 us/op
WorkloadActual  62: 83530 op, 691667199.00 ns, 8.2805 us/op
WorkloadActual  63: 83530 op, 888331081.00 ns, 10.6349 us/op
WorkloadActual  64: 83530 op, 693385999.00 ns, 8.3010 us/op
WorkloadActual  65: 83530 op, 692533172.00 ns, 8.2908 us/op
WorkloadActual  66: 83530 op, 752676930.00 ns, 9.0109 us/op
WorkloadActual  67: 83530 op, 750688501.00 ns, 8.9871 us/op
WorkloadActual  68: 83530 op, 756277724.00 ns, 9.0540 us/op
WorkloadActual  69: 83530 op, 694881893.00 ns, 8.3189 us/op
WorkloadActual  70: 83530 op, 696213931.00 ns, 8.3349 us/op
WorkloadActual  71: 83530 op, 701046578.00 ns, 8.3928 us/op
WorkloadActual  72: 83530 op, 701465484.00 ns, 8.3978 us/op
WorkloadActual  73: 83530 op, 773233937.00 ns, 9.2570 us/op
WorkloadActual  74: 83530 op, 892767204.00 ns, 10.6880 us/op
WorkloadActual  75: 83530 op, 711691620.00 ns, 8.5202 us/op
WorkloadActual  76: 83530 op, 752252954.00 ns, 9.0058 us/op
WorkloadActual  77: 83530 op, 815804381.00 ns, 9.7666 us/op
WorkloadActual  78: 83530 op, 742036176.00 ns, 8.8835 us/op
WorkloadActual  79: 83530 op, 773624340.00 ns, 9.2616 us/op
WorkloadActual  80: 83530 op, 844418391.00 ns, 10.1092 us/op
WorkloadActual  81: 83530 op, 693933436.00 ns, 8.3076 us/op
WorkloadActual  82: 83530 op, 697384893.00 ns, 8.3489 us/op
WorkloadActual  83: 83530 op, 694287460.00 ns, 8.3118 us/op
WorkloadActual  84: 83530 op, 697612987.00 ns, 8.3516 us/op
WorkloadActual  85: 83530 op, 704499858.00 ns, 8.4341 us/op
WorkloadActual  86: 83530 op, 701819777.00 ns, 8.4020 us/op
WorkloadActual  87: 83530 op, 699654810.00 ns, 8.3761 us/op
WorkloadActual  88: 83530 op, 866538120.00 ns, 10.3740 us/op
WorkloadActual  89: 83530 op, 760856273.00 ns, 9.1088 us/op
WorkloadActual  90: 83530 op, 952054289.00 ns, 11.3978 us/op
WorkloadActual  91: 83530 op, 724551341.00 ns, 8.6741 us/op
WorkloadActual  92: 83530 op, 698677264.00 ns, 8.3644 us/op
WorkloadActual  93: 83530 op, 696754388.00 ns, 8.3414 us/op
WorkloadActual  94: 83530 op, 761693238.00 ns, 9.1188 us/op
WorkloadActual  95: 83530 op, 735227479.00 ns, 8.8020 us/op
WorkloadActual  96: 83530 op, 694384668.00 ns, 8.3130 us/op
WorkloadActual  97: 83530 op, 693872396.00 ns, 8.3069 us/op
WorkloadActual  98: 83530 op, 699147731.00 ns, 8.3700 us/op
WorkloadActual  99: 83530 op, 703758950.00 ns, 8.4252 us/op
WorkloadActual  100: 83530 op, 710117986.00 ns, 8.5014 us/op

// AfterActualRun
WorkloadResult   1: 83530 op, 702103285.00 ns, 8.4054 us/op
WorkloadResult   2: 83530 op, 703675379.00 ns, 8.4242 us/op
WorkloadResult   3: 83530 op, 699471722.00 ns, 8.3739 us/op
WorkloadResult   4: 83530 op, 702817019.00 ns, 8.4139 us/op
WorkloadResult   5: 83530 op, 938053894.00 ns, 11.2301 us/op
WorkloadResult   6: 83530 op, 857187237.00 ns, 10.2620 us/op
WorkloadResult   7: 83530 op, 776690424.00 ns, 9.2983 us/op
WorkloadResult   8: 83530 op, 711682451.00 ns, 8.5201 us/op
WorkloadResult   9: 83530 op, 775850923.00 ns, 9.2883 us/op
WorkloadResult  10: 83530 op, 769848482.00 ns, 9.2164 us/op
WorkloadResult  11: 83530 op, 943947311.00 ns, 11.3007 us/op
WorkloadResult  12: 83530 op, 716287693.00 ns, 8.5752 us/op
WorkloadResult  13: 83530 op, 813833961.00 ns, 9.7430 us/op
WorkloadResult  14: 83530 op, 772322591.00 ns, 9.2461 us/op
WorkloadResult  15: 83530 op, 792931194.00 ns, 9.4928 us/op
WorkloadResult  16: 83530 op, 837328120.00 ns, 10.0243 us/op
WorkloadResult  17: 83530 op, 765789511.00 ns, 9.1678 us/op
WorkloadResult  18: 83530 op, 831463258.00 ns, 9.9541 us/op
WorkloadResult  19: 83530 op, 698990955.00 ns, 8.3681 us/op
WorkloadResult  20: 83530 op, 690434645.00 ns, 8.2657 us/op
WorkloadResult  21: 83530 op, 724512271.00 ns, 8.6737 us/op
WorkloadResult  22: 83530 op, 779476752.00 ns, 9.3317 us/op
WorkloadResult  23: 83530 op, 823822441.00 ns, 9.8626 us/op
WorkloadResult  24: 83530 op, 926293434.00 ns, 11.0894 us/op
WorkloadResult  25: 83530 op, 930246999.00 ns, 11.1367 us/op
WorkloadResult  26: 83530 op, 771727346.00 ns, 9.2389 us/op
WorkloadResult  27: 83530 op, 805034180.00 ns, 9.6377 us/op
WorkloadResult  28: 83530 op, 796604913.00 ns, 9.5368 us/op
WorkloadResult  29: 83530 op, 823642529.00 ns, 9.8604 us/op
WorkloadResult  30: 83530 op, 778820423.00 ns, 9.3238 us/op
WorkloadResult  31: 83530 op, 857516637.00 ns, 10.2660 us/op
WorkloadResult  32: 83530 op, 776132155.00 ns, 9.2917 us/op
WorkloadResult  33: 83530 op, 782213337.00 ns, 9.3645 us/op
WorkloadResult  34: 83530 op, 742754730.00 ns, 8.8921 us/op
WorkloadResult  35: 83530 op, 690032759.00 ns, 8.2609 us/op
WorkloadResult  36: 83530 op, 807444737.00 ns, 9.6665 us/op
WorkloadResult  37: 83530 op, 867596515.00 ns, 10.3866 us/op
WorkloadResult  38: 83530 op, 910910616.00 ns, 10.9052 us/op
WorkloadResult  39: 83530 op, 692823954.00 ns, 8.2943 us/op
WorkloadResult  40: 83530 op, 698218356.00 ns, 8.3589 us/op
WorkloadResult  41: 83530 op, 726239527.00 ns, 8.6944 us/op
WorkloadResult  42: 83530 op, 815269575.00 ns, 9.7602 us/op
WorkloadResult  43: 83530 op, 789117334.00 ns, 9.4471 us/op
WorkloadResult  44: 83530 op, 690409532.00 ns, 8.2654 us/op
WorkloadResult  45: 83530 op, 811620012.00 ns, 9.7165 us/op
WorkloadResult  46: 83530 op, 692910416.00 ns, 8.2953 us/op
WorkloadResult  47: 83530 op, 692607150.00 ns, 8.2917 us/op
WorkloadResult  48: 83530 op, 691528134.00 ns, 8.2788 us/op
WorkloadResult  49: 83530 op, 700307764.00 ns, 8.3839 us/op
WorkloadResult  50: 83530 op, 759582015.00 ns, 9.0935 us/op
WorkloadResult  51: 83530 op, 730259806.00 ns, 8.7425 us/op
WorkloadResult  52: 83530 op, 872942176.00 ns, 10.4506 us/op
WorkloadResult  53: 83530 op, 703516484.00 ns, 8.4223 us/op
WorkloadResult  54: 83530 op, 700942097.00 ns, 8.3915 us/op
WorkloadResult  55: 83530 op, 689333897.00 ns, 8.2525 us/op
WorkloadResult  56: 83530 op, 695035384.00 ns, 8.3208 us/op
WorkloadResult  57: 83530 op, 701936628.00 ns, 8.4034 us/op
WorkloadResult  58: 83530 op, 726039023.00 ns, 8.6920 us/op
WorkloadResult  59: 83530 op, 852324313.00 ns, 10.2038 us/op
WorkloadResult  60: 83530 op, 761647834.00 ns, 9.1183 us/op
WorkloadResult  61: 83530 op, 727098257.00 ns, 8.7046 us/op
WorkloadResult  62: 83530 op, 691667199.00 ns, 8.2805 us/op
WorkloadResult  63: 83530 op, 888331081.00 ns, 10.6349 us/op
WorkloadResult  64: 83530 op, 693385999.00 ns, 8.3010 us/op
WorkloadResult  65: 83530 op, 692533172.00 ns, 8.2908 us/op
WorkloadResult  66: 83530 op, 752676930.00 ns, 9.0109 us/op
WorkloadResult  67: 83530 op, 750688501.00 ns, 8.9871 us/op
WorkloadResult  68: 83530 op, 756277724.00 ns, 9.0540 us/op
WorkloadResult  69: 83530 op, 694881893.00 ns, 8.3189 us/op
WorkloadResult  70: 83530 op, 696213931.00 ns, 8.3349 us/op
WorkloadResult  71: 83530 op, 701046578.00 ns, 8.3928 us/op
WorkloadResult  72: 83530 op, 701465484.00 ns, 8.3978 us/op
WorkloadResult  73: 83530 op, 773233937.00 ns, 9.2570 us/op
WorkloadResult  74: 83530 op, 892767204.00 ns, 10.6880 us/op
WorkloadResult  75: 83530 op, 711691620.00 ns, 8.5202 us/op
WorkloadResult  76: 83530 op, 752252954.00 ns, 9.0058 us/op
WorkloadResult  77: 83530 op, 815804381.00 ns, 9.7666 us/op
WorkloadResult  78: 83530 op, 742036176.00 ns, 8.8835 us/op
WorkloadResult  79: 83530 op, 773624340.00 ns, 9.2616 us/op
WorkloadResult  80: 83530 op, 844418391.00 ns, 10.1092 us/op
WorkloadResult  81: 83530 op, 693933436.00 ns, 8.3076 us/op
WorkloadResult  82: 83530 op, 697384893.00 ns, 8.3489 us/op
WorkloadResult  83: 83530 op, 694287460.00 ns, 8.3118 us/op
WorkloadResult  84: 83530 op, 697612987.00 ns, 8.3516 us/op
WorkloadResult  85: 83530 op, 704499858.00 ns, 8.4341 us/op
WorkloadResult  86: 83530 op, 701819777.00 ns, 8.4020 us/op
WorkloadResult  87: 83530 op, 699654810.00 ns, 8.3761 us/op
WorkloadResult  88: 83530 op, 866538120.00 ns, 10.3740 us/op
WorkloadResult  89: 83530 op, 760856273.00 ns, 9.1088 us/op
WorkloadResult  90: 83530 op, 952054289.00 ns, 11.3978 us/op
WorkloadResult  91: 83530 op, 724551341.00 ns, 8.6741 us/op
WorkloadResult  92: 83530 op, 698677264.00 ns, 8.3644 us/op
WorkloadResult  93: 83530 op, 696754388.00 ns, 8.3414 us/op
WorkloadResult  94: 83530 op, 761693238.00 ns, 9.1188 us/op
WorkloadResult  95: 83530 op, 735227479.00 ns, 8.8020 us/op
WorkloadResult  96: 83530 op, 694384668.00 ns, 8.3130 us/op
WorkloadResult  97: 83530 op, 693872396.00 ns, 8.3069 us/op
WorkloadResult  98: 83530 op, 699147731.00 ns, 8.3700 us/op
WorkloadResult  99: 83530 op, 703758950.00 ns, 8.4252 us/op
WorkloadResult  100: 83530 op, 710117986.00 ns, 8.5014 us/op

// AfterAll
// Benchmark Process 1003809 has exited with code 0.

Mean = 9.090 μs, StdErr = 0.085 μs (0.94%), N = 100, StdDev = 0.851 μs
Min = 8.253 μs, Q1 = 8.373 μs, Median = 8.843 μs, Q3 = 9.562 μs, Max = 11.398 μs
IQR = 1.189 μs, LowerFence = 6.589 μs, UpperFence = 11.346 μs
ConfidenceInterval = [8.801 μs; 9.379 μs] (CI 99.9%), Margin = 0.289 μs (3.17% of Mean)
Skewness = 1.01, Kurtosis = 3.08, MValue = 2.13

// ** Remained 5 (50.0 %) benchmark(s) to run. Estimated finish 2026-05-17 15:46 (0h 9m from now) **
// **************************
// Benchmark: SmokeBenchByte.STJRefGen_Ser: Energy(OutlierMode=DontRemove, IterationTime=1s)
// *** Execute ***
// Launch: 1 / 1
// Execute: dotnet JsonBench-Energy-1.dll --anonymousPipes 123 124 --benchmarkName JsonBench.Benchmarks.SmokeBenchByte.STJRefGen_Ser --job Energy --benchmarkId 5 in /home/test/json-energy-bench/JsonBench/bin/Release/net10.0/JsonBench-Energy-1/bin/Release/net10.0
// BeforeAnythingElse

// Benchmark Process Environment Information:
// BenchmarkDotNet v0.15.5-develop (2026-05-17)
// Runtime=.NET 10.0.7 (10.0.7, 10.0.726.21808), X64 RyuJIT x86-64-v3
// GC=Concurrent Workstation
// HardwareIntrinsics=AVX2+BMI1+BMI2+F16C+FMA+LZCNT+MOVBE,AVX,SSE3+SSSE3+SSE4.1+SSE4.2+POPCNT,X86Base+SSE+SSE2,AES+PCLMUL VectorSize=256
// Job: Energy(OutlierMode=DontRemove, IterationTime=1s)

OverheadJitting  1: 1 op, 193274.00 ns, 193.2740 us/op
WorkloadJitting  1: 1 op, 2919816.00 ns, 2.9198 ms/op

OverheadJitting  2: 16 op, 507326.00 ns, 31.7079 us/op
WorkloadJitting  2: 16 op, 774171.00 ns, 48.3857 us/op

WorkloadPilot    1: 16 op, 240894.00 ns, 15.0559 us/op
WorkloadPilot    2: 66432 op, 624505370.00 ns, 9.4007 us/op
WorkloadPilot    3: 106384 op, 508518545.00 ns, 4.7800 us/op
WorkloadPilot    4: 209216 op, 1169448747.00 ns, 5.5897 us/op
WorkloadPilot    5: 178912 op, 1004879524.00 ns, 5.6166 us/op
WorkloadPilot    6: 178048 op, 1045700527.00 ns, 5.8731 us/op

OverheadWarmup   1: 178048 op, 956264.00 ns, 5.3708 ns/op
OverheadWarmup   2: 178048 op, 672002.00 ns, 3.7743 ns/op
OverheadWarmup   3: 178048 op, 971644.00 ns, 5.4572 ns/op
OverheadWarmup   4: 178048 op, 1138429.00 ns, 6.3939 ns/op
OverheadWarmup   5: 178048 op, 1107422.00 ns, 6.2198 ns/op
OverheadWarmup   6: 178048 op, 2401937.00 ns, 13.4904 ns/op
OverheadWarmup   7: 178048 op, 1607254.00 ns, 9.0271 ns/op

OverheadActual   1: 178048 op, 650631.00 ns, 3.6542 ns/op
OverheadActual   2: 178048 op, 671977.00 ns, 3.7741 ns/op
OverheadActual   3: 178048 op, 839507.00 ns, 4.7151 ns/op
OverheadActual   4: 178048 op, 1669080.00 ns, 9.3743 ns/op
OverheadActual   5: 178048 op, 665576.00 ns, 3.7382 ns/op
OverheadActual   6: 178048 op, 660482.00 ns, 3.7096 ns/op
OverheadActual   7: 178048 op, 1325332.00 ns, 7.4437 ns/op
OverheadActual   8: 178048 op, 887884.00 ns, 4.9868 ns/op
OverheadActual   9: 178048 op, 1092290.00 ns, 6.1348 ns/op
OverheadActual  10: 178048 op, 1141516.00 ns, 6.4113 ns/op
OverheadActual  11: 178048 op, 1123891.00 ns, 6.3123 ns/op
OverheadActual  12: 178048 op, 1365367.00 ns, 7.6685 ns/op
OverheadActual  13: 178048 op, 1388179.00 ns, 7.7967 ns/op
OverheadActual  14: 178048 op, 1430353.00 ns, 8.0335 ns/op
OverheadActual  15: 178048 op, 1334576.00 ns, 7.4956 ns/op
OverheadActual  16: 178048 op, 1321937.00 ns, 7.4246 ns/op
OverheadActual  17: 178048 op, 1150187.00 ns, 6.4600 ns/op
OverheadActual  18: 178048 op, 1442896.00 ns, 8.1040 ns/op
OverheadActual  19: 178048 op, 1303592.00 ns, 7.3216 ns/op
OverheadActual  20: 178048 op, 1175373.00 ns, 6.6014 ns/op

WorkloadWarmup   1: 178048 op, 1046271144.00 ns, 5.8763 us/op
WorkloadWarmup   2: 178048 op, 1030115375.00 ns, 5.7856 us/op
WorkloadWarmup   3: 178048 op, 712259841.00 ns, 4.0004 us/op
WorkloadWarmup   4: 178048 op, 766975066.00 ns, 4.3077 us/op
WorkloadWarmup   5: 178048 op, 713762732.00 ns, 4.0088 us/op
WorkloadWarmup   6: 178048 op, 705931803.00 ns, 3.9648 us/op
WorkloadWarmup   7: 178048 op, 708192402.00 ns, 3.9775 us/op
WorkloadWarmup   8: 178048 op, 705534499.00 ns, 3.9626 us/op

// BeforeActualRun
WorkloadActual   1: 178048 op, 956683021.00 ns, 5.3732 us/op
WorkloadActual   2: 178048 op, 985595207.00 ns, 5.5356 us/op
WorkloadActual   3: 178048 op, 786489302.00 ns, 4.4173 us/op
WorkloadActual   4: 178048 op, 766350373.00 ns, 4.3042 us/op
WorkloadActual   5: 178048 op, 807833002.00 ns, 4.5372 us/op
WorkloadActual   6: 178048 op, 805600910.00 ns, 4.5246 us/op
WorkloadActual   7: 178048 op, 861447542.00 ns, 4.8383 us/op
WorkloadActual   8: 178048 op, 749472556.00 ns, 4.2094 us/op
WorkloadActual   9: 178048 op, 715469682.00 ns, 4.0184 us/op
WorkloadActual  10: 178048 op, 714184324.00 ns, 4.0112 us/op
WorkloadActual  11: 178048 op, 714949214.00 ns, 4.0155 us/op
WorkloadActual  12: 178048 op, 718437946.00 ns, 4.0351 us/op
WorkloadActual  13: 178048 op, 833782009.00 ns, 4.6829 us/op
WorkloadActual  14: 178048 op, 983183731.00 ns, 5.5220 us/op
WorkloadActual  15: 178048 op, 804947090.00 ns, 4.5210 us/op
WorkloadActual  16: 178048 op, 704530970.00 ns, 3.9570 us/op
WorkloadActual  17: 178048 op, 738493099.00 ns, 4.1477 us/op
WorkloadActual  18: 178048 op, 701509522.00 ns, 3.9400 us/op
WorkloadActual  19: 178048 op, 706273345.00 ns, 3.9668 us/op
WorkloadActual  20: 178048 op, 710110327.00 ns, 3.9883 us/op
WorkloadActual  21: 178048 op, 823724781.00 ns, 4.6264 us/op
WorkloadActual  22: 178048 op, 730690631.00 ns, 4.1039 us/op
WorkloadActual  23: 178048 op, 702107445.00 ns, 3.9434 us/op
WorkloadActual  24: 178048 op, 712896184.00 ns, 4.0040 us/op
WorkloadActual  25: 178048 op, 709228428.00 ns, 3.9834 us/op
WorkloadActual  26: 178048 op, 725754462.00 ns, 4.0762 us/op
WorkloadActual  27: 178048 op, 958618116.00 ns, 5.3840 us/op
WorkloadActual  28: 178048 op, 879595607.00 ns, 4.9402 us/op
WorkloadActual  29: 178048 op, 826571930.00 ns, 4.6424 us/op
WorkloadActual  30: 178048 op, 774612745.00 ns, 4.3506 us/op
WorkloadActual  31: 178048 op, 784516955.00 ns, 4.4062 us/op
WorkloadActual  32: 178048 op, 777861951.00 ns, 4.3688 us/op
WorkloadActual  33: 178048 op, 743656327.00 ns, 4.1767 us/op
WorkloadActual  34: 178048 op, 797088343.00 ns, 4.4768 us/op
WorkloadActual  35: 178048 op, 868644707.00 ns, 4.8787 us/op
WorkloadActual  36: 178048 op, 705750695.00 ns, 3.9638 us/op
WorkloadActual  37: 178048 op, 710525672.00 ns, 3.9906 us/op
WorkloadActual  38: 178048 op, 718257384.00 ns, 4.0341 us/op
WorkloadActual  39: 178048 op, 731374519.00 ns, 4.1077 us/op
WorkloadActual  40: 178048 op, 889819159.00 ns, 4.9976 us/op
WorkloadActual  41: 178048 op, 956368856.00 ns, 5.3714 us/op
WorkloadActual  42: 178048 op, 736055040.00 ns, 4.1340 us/op
WorkloadActual  43: 178048 op, 710636892.00 ns, 3.9913 us/op
WorkloadActual  44: 178048 op, 717741077.00 ns, 4.0312 us/op
WorkloadActual  45: 178048 op, 714848391.00 ns, 4.0149 us/op
WorkloadActual  46: 178048 op, 717361876.00 ns, 4.0290 us/op
WorkloadActual  47: 178048 op, 716695264.00 ns, 4.0253 us/op
WorkloadActual  48: 178048 op, 769810074.00 ns, 4.3236 us/op
WorkloadActual  49: 178048 op, 811848087.00 ns, 4.5597 us/op
WorkloadActual  50: 178048 op, 711354039.00 ns, 3.9953 us/op
WorkloadActual  51: 178048 op, 805307108.00 ns, 4.5230 us/op
WorkloadActual  52: 178048 op, 718411135.00 ns, 4.0349 us/op
WorkloadActual  53: 178048 op, 904788736.00 ns, 5.0817 us/op
WorkloadActual  54: 178048 op, 708469385.00 ns, 3.9791 us/op
WorkloadActual  55: 178048 op, 817237010.00 ns, 4.5900 us/op
WorkloadActual  56: 178048 op, 713985011.00 ns, 4.0101 us/op
WorkloadActual  57: 178048 op, 720683042.00 ns, 4.0477 us/op
WorkloadActual  58: 178048 op, 717898781.00 ns, 4.0321 us/op
WorkloadActual  59: 178048 op, 713001978.00 ns, 4.0045 us/op
WorkloadActual  60: 178048 op, 713477474.00 ns, 4.0072 us/op
WorkloadActual  61: 178048 op, 719033951.00 ns, 4.0384 us/op
WorkloadActual  62: 178048 op, 721607216.00 ns, 4.0529 us/op
WorkloadActual  63: 178048 op, 808848030.00 ns, 4.5429 us/op
WorkloadActual  64: 178048 op, 705524671.00 ns, 3.9626 us/op
WorkloadActual  65: 178048 op, 713874162.00 ns, 4.0094 us/op
WorkloadActual  66: 178048 op, 815886489.00 ns, 4.5824 us/op
WorkloadActual  67: 178048 op, 788951516.00 ns, 4.4311 us/op
WorkloadActual  68: 178048 op, 718844119.00 ns, 4.0374 us/op
WorkloadActual  69: 178048 op, 815976903.00 ns, 4.5829 us/op
WorkloadActual  70: 178048 op, 854776460.00 ns, 4.8008 us/op
WorkloadActual  71: 178048 op, 722018469.00 ns, 4.0552 us/op
WorkloadActual  72: 178048 op, 702549017.00 ns, 3.9458 us/op
WorkloadActual  73: 178048 op, 703320350.00 ns, 3.9502 us/op
WorkloadActual  74: 178048 op, 700015289.00 ns, 3.9316 us/op
WorkloadActual  75: 178048 op, 704316555.00 ns, 3.9558 us/op
WorkloadActual  76: 178048 op, 707593827.00 ns, 3.9742 us/op
WorkloadActual  77: 178048 op, 867557135.00 ns, 4.8726 us/op
WorkloadActual  78: 178048 op, 786076253.00 ns, 4.4150 us/op
WorkloadActual  79: 178048 op, 888201791.00 ns, 4.9886 us/op
WorkloadActual  80: 178048 op, 945626921.00 ns, 5.3111 us/op
WorkloadActual  81: 178048 op, 726094048.00 ns, 4.0781 us/op
WorkloadActual  82: 178048 op, 783567149.00 ns, 4.4009 us/op
WorkloadActual  83: 178048 op, 873785010.00 ns, 4.9076 us/op
WorkloadActual  84: 178048 op, 720383541.00 ns, 4.0460 us/op
WorkloadActual  85: 178048 op, 752511446.00 ns, 4.2265 us/op
WorkloadActual  86: 178048 op, 787009914.00 ns, 4.4202 us/op
WorkloadActual  87: 178048 op, 731315449.00 ns, 4.1074 us/op
WorkloadActual  88: 178048 op, 704336748.00 ns, 3.9559 us/op
WorkloadActual  89: 178048 op, 756101508.00 ns, 4.2466 us/op
WorkloadActual  90: 178048 op, 866311436.00 ns, 4.8656 us/op
WorkloadActual  91: 178048 op, 812832695.00 ns, 4.5652 us/op
WorkloadActual  92: 178048 op, 916867921.00 ns, 5.1496 us/op
WorkloadActual  93: 178048 op, 794824922.00 ns, 4.4641 us/op
WorkloadActual  94: 178048 op, 778702659.00 ns, 4.3736 us/op
WorkloadActual  95: 178048 op, 729305898.00 ns, 4.0961 us/op
WorkloadActual  96: 178048 op, 826312306.00 ns, 4.6410 us/op
WorkloadActual  97: 178048 op, 771859721.00 ns, 4.3351 us/op
WorkloadActual  98: 178048 op, 811991387.00 ns, 4.5605 us/op
WorkloadActual  99: 178048 op, 761958948.00 ns, 4.2795 us/op
WorkloadActual  100: 178048 op, 718497806.00 ns, 4.0354 us/op

// AfterActualRun
WorkloadResult   1: 178048 op, 955520241.00 ns, 5.3666 us/op
WorkloadResult   2: 178048 op, 984432427.00 ns, 5.5290 us/op
WorkloadResult   3: 178048 op, 785326522.00 ns, 4.4108 us/op
WorkloadResult   4: 178048 op, 765187593.00 ns, 4.2976 us/op
WorkloadResult   5: 178048 op, 806670222.00 ns, 4.5306 us/op
WorkloadResult   6: 178048 op, 804438130.00 ns, 4.5181 us/op
WorkloadResult   7: 178048 op, 860284762.00 ns, 4.8318 us/op
WorkloadResult   8: 178048 op, 748309776.00 ns, 4.2029 us/op
WorkloadResult   9: 178048 op, 714306902.00 ns, 4.0119 us/op
WorkloadResult  10: 178048 op, 713021544.00 ns, 4.0047 us/op
WorkloadResult  11: 178048 op, 713786434.00 ns, 4.0090 us/op
WorkloadResult  12: 178048 op, 717275166.00 ns, 4.0285 us/op
WorkloadResult  13: 178048 op, 832619229.00 ns, 4.6764 us/op
WorkloadResult  14: 178048 op, 982020951.00 ns, 5.5155 us/op
WorkloadResult  15: 178048 op, 803784310.00 ns, 4.5144 us/op
WorkloadResult  16: 178048 op, 703368190.00 ns, 3.9504 us/op
WorkloadResult  17: 178048 op, 737330319.00 ns, 4.1412 us/op
WorkloadResult  18: 178048 op, 700346742.00 ns, 3.9335 us/op
WorkloadResult  19: 178048 op, 705110565.00 ns, 3.9602 us/op
WorkloadResult  20: 178048 op, 708947547.00 ns, 3.9818 us/op
WorkloadResult  21: 178048 op, 822562001.00 ns, 4.6199 us/op
WorkloadResult  22: 178048 op, 729527851.00 ns, 4.0974 us/op
WorkloadResult  23: 178048 op, 700944665.00 ns, 3.9368 us/op
WorkloadResult  24: 178048 op, 711733404.00 ns, 3.9974 us/op
WorkloadResult  25: 178048 op, 708065648.00 ns, 3.9768 us/op
WorkloadResult  26: 178048 op, 724591682.00 ns, 4.0696 us/op
WorkloadResult  27: 178048 op, 957455336.00 ns, 5.3775 us/op
WorkloadResult  28: 178048 op, 878432827.00 ns, 4.9337 us/op
WorkloadResult  29: 178048 op, 825409150.00 ns, 4.6359 us/op
WorkloadResult  30: 178048 op, 773449965.00 ns, 4.3441 us/op
WorkloadResult  31: 178048 op, 783354175.00 ns, 4.3997 us/op
WorkloadResult  32: 178048 op, 776699171.00 ns, 4.3623 us/op
WorkloadResult  33: 178048 op, 742493547.00 ns, 4.1702 us/op
WorkloadResult  34: 178048 op, 795925563.00 ns, 4.4703 us/op
WorkloadResult  35: 178048 op, 867481927.00 ns, 4.8722 us/op
WorkloadResult  36: 178048 op, 704587915.00 ns, 3.9573 us/op
WorkloadResult  37: 178048 op, 709362892.00 ns, 3.9841 us/op
WorkloadResult  38: 178048 op, 717094604.00 ns, 4.0275 us/op
WorkloadResult  39: 178048 op, 730211739.00 ns, 4.1012 us/op
WorkloadResult  40: 178048 op, 888656379.00 ns, 4.9911 us/op
WorkloadResult  41: 178048 op, 955206076.00 ns, 5.3649 us/op
WorkloadResult  42: 178048 op, 734892260.00 ns, 4.1275 us/op
WorkloadResult  43: 178048 op, 709474112.00 ns, 3.9847 us/op
WorkloadResult  44: 178048 op, 716578297.00 ns, 4.0246 us/op
WorkloadResult  45: 178048 op, 713685611.00 ns, 4.0084 us/op
WorkloadResult  46: 178048 op, 716199096.00 ns, 4.0225 us/op
WorkloadResult  47: 178048 op, 715532484.00 ns, 4.0188 us/op
WorkloadResult  48: 178048 op, 768647294.00 ns, 4.3171 us/op
WorkloadResult  49: 178048 op, 810685307.00 ns, 4.5532 us/op
WorkloadResult  50: 178048 op, 710191259.00 ns, 3.9888 us/op
WorkloadResult  51: 178048 op, 804144328.00 ns, 4.5164 us/op
WorkloadResult  52: 178048 op, 717248355.00 ns, 4.0284 us/op
WorkloadResult  53: 178048 op, 903625956.00 ns, 5.0752 us/op
WorkloadResult  54: 178048 op, 707306605.00 ns, 3.9726 us/op
WorkloadResult  55: 178048 op, 816074230.00 ns, 4.5835 us/op
WorkloadResult  56: 178048 op, 712822231.00 ns, 4.0035 us/op
WorkloadResult  57: 178048 op, 719520262.00 ns, 4.0412 us/op
WorkloadResult  58: 178048 op, 716736001.00 ns, 4.0255 us/op
WorkloadResult  59: 178048 op, 711839198.00 ns, 3.9980 us/op
WorkloadResult  60: 178048 op, 712314694.00 ns, 4.0007 us/op
WorkloadResult  61: 178048 op, 717871171.00 ns, 4.0319 us/op
WorkloadResult  62: 178048 op, 720444436.00 ns, 4.0463 us/op
WorkloadResult  63: 178048 op, 807685250.00 ns, 4.5363 us/op
WorkloadResult  64: 178048 op, 704361891.00 ns, 3.9560 us/op
WorkloadResult  65: 178048 op, 712711382.00 ns, 4.0029 us/op
WorkloadResult  66: 178048 op, 814723709.00 ns, 4.5759 us/op
WorkloadResult  67: 178048 op, 787788736.00 ns, 4.4246 us/op
WorkloadResult  68: 178048 op, 717681339.00 ns, 4.0308 us/op
WorkloadResult  69: 178048 op, 814814123.00 ns, 4.5764 us/op
WorkloadResult  70: 178048 op, 853613680.00 ns, 4.7943 us/op
WorkloadResult  71: 178048 op, 720855689.00 ns, 4.0487 us/op
WorkloadResult  72: 178048 op, 701386237.00 ns, 3.9393 us/op
WorkloadResult  73: 178048 op, 702157570.00 ns, 3.9436 us/op
WorkloadResult  74: 178048 op, 698852509.00 ns, 3.9251 us/op
WorkloadResult  75: 178048 op, 703153775.00 ns, 3.9492 us/op
WorkloadResult  76: 178048 op, 706431047.00 ns, 3.9676 us/op
WorkloadResult  77: 178048 op, 866394355.00 ns, 4.8661 us/op
WorkloadResult  78: 178048 op, 784913473.00 ns, 4.4084 us/op
WorkloadResult  79: 178048 op, 887039011.00 ns, 4.9820 us/op
WorkloadResult  80: 178048 op, 944464141.00 ns, 5.3045 us/op
WorkloadResult  81: 178048 op, 724931268.00 ns, 4.0715 us/op
WorkloadResult  82: 178048 op, 782404369.00 ns, 4.3943 us/op
WorkloadResult  83: 178048 op, 872622230.00 ns, 4.9011 us/op
WorkloadResult  84: 178048 op, 719220761.00 ns, 4.0395 us/op
WorkloadResult  85: 178048 op, 751348666.00 ns, 4.2199 us/op
WorkloadResult  86: 178048 op, 785847134.00 ns, 4.4137 us/op
WorkloadResult  87: 178048 op, 730152669.00 ns, 4.1009 us/op
WorkloadResult  88: 178048 op, 703173968.00 ns, 3.9494 us/op
WorkloadResult  89: 178048 op, 754938728.00 ns, 4.2401 us/op
WorkloadResult  90: 178048 op, 865148656.00 ns, 4.8591 us/op
WorkloadResult  91: 178048 op, 811669915.00 ns, 4.5587 us/op
WorkloadResult  92: 178048 op, 915705141.00 ns, 5.1430 us/op
WorkloadResult  93: 178048 op, 793662142.00 ns, 4.4576 us/op
WorkloadResult  94: 178048 op, 777539879.00 ns, 4.3670 us/op
WorkloadResult  95: 178048 op, 728143118.00 ns, 4.0896 us/op
WorkloadResult  96: 178048 op, 825149526.00 ns, 4.6344 us/op
WorkloadResult  97: 178048 op, 770696941.00 ns, 4.3286 us/op
WorkloadResult  98: 178048 op, 810828607.00 ns, 4.5540 us/op
WorkloadResult  99: 178048 op, 760796168.00 ns, 4.2730 us/op
WorkloadResult  100: 178048 op, 717335026.00 ns, 4.0289 us/op

// AfterAll
// Benchmark Process 1004559 has exited with code 0.

Mean = 4.343 μs, StdErr = 0.042 μs (0.96%), N = 100, StdDev = 0.418 μs
Min = 3.925 μs, Q1 = 4.009 μs, Median = 4.187 μs, Q3 = 4.555 μs, Max = 5.529 μs
IQR = 0.546 μs, LowerFence = 3.189 μs, UpperFence = 5.375 μs
ConfidenceInterval = [4.202 μs; 4.485 μs] (CI 99.9%), Margin = 0.142 μs (3.26% of Mean)
Skewness = 1.11, Kurtosis = 3.4, MValue = 2.54

// ** Remained 4 (40.0 %) benchmark(s) to run. Estimated finish 2026-05-17 15:46 (0h 7m from now) **
// **************************
// Benchmark: SmokeBenchByte.STJSrcGen_Ser: Energy(OutlierMode=DontRemove, IterationTime=1s)
// *** Execute ***
// Launch: 1 / 1
// Execute: dotnet JsonBench-Energy-1.dll --anonymousPipes 123 124 --benchmarkName JsonBench.Benchmarks.SmokeBenchByte.STJSrcGen_Ser --job Energy --benchmarkId 6 in /home/test/json-energy-bench/JsonBench/bin/Release/net10.0/JsonBench-Energy-1/bin/Release/net10.0
// BeforeAnythingElse

// Benchmark Process Environment Information:
// BenchmarkDotNet v0.15.5-develop (2026-05-17)
// Runtime=.NET 10.0.7 (10.0.7, 10.0.726.21808), X64 RyuJIT x86-64-v3
// GC=Concurrent Workstation
// HardwareIntrinsics=AVX2+BMI1+BMI2+F16C+FMA+LZCNT+MOVBE,AVX,SSE3+SSSE3+SSE4.1+SSE4.2+POPCNT,X86Base+SSE+SSE2,AES+PCLMUL VectorSize=256
// Job: Energy(OutlierMode=DontRemove, IterationTime=1s)

OverheadJitting  1: 1 op, 184607.00 ns, 184.6070 us/op
WorkloadJitting  1: 1 op, 9116190.00 ns, 9.1162 ms/op

OverheadJitting  2: 16 op, 491120.00 ns, 30.6950 us/op
WorkloadJitting  2: 16 op, 671542.00 ns, 41.9714 us/op

WorkloadPilot    1: 16 op, 168308.00 ns, 10.5193 us/op
WorkloadPilot    2: 95072 op, 506834531.00 ns, 5.3311 us/op
WorkloadPilot    3: 187584 op, 525353231.00 ns, 2.8006 us/op
WorkloadPilot    4: 357072 op, 1153512366.00 ns, 3.2305 us/op
WorkloadPilot    5: 309552 op, 1189968106.00 ns, 3.8442 us/op
WorkloadPilot    6: 260144 op, 1018753440.00 ns, 3.9161 us/op

OverheadWarmup   1: 260144 op, 1548363.00 ns, 5.9519 ns/op
OverheadWarmup   2: 260144 op, 980651.00 ns, 3.7696 ns/op
OverheadWarmup   3: 260144 op, 1530286.00 ns, 5.8825 ns/op
OverheadWarmup   4: 260144 op, 1484359.00 ns, 5.7059 ns/op
OverheadWarmup   5: 260144 op, 1510300.00 ns, 5.8056 ns/op
OverheadWarmup   6: 260144 op, 1453663.00 ns, 5.5879 ns/op

OverheadActual   1: 260144 op, 1501333.00 ns, 5.7712 ns/op
OverheadActual   2: 260144 op, 1475561.00 ns, 5.6721 ns/op
OverheadActual   3: 260144 op, 1448833.00 ns, 5.5694 ns/op
OverheadActual   4: 260144 op, 1561910.00 ns, 6.0040 ns/op
OverheadActual   5: 260144 op, 1496527.00 ns, 5.7527 ns/op
OverheadActual   6: 260144 op, 1602619.00 ns, 6.1605 ns/op
OverheadActual   7: 260144 op, 1517818.00 ns, 5.8345 ns/op
OverheadActual   8: 260144 op, 1466284.00 ns, 5.6364 ns/op
OverheadActual   9: 260144 op, 1456586.00 ns, 5.5992 ns/op
OverheadActual  10: 260144 op, 2118439.00 ns, 8.1433 ns/op
OverheadActual  11: 260144 op, 2069341.00 ns, 7.9546 ns/op
OverheadActual  12: 260144 op, 1997318.00 ns, 7.6777 ns/op
OverheadActual  13: 260144 op, 1817035.00 ns, 6.9847 ns/op
OverheadActual  14: 260144 op, 1742129.00 ns, 6.6968 ns/op
OverheadActual  15: 260144 op, 1795121.00 ns, 6.9005 ns/op
OverheadActual  16: 260144 op, 1918034.00 ns, 7.3730 ns/op
OverheadActual  17: 260144 op, 939904.00 ns, 3.6130 ns/op
OverheadActual  18: 260144 op, 1245202.00 ns, 4.7866 ns/op
OverheadActual  19: 260144 op, 942676.00 ns, 3.6237 ns/op
OverheadActual  20: 260144 op, 956529.00 ns, 3.6769 ns/op

WorkloadWarmup   1: 260144 op, 1136331181.00 ns, 4.3681 us/op
WorkloadWarmup   2: 260144 op, 1045761554.00 ns, 4.0199 us/op
WorkloadWarmup   3: 260144 op, 735302855.00 ns, 2.8265 us/op
WorkloadWarmup   4: 260144 op, 742726808.00 ns, 2.8551 us/op
WorkloadWarmup   5: 260144 op, 780078412.00 ns, 2.9986 us/op
WorkloadWarmup   6: 260144 op, 758018125.00 ns, 2.9138 us/op
WorkloadWarmup   7: 260144 op, 798814953.00 ns, 3.0707 us/op
WorkloadWarmup   8: 260144 op, 800444228.00 ns, 3.0769 us/op
WorkloadWarmup   9: 260144 op, 1031464088.00 ns, 3.9650 us/op
WorkloadWarmup  10: 260144 op, 818715096.00 ns, 3.1472 us/op

// BeforeActualRun
WorkloadActual   1: 260144 op, 806759576.00 ns, 3.1012 us/op
WorkloadActual   2: 260144 op, 756410354.00 ns, 2.9077 us/op
WorkloadActual   3: 260144 op, 741094300.00 ns, 2.8488 us/op
WorkloadActual   4: 260144 op, 729623899.00 ns, 2.8047 us/op
WorkloadActual   5: 260144 op, 839292188.00 ns, 3.2263 us/op
WorkloadActual   6: 260144 op, 732968615.00 ns, 2.8175 us/op
WorkloadActual   7: 260144 op, 728021166.00 ns, 2.7985 us/op
WorkloadActual   8: 260144 op, 726439180.00 ns, 2.7925 us/op
WorkloadActual   9: 260144 op, 748397600.00 ns, 2.8769 us/op
WorkloadActual  10: 260144 op, 791817058.00 ns, 3.0438 us/op
WorkloadActual  11: 260144 op, 877169835.00 ns, 3.3719 us/op
WorkloadActual  12: 260144 op, 1081359000.00 ns, 4.1568 us/op
WorkloadActual  13: 260144 op, 864080997.00 ns, 3.3215 us/op
WorkloadActual  14: 260144 op, 828063040.00 ns, 3.1831 us/op
WorkloadActual  15: 260144 op, 738183264.00 ns, 2.8376 us/op
WorkloadActual  16: 260144 op, 775632049.00 ns, 2.9815 us/op
WorkloadActual  17: 260144 op, 832260586.00 ns, 3.1992 us/op
WorkloadActual  18: 260144 op, 891209091.00 ns, 3.4258 us/op
WorkloadActual  19: 260144 op, 723824728.00 ns, 2.7824 us/op
WorkloadActual  20: 260144 op, 734433191.00 ns, 2.8232 us/op
WorkloadActual  21: 260144 op, 736452546.00 ns, 2.8309 us/op
WorkloadActual  22: 260144 op, 739642241.00 ns, 2.8432 us/op
WorkloadActual  23: 260144 op, 743915824.00 ns, 2.8596 us/op
WorkloadActual  24: 260144 op, 990820686.00 ns, 3.8087 us/op
WorkloadActual  25: 260144 op, 966545201.00 ns, 3.7154 us/op
WorkloadActual  26: 260144 op, 744235755.00 ns, 2.8609 us/op
WorkloadActual  27: 260144 op, 837336876.00 ns, 3.2187 us/op
WorkloadActual  28: 260144 op, 800839919.00 ns, 3.0784 us/op
WorkloadActual  29: 260144 op, 733602703.00 ns, 2.8200 us/op
WorkloadActual  30: 260144 op, 722399937.00 ns, 2.7769 us/op
WorkloadActual  31: 260144 op, 737444290.00 ns, 2.8348 us/op
WorkloadActual  32: 260144 op, 895905328.00 ns, 3.4439 us/op
WorkloadActual  33: 260144 op, 734345301.00 ns, 2.8228 us/op
WorkloadActual  34: 260144 op, 770527658.00 ns, 2.9619 us/op
WorkloadActual  35: 260144 op, 739227688.00 ns, 2.8416 us/op
WorkloadActual  36: 260144 op, 823523082.00 ns, 3.1656 us/op
WorkloadActual  37: 260144 op, 766464787.00 ns, 2.9463 us/op
WorkloadActual  38: 260144 op, 850142769.00 ns, 3.2680 us/op
WorkloadActual  39: 260144 op, 810954282.00 ns, 3.1173 us/op
WorkloadActual  40: 260144 op, 837420173.00 ns, 3.2191 us/op
WorkloadActual  41: 260144 op, 750570355.00 ns, 2.8852 us/op
WorkloadActual  42: 260144 op, 731235112.00 ns, 2.8109 us/op
WorkloadActual  43: 260144 op, 728495652.00 ns, 2.8004 us/op
WorkloadActual  44: 260144 op, 727789440.00 ns, 2.7976 us/op
WorkloadActual  45: 260144 op, 867393249.00 ns, 3.3343 us/op
WorkloadActual  46: 260144 op, 773752955.00 ns, 2.9743 us/op
WorkloadActual  47: 260144 op, 728120970.00 ns, 2.7989 us/op
WorkloadActual  48: 260144 op, 737871756.00 ns, 2.8364 us/op
WorkloadActual  49: 260144 op, 904473994.00 ns, 3.4768 us/op
WorkloadActual  50: 260144 op, 923459697.00 ns, 3.5498 us/op
WorkloadActual  51: 260144 op, 933188314.00 ns, 3.5872 us/op
WorkloadActual  52: 260144 op, 818317460.00 ns, 3.1456 us/op
WorkloadActual  53: 260144 op, 722799121.00 ns, 2.7785 us/op
WorkloadActual  54: 260144 op, 719091362.00 ns, 2.7642 us/op
WorkloadActual  55: 260144 op, 726107919.00 ns, 2.7912 us/op
WorkloadActual  56: 260144 op, 722400183.00 ns, 2.7769 us/op
WorkloadActual  57: 260144 op, 720774335.00 ns, 2.7707 us/op
WorkloadActual  58: 260144 op, 795963434.00 ns, 3.0597 us/op
WorkloadActual  59: 260144 op, 761088483.00 ns, 2.9256 us/op
WorkloadActual  60: 260144 op, 721797321.00 ns, 2.7746 us/op
WorkloadActual  61: 260144 op, 723368350.00 ns, 2.7806 us/op
WorkloadActual  62: 260144 op, 901525018.00 ns, 3.4655 us/op
WorkloadActual  63: 260144 op, 719674369.00 ns, 2.7664 us/op
WorkloadActual  64: 260144 op, 720495990.00 ns, 2.7696 us/op
WorkloadActual  65: 260144 op, 843497363.00 ns, 3.2424 us/op
WorkloadActual  66: 260144 op, 799072873.00 ns, 3.0717 us/op
WorkloadActual  67: 260144 op, 739755158.00 ns, 2.8436 us/op
WorkloadActual  68: 260144 op, 723936120.00 ns, 2.7828 us/op
WorkloadActual  69: 260144 op, 729533305.00 ns, 2.8043 us/op
WorkloadActual  70: 260144 op, 727621887.00 ns, 2.7970 us/op
WorkloadActual  71: 260144 op, 748003584.00 ns, 2.8753 us/op
WorkloadActual  72: 260144 op, 927039550.00 ns, 3.5636 us/op
WorkloadActual  73: 260144 op, 901109791.00 ns, 3.4639 us/op
WorkloadActual  74: 260144 op, 818792179.00 ns, 3.1475 us/op
WorkloadActual  75: 260144 op, 980750249.00 ns, 3.7700 us/op
WorkloadActual  76: 260144 op, 828256073.00 ns, 3.1838 us/op
WorkloadActual  77: 260144 op, 730245531.00 ns, 2.8071 us/op
WorkloadActual  78: 260144 op, 843096982.00 ns, 3.2409 us/op
WorkloadActual  79: 260144 op, 844912156.00 ns, 3.2479 us/op
WorkloadActual  80: 260144 op, 722443454.00 ns, 2.7771 us/op
WorkloadActual  81: 260144 op, 735014193.00 ns, 2.8254 us/op
WorkloadActual  82: 260144 op, 726390359.00 ns, 2.7923 us/op
WorkloadActual  83: 260144 op, 868038933.00 ns, 3.3368 us/op
WorkloadActual  84: 260144 op, 792080156.00 ns, 3.0448 us/op
WorkloadActual  85: 260144 op, 868869440.00 ns, 3.3400 us/op
WorkloadActual  86: 260144 op, 836712608.00 ns, 3.2163 us/op
WorkloadActual  87: 260144 op, 870112464.00 ns, 3.3447 us/op
WorkloadActual  88: 260144 op, 840386438.00 ns, 3.2305 us/op
WorkloadActual  89: 260144 op, 807293538.00 ns, 3.1033 us/op
WorkloadActual  90: 260144 op, 817284903.00 ns, 3.1417 us/op
WorkloadActual  91: 260144 op, 892444973.00 ns, 3.4306 us/op
WorkloadActual  92: 260144 op, 724199615.00 ns, 2.7838 us/op
WorkloadActual  93: 260144 op, 720007635.00 ns, 2.7677 us/op
WorkloadActual  94: 260144 op, 725213274.00 ns, 2.7877 us/op
WorkloadActual  95: 260144 op, 726416102.00 ns, 2.7924 us/op
WorkloadActual  96: 260144 op, 745128077.00 ns, 2.8643 us/op
WorkloadActual  97: 260144 op, 770068277.00 ns, 2.9602 us/op
WorkloadActual  98: 260144 op, 857390021.00 ns, 3.2958 us/op
WorkloadActual  99: 260144 op, 879217734.00 ns, 3.3797 us/op
WorkloadActual  100: 260144 op, 976082453.00 ns, 3.7521 us/op

// AfterActualRun
WorkloadResult   1: 260144 op, 805250000.50 ns, 3.0954 us/op
WorkloadResult   2: 260144 op, 754900778.50 ns, 2.9019 us/op
WorkloadResult   3: 260144 op, 739584724.50 ns, 2.8430 us/op
WorkloadResult   4: 260144 op, 728114323.50 ns, 2.7989 us/op
WorkloadResult   5: 260144 op, 837782612.50 ns, 3.2205 us/op
WorkloadResult   6: 260144 op, 731459039.50 ns, 2.8117 us/op
WorkloadResult   7: 260144 op, 726511590.50 ns, 2.7927 us/op
WorkloadResult   8: 260144 op, 724929604.50 ns, 2.7866 us/op
WorkloadResult   9: 260144 op, 746888024.50 ns, 2.8711 us/op
WorkloadResult  10: 260144 op, 790307482.50 ns, 3.0380 us/op
WorkloadResult  11: 260144 op, 875660259.50 ns, 3.3661 us/op
WorkloadResult  12: 260144 op, 1079849424.50 ns, 4.1510 us/op
WorkloadResult  13: 260144 op, 862571421.50 ns, 3.3157 us/op
WorkloadResult  14: 260144 op, 826553464.50 ns, 3.1773 us/op
WorkloadResult  15: 260144 op, 736673688.50 ns, 2.8318 us/op
WorkloadResult  16: 260144 op, 774122473.50 ns, 2.9757 us/op
WorkloadResult  17: 260144 op, 830751010.50 ns, 3.1934 us/op
WorkloadResult  18: 260144 op, 889699515.50 ns, 3.4200 us/op
WorkloadResult  19: 260144 op, 722315152.50 ns, 2.7766 us/op
WorkloadResult  20: 260144 op, 732923615.50 ns, 2.8174 us/op
WorkloadResult  21: 260144 op, 734942970.50 ns, 2.8251 us/op
WorkloadResult  22: 260144 op, 738132665.50 ns, 2.8374 us/op
WorkloadResult  23: 260144 op, 742406248.50 ns, 2.8538 us/op
WorkloadResult  24: 260144 op, 989311110.50 ns, 3.8029 us/op
WorkloadResult  25: 260144 op, 965035625.50 ns, 3.7096 us/op
WorkloadResult  26: 260144 op, 742726179.50 ns, 2.8551 us/op
WorkloadResult  27: 260144 op, 835827300.50 ns, 3.2129 us/op
WorkloadResult  28: 260144 op, 799330343.50 ns, 3.0726 us/op
WorkloadResult  29: 260144 op, 732093127.50 ns, 2.8142 us/op
WorkloadResult  30: 260144 op, 720890361.50 ns, 2.7711 us/op
WorkloadResult  31: 260144 op, 735934714.50 ns, 2.8290 us/op
WorkloadResult  32: 260144 op, 894395752.50 ns, 3.4381 us/op
WorkloadResult  33: 260144 op, 732835725.50 ns, 2.8170 us/op
WorkloadResult  34: 260144 op, 769018082.50 ns, 2.9561 us/op
WorkloadResult  35: 260144 op, 737718112.50 ns, 2.8358 us/op
WorkloadResult  36: 260144 op, 822013506.50 ns, 3.1598 us/op
WorkloadResult  37: 260144 op, 764955211.50 ns, 2.9405 us/op
WorkloadResult  38: 260144 op, 848633193.50 ns, 3.2622 us/op
WorkloadResult  39: 260144 op, 809444706.50 ns, 3.1115 us/op
WorkloadResult  40: 260144 op, 835910597.50 ns, 3.2133 us/op
WorkloadResult  41: 260144 op, 749060779.50 ns, 2.8794 us/op
WorkloadResult  42: 260144 op, 729725536.50 ns, 2.8051 us/op
WorkloadResult  43: 260144 op, 726986076.50 ns, 2.7946 us/op
WorkloadResult  44: 260144 op, 726279864.50 ns, 2.7918 us/op
WorkloadResult  45: 260144 op, 865883673.50 ns, 3.3285 us/op
WorkloadResult  46: 260144 op, 772243379.50 ns, 2.9685 us/op
WorkloadResult  47: 260144 op, 726611394.50 ns, 2.7931 us/op
WorkloadResult  48: 260144 op, 736362180.50 ns, 2.8306 us/op
WorkloadResult  49: 260144 op, 902964418.50 ns, 3.4710 us/op
WorkloadResult  50: 260144 op, 921950121.50 ns, 3.5440 us/op
WorkloadResult  51: 260144 op, 931678738.50 ns, 3.5814 us/op
WorkloadResult  52: 260144 op, 816807884.50 ns, 3.1398 us/op
WorkloadResult  53: 260144 op, 721289545.50 ns, 2.7727 us/op
WorkloadResult  54: 260144 op, 717581786.50 ns, 2.7584 us/op
WorkloadResult  55: 260144 op, 724598343.50 ns, 2.7854 us/op
WorkloadResult  56: 260144 op, 720890607.50 ns, 2.7711 us/op
WorkloadResult  57: 260144 op, 719264759.50 ns, 2.7649 us/op
WorkloadResult  58: 260144 op, 794453858.50 ns, 3.0539 us/op
WorkloadResult  59: 260144 op, 759578907.50 ns, 2.9198 us/op
WorkloadResult  60: 260144 op, 720287745.50 ns, 2.7688 us/op
WorkloadResult  61: 260144 op, 721858774.50 ns, 2.7748 us/op
WorkloadResult  62: 260144 op, 900015442.50 ns, 3.4597 us/op
WorkloadResult  63: 260144 op, 718164793.50 ns, 2.7606 us/op
WorkloadResult  64: 260144 op, 718986414.50 ns, 2.7638 us/op
WorkloadResult  65: 260144 op, 841987787.50 ns, 3.2366 us/op
WorkloadResult  66: 260144 op, 797563297.50 ns, 3.0659 us/op
WorkloadResult  67: 260144 op, 738245582.50 ns, 2.8378 us/op
WorkloadResult  68: 260144 op, 722426544.50 ns, 2.7770 us/op
WorkloadResult  69: 260144 op, 728023729.50 ns, 2.7985 us/op
WorkloadResult  70: 260144 op, 726112311.50 ns, 2.7912 us/op
WorkloadResult  71: 260144 op, 746494008.50 ns, 2.8695 us/op
WorkloadResult  72: 260144 op, 925529974.50 ns, 3.5578 us/op
WorkloadResult  73: 260144 op, 899600215.50 ns, 3.4581 us/op
WorkloadResult  74: 260144 op, 817282603.50 ns, 3.1417 us/op
WorkloadResult  75: 260144 op, 979240673.50 ns, 3.7642 us/op
WorkloadResult  76: 260144 op, 826746497.50 ns, 3.1780 us/op
WorkloadResult  77: 260144 op, 728735955.50 ns, 2.8013 us/op
WorkloadResult  78: 260144 op, 841587406.50 ns, 3.2351 us/op
WorkloadResult  79: 260144 op, 843402580.50 ns, 3.2421 us/op
WorkloadResult  80: 260144 op, 720933878.50 ns, 2.7713 us/op
WorkloadResult  81: 260144 op, 733504617.50 ns, 2.8196 us/op
WorkloadResult  82: 260144 op, 724880783.50 ns, 2.7865 us/op
WorkloadResult  83: 260144 op, 866529357.50 ns, 3.3310 us/op
WorkloadResult  84: 260144 op, 790570580.50 ns, 3.0390 us/op
WorkloadResult  85: 260144 op, 867359864.50 ns, 3.3342 us/op
WorkloadResult  86: 260144 op, 835203032.50 ns, 3.2105 us/op
WorkloadResult  87: 260144 op, 868602888.50 ns, 3.3389 us/op
WorkloadResult  88: 260144 op, 838876862.50 ns, 3.2247 us/op
WorkloadResult  89: 260144 op, 805783962.50 ns, 3.0975 us/op
WorkloadResult  90: 260144 op, 815775327.50 ns, 3.1359 us/op
WorkloadResult  91: 260144 op, 890935397.50 ns, 3.4248 us/op
WorkloadResult  92: 260144 op, 722690039.50 ns, 2.7780 us/op
WorkloadResult  93: 260144 op, 718498059.50 ns, 2.7619 us/op
WorkloadResult  94: 260144 op, 723703698.50 ns, 2.7819 us/op
WorkloadResult  95: 260144 op, 724906526.50 ns, 2.7866 us/op
WorkloadResult  96: 260144 op, 743618501.50 ns, 2.8585 us/op
WorkloadResult  97: 260144 op, 768558701.50 ns, 2.9544 us/op
WorkloadResult  98: 260144 op, 855880445.50 ns, 3.2900 us/op
WorkloadResult  99: 260144 op, 877708158.50 ns, 3.3739 us/op
WorkloadResult  100: 260144 op, 974572877.50 ns, 3.7463 us/op

// AfterAll
// Benchmark Process 1005306 has exited with code 0.

Mean = 3.054 μs, StdErr = 0.030 μs (0.98%), N = 100, StdDev = 0.301 μs
Min = 2.758 μs, Q1 = 2.799 μs, Median = 2.947 μs, Q3 = 3.235 μs, Max = 4.151 μs
IQR = 0.437 μs, LowerFence = 2.144 μs, UpperFence = 3.890 μs
ConfidenceInterval = [2.952 μs; 3.156 μs] (CI 99.9%), Margin = 0.102 μs (3.34% of Mean)
Skewness = 1.08, Kurtosis = 3.73, MValue = 2.33

// ** Remained 3 (30.0 %) benchmark(s) to run. Estimated finish 2026-05-17 15:46 (0h 5m from now) **
// **************************
// Benchmark: SmokeBenchByte.Newtonsoft_Ser: Energy(OutlierMode=DontRemove, IterationTime=1s)
// *** Execute ***
// Launch: 1 / 1
// Execute: dotnet JsonBench-Energy-1.dll --anonymousPipes 123 124 --benchmarkName JsonBench.Benchmarks.SmokeBenchByte.Newtonsoft_Ser --job Energy --benchmarkId 7 in /home/test/json-energy-bench/JsonBench/bin/Release/net10.0/JsonBench-Energy-1/bin/Release/net10.0
// BeforeAnythingElse

// Benchmark Process Environment Information:
// BenchmarkDotNet v0.15.5-develop (2026-05-17)
// Runtime=.NET 10.0.7 (10.0.7, 10.0.726.21808), X64 RyuJIT x86-64-v3
// GC=Concurrent Workstation
// HardwareIntrinsics=AVX2+BMI1+BMI2+F16C+FMA+LZCNT+MOVBE,AVX,SSE3+SSSE3+SSE4.1+SSE4.2+POPCNT,X86Base+SSE+SSE2,AES+PCLMUL VectorSize=256
// Job: Energy(OutlierMode=DontRemove, IterationTime=1s)

OverheadJitting  1: 1 op, 187090.00 ns, 187.0900 us/op
WorkloadJitting  1: 1 op, 46807789.00 ns, 46.8078 ms/op

OverheadJitting  2: 16 op, 498346.00 ns, 31.1466 us/op
WorkloadJitting  2: 16 op, 1426558.00 ns, 89.1599 us/op

WorkloadPilot    1: 16 op, 803822.00 ns, 50.2389 us/op
WorkloadPilot    2: 19920 op, 527293563.00 ns, 26.4706 us/op
WorkloadPilot    3: 37792 op, 344713798.00 ns, 9.1213 us/op
WorkloadPilot    4: 109648 op, 1243455740.00 ns, 11.3404 us/op
WorkloadPilot    5: 88192 op, 1019891245.00 ns, 11.5644 us/op
WorkloadPilot    6: 86480 op, 1137339474.00 ns, 13.1515 us/op

OverheadWarmup   1: 86480 op, 585667.00 ns, 6.7723 ns/op
OverheadWarmup   2: 86480 op, 604748.00 ns, 6.9929 ns/op
OverheadWarmup   3: 86480 op, 520646.00 ns, 6.0204 ns/op
OverheadWarmup   4: 86480 op, 617407.00 ns, 7.1393 ns/op
OverheadWarmup   5: 86480 op, 417367.00 ns, 4.8262 ns/op

OverheadActual   1: 86480 op, 319395.00 ns, 3.6933 ns/op
OverheadActual   2: 86480 op, 1758914.00 ns, 20.3390 ns/op
OverheadActual   3: 86480 op, 653449.00 ns, 7.5561 ns/op
OverheadActual   4: 86480 op, 1768724.00 ns, 20.4524 ns/op
OverheadActual   5: 86480 op, 1969947.00 ns, 22.7792 ns/op
OverheadActual   6: 86480 op, 495732.00 ns, 5.7323 ns/op
OverheadActual   7: 86480 op, 493597.00 ns, 5.7076 ns/op
OverheadActual   8: 86480 op, 438883.00 ns, 5.0750 ns/op
OverheadActual   9: 86480 op, 462564.00 ns, 5.3488 ns/op
OverheadActual  10: 86480 op, 474293.00 ns, 5.4844 ns/op
OverheadActual  11: 86480 op, 617902.00 ns, 7.1450 ns/op
OverheadActual  12: 86480 op, 628770.00 ns, 7.2707 ns/op
OverheadActual  13: 86480 op, 487231.00 ns, 5.6340 ns/op
OverheadActual  14: 86480 op, 1959749.00 ns, 22.6613 ns/op
OverheadActual  15: 86480 op, 1561017.00 ns, 18.0506 ns/op
OverheadActual  16: 86480 op, 400280.00 ns, 4.6286 ns/op
OverheadActual  17: 86480 op, 313875.00 ns, 3.6295 ns/op
OverheadActual  18: 86480 op, 319448.00 ns, 3.6939 ns/op
OverheadActual  19: 86480 op, 483418.00 ns, 5.5899 ns/op
OverheadActual  20: 86480 op, 1021149.00 ns, 11.8079 ns/op

WorkloadWarmup   1: 86480 op, 1103300836.00 ns, 12.7579 us/op
WorkloadWarmup   2: 86480 op, 1106135197.00 ns, 12.7906 us/op
WorkloadWarmup   3: 86480 op, 869032351.00 ns, 10.0489 us/op
WorkloadWarmup   4: 86480 op, 887886413.00 ns, 10.2670 us/op
WorkloadWarmup   5: 86480 op, 864731788.00 ns, 9.9992 us/op
WorkloadWarmup   6: 86480 op, 798923306.00 ns, 9.2382 us/op

// BeforeActualRun
WorkloadActual   1: 86480 op, 799646442.00 ns, 9.2466 us/op
WorkloadActual   2: 86480 op, 1065218458.00 ns, 12.3175 us/op
WorkloadActual   3: 86480 op, 994346329.00 ns, 11.4980 us/op
WorkloadActual   4: 86480 op, 896869116.00 ns, 10.3708 us/op
WorkloadActual   5: 86480 op, 915895622.00 ns, 10.5908 us/op
WorkloadActual   6: 86480 op, 850119088.00 ns, 9.8302 us/op
WorkloadActual   7: 86480 op, 867190916.00 ns, 10.0276 us/op
WorkloadActual   8: 86480 op, 999064809.00 ns, 11.5526 us/op
WorkloadActual   9: 86480 op, 889832408.00 ns, 10.2895 us/op
WorkloadActual  10: 86480 op, 890067408.00 ns, 10.2922 us/op
WorkloadActual  11: 86480 op, 882021286.00 ns, 10.1991 us/op
WorkloadActual  12: 86480 op, 806073056.00 ns, 9.3209 us/op
WorkloadActual  13: 86480 op, 858239792.00 ns, 9.9241 us/op
WorkloadActual  14: 86480 op, 969794846.00 ns, 11.2141 us/op
WorkloadActual  15: 86480 op, 813666040.00 ns, 9.4087 us/op
WorkloadActual  16: 86480 op, 807424270.00 ns, 9.3365 us/op
WorkloadActual  17: 86480 op, 807878772.00 ns, 9.3418 us/op
WorkloadActual  18: 86480 op, 809697905.00 ns, 9.3628 us/op
WorkloadActual  19: 86480 op, 811887220.00 ns, 9.3882 us/op
WorkloadActual  20: 86480 op, 916830869.00 ns, 10.6017 us/op
WorkloadActual  21: 86480 op, 808143542.00 ns, 9.3449 us/op
WorkloadActual  22: 86480 op, 800425575.00 ns, 9.2556 us/op
WorkloadActual  23: 86480 op, 804678391.00 ns, 9.3048 us/op
WorkloadActual  24: 86480 op, 798907897.00 ns, 9.2381 us/op
WorkloadActual  25: 86480 op, 863762964.00 ns, 9.9880 us/op
WorkloadActual  26: 86480 op, 1061852131.00 ns, 12.2786 us/op
WorkloadActual  27: 86480 op, 826577354.00 ns, 9.5580 us/op
WorkloadActual  28: 86480 op, 806799558.00 ns, 9.3293 us/op
WorkloadActual  29: 86480 op, 797923824.00 ns, 9.2267 us/op
WorkloadActual  30: 86480 op, 797831827.00 ns, 9.2256 us/op
WorkloadActual  31: 86480 op, 793739638.00 ns, 9.1783 us/op
WorkloadActual  32: 86480 op, 836172406.00 ns, 9.6690 us/op
WorkloadActual  33: 86480 op, 977912442.00 ns, 11.3080 us/op
WorkloadActual  34: 86480 op, 823196893.00 ns, 9.5189 us/op
WorkloadActual  35: 86480 op, 812989860.00 ns, 9.4009 us/op
WorkloadActual  36: 86480 op, 818077286.00 ns, 9.4597 us/op
WorkloadActual  37: 86480 op, 981041633.00 ns, 11.3441 us/op
WorkloadActual  38: 86480 op, 1076177082.00 ns, 12.4442 us/op
WorkloadActual  39: 86480 op, 991039822.00 ns, 11.4598 us/op
WorkloadActual  40: 86480 op, 879679920.00 ns, 10.1721 us/op
WorkloadActual  41: 86480 op, 798126169.00 ns, 9.2290 us/op
WorkloadActual  42: 86480 op, 801505615.00 ns, 9.2681 us/op
WorkloadActual  43: 86480 op, 803781222.00 ns, 9.2944 us/op
WorkloadActual  44: 86480 op, 797709766.00 ns, 9.2242 us/op
WorkloadActual  45: 86480 op, 1020682823.00 ns, 11.8025 us/op
WorkloadActual  46: 86480 op, 802512540.00 ns, 9.2797 us/op
WorkloadActual  47: 86480 op, 801250669.00 ns, 9.2652 us/op
WorkloadActual  48: 86480 op, 906733845.00 ns, 10.4849 us/op
WorkloadActual  49: 86480 op, 875044353.00 ns, 10.1185 us/op
WorkloadActual  50: 86480 op, 802979795.00 ns, 9.2852 us/op
WorkloadActual  51: 86480 op, 922906002.00 ns, 10.6719 us/op
WorkloadActual  52: 86480 op, 800052446.00 ns, 9.2513 us/op
WorkloadActual  53: 86480 op, 820710383.00 ns, 9.4902 us/op
WorkloadActual  54: 86480 op, 835617702.00 ns, 9.6626 us/op
WorkloadActual  55: 86480 op, 795702676.00 ns, 9.2010 us/op
WorkloadActual  56: 86480 op, 792025062.00 ns, 9.1585 us/op
WorkloadActual  57: 86480 op, 909383797.00 ns, 10.5155 us/op
WorkloadActual  58: 86480 op, 816749411.00 ns, 9.4444 us/op
WorkloadActual  59: 86480 op, 917359644.00 ns, 10.6078 us/op
WorkloadActual  60: 86480 op, 910757769.00 ns, 10.5314 us/op
WorkloadActual  61: 86480 op, 1040457569.00 ns, 12.0312 us/op
WorkloadActual  62: 86480 op, 823864988.00 ns, 9.5267 us/op
WorkloadActual  63: 86480 op, 947772171.00 ns, 10.9594 us/op
WorkloadActual  64: 86480 op, 794741807.00 ns, 9.1899 us/op
WorkloadActual  65: 86480 op, 802409661.00 ns, 9.2786 us/op
WorkloadActual  66: 86480 op, 810216998.00 ns, 9.3688 us/op
WorkloadActual  67: 86480 op, 792763832.00 ns, 9.1670 us/op
WorkloadActual  68: 86480 op, 801820514.00 ns, 9.2717 us/op
WorkloadActual  69: 86480 op, 921542449.00 ns, 10.6561 us/op
WorkloadActual  70: 86480 op, 876562173.00 ns, 10.1360 us/op
WorkloadActual  71: 86480 op, 1013550783.00 ns, 11.7201 us/op
WorkloadActual  72: 86480 op, 967398581.00 ns, 11.1864 us/op
WorkloadActual  73: 86480 op, 900981759.00 ns, 10.4184 us/op
WorkloadActual  74: 86480 op, 798255975.00 ns, 9.2305 us/op
WorkloadActual  75: 86480 op, 945027386.00 ns, 10.9277 us/op
WorkloadActual  76: 86480 op, 882143686.00 ns, 10.2006 us/op
WorkloadActual  77: 86480 op, 864586786.00 ns, 9.9975 us/op
WorkloadActual  78: 86480 op, 917571457.00 ns, 10.6102 us/op
WorkloadActual  79: 86480 op, 817685777.00 ns, 9.4552 us/op
WorkloadActual  80: 86480 op, 819244979.00 ns, 9.4732 us/op
WorkloadActual  81: 86480 op, 902099460.00 ns, 10.4313 us/op
WorkloadActual  82: 86480 op, 792440735.00 ns, 9.1633 us/op
WorkloadActual  83: 86480 op, 871291181.00 ns, 10.0751 us/op
WorkloadActual  84: 86480 op, 884871555.00 ns, 10.2321 us/op
WorkloadActual  85: 86480 op, 801712792.00 ns, 9.2705 us/op
WorkloadActual  86: 86480 op, 793416783.00 ns, 9.1746 us/op
WorkloadActual  87: 86480 op, 963161606.00 ns, 11.1374 us/op
WorkloadActual  88: 86480 op, 893251305.00 ns, 10.3290 us/op
WorkloadActual  89: 86480 op, 801480884.00 ns, 9.2678 us/op
WorkloadActual  90: 86480 op, 790903404.00 ns, 9.1455 us/op
WorkloadActual  91: 86480 op, 792856044.00 ns, 9.1681 us/op
WorkloadActual  92: 86480 op, 794860294.00 ns, 9.1913 us/op
WorkloadActual  93: 86480 op, 797792499.00 ns, 9.2252 us/op
WorkloadActual  94: 86480 op, 902648624.00 ns, 10.4377 us/op
WorkloadActual  95: 86480 op, 927811106.00 ns, 10.7286 us/op
WorkloadActual  96: 86480 op, 796614036.00 ns, 9.2115 us/op
WorkloadActual  97: 86480 op, 793566313.00 ns, 9.1763 us/op
WorkloadActual  98: 86480 op, 835334600.00 ns, 9.6593 us/op
WorkloadActual  99: 86480 op, 793225167.00 ns, 9.1724 us/op
WorkloadActual  100: 86480 op, 936261830.00 ns, 10.8263 us/op

// AfterActualRun
WorkloadResult   1: 86480 op, 799151777.50 ns, 9.2409 us/op
WorkloadResult   2: 86480 op, 1064723793.50 ns, 12.3118 us/op
WorkloadResult   3: 86480 op, 993851664.50 ns, 11.4923 us/op
WorkloadResult   4: 86480 op, 896374451.50 ns, 10.3651 us/op
WorkloadResult   5: 86480 op, 915400957.50 ns, 10.5851 us/op
WorkloadResult   6: 86480 op, 849624423.50 ns, 9.8245 us/op
WorkloadResult   7: 86480 op, 866696251.50 ns, 10.0219 us/op
WorkloadResult   8: 86480 op, 998570144.50 ns, 11.5468 us/op
WorkloadResult   9: 86480 op, 889337743.50 ns, 10.2837 us/op
WorkloadResult  10: 86480 op, 889572743.50 ns, 10.2865 us/op
WorkloadResult  11: 86480 op, 881526621.50 ns, 10.1934 us/op
WorkloadResult  12: 86480 op, 805578391.50 ns, 9.3152 us/op
WorkloadResult  13: 86480 op, 857745127.50 ns, 9.9184 us/op
WorkloadResult  14: 86480 op, 969300181.50 ns, 11.2084 us/op
WorkloadResult  15: 86480 op, 813171375.50 ns, 9.4030 us/op
WorkloadResult  16: 86480 op, 806929605.50 ns, 9.3308 us/op
WorkloadResult  17: 86480 op, 807384107.50 ns, 9.3361 us/op
WorkloadResult  18: 86480 op, 809203240.50 ns, 9.3571 us/op
WorkloadResult  19: 86480 op, 811392555.50 ns, 9.3824 us/op
WorkloadResult  20: 86480 op, 916336204.50 ns, 10.5959 us/op
WorkloadResult  21: 86480 op, 807648877.50 ns, 9.3391 us/op
WorkloadResult  22: 86480 op, 799930910.50 ns, 9.2499 us/op
WorkloadResult  23: 86480 op, 804183726.50 ns, 9.2991 us/op
WorkloadResult  24: 86480 op, 798413232.50 ns, 9.2323 us/op
WorkloadResult  25: 86480 op, 863268299.50 ns, 9.9823 us/op
WorkloadResult  26: 86480 op, 1061357466.50 ns, 12.2729 us/op
WorkloadResult  27: 86480 op, 826082689.50 ns, 9.5523 us/op
WorkloadResult  28: 86480 op, 806304893.50 ns, 9.3236 us/op
WorkloadResult  29: 86480 op, 797429159.50 ns, 9.2210 us/op
WorkloadResult  30: 86480 op, 797337162.50 ns, 9.2199 us/op
WorkloadResult  31: 86480 op, 793244973.50 ns, 9.1726 us/op
WorkloadResult  32: 86480 op, 835677741.50 ns, 9.6632 us/op
WorkloadResult  33: 86480 op, 977417777.50 ns, 11.3022 us/op
WorkloadResult  34: 86480 op, 822702228.50 ns, 9.5132 us/op
WorkloadResult  35: 86480 op, 812495195.50 ns, 9.3952 us/op
WorkloadResult  36: 86480 op, 817582621.50 ns, 9.4540 us/op
WorkloadResult  37: 86480 op, 980546968.50 ns, 11.3384 us/op
WorkloadResult  38: 86480 op, 1075682417.50 ns, 12.4385 us/op
WorkloadResult  39: 86480 op, 990545157.50 ns, 11.4540 us/op
WorkloadResult  40: 86480 op, 879185255.50 ns, 10.1663 us/op
WorkloadResult  41: 86480 op, 797631504.50 ns, 9.2233 us/op
WorkloadResult  42: 86480 op, 801010950.50 ns, 9.2624 us/op
WorkloadResult  43: 86480 op, 803286557.50 ns, 9.2887 us/op
WorkloadResult  44: 86480 op, 797215101.50 ns, 9.2185 us/op
WorkloadResult  45: 86480 op, 1020188158.50 ns, 11.7968 us/op
WorkloadResult  46: 86480 op, 802017875.50 ns, 9.2740 us/op
WorkloadResult  47: 86480 op, 800756004.50 ns, 9.2594 us/op
WorkloadResult  48: 86480 op, 906239180.50 ns, 10.4792 us/op
WorkloadResult  49: 86480 op, 874549688.50 ns, 10.1127 us/op
WorkloadResult  50: 86480 op, 802485130.50 ns, 9.2794 us/op
WorkloadResult  51: 86480 op, 922411337.50 ns, 10.6662 us/op
WorkloadResult  52: 86480 op, 799557781.50 ns, 9.2456 us/op
WorkloadResult  53: 86480 op, 820215718.50 ns, 9.4845 us/op
WorkloadResult  54: 86480 op, 835123037.50 ns, 9.6568 us/op
WorkloadResult  55: 86480 op, 795208011.50 ns, 9.1953 us/op
WorkloadResult  56: 86480 op, 791530397.50 ns, 9.1528 us/op
WorkloadResult  57: 86480 op, 908889132.50 ns, 10.5098 us/op
WorkloadResult  58: 86480 op, 816254746.50 ns, 9.4387 us/op
WorkloadResult  59: 86480 op, 916864979.50 ns, 10.6020 us/op
WorkloadResult  60: 86480 op, 910263104.50 ns, 10.5257 us/op
WorkloadResult  61: 86480 op, 1039962904.50 ns, 12.0255 us/op
WorkloadResult  62: 86480 op, 823370323.50 ns, 9.5209 us/op
WorkloadResult  63: 86480 op, 947277506.50 ns, 10.9537 us/op
WorkloadResult  64: 86480 op, 794247142.50 ns, 9.1842 us/op
WorkloadResult  65: 86480 op, 801914996.50 ns, 9.2728 us/op
WorkloadResult  66: 86480 op, 809722333.50 ns, 9.3631 us/op
WorkloadResult  67: 86480 op, 792269167.50 ns, 9.1613 us/op
WorkloadResult  68: 86480 op, 801325849.50 ns, 9.2660 us/op
WorkloadResult  69: 86480 op, 921047784.50 ns, 10.6504 us/op
WorkloadResult  70: 86480 op, 876067508.50 ns, 10.1303 us/op
WorkloadResult  71: 86480 op, 1013056118.50 ns, 11.7143 us/op
WorkloadResult  72: 86480 op, 966903916.50 ns, 11.1807 us/op
WorkloadResult  73: 86480 op, 900487094.50 ns, 10.4127 us/op
WorkloadResult  74: 86480 op, 797761310.50 ns, 9.2248 us/op
WorkloadResult  75: 86480 op, 944532721.50 ns, 10.9220 us/op
WorkloadResult  76: 86480 op, 881649021.50 ns, 10.1948 us/op
WorkloadResult  77: 86480 op, 864092121.50 ns, 9.9918 us/op
WorkloadResult  78: 86480 op, 917076792.50 ns, 10.6045 us/op
WorkloadResult  79: 86480 op, 817191112.50 ns, 9.4495 us/op
WorkloadResult  80: 86480 op, 818750314.50 ns, 9.4675 us/op
WorkloadResult  81: 86480 op, 901604795.50 ns, 10.4256 us/op
WorkloadResult  82: 86480 op, 791946070.50 ns, 9.1576 us/op
WorkloadResult  83: 86480 op, 870796516.50 ns, 10.0693 us/op
WorkloadResult  84: 86480 op, 884376890.50 ns, 10.2264 us/op
WorkloadResult  85: 86480 op, 801218127.50 ns, 9.2648 us/op
WorkloadResult  86: 86480 op, 792922118.50 ns, 9.1688 us/op
WorkloadResult  87: 86480 op, 962666941.50 ns, 11.1317 us/op
WorkloadResult  88: 86480 op, 892756640.50 ns, 10.3233 us/op
WorkloadResult  89: 86480 op, 800986219.50 ns, 9.2621 us/op
WorkloadResult  90: 86480 op, 790408739.50 ns, 9.1398 us/op
WorkloadResult  91: 86480 op, 792361379.50 ns, 9.1624 us/op
WorkloadResult  92: 86480 op, 794365629.50 ns, 9.1855 us/op
WorkloadResult  93: 86480 op, 797297834.50 ns, 9.2194 us/op
WorkloadResult  94: 86480 op, 902153959.50 ns, 10.4319 us/op
WorkloadResult  95: 86480 op, 927316441.50 ns, 10.7229 us/op
WorkloadResult  96: 86480 op, 796119371.50 ns, 9.2058 us/op
WorkloadResult  97: 86480 op, 793071648.50 ns, 9.1706 us/op
WorkloadResult  98: 86480 op, 834839935.50 ns, 9.6536 us/op
WorkloadResult  99: 86480 op, 792730502.50 ns, 9.1666 us/op
WorkloadResult  100: 86480 op, 935767165.50 ns, 10.8206 us/op

// AfterAll
// Benchmark Process 1006088 has exited with code 0.

Mean = 9.979 μs, StdErr = 0.087 μs (0.87%), N = 100, StdDev = 0.871 μs
Min = 9.140 μs, Q1 = 9.262 μs, Median = 9.537 μs, Q3 = 10.514 μs, Max = 12.439 μs
IQR = 1.251 μs, LowerFence = 7.385 μs, UpperFence = 12.391 μs
ConfidenceInterval = [9.683 μs; 10.274 μs] (CI 99.9%), Margin = 0.295 μs (2.96% of Mean)
Skewness = 1.02, Kurtosis = 3.09, MValue = 2.47

// ** Remained 2 (20.0 %) benchmark(s) to run. Estimated finish 2026-05-17 15:46 (0h 3m from now) **
// **************************
// Benchmark: SmokeBenchByte.SpanJson_Ser: Energy(OutlierMode=DontRemove, IterationTime=1s)
// *** Execute ***
// Launch: 1 / 1
// Execute: dotnet JsonBench-Energy-1.dll --anonymousPipes 123 124 --benchmarkName JsonBench.Benchmarks.SmokeBenchByte.SpanJson_Ser --job Energy --benchmarkId 8 in /home/test/json-energy-bench/JsonBench/bin/Release/net10.0/JsonBench-Energy-1/bin/Release/net10.0
// BeforeAnythingElse

// Benchmark Process Environment Information:
// BenchmarkDotNet v0.15.5-develop (2026-05-17)
// Runtime=.NET 10.0.7 (10.0.7, 10.0.726.21808), X64 RyuJIT x86-64-v3
// GC=Concurrent Workstation
// HardwareIntrinsics=AVX2+BMI1+BMI2+F16C+FMA+LZCNT+MOVBE,AVX,SSE3+SSSE3+SSE4.1+SSE4.2+POPCNT,X86Base+SSE+SSE2,AES+PCLMUL VectorSize=256
// Job: Energy(OutlierMode=DontRemove, IterationTime=1s)

OverheadJitting  1: 1 op, 236696.00 ns, 236.6960 us/op
WorkloadJitting  1: 1 op, 60370823.00 ns, 60.3708 ms/op

OverheadJitting  2: 16 op, 500699.00 ns, 31.2937 us/op
WorkloadJitting  2: 16 op, 1122499.00 ns, 70.1562 us/op

WorkloadPilot    1: 16 op, 487812.00 ns, 30.4883 us/op
WorkloadPilot    2: 32800 op, 264537225.00 ns, 8.0652 us/op
WorkloadPilot    3: 124000 op, 607349825.00 ns, 4.8980 us/op
WorkloadPilot    4: 204176 op, 1054062224.00 ns, 5.1625 us/op
WorkloadPilot    5: 193712 op, 1069695817.00 ns, 5.5221 us/op
WorkloadPilot    6: 181104 op, 1082668228.00 ns, 5.9782 us/op

OverheadWarmup   1: 181104 op, 957040.00 ns, 5.2845 ns/op
OverheadWarmup   2: 181104 op, 635378.00 ns, 3.5084 ns/op
OverheadWarmup   3: 181104 op, 684293.00 ns, 3.7785 ns/op
OverheadWarmup   4: 181104 op, 635017.00 ns, 3.5064 ns/op
OverheadWarmup   5: 181104 op, 654212.00 ns, 3.6124 ns/op
OverheadWarmup   6: 181104 op, 665642.00 ns, 3.6755 ns/op
OverheadWarmup   7: 181104 op, 633948.00 ns, 3.5005 ns/op

OverheadActual   1: 181104 op, 660458.00 ns, 3.6468 ns/op
OverheadActual   2: 181104 op, 2583935.00 ns, 14.2677 ns/op
OverheadActual   3: 181104 op, 636866.00 ns, 3.5166 ns/op
OverheadActual   4: 181104 op, 647355.00 ns, 3.5745 ns/op
OverheadActual   5: 181104 op, 1178692.00 ns, 6.5084 ns/op
OverheadActual   6: 181104 op, 1298437.00 ns, 7.1696 ns/op
OverheadActual   7: 181104 op, 643236.00 ns, 3.5517 ns/op
OverheadActual   8: 181104 op, 898999.00 ns, 4.9640 ns/op
OverheadActual   9: 181104 op, 644307.00 ns, 3.5577 ns/op
OverheadActual  10: 181104 op, 634577.00 ns, 3.5039 ns/op
OverheadActual  11: 181104 op, 636685.00 ns, 3.5156 ns/op
OverheadActual  12: 181104 op, 636204.00 ns, 3.5129 ns/op
OverheadActual  13: 181104 op, 827613.00 ns, 4.5698 ns/op
OverheadActual  14: 181104 op, 645198.00 ns, 3.5626 ns/op
OverheadActual  15: 181104 op, 723273.00 ns, 3.9937 ns/op
OverheadActual  16: 181104 op, 651046.00 ns, 3.5949 ns/op
OverheadActual  17: 181104 op, 672744.00 ns, 3.7147 ns/op
OverheadActual  18: 181104 op, 647727.00 ns, 3.5765 ns/op
OverheadActual  19: 181104 op, 652256.00 ns, 3.6016 ns/op
OverheadActual  20: 181104 op, 658709.00 ns, 3.6372 ns/op

WorkloadWarmup   1: 181104 op, 1110357865.00 ns, 6.1311 us/op
WorkloadWarmup   2: 181104 op, 1015254131.00 ns, 5.6059 us/op
WorkloadWarmup   3: 181104 op, 801456592.00 ns, 4.4254 us/op
WorkloadWarmup   4: 181104 op, 807514941.00 ns, 4.4588 us/op
WorkloadWarmup   5: 181104 op, 802055057.00 ns, 4.4287 us/op
WorkloadWarmup   6: 181104 op, 803242613.00 ns, 4.4353 us/op
WorkloadWarmup   7: 181104 op, 796155916.00 ns, 4.3961 us/op

// BeforeActualRun
WorkloadActual   1: 181104 op, 935747469.00 ns, 5.1669 us/op
WorkloadActual   2: 181104 op, 1047077007.00 ns, 5.7816 us/op
WorkloadActual   3: 181104 op, 801023123.00 ns, 4.4230 us/op
WorkloadActual   4: 181104 op, 803184262.00 ns, 4.4349 us/op
WorkloadActual   5: 181104 op, 796885398.00 ns, 4.4002 us/op
WorkloadActual   6: 181104 op, 867735344.00 ns, 4.7914 us/op
WorkloadActual   7: 181104 op, 931986673.00 ns, 5.1461 us/op
WorkloadActual   8: 181104 op, 910703451.00 ns, 5.0286 us/op
WorkloadActual   9: 181104 op, 812823454.00 ns, 4.4882 us/op
WorkloadActual  10: 181104 op, 881069825.00 ns, 4.8650 us/op
WorkloadActual  11: 181104 op, 874333200.00 ns, 4.8278 us/op
WorkloadActual  12: 181104 op, 801182184.00 ns, 4.4239 us/op
WorkloadActual  13: 181104 op, 905045328.00 ns, 4.9974 us/op
WorkloadActual  14: 181104 op, 955036683.00 ns, 5.2734 us/op
WorkloadActual  15: 181104 op, 895628877.00 ns, 4.9454 us/op
WorkloadActual  16: 181104 op, 801823901.00 ns, 4.4274 us/op
WorkloadActual  17: 181104 op, 805590801.00 ns, 4.4482 us/op
WorkloadActual  18: 181104 op, 803642315.00 ns, 4.4375 us/op
WorkloadActual  19: 181104 op, 836814687.00 ns, 4.6206 us/op
WorkloadActual  20: 181104 op, 902023967.00 ns, 4.9807 us/op
WorkloadActual  21: 181104 op, 835704179.00 ns, 4.6145 us/op
WorkloadActual  22: 181104 op, 847166100.00 ns, 4.6778 us/op
WorkloadActual  23: 181104 op, 845716640.00 ns, 4.6698 us/op
WorkloadActual  24: 181104 op, 883988532.00 ns, 4.8811 us/op
WorkloadActual  25: 181104 op, 924025585.00 ns, 5.1022 us/op
WorkloadActual  26: 181104 op, 969255127.00 ns, 5.3519 us/op
WorkloadActual  27: 181104 op, 800644330.00 ns, 4.4209 us/op
WorkloadActual  28: 181104 op, 812092531.00 ns, 4.4841 us/op
WorkloadActual  29: 181104 op, 809590704.00 ns, 4.4703 us/op
WorkloadActual  30: 181104 op, 810541902.00 ns, 4.4756 us/op
WorkloadActual  31: 181104 op, 813789638.00 ns, 4.4935 us/op
WorkloadActual  32: 181104 op, 911579450.00 ns, 5.0335 us/op
WorkloadActual  33: 181104 op, 819561741.00 ns, 4.5254 us/op
WorkloadActual  34: 181104 op, 837858353.00 ns, 4.6264 us/op
WorkloadActual  35: 181104 op, 801013864.00 ns, 4.4229 us/op
WorkloadActual  36: 181104 op, 803762034.00 ns, 4.4381 us/op
WorkloadActual  37: 181104 op, 1028676472.00 ns, 5.6800 us/op
WorkloadActual  38: 181104 op, 919444744.00 ns, 5.0769 us/op
WorkloadActual  39: 181104 op, 809718574.00 ns, 4.4710 us/op
WorkloadActual  40: 181104 op, 845076718.00 ns, 4.6663 us/op
WorkloadActual  41: 181104 op, 796771565.00 ns, 4.3995 us/op
WorkloadActual  42: 181104 op, 835461368.00 ns, 4.6132 us/op
WorkloadActual  43: 181104 op, 802141888.00 ns, 4.4292 us/op
WorkloadActual  44: 181104 op, 801828357.00 ns, 4.4274 us/op
WorkloadActual  45: 181104 op, 881016767.00 ns, 4.8647 us/op
WorkloadActual  46: 181104 op, 813660886.00 ns, 4.4928 us/op
WorkloadActual  47: 181104 op, 804895219.00 ns, 4.4444 us/op
WorkloadActual  48: 181104 op, 894918852.00 ns, 4.9415 us/op
WorkloadActual  49: 181104 op, 961608168.00 ns, 5.3097 us/op
WorkloadActual  50: 181104 op, 883778684.00 ns, 4.8800 us/op
WorkloadActual  51: 181104 op, 966568809.00 ns, 5.3371 us/op
WorkloadActual  52: 181104 op, 927344530.00 ns, 5.1205 us/op
WorkloadActual  53: 181104 op, 867240815.00 ns, 4.7886 us/op
WorkloadActual  54: 181104 op, 804036300.00 ns, 4.4396 us/op
WorkloadActual  55: 181104 op, 933200472.00 ns, 5.1528 us/op
WorkloadActual  56: 181104 op, 881725958.00 ns, 4.8686 us/op
WorkloadActual  57: 181104 op, 984702980.00 ns, 5.4372 us/op
WorkloadActual  58: 181104 op, 856631466.00 ns, 4.7301 us/op
WorkloadActual  59: 181104 op, 824042949.00 ns, 4.5501 us/op
WorkloadActual  60: 181104 op, 928263816.00 ns, 5.1256 us/op
WorkloadActual  61: 181104 op, 833864098.00 ns, 4.6043 us/op
WorkloadActual  62: 181104 op, 804422408.00 ns, 4.4418 us/op
WorkloadActual  63: 181104 op, 954861594.00 ns, 5.2724 us/op
WorkloadActual  64: 181104 op, 874837471.00 ns, 4.8306 us/op
WorkloadActual  65: 181104 op, 809243332.00 ns, 4.4684 us/op
WorkloadActual  66: 181104 op, 813866093.00 ns, 4.4939 us/op
WorkloadActual  67: 181104 op, 799971630.00 ns, 4.4172 us/op
WorkloadActual  68: 181104 op, 797227065.00 ns, 4.4020 us/op
WorkloadActual  69: 181104 op, 956781104.00 ns, 5.2830 us/op
WorkloadActual  70: 181104 op, 830417268.00 ns, 4.5853 us/op
WorkloadActual  71: 181104 op, 823659356.00 ns, 4.5480 us/op
WorkloadActual  72: 181104 op, 897901808.00 ns, 4.9579 us/op
WorkloadActual  73: 181104 op, 802167575.00 ns, 4.4293 us/op
WorkloadActual  74: 181104 op, 808135069.00 ns, 4.4623 us/op
WorkloadActual  75: 181104 op, 897049253.00 ns, 4.9532 us/op
WorkloadActual  76: 181104 op, 809000862.00 ns, 4.4671 us/op
WorkloadActual  77: 181104 op, 798825646.00 ns, 4.4109 us/op
WorkloadActual  78: 181104 op, 872057894.00 ns, 4.8152 us/op
WorkloadActual  79: 181104 op, 806294479.00 ns, 4.4521 us/op
WorkloadActual  80: 181104 op, 800848330.00 ns, 4.4220 us/op
WorkloadActual  81: 181104 op, 852160702.00 ns, 4.7054 us/op
WorkloadActual  82: 181104 op, 986607091.00 ns, 5.4477 us/op
WorkloadActual  83: 181104 op, 863716744.00 ns, 4.7692 us/op
WorkloadActual  84: 181104 op, 912517299.00 ns, 5.0386 us/op
WorkloadActual  85: 181104 op, 808169116.00 ns, 4.4625 us/op
WorkloadActual  86: 181104 op, 807359738.00 ns, 4.4580 us/op
WorkloadActual  87: 181104 op, 807726165.00 ns, 4.4600 us/op
WorkloadActual  88: 181104 op, 971072320.00 ns, 5.3620 us/op
WorkloadActual  89: 181104 op, 885263463.00 ns, 4.8881 us/op
WorkloadActual  90: 181104 op, 899230712.00 ns, 4.9653 us/op
WorkloadActual  91: 181104 op, 878007639.00 ns, 4.8481 us/op
WorkloadActual  92: 181104 op, 882526499.00 ns, 4.8730 us/op
WorkloadActual  93: 181104 op, 922212154.00 ns, 5.0922 us/op
WorkloadActual  94: 181104 op, 937657237.00 ns, 5.1775 us/op
WorkloadActual  95: 181104 op, 909245988.00 ns, 5.0206 us/op
WorkloadActual  96: 181104 op, 875763066.00 ns, 4.8357 us/op
WorkloadActual  97: 181104 op, 986553931.00 ns, 5.4474 us/op
WorkloadActual  98: 181104 op, 885222513.00 ns, 4.8879 us/op
WorkloadActual  99: 181104 op, 912066972.00 ns, 5.0362 us/op
WorkloadActual  100: 181104 op, 876590057.00 ns, 4.8403 us/op

// AfterActualRun
WorkloadResult   1: 181104 op, 935095818.00 ns, 5.1633 us/op
WorkloadResult   2: 181104 op, 1046425356.00 ns, 5.7780 us/op
WorkloadResult   3: 181104 op, 800371472.00 ns, 4.4194 us/op
WorkloadResult   4: 181104 op, 802532611.00 ns, 4.4313 us/op
WorkloadResult   5: 181104 op, 796233747.00 ns, 4.3966 us/op
WorkloadResult   6: 181104 op, 867083693.00 ns, 4.7878 us/op
WorkloadResult   7: 181104 op, 931335022.00 ns, 5.1425 us/op
WorkloadResult   8: 181104 op, 910051800.00 ns, 5.0250 us/op
WorkloadResult   9: 181104 op, 812171803.00 ns, 4.4846 us/op
WorkloadResult  10: 181104 op, 880418174.00 ns, 4.8614 us/op
WorkloadResult  11: 181104 op, 873681549.00 ns, 4.8242 us/op
WorkloadResult  12: 181104 op, 800530533.00 ns, 4.4203 us/op
WorkloadResult  13: 181104 op, 904393677.00 ns, 4.9938 us/op
WorkloadResult  14: 181104 op, 954385032.00 ns, 5.2698 us/op
WorkloadResult  15: 181104 op, 894977226.00 ns, 4.9418 us/op
WorkloadResult  16: 181104 op, 801172250.00 ns, 4.4238 us/op
WorkloadResult  17: 181104 op, 804939150.00 ns, 4.4446 us/op
WorkloadResult  18: 181104 op, 802990664.00 ns, 4.4339 us/op
WorkloadResult  19: 181104 op, 836163036.00 ns, 4.6170 us/op
WorkloadResult  20: 181104 op, 901372316.00 ns, 4.9771 us/op
WorkloadResult  21: 181104 op, 835052528.00 ns, 4.6109 us/op
WorkloadResult  22: 181104 op, 846514449.00 ns, 4.6742 us/op
WorkloadResult  23: 181104 op, 845064989.00 ns, 4.6662 us/op
WorkloadResult  24: 181104 op, 883336881.00 ns, 4.8775 us/op
WorkloadResult  25: 181104 op, 923373934.00 ns, 5.0986 us/op
WorkloadResult  26: 181104 op, 968603476.00 ns, 5.3483 us/op
WorkloadResult  27: 181104 op, 799992679.00 ns, 4.4173 us/op
WorkloadResult  28: 181104 op, 811440880.00 ns, 4.4805 us/op
WorkloadResult  29: 181104 op, 808939053.00 ns, 4.4667 us/op
WorkloadResult  30: 181104 op, 809890251.00 ns, 4.4720 us/op
WorkloadResult  31: 181104 op, 813137987.00 ns, 4.4899 us/op
WorkloadResult  32: 181104 op, 910927799.00 ns, 5.0299 us/op
WorkloadResult  33: 181104 op, 818910090.00 ns, 4.5218 us/op
WorkloadResult  34: 181104 op, 837206702.00 ns, 4.6228 us/op
WorkloadResult  35: 181104 op, 800362213.00 ns, 4.4194 us/op
WorkloadResult  36: 181104 op, 803110383.00 ns, 4.4345 us/op
WorkloadResult  37: 181104 op, 1028024821.00 ns, 5.6764 us/op
WorkloadResult  38: 181104 op, 918793093.00 ns, 5.0733 us/op
WorkloadResult  39: 181104 op, 809066923.00 ns, 4.4674 us/op
WorkloadResult  40: 181104 op, 844425067.00 ns, 4.6627 us/op
WorkloadResult  41: 181104 op, 796119914.00 ns, 4.3959 us/op
WorkloadResult  42: 181104 op, 834809717.00 ns, 4.6096 us/op
WorkloadResult  43: 181104 op, 801490237.00 ns, 4.4256 us/op
WorkloadResult  44: 181104 op, 801176706.00 ns, 4.4238 us/op
WorkloadResult  45: 181104 op, 880365116.00 ns, 4.8611 us/op
WorkloadResult  46: 181104 op, 813009235.00 ns, 4.4892 us/op
WorkloadResult  47: 181104 op, 804243568.00 ns, 4.4408 us/op
WorkloadResult  48: 181104 op, 894267201.00 ns, 4.9379 us/op
WorkloadResult  49: 181104 op, 960956517.00 ns, 5.3061 us/op
WorkloadResult  50: 181104 op, 883127033.00 ns, 4.8764 us/op
WorkloadResult  51: 181104 op, 965917158.00 ns, 5.3335 us/op
WorkloadResult  52: 181104 op, 926692879.00 ns, 5.1169 us/op
WorkloadResult  53: 181104 op, 866589164.00 ns, 4.7850 us/op
WorkloadResult  54: 181104 op, 803384649.00 ns, 4.4360 us/op
WorkloadResult  55: 181104 op, 932548821.00 ns, 5.1492 us/op
WorkloadResult  56: 181104 op, 881074307.00 ns, 4.8650 us/op
WorkloadResult  57: 181104 op, 984051329.00 ns, 5.4336 us/op
WorkloadResult  58: 181104 op, 855979815.00 ns, 4.7265 us/op
WorkloadResult  59: 181104 op, 823391298.00 ns, 4.5465 us/op
WorkloadResult  60: 181104 op, 927612165.00 ns, 5.1220 us/op
WorkloadResult  61: 181104 op, 833212447.00 ns, 4.6007 us/op
WorkloadResult  62: 181104 op, 803770757.00 ns, 4.4382 us/op
WorkloadResult  63: 181104 op, 954209943.00 ns, 5.2689 us/op
WorkloadResult  64: 181104 op, 874185820.00 ns, 4.8270 us/op
WorkloadResult  65: 181104 op, 808591681.00 ns, 4.4648 us/op
WorkloadResult  66: 181104 op, 813214442.00 ns, 4.4903 us/op
WorkloadResult  67: 181104 op, 799319979.00 ns, 4.4136 us/op
WorkloadResult  68: 181104 op, 796575414.00 ns, 4.3984 us/op
WorkloadResult  69: 181104 op, 956129453.00 ns, 5.2794 us/op
WorkloadResult  70: 181104 op, 829765617.00 ns, 4.5817 us/op
WorkloadResult  71: 181104 op, 823007705.00 ns, 4.5444 us/op
WorkloadResult  72: 181104 op, 897250157.00 ns, 4.9543 us/op
WorkloadResult  73: 181104 op, 801515924.00 ns, 4.4257 us/op
WorkloadResult  74: 181104 op, 807483418.00 ns, 4.4587 us/op
WorkloadResult  75: 181104 op, 896397602.00 ns, 4.9496 us/op
WorkloadResult  76: 181104 op, 808349211.00 ns, 4.4635 us/op
WorkloadResult  77: 181104 op, 798173995.00 ns, 4.4073 us/op
WorkloadResult  78: 181104 op, 871406243.00 ns, 4.8116 us/op
WorkloadResult  79: 181104 op, 805642828.00 ns, 4.4485 us/op
WorkloadResult  80: 181104 op, 800196679.00 ns, 4.4184 us/op
WorkloadResult  81: 181104 op, 851509051.00 ns, 4.7018 us/op
WorkloadResult  82: 181104 op, 985955440.00 ns, 5.4441 us/op
WorkloadResult  83: 181104 op, 863065093.00 ns, 4.7656 us/op
WorkloadResult  84: 181104 op, 911865648.00 ns, 5.0350 us/op
WorkloadResult  85: 181104 op, 807517465.00 ns, 4.4589 us/op
WorkloadResult  86: 181104 op, 806708087.00 ns, 4.4544 us/op
WorkloadResult  87: 181104 op, 807074514.00 ns, 4.4564 us/op
WorkloadResult  88: 181104 op, 970420669.00 ns, 5.3584 us/op
WorkloadResult  89: 181104 op, 884611812.00 ns, 4.8846 us/op
WorkloadResult  90: 181104 op, 898579061.00 ns, 4.9617 us/op
WorkloadResult  91: 181104 op, 877355988.00 ns, 4.8445 us/op
WorkloadResult  92: 181104 op, 881874848.00 ns, 4.8694 us/op
WorkloadResult  93: 181104 op, 921560503.00 ns, 5.0886 us/op
WorkloadResult  94: 181104 op, 937005586.00 ns, 5.1739 us/op
WorkloadResult  95: 181104 op, 908594337.00 ns, 5.0170 us/op
WorkloadResult  96: 181104 op, 875111415.00 ns, 4.8321 us/op
WorkloadResult  97: 181104 op, 985902280.00 ns, 5.4438 us/op
WorkloadResult  98: 181104 op, 884570862.00 ns, 4.8843 us/op
WorkloadResult  99: 181104 op, 911415321.00 ns, 5.0326 us/op
WorkloadResult  100: 181104 op, 875938406.00 ns, 4.8367 us/op

// AfterAll
// Benchmark Process 1006857 has exited with code 0.

Mean = 4.778 μs, StdErr = 0.034 μs (0.71%), N = 100, StdDev = 0.338 μs
Min = 4.396 μs, Q1 = 4.459 μs, Median = 4.746 μs, Q3 = 5.019 μs, Max = 5.778 μs
IQR = 0.560 μs, LowerFence = 3.619 μs, UpperFence = 5.859 μs
ConfidenceInterval = [4.663 μs; 4.893 μs] (CI 99.9%), Margin = 0.115 μs (2.40% of Mean)
Skewness = 0.7, Kurtosis = 2.64, MValue = 2.6

// ** Remained 1 (10.0 %) benchmark(s) to run. Estimated finish 2026-05-17 15:46 (0h 1m from now) **
// **************************
// Benchmark: SmokeBenchByte.Utf8Json_Ser: Energy(OutlierMode=DontRemove, IterationTime=1s)
// *** Execute ***
// Launch: 1 / 1
// Execute: dotnet JsonBench-Energy-1.dll --anonymousPipes 123 124 --benchmarkName JsonBench.Benchmarks.SmokeBenchByte.Utf8Json_Ser --job Energy --benchmarkId 9 in /home/test/json-energy-bench/JsonBench/bin/Release/net10.0/JsonBench-Energy-1/bin/Release/net10.0
// BeforeAnythingElse

// Benchmark Process Environment Information:
// BenchmarkDotNet v0.15.5-develop (2026-05-17)
// Runtime=.NET 10.0.7 (10.0.7, 10.0.726.21808), X64 RyuJIT x86-64-v3
// GC=Concurrent Workstation
// HardwareIntrinsics=AVX2+BMI1+BMI2+F16C+FMA+LZCNT+MOVBE,AVX,SSE3+SSSE3+SSE4.1+SSE4.2+POPCNT,X86Base+SSE+SSE2,AES+PCLMUL VectorSize=256
// Job: Energy(OutlierMode=DontRemove, IterationTime=1s)

OverheadJitting  1: 1 op, 191286.00 ns, 191.2860 us/op
WorkloadJitting  1: 1 op, 77126724.00 ns, 77.1267 ms/op

WorkloadPilot    1: 4 op, 125012.00 ns, 31.2530 us/op
WorkloadPilot    2: 31997 op, 356481231.00 ns, 11.1411 us/op
WorkloadPilot    3: 89758 op, 526709388.00 ns, 5.8681 us/op
WorkloadPilot    4: 170413 op, 1206023687.00 ns, 7.0771 us/op
WorkloadPilot    5: 141302 op, 1016364725.00 ns, 7.1929 us/op
WorkloadPilot    6: 139027 op, 1035135864.00 ns, 7.4456 us/op

WorkloadWarmup   1: 139027 op, 1136347144.00 ns, 8.1736 us/op
WorkloadWarmup   2: 139027 op, 950814613.00 ns, 6.8391 us/op
WorkloadWarmup   3: 139027 op, 781103159.00 ns, 5.6184 us/op
WorkloadWarmup   4: 139027 op, 749090126.00 ns, 5.3881 us/op
WorkloadWarmup   5: 139027 op, 748765826.00 ns, 5.3858 us/op
WorkloadWarmup   6: 139027 op, 833128597.00 ns, 5.9926 us/op
WorkloadWarmup   7: 139027 op, 839529711.00 ns, 6.0386 us/op
WorkloadWarmup   8: 139027 op, 890234038.00 ns, 6.4033 us/op
WorkloadWarmup   9: 139027 op, 1024024358.00 ns, 7.3657 us/op
WorkloadWarmup  10: 139027 op, 923628541.00 ns, 6.6435 us/op
WorkloadWarmup  11: 139027 op, 772937803.00 ns, 5.5596 us/op
WorkloadWarmup  12: 139027 op, 744144327.00 ns, 5.3525 us/op
WorkloadWarmup  13: 139027 op, 768429953.00 ns, 5.5272 us/op
WorkloadWarmup  14: 139027 op, 742753391.00 ns, 5.3425 us/op

// BeforeActualRun
WorkloadActual   1: 139027 op, 881844180.00 ns, 6.3430 us/op
WorkloadActual   2: 139027 op, 821754211.00 ns, 5.9108 us/op
WorkloadActual   3: 139027 op, 749878553.00 ns, 5.3938 us/op
WorkloadActual   4: 139027 op, 753043551.00 ns, 5.4165 us/op
WorkloadActual   5: 139027 op, 763227592.00 ns, 5.4898 us/op
WorkloadActual   6: 139027 op, 748335316.00 ns, 5.3827 us/op
WorkloadActual   7: 139027 op, 828933685.00 ns, 5.9624 us/op
WorkloadActual   8: 139027 op, 872618338.00 ns, 6.2766 us/op
WorkloadActual   9: 139027 op, 745564987.00 ns, 5.3627 us/op
WorkloadActual  10: 139027 op, 740839540.00 ns, 5.3287 us/op
WorkloadActual  11: 139027 op, 752930283.00 ns, 5.4157 us/op
WorkloadActual  12: 139027 op, 753822325.00 ns, 5.4221 us/op
WorkloadActual  13: 139027 op, 827601848.00 ns, 5.9528 us/op
WorkloadActual  14: 139027 op, 881065646.00 ns, 6.3374 us/op
WorkloadActual  15: 139027 op, 817238815.00 ns, 5.8783 us/op
WorkloadActual  16: 139027 op, 741848818.00 ns, 5.3360 us/op
WorkloadActual  17: 139027 op, 739730659.00 ns, 5.3208 us/op
WorkloadActual  18: 139027 op, 744055641.00 ns, 5.3519 us/op
WorkloadActual  19: 139027 op, 767086828.00 ns, 5.5175 us/op
WorkloadActual  20: 139027 op, 915303146.00 ns, 6.5836 us/op
WorkloadActual  21: 139027 op, 858883528.00 ns, 6.1778 us/op
WorkloadActual  22: 139027 op, 759936921.00 ns, 5.4661 us/op
WorkloadActual  23: 139027 op, 755955965.00 ns, 5.4375 us/op
WorkloadActual  24: 139027 op, 743798707.00 ns, 5.3500 us/op
WorkloadActual  25: 139027 op, 746914935.00 ns, 5.3724 us/op
WorkloadActual  26: 139027 op, 746718246.00 ns, 5.3710 us/op
WorkloadActual  27: 139027 op, 752266883.00 ns, 5.4109 us/op
WorkloadActual  28: 139027 op, 882147925.00 ns, 6.3452 us/op
WorkloadActual  29: 139027 op, 822296190.00 ns, 5.9147 us/op
WorkloadActual  30: 139027 op, 793802599.00 ns, 5.7097 us/op
WorkloadActual  31: 139027 op, 741237148.00 ns, 5.3316 us/op
WorkloadActual  32: 139027 op, 793098300.00 ns, 5.7046 us/op
WorkloadActual  33: 139027 op, 976933509.00 ns, 7.0269 us/op
WorkloadActual  34: 139027 op, 913447573.00 ns, 6.5703 us/op
WorkloadActual  35: 139027 op, 749651668.00 ns, 5.3921 us/op
WorkloadActual  36: 139027 op, 751647283.00 ns, 5.4065 us/op
WorkloadActual  37: 139027 op, 751909663.00 ns, 5.4084 us/op
WorkloadActual  38: 139027 op, 748856488.00 ns, 5.3864 us/op
WorkloadActual  39: 139027 op, 751743912.00 ns, 5.4072 us/op
WorkloadActual  40: 139027 op, 747956229.00 ns, 5.3799 us/op
WorkloadActual  41: 139027 op, 837206940.00 ns, 6.0219 us/op
WorkloadActual  42: 139027 op, 754228350.00 ns, 5.4250 us/op
WorkloadActual  43: 139027 op, 828367520.00 ns, 5.9583 us/op
WorkloadActual  44: 139027 op, 873388245.00 ns, 6.2821 us/op
WorkloadActual  45: 139027 op, 948969985.00 ns, 6.8258 us/op
WorkloadActual  46: 139027 op, 857785138.00 ns, 6.1699 us/op
WorkloadActual  47: 139027 op, 918907002.00 ns, 6.6096 us/op
WorkloadActual  48: 139027 op, 739804826.00 ns, 5.3213 us/op
WorkloadActual  49: 139027 op, 745834599.00 ns, 5.3647 us/op
WorkloadActual  50: 139027 op, 742967845.00 ns, 5.3441 us/op
WorkloadActual  51: 139027 op, 761790678.00 ns, 5.4794 us/op
WorkloadActual  52: 139027 op, 874061530.00 ns, 6.2870 us/op
WorkloadActual  53: 139027 op, 749000414.00 ns, 5.3874 us/op
WorkloadActual  54: 139027 op, 906849061.00 ns, 6.5228 us/op
WorkloadActual  55: 139027 op, 764890081.00 ns, 5.5017 us/op
WorkloadActual  56: 139027 op, 822641644.00 ns, 5.9171 us/op
WorkloadActual  57: 139027 op, 840912797.00 ns, 6.0486 us/op
WorkloadActual  58: 139027 op, 798373482.00 ns, 5.7426 us/op
WorkloadActual  59: 139027 op, 746224443.00 ns, 5.3675 us/op
WorkloadActual  60: 139027 op, 960301091.00 ns, 6.9073 us/op
WorkloadActual  61: 139027 op, 817863763.00 ns, 5.8828 us/op
WorkloadActual  62: 139027 op, 794728873.00 ns, 5.7164 us/op
WorkloadActual  63: 139027 op, 750718044.00 ns, 5.3998 us/op
WorkloadActual  64: 139027 op, 746678390.00 ns, 5.3707 us/op
WorkloadActual  65: 139027 op, 757823714.00 ns, 5.4509 us/op
WorkloadActual  66: 139027 op, 748878530.00 ns, 5.3866 us/op
WorkloadActual  67: 139027 op, 864934009.00 ns, 6.2213 us/op
WorkloadActual  68: 139027 op, 747601646.00 ns, 5.3774 us/op
WorkloadActual  69: 139027 op, 757929904.00 ns, 5.4517 us/op
WorkloadActual  70: 139027 op, 961054071.00 ns, 6.9127 us/op
WorkloadActual  71: 139027 op, 784612241.00 ns, 5.6436 us/op
WorkloadActual  72: 139027 op, 741711158.00 ns, 5.3350 us/op
WorkloadActual  73: 139027 op, 742488177.00 ns, 5.3406 us/op
WorkloadActual  74: 139027 op, 901801822.00 ns, 6.4865 us/op
WorkloadActual  75: 139027 op, 784644441.00 ns, 5.6438 us/op
WorkloadActual  76: 139027 op, 769547515.00 ns, 5.5352 us/op
WorkloadActual  77: 139027 op, 856421965.00 ns, 6.1601 us/op
WorkloadActual  78: 139027 op, 788639828.00 ns, 5.6726 us/op
WorkloadActual  79: 139027 op, 866551309.00 ns, 6.2330 us/op
WorkloadActual  80: 139027 op, 888417045.00 ns, 6.3902 us/op
WorkloadActual  81: 139027 op, 759396272.00 ns, 5.4622 us/op
WorkloadActual  82: 139027 op, 795552175.00 ns, 5.7223 us/op
WorkloadActual  83: 139027 op, 964133289.00 ns, 6.9349 us/op
WorkloadActual  84: 139027 op, 871684468.00 ns, 6.2699 us/op
WorkloadActual  85: 139027 op, 818111862.00 ns, 5.8846 us/op
WorkloadActual  86: 139027 op, 926859807.00 ns, 6.6668 us/op
WorkloadActual  87: 139027 op, 843452712.00 ns, 6.0668 us/op
WorkloadActual  88: 139027 op, 832788632.00 ns, 5.9901 us/op
WorkloadActual  89: 139027 op, 749874662.00 ns, 5.3937 us/op
WorkloadActual  90: 139027 op, 746363587.00 ns, 5.3685 us/op
WorkloadActual  91: 139027 op, 753609452.00 ns, 5.4206 us/op
WorkloadActual  92: 139027 op, 749764688.00 ns, 5.3929 us/op
WorkloadActual  93: 139027 op, 877212367.00 ns, 6.3097 us/op
WorkloadActual  94: 139027 op, 911708523.00 ns, 6.5578 us/op
WorkloadActual  95: 139027 op, 854141966.00 ns, 6.1437 us/op
WorkloadActual  96: 139027 op, 747298010.00 ns, 5.3752 us/op
WorkloadActual  97: 139027 op, 746803997.00 ns, 5.3716 us/op
WorkloadActual  98: 139027 op, 751026472.00 ns, 5.4020 us/op
WorkloadActual  99: 139027 op, 823848293.00 ns, 5.9258 us/op
WorkloadActual  100: 139027 op, 751100046.00 ns, 5.4025 us/op

// AfterActualRun
WorkloadResult   1: 139027 op, 881844180.00 ns, 6.3430 us/op
WorkloadResult   2: 139027 op, 821754211.00 ns, 5.9108 us/op
WorkloadResult   3: 139027 op, 749878553.00 ns, 5.3938 us/op
WorkloadResult   4: 139027 op, 753043551.00 ns, 5.4165 us/op
WorkloadResult   5: 139027 op, 763227592.00 ns, 5.4898 us/op
WorkloadResult   6: 139027 op, 748335316.00 ns, 5.3827 us/op
WorkloadResult   7: 139027 op, 828933685.00 ns, 5.9624 us/op
WorkloadResult   8: 139027 op, 872618338.00 ns, 6.2766 us/op
WorkloadResult   9: 139027 op, 745564987.00 ns, 5.3627 us/op
WorkloadResult  10: 139027 op, 740839540.00 ns, 5.3287 us/op
WorkloadResult  11: 139027 op, 752930283.00 ns, 5.4157 us/op
WorkloadResult  12: 139027 op, 753822325.00 ns, 5.4221 us/op
WorkloadResult  13: 139027 op, 827601848.00 ns, 5.9528 us/op
WorkloadResult  14: 139027 op, 881065646.00 ns, 6.3374 us/op
WorkloadResult  15: 139027 op, 817238815.00 ns, 5.8783 us/op
WorkloadResult  16: 139027 op, 741848818.00 ns, 5.3360 us/op
WorkloadResult  17: 139027 op, 739730659.00 ns, 5.3208 us/op
WorkloadResult  18: 139027 op, 744055641.00 ns, 5.3519 us/op
WorkloadResult  19: 139027 op, 767086828.00 ns, 5.5175 us/op
WorkloadResult  20: 139027 op, 915303146.00 ns, 6.5836 us/op
WorkloadResult  21: 139027 op, 858883528.00 ns, 6.1778 us/op
WorkloadResult  22: 139027 op, 759936921.00 ns, 5.4661 us/op
WorkloadResult  23: 139027 op, 755955965.00 ns, 5.4375 us/op
WorkloadResult  24: 139027 op, 743798707.00 ns, 5.3500 us/op
WorkloadResult  25: 139027 op, 746914935.00 ns, 5.3724 us/op
WorkloadResult  26: 139027 op, 746718246.00 ns, 5.3710 us/op
WorkloadResult  27: 139027 op, 752266883.00 ns, 5.4109 us/op
WorkloadResult  28: 139027 op, 882147925.00 ns, 6.3452 us/op
WorkloadResult  29: 139027 op, 822296190.00 ns, 5.9147 us/op
WorkloadResult  30: 139027 op, 793802599.00 ns, 5.7097 us/op
WorkloadResult  31: 139027 op, 741237148.00 ns, 5.3316 us/op
WorkloadResult  32: 139027 op, 793098300.00 ns, 5.7046 us/op
WorkloadResult  33: 139027 op, 976933509.00 ns, 7.0269 us/op
WorkloadResult  34: 139027 op, 913447573.00 ns, 6.5703 us/op
WorkloadResult  35: 139027 op, 749651668.00 ns, 5.3921 us/op
WorkloadResult  36: 139027 op, 751647283.00 ns, 5.4065 us/op
WorkloadResult  37: 139027 op, 751909663.00 ns, 5.4084 us/op
WorkloadResult  38: 139027 op, 748856488.00 ns, 5.3864 us/op
WorkloadResult  39: 139027 op, 751743912.00 ns, 5.4072 us/op
WorkloadResult  40: 139027 op, 747956229.00 ns, 5.3799 us/op
WorkloadResult  41: 139027 op, 837206940.00 ns, 6.0219 us/op
WorkloadResult  42: 139027 op, 754228350.00 ns, 5.4250 us/op
WorkloadResult  43: 139027 op, 828367520.00 ns, 5.9583 us/op
WorkloadResult  44: 139027 op, 873388245.00 ns, 6.2821 us/op
WorkloadResult  45: 139027 op, 948969985.00 ns, 6.8258 us/op
WorkloadResult  46: 139027 op, 857785138.00 ns, 6.1699 us/op
WorkloadResult  47: 139027 op, 918907002.00 ns, 6.6096 us/op
WorkloadResult  48: 139027 op, 739804826.00 ns, 5.3213 us/op
WorkloadResult  49: 139027 op, 745834599.00 ns, 5.3647 us/op
WorkloadResult  50: 139027 op, 742967845.00 ns, 5.3441 us/op
WorkloadResult  51: 139027 op, 761790678.00 ns, 5.4794 us/op
WorkloadResult  52: 139027 op, 874061530.00 ns, 6.2870 us/op
WorkloadResult  53: 139027 op, 749000414.00 ns, 5.3874 us/op
WorkloadResult  54: 139027 op, 906849061.00 ns, 6.5228 us/op
WorkloadResult  55: 139027 op, 764890081.00 ns, 5.5017 us/op
WorkloadResult  56: 139027 op, 822641644.00 ns, 5.9171 us/op
WorkloadResult  57: 139027 op, 840912797.00 ns, 6.0486 us/op
WorkloadResult  58: 139027 op, 798373482.00 ns, 5.7426 us/op
WorkloadResult  59: 139027 op, 746224443.00 ns, 5.3675 us/op
WorkloadResult  60: 139027 op, 960301091.00 ns, 6.9073 us/op
WorkloadResult  61: 139027 op, 817863763.00 ns, 5.8828 us/op
WorkloadResult  62: 139027 op, 794728873.00 ns, 5.7164 us/op
WorkloadResult  63: 139027 op, 750718044.00 ns, 5.3998 us/op
WorkloadResult  64: 139027 op, 746678390.00 ns, 5.3707 us/op
WorkloadResult  65: 139027 op, 757823714.00 ns, 5.4509 us/op
WorkloadResult  66: 139027 op, 748878530.00 ns, 5.3866 us/op
WorkloadResult  67: 139027 op, 864934009.00 ns, 6.2213 us/op
WorkloadResult  68: 139027 op, 747601646.00 ns, 5.3774 us/op
WorkloadResult  69: 139027 op, 757929904.00 ns, 5.4517 us/op
WorkloadResult  70: 139027 op, 961054071.00 ns, 6.9127 us/op
WorkloadResult  71: 139027 op, 784612241.00 ns, 5.6436 us/op
WorkloadResult  72: 139027 op, 741711158.00 ns, 5.3350 us/op
WorkloadResult  73: 139027 op, 742488177.00 ns, 5.3406 us/op
WorkloadResult  74: 139027 op, 901801822.00 ns, 6.4865 us/op
WorkloadResult  75: 139027 op, 784644441.00 ns, 5.6438 us/op
WorkloadResult  76: 139027 op, 769547515.00 ns, 5.5352 us/op
WorkloadResult  77: 139027 op, 856421965.00 ns, 6.1601 us/op
WorkloadResult  78: 139027 op, 788639828.00 ns, 5.6726 us/op
WorkloadResult  79: 139027 op, 866551309.00 ns, 6.2330 us/op
WorkloadResult  80: 139027 op, 888417045.00 ns, 6.3902 us/op
WorkloadResult  81: 139027 op, 759396272.00 ns, 5.4622 us/op
WorkloadResult  82: 139027 op, 795552175.00 ns, 5.7223 us/op
WorkloadResult  83: 139027 op, 964133289.00 ns, 6.9349 us/op
WorkloadResult  84: 139027 op, 871684468.00 ns, 6.2699 us/op
WorkloadResult  85: 139027 op, 818111862.00 ns, 5.8846 us/op
WorkloadResult  86: 139027 op, 926859807.00 ns, 6.6668 us/op
WorkloadResult  87: 139027 op, 843452712.00 ns, 6.0668 us/op
WorkloadResult  88: 139027 op, 832788632.00 ns, 5.9901 us/op
WorkloadResult  89: 139027 op, 749874662.00 ns, 5.3937 us/op
WorkloadResult  90: 139027 op, 746363587.00 ns, 5.3685 us/op
WorkloadResult  91: 139027 op, 753609452.00 ns, 5.4206 us/op
WorkloadResult  92: 139027 op, 749764688.00 ns, 5.3929 us/op
WorkloadResult  93: 139027 op, 877212367.00 ns, 6.3097 us/op
WorkloadResult  94: 139027 op, 911708523.00 ns, 6.5578 us/op
WorkloadResult  95: 139027 op, 854141966.00 ns, 6.1437 us/op
WorkloadResult  96: 139027 op, 747298010.00 ns, 5.3752 us/op
WorkloadResult  97: 139027 op, 746803997.00 ns, 5.3716 us/op
WorkloadResult  98: 139027 op, 751026472.00 ns, 5.4020 us/op
WorkloadResult  99: 139027 op, 823848293.00 ns, 5.9258 us/op
WorkloadResult  100: 139027 op, 751100046.00 ns, 5.4025 us/op

// AfterAll
// Benchmark Process 1007612 has exited with code 0.

Mean = 5.787 μs, StdErr = 0.048 μs (0.83%), N = 100, StdDev = 0.478 μs
Min = 5.321 μs, Q1 = 5.391 μs, Median = 5.526 μs, Q3 = 6.163 μs, Max = 7.027 μs
IQR = 0.772 μs, LowerFence = 4.234 μs, UpperFence = 7.320 μs
ConfidenceInterval = [5.625 μs; 5.949 μs] (CI 99.9%), Margin = 0.162 μs (2.80% of Mean)
Skewness = 0.87, Kurtosis = 2.56, MValue = 2.9

// ** Remained 0 (0.0 %) benchmark(s) to run. Estimated finish 2026-05-17 15:46 (0h 0m from now) **
// ***** BenchmarkRunner: Finish  *****

// * Export *
  BenchmarkArtifacts/results/JsonBench.Benchmarks.SmokeBenchByte-report.csv
  BenchmarkArtifacts/results/JsonBench.Benchmarks.SmokeBenchByte-report-github.md
  BenchmarkArtifacts/results/JsonBench.Benchmarks.SmokeBenchByte-report.html
  BenchmarkArtifacts/results/JsonBench.Benchmarks.SmokeBenchByte-measurements.csv

// * Detailed results *
SmokeBenchByte.SpanJson_Deser: Energy(OutlierMode=DontRemove, IterationTime=1s)
Runtime = .NET 10.0.7 (10.0.7, 10.0.726.21808), X64 RyuJIT x86-64-v3; GC = Concurrent Workstation
Mean = 6.273 μs, StdErr = 0.060 μs (0.96%), N = 100, StdDev = 0.603 μs
Min = 5.701 μs, Q1 = 5.800 μs, Median = 6.064 μs, Q3 = 6.612 μs, Max = 8.471 μs
IQR = 0.812 μs, LowerFence = 4.583 μs, UpperFence = 7.830 μs
ConfidenceInterval = [6.069 μs; 6.478 μs] (CI 99.9%), Margin = 0.205 μs (3.26% of Mean)
Skewness = 1.22, Kurtosis = 3.9, MValue = 2.13
-------------------- Histogram --------------------
[5.690 μs ; 6.031 μs) | @@@@@@@@@@@@@@@@@@@@@@@@@@@@@@@@@@@@@@@@@@@@@@@@@
[6.031 μs ; 6.465 μs) | @@@@@@@@@@@@@@@@@@
[6.465 μs ; 6.806 μs) | @@@@@@@@@@@@@@@@
[6.806 μs ; 7.123 μs) | @@@@
[7.123 μs ; 7.464 μs) | @@@@@@@@@
[7.464 μs ; 7.873 μs) | @@@
[7.873 μs ; 8.301 μs) | 
[8.301 μs ; 8.642 μs) | @
---------------------------------------------------

SmokeBenchByte.STJSrcGen_Deser: Energy(OutlierMode=DontRemove, IterationTime=1s)
Runtime = .NET 10.0.7 (10.0.7, 10.0.726.21808), X64 RyuJIT x86-64-v3; GC = Concurrent Workstation
Mean = 8.480 μs, StdErr = 0.068 μs (0.80%), N = 100, StdDev = 0.677 μs
Min = 7.658 μs, Q1 = 7.809 μs, Median = 8.466 μs, Q3 = 8.932 μs, Max = 10.321 μs
IQR = 1.123 μs, LowerFence = 6.124 μs, UpperFence = 10.617 μs
ConfidenceInterval = [8.250 μs; 8.710 μs] (CI 99.9%), Margin = 0.230 μs (2.71% of Mean)
Skewness = 0.56, Kurtosis = 2.37, MValue = 2.58
-------------------- Histogram --------------------
[ 7.650 μs ;  8.033 μs) | @@@@@@@@@@@@@@@@@@@@@@@@@@@@@@@@@@@@@@
[ 8.033 μs ;  8.460 μs) | @@@@@@@@@@@
[ 8.460 μs ;  8.843 μs) | @@@@@@@@@@@@@@@@@@@@@
[ 8.843 μs ;  9.243 μs) | @@@@@@@@@@@@@@
[ 9.243 μs ;  9.681 μs) | @@@@@@@@@@@@@
[ 9.681 μs ; 10.116 μs) | @
[10.116 μs ; 10.513 μs) | @@
---------------------------------------------------

SmokeBenchByte.STJRefGen_Deser: Energy(OutlierMode=DontRemove, IterationTime=1s)
Runtime = .NET 10.0.7 (10.0.7, 10.0.726.21808), X64 RyuJIT x86-64-v3; GC = Concurrent Workstation
Mean = 8.530 μs, StdErr = 0.067 μs (0.78%), N = 100, StdDev = 0.666 μs
Min = 7.810 μs, Q1 = 7.926 μs, Median = 8.349 μs, Q3 = 9.029 μs, Max = 10.491 μs
IQR = 1.103 μs, LowerFence = 6.271 μs, UpperFence = 10.684 μs
ConfidenceInterval = [8.305 μs; 8.756 μs] (CI 99.9%), Margin = 0.226 μs (2.65% of Mean)
Skewness = 0.74, Kurtosis = 2.53, MValue = 2.13
-------------------- Histogram --------------------
[ 7.800 μs ;  8.176 μs) | @@@@@@@@@@@@@@@@@@@@@@@@@@@@@@@@@@@@@@@@@@@@@@@
[ 8.176 μs ;  8.688 μs) | @@@@@@@@@@@@@@@@
[ 8.688 μs ;  9.182 μs) | @@@@@@@@@@@@@@@@@@@
[ 9.182 μs ;  9.650 μs) | @@@@@@@@@@@@@
[ 9.650 μs ; 10.056 μs) | @@@
[10.056 μs ; 10.539 μs) | @@
---------------------------------------------------

SmokeBenchByte.Utf8Json_Deser: Energy(OutlierMode=DontRemove, IterationTime=1s)
Runtime = .NET 10.0.7 (10.0.7, 10.0.726.21808), X64 RyuJIT x86-64-v3; GC = Concurrent Workstation
Mean = 9.090 μs, StdErr = 0.085 μs (0.94%), N = 100, StdDev = 0.851 μs
Min = 8.253 μs, Q1 = 8.373 μs, Median = 8.843 μs, Q3 = 9.562 μs, Max = 11.398 μs
IQR = 1.189 μs, LowerFence = 6.589 μs, UpperFence = 11.346 μs
ConfidenceInterval = [8.801 μs; 9.379 μs] (CI 99.9%), Margin = 0.289 μs (3.17% of Mean)
Skewness = 1.01, Kurtosis = 3.08, MValue = 2.13
-------------------- Histogram --------------------
[ 8.238 μs ;  8.719 μs) | @@@@@@@@@@@@@@@@@@@@@@@@@@@@@@@@@@@@@@@@@@@@@@@@
[ 8.719 μs ;  9.365 μs) | @@@@@@@@@@@@@@@@@@@@@@@@
[ 9.365 μs ;  9.895 μs) | @@@@@@@@@@@
[ 9.895 μs ; 10.478 μs) | @@@@@@@@@
[10.478 μs ; 11.003 μs) | @@@
[11.003 μs ; 11.484 μs) | @@@@@
---------------------------------------------------

SmokeBenchByte.Newtonsoft_Deser: Energy(OutlierMode=DontRemove, IterationTime=1s)
Runtime = .NET 10.0.7 (10.0.7, 10.0.726.21808), X64 RyuJIT x86-64-v3; GC = Concurrent Workstation
Mean = 17.420 μs, StdErr = 0.152 μs (0.87%), N = 100, StdDev = 1.518 μs
Min = 15.452 μs, Q1 = 15.866 μs, Median = 17.480 μs, Q3 = 18.113 μs, Max = 22.697 μs
IQR = 2.247 μs, LowerFence = 12.496 μs, UpperFence = 21.483 μs
ConfidenceInterval = [16.905 μs; 17.935 μs] (CI 99.9%), Margin = 0.515 μs (2.96% of Mean)
Skewness = 0.7, Kurtosis = 3.54, MValue = 3.82
-------------------- Histogram --------------------
[15.410 μs ; 16.269 μs) | @@@@@@@@@@@@@@@@@@@@@@@@@@@@@@
[16.269 μs ; 17.301 μs) | @@@@@@@@@@@@@
[17.301 μs ; 18.160 μs) | @@@@@@@@@@@@@@@@@@@@@@@@@@@@@@@@@
[18.160 μs ; 19.357 μs) | @@@@@@@@@@@@@@
[19.357 μs ; 20.112 μs) | @@@@@@
[20.112 μs ; 20.686 μs) | 
[20.686 μs ; 21.544 μs) | @@@
[21.544 μs ; 22.268 μs) | 
[22.268 μs ; 23.126 μs) | @
---------------------------------------------------

SmokeBenchByte.STJSrcGen_Ser: Energy(OutlierMode=DontRemove, IterationTime=1s)
Runtime = .NET 10.0.7 (10.0.7, 10.0.726.21808), X64 RyuJIT x86-64-v3; GC = Concurrent Workstation
Mean = 3.054 μs, StdErr = 0.030 μs (0.98%), N = 100, StdDev = 0.301 μs
Min = 2.758 μs, Q1 = 2.799 μs, Median = 2.947 μs, Q3 = 3.235 μs, Max = 4.151 μs
IQR = 0.437 μs, LowerFence = 2.144 μs, UpperFence = 3.890 μs
ConfidenceInterval = [2.952 μs; 3.156 μs] (CI 99.9%), Margin = 0.102 μs (3.34% of Mean)
Skewness = 1.08, Kurtosis = 3.73, MValue = 2.33
-------------------- Histogram --------------------
[2.754 μs ; 2.924 μs) | @@@@@@@@@@@@@@@@@@@@@@@@@@@@@@@@@@@@@@@@@@@@@@@@@
[2.924 μs ; 3.094 μs) | @@@@@@@@@@
[3.094 μs ; 3.264 μs) | @@@@@@@@@@@@@@@@@@@
[3.264 μs ; 3.478 μs) | @@@@@@@@@@@@@@
[3.478 μs ; 3.671 μs) | @@@
[3.671 μs ; 3.841 μs) | @@@@
[3.841 μs ; 4.066 μs) | 
[4.066 μs ; 4.236 μs) | @
---------------------------------------------------

SmokeBenchByte.STJRefGen_Ser: Energy(OutlierMode=DontRemove, IterationTime=1s)
Runtime = .NET 10.0.7 (10.0.7, 10.0.726.21808), X64 RyuJIT x86-64-v3; GC = Concurrent Workstation
Mean = 4.343 μs, StdErr = 0.042 μs (0.96%), N = 100, StdDev = 0.418 μs
Min = 3.925 μs, Q1 = 4.009 μs, Median = 4.187 μs, Q3 = 4.555 μs, Max = 5.529 μs
IQR = 0.546 μs, LowerFence = 3.189 μs, UpperFence = 5.375 μs
ConfidenceInterval = [4.202 μs; 4.485 μs] (CI 99.9%), Margin = 0.142 μs (3.26% of Mean)
Skewness = 1.11, Kurtosis = 3.4, MValue = 2.54
-------------------- Histogram --------------------
[3.915 μs ; 4.151 μs) | @@@@@@@@@@@@@@@@@@@@@@@@@@@@@@@@@@@@@@@@@@@@@@@@@
[4.151 μs ; 4.355 μs) | @@@@@@@@@
[4.355 μs ; 4.591 μs) | @@@@@@@@@@@@@@@@@@@@@
[4.591 μs ; 4.775 μs) | @@@@
[4.775 μs ; 5.011 μs) | @@@@@@@@@
[5.011 μs ; 5.299 μs) | @@
[5.299 μs ; 5.535 μs) | @@@@@@
---------------------------------------------------

SmokeBenchByte.SpanJson_Ser: Energy(OutlierMode=DontRemove, IterationTime=1s)
Runtime = .NET 10.0.7 (10.0.7, 10.0.726.21808), X64 RyuJIT x86-64-v3; GC = Concurrent Workstation
Mean = 4.778 μs, StdErr = 0.034 μs (0.71%), N = 100, StdDev = 0.338 μs
Min = 4.396 μs, Q1 = 4.459 μs, Median = 4.746 μs, Q3 = 5.019 μs, Max = 5.778 μs
IQR = 0.560 μs, LowerFence = 3.619 μs, UpperFence = 5.859 μs
ConfidenceInterval = [4.663 μs; 4.893 μs] (CI 99.9%), Margin = 0.115 μs (2.40% of Mean)
Skewness = 0.7, Kurtosis = 2.64, MValue = 2.6
-------------------- Histogram --------------------
[4.393 μs ; 4.584 μs) | @@@@@@@@@@@@@@@@@@@@@@@@@@@@@@@@@@@@@@@@
[4.584 μs ; 4.778 μs) | @@@@@@@@@@@
[4.778 μs ; 4.969 μs) | @@@@@@@@@@@@@@@@@@@@@
[4.969 μs ; 5.179 μs) | @@@@@@@@@@@@@@@@
[5.179 μs ; 5.452 μs) | @@@@@@@@@@
[5.452 μs ; 5.632 μs) | 
[5.632 μs ; 5.823 μs) | @@
---------------------------------------------------

SmokeBenchByte.Utf8Json_Ser: Energy(OutlierMode=DontRemove, IterationTime=1s)
Runtime = .NET 10.0.7 (10.0.7, 10.0.726.21808), X64 RyuJIT x86-64-v3; GC = Concurrent Workstation
Mean = 5.787 μs, StdErr = 0.048 μs (0.83%), N = 100, StdDev = 0.478 μs
Min = 5.321 μs, Q1 = 5.391 μs, Median = 5.526 μs, Q3 = 6.163 μs, Max = 7.027 μs
IQR = 0.772 μs, LowerFence = 4.234 μs, UpperFence = 7.320 μs
ConfidenceInterval = [5.625 μs; 5.949 μs] (CI 99.9%), Margin = 0.162 μs (2.80% of Mean)
Skewness = 0.87, Kurtosis = 2.56, MValue = 2.9
-------------------- Histogram --------------------
[5.293 μs ; 5.563 μs) | @@@@@@@@@@@@@@@@@@@@@@@@@@@@@@@@@@@@@@@@@@@@@@@@@@@
[5.563 μs ; 5.698 μs) | @@@
[5.698 μs ; 5.969 μs) | @@@@@@@@@@@@@@@
[5.969 μs ; 6.132 μs) | @@@@
[6.132 μs ; 6.402 μs) | @@@@@@@@@@@@@@@
[6.402 μs ; 6.712 μs) | @@@@@@@
[6.712 μs ; 7.062 μs) | @@@@@
---------------------------------------------------

SmokeBenchByte.Newtonsoft_Ser: Energy(OutlierMode=DontRemove, IterationTime=1s)
Runtime = .NET 10.0.7 (10.0.7, 10.0.726.21808), X64 RyuJIT x86-64-v3; GC = Concurrent Workstation
Mean = 9.979 μs, StdErr = 0.087 μs (0.87%), N = 100, StdDev = 0.871 μs
Min = 9.140 μs, Q1 = 9.262 μs, Median = 9.537 μs, Q3 = 10.514 μs, Max = 12.439 μs
IQR = 1.251 μs, LowerFence = 7.385 μs, UpperFence = 12.391 μs
ConfidenceInterval = [9.683 μs; 10.274 μs] (CI 99.9%), Margin = 0.295 μs (2.96% of Mean)
Skewness = 1.02, Kurtosis = 3.09, MValue = 2.47
-------------------- Histogram --------------------
[ 9.100 μs ;  9.592 μs) | @@@@@@@@@@@@@@@@@@@@@@@@@@@@@@@@@@@@@@@@@@@@@@@@@@@
[ 9.592 μs ; 10.112 μs) | @@@@@@@@@
[10.112 μs ; 10.605 μs) | @@@@@@@@@@@@@@@@@@@@
[10.605 μs ; 11.093 μs) | @@@@@@
[11.093 μs ; 11.585 μs) | @@@@@@@@
[11.585 μs ; 11.986 μs) | @@
[11.986 μs ; 12.478 μs) | @@@@
---------------------------------------------------

// * Summary *

BenchmarkDotNet v0.15.5-develop (2026-05-17), Linux Ubuntu 24.04.4 LTS (Noble Numbat)
Intel Core i9-9900K CPU 3.60GHz (Max: 0.80GHz) (Coffee Lake), 1 CPU, 16 logical and 8 physical cores
.NET SDK 10.0.107
  [Host] : .NET 10.0.7 (10.0.7, 10.0.726.21808), X64 RyuJIT x86-64-v3
  Energy : .NET 10.0.7 (10.0.7, 10.0.726.21808), X64 RyuJIT x86-64-v3

Job=Energy  OutlierMode=DontRemove  IterationTime=1s  

| Method           | Mean      | Error     | StdDev    | Operations | Median    | Iterations | Metrion CPU Energy (uJ/op) | Metrion CPU Energy (uJ/iter) |
|----------------- |----------:|----------:|----------:|-----------:|----------:|-----------:|---------------------------:|-----------------------------:|
| SpanJson_Deser   |  6.273 μs | 0.2046 μs | 0.6033 μs |    141,571 |  6.064 μs |      100.0 |                      92.20 |                  13053277.90 |
| STJSrcGen_Deser  |  8.480 μs | 0.2296 μs | 0.6770 μs |     96,752 |  8.466 μs |      100.0 |                     122.89 |                  11889733.25 |
| STJRefGen_Deser  |  8.530 μs | 0.2258 μs | 0.6656 μs |    112,288 |  8.349 μs |      100.0 |                     121.96 |                  13694845.15 |
| Utf8Json_Deser   |  9.090 μs | 0.2886 μs | 0.8509 μs |     83,530 |  8.843 μs |      100.0 |                     133.39 |                  11142281.25 |
| Newtonsoft_Deser | 17.420 μs | 0.5150 μs | 1.5184 μs |     47,184 | 17.480 μs |      100.0 |                     255.18 |                  12040209.30 |
|                  |           |           |           |            |           |            |                            |                              |
| STJSrcGen_Ser    |  3.054 μs | 0.1019 μs | 0.3005 μs |    260,144 |  2.947 μs |      100.0 |                      44.97 |                  11699800.32 |
| STJRefGen_Ser    |  4.343 μs | 0.1417 μs | 0.4179 μs |    178,048 |  4.187 μs |      100.0 |                      65.21 |                  11610457.97 |
| SpanJson_Ser     |  4.778 μs | 0.1147 μs | 0.3382 μs |    181,104 |  4.746 μs |      100.0 |                      68.75 |                  12451764.15 |
| Utf8Json_Ser     |  5.787 μs | 0.1621 μs | 0.4780 μs |    139,027 |  5.526 μs |      100.0 |                      84.94 |                  11809293.62 |
| Newtonsoft_Ser   |  9.979 μs | 0.2953 μs | 0.8706 μs |     86,480 |  9.537 μs |      100.0 |                     143.32 |                  12394635.66 |

// * Warnings *
MultimodalDistribution
  SmokeBenchByte.Newtonsoft_Deser: Energy -> It seems that the distribution is bimodal (mValue = 3.82)
  SmokeBenchByte.Utf8Json_Ser: Energy     -> It seems that the distribution can have several modes (mValue = 2.9)

// * Hints *
Outliers
  SmokeBenchByte.SpanJson_Deser: Energy   -> 2 outliers were detected (7.86 μs, 8.47 μs)
  SmokeBenchByte.Utf8Json_Deser: Energy   -> 1 outlier  was  detected (11.40 μs)
  SmokeBenchByte.Newtonsoft_Deser: Energy -> 1 outlier  was  detected (22.70 μs)
  SmokeBenchByte.STJSrcGen_Ser: Energy    -> 1 outlier  was  detected (4.16 μs)
  SmokeBenchByte.STJRefGen_Ser: Energy    -> 3 outliers were detected (5.38 μs..5.54 μs)
  SmokeBenchByte.Newtonsoft_Ser: Energy   -> 1 outlier  was  detected (12.44 μs)

// * Legends *
  Mean                         : Arithmetic mean of all measurements
  Error                        : Half of 99.9% confidence interval
  StdDev                       : Standard deviation of all measurements
  Operations                   : Actual invocations per measured iteration (from measurements)
  Median                       : Value separating the higher half of all measurements (50th percentile)
  Iterations                   : Number of target iterations
  Metrion CPU Energy (uJ/op)   : Average CPU core energy consumed per benchmark operation (uJ), captured with Metrion.
  Metrion CPU Energy (uJ/iter) : Average CPU core energy consumed per benchmark iteration (uJ), captured with Metrion.
  1 μs                         : 1 Microsecond (0.000001 sec)

// * Diagnostic Output - MetrionEnergyProfiler *
Metrion measured the energy for a total of 10 benchmarks.
The database files for each benchmark were stored in the Artifacts folder. e.g: 
/home/test/json-energy-bench/BenchmarkArtifacts/metrion/JsonBench.Benchmarks.SmokeBenchByte.STJRefGen_Deser-20260517-152926.pid1000762.db
The measurements details of Actual Stage for each benchmark:
BenchmarkMethod - StartTimestamp - EndTimestamp - TotalEnergyFromSummary - TotalEnergyFromRawMeasurements
STJRefGen_Deser: 2026-05-17T15:27:38.960195 - 2026-05-17T15:29:14.913392 - 1369.5096278193544 - 1369.4845146194689
STJSrcGen_Deser: 2026-05-17T15:29:43.342339 - 2026-05-17T15:31:05.568652 - 1193.5003235682964 - 1188.9733248519776
Newtonsoft_Deser: 2026-05-17T15:31:36.089203 - 2026-05-17T15:32:58.426285 - 1201.0715552266504 - 1204.0209299826602
SpanJson_Deser: 2026-05-17T15:33:28.955606 - 2026-05-17T15:34:57.905710 - 1313.8733224456937 - 1305.3277895717752
Utf8Json_Deser: 2026-05-17T15:35:26.092080 - 2026-05-17T15:36:42.153541 - 1104.985950633224 - 1114.2281247472874
STJRefGen_Ser: 2026-05-17T15:37:09.573151 - 2026-05-17T15:38:27.134943 - 1159.8680458391173 - 1161.0457973337
STJSrcGen_Ser: 2026-05-17T15:38:57.047482 - 2026-05-17T15:40:16.754006 - 1156.759618094394 - 1169.9800319132646
Newtonsoft_Ser: 2026-05-17T15:40:44.584701 - 2026-05-17T15:42:11.047551 - 1240.1424994941065 - 1239.4635660408455
SpanJson_Ser: 2026-05-17T15:42:35.974786 - 2026-05-17T15:44:02.699727 - 1249.2816220484874 - 1245.1764146024273
Utf8Json_Ser: 2026-05-17T15:44:33.057429 - 2026-05-17T15:45:53.634645 - 1169.0991018746697 - 1180.9293622036632


// ***** BenchmarkRunner: End *****
Run time: 00:18:46 (1126.42 sec), executed benchmarks: 10

Global total time: 00:18:52 (1132.68 sec), executed benchmarks: 10
// * Artifacts cleanup *
Artifacts cleanup is finished
