// Validating benchmarks:
// ***** BenchmarkRunner: Start   *****
// ***** Found 10 benchmark(s) in total *****
// ***** Building 1 exe(s) in Parallel: Start   *****
// start dotnet  restore --nodeReuse:false /p:UseSharedCompilation=false /p:Deterministic=true /p:Optimize=true /p:ArtifactsPath="/home/test/json-energy-bench/JsonBench/bin/Release/net10.0/JsonBench-Energy-1/" /p:OutDir="/home/test/json-energy-bench/JsonBench/bin/Release/net10.0/JsonBench-Energy-1/bin/Release/net10.0/" /p:OutputPath="/home/test/json-energy-bench/JsonBench/bin/Release/net10.0/JsonBench-Energy-1/bin/Release/net10.0/" /p:PublishDir="/home/test/json-energy-bench/JsonBench/bin/Release/net10.0/JsonBench-Energy-1/publish/" in /home/test/json-energy-bench/JsonBench/bin/Release/net10.0/JsonBench-Energy-1
// command took 1.28 sec and exited with 0
// start dotnet  build -c Release --no-restore --nodeReuse:false /p:UseSharedCompilation=false /p:Deterministic=true /p:Optimize=true /p:ArtifactsPath="/home/test/json-energy-bench/JsonBench/bin/Release/net10.0/JsonBench-Energy-1/" /p:OutDir="/home/test/json-energy-bench/JsonBench/bin/Release/net10.0/JsonBench-Energy-1/bin/Release/net10.0/" /p:OutputPath="/home/test/json-energy-bench/JsonBench/bin/Release/net10.0/JsonBench-Energy-1/bin/Release/net10.0/" /p:PublishDir="/home/test/json-energy-bench/JsonBench/bin/Release/net10.0/JsonBench-Energy-1/publish/" --output "/home/test/json-energy-bench/JsonBench/bin/Release/net10.0/JsonBench-Energy-1/bin/Release/net10.0/" in /home/test/json-energy-bench/JsonBench/bin/Release/net10.0/JsonBench-Energy-1
// command took 4.12 sec and exited with 0
// ***** Done, took 00:00:05 (5.46 sec)   *****
// Found 10 benchmarks:
//   SmokeBenchByte.STJRefGen_Deser: Energy(OutlierMode=DontRemove, IterationTime=1s)
//   SmokeBenchByte.STJSrcGen_Deser: Energy(OutlierMode=DontRemove, IterationTime=1s)
//   SmokeBenchByte.Newtonsoft_Deser: Energy(OutlierMode=DontRemove, IterationTime=1s)
//   SmokeBenchByte.SpanJson_Deser: Energy(OutlierMode=DontRemove, IterationTime=1s)
//   SmokeBenchByte.Utf8Json_Deser: Energy(OutlierMode=DontRemove, IterationTime=1s)
//   SmokeBenchByte.STJRefGen_Ser: Energy(OutlierMode=DontRemove, IterationTime=1s)
//   SmokeBenchByte.STJSrcGen_Ser: Energy(OutlierMode=DontRemove, IterationTime=1s)
//   SmokeBenchByte.Newtonsoft_Ser: Energy(OutlierMode=DontRemove, IterationTime=1s)
//   SmokeBenchByte.SpanJson_Ser: Energy(OutlierMode=DontRemove, IterationTime=1s)
//   SmokeBenchByte.Utf8Json_Ser: Energy(OutlierMode=DontRemove, IterationTime=1s)

// **************************
// Benchmark: SmokeBenchByte.STJRefGen_Deser: Energy(OutlierMode=DontRemove, IterationTime=1s)
// *** Execute ***
// Launch: 1 / 1
// Execute: dotnet JsonBench-Energy-1.dll --anonymousPipes 160 161 --benchmarkName JsonBench.Benchmarks.SmokeBenchByte.STJRefGen_Deser --job Energy --benchmarkId 0 in /home/test/json-energy-bench/JsonBench/bin/Release/net10.0/JsonBench-Energy-1/bin/Release/net10.0
// BeforeAnythingElse

// Benchmark Process Environment Information:
// BenchmarkDotNet v0.15.5-develop (2026-05-26)
// Runtime=.NET 10.0.8 (10.0.8, 10.0.826.23019), X64 RyuJIT x86-64-v3
// GC=Concurrent Workstation
// HardwareIntrinsics=AVX2+BMI1+BMI2+F16C+FMA+LZCNT+MOVBE,AVX,SSE3+SSSE3+SSE4.1+SSE4.2+POPCNT,X86Base+SSE+SSE2,AES+PCLMUL VectorSize=256
// Job: Energy(OutlierMode=DontRemove, IterationTime=1s)

OverheadJitting  1: 1 op, 186855.00 ns, 186.8550 us/op
WorkloadJitting  1: 1 op, 273024.00 ns, 273.0240 us/op

OverheadJitting  2: 16 op, 488599.00 ns, 30.5374 us/op
WorkloadJitting  2: 16 op, 837105.00 ns, 52.3191 us/op

WorkloadPilot    1: 16 op, 295941.00 ns, 18.4963 us/op
WorkloadPilot    2: 54080 op, 700317517.00 ns, 12.9497 us/op
WorkloadPilot    3: 77232 op, 682876658.00 ns, 8.8419 us/op
WorkloadPilot    4: 113104 op, 935451237.00 ns, 8.2707 us/op
WorkloadPilot    5: 120912 op, 1123664920.00 ns, 9.2932 us/op
WorkloadPilot    6: 107616 op, 991057537.00 ns, 9.2092 us/op
WorkloadPilot    7: 108592 op, 835264145.00 ns, 7.6918 us/op
WorkloadPilot    8: 130016 op, 1020915801.00 ns, 7.8522 us/op
WorkloadPilot    9: 127360 op, 961860521.00 ns, 7.5523 us/op
WorkloadPilot   10: 132416 op, 998267899.00 ns, 7.5389 us/op
WorkloadPilot   11: 132656 op, 999338859.00 ns, 7.5333 us/op
WorkloadPilot   12: 132752 op, 1001584669.00 ns, 7.5448 us/op

OverheadWarmup   1: 132752 op, 434232.00 ns, 3.2710 ns/op
OverheadWarmup   2: 132752 op, 430536.00 ns, 3.2432 ns/op
OverheadWarmup   3: 132752 op, 433230.00 ns, 3.2635 ns/op
OverheadWarmup   4: 132752 op, 429104.00 ns, 3.2324 ns/op
OverheadWarmup   5: 132752 op, 427082.00 ns, 3.2171 ns/op
OverheadWarmup   6: 132752 op, 431146.00 ns, 3.2478 ns/op
OverheadWarmup   7: 132752 op, 428192.00 ns, 3.2255 ns/op

OverheadActual   1: 132752 op, 437306.00 ns, 3.2942 ns/op
OverheadActual   2: 132752 op, 431492.00 ns, 3.2504 ns/op
OverheadActual   3: 132752 op, 432863.00 ns, 3.2607 ns/op
OverheadActual   4: 132752 op, 430555.00 ns, 3.2433 ns/op
OverheadActual   5: 132752 op, 431115.00 ns, 3.2475 ns/op
OverheadActual   6: 132752 op, 426789.00 ns, 3.2149 ns/op
OverheadActual   7: 132752 op, 429781.00 ns, 3.2375 ns/op
OverheadActual   8: 132752 op, 429955.00 ns, 3.2388 ns/op
OverheadActual   9: 132752 op, 435222.00 ns, 3.2785 ns/op
OverheadActual  10: 132752 op, 431844.00 ns, 3.2530 ns/op
OverheadActual  11: 132752 op, 434521.00 ns, 3.2732 ns/op
OverheadActual  12: 132752 op, 437121.00 ns, 3.2928 ns/op
OverheadActual  13: 132752 op, 429881.00 ns, 3.2382 ns/op
OverheadActual  14: 132752 op, 428169.00 ns, 3.2253 ns/op
OverheadActual  15: 132752 op, 431111.00 ns, 3.2475 ns/op

WorkloadWarmup   1: 132752 op, 1213304393.00 ns, 9.1396 us/op
WorkloadWarmup   2: 132752 op, 1058103641.00 ns, 7.9705 us/op
WorkloadWarmup   3: 132752 op, 1009042317.00 ns, 7.6010 us/op
WorkloadWarmup   4: 132752 op, 1006465732.00 ns, 7.5815 us/op
WorkloadWarmup   5: 132752 op, 1002691376.00 ns, 7.5531 us/op
WorkloadWarmup   6: 132752 op, 1134853106.00 ns, 8.5487 us/op
WorkloadWarmup   7: 132752 op, 998775972.00 ns, 7.5236 us/op
WorkloadWarmup   8: 132752 op, 1001522256.00 ns, 7.5443 us/op
WorkloadWarmup   9: 132752 op, 1000565512.00 ns, 7.5371 us/op

// BeforeActualRun
WorkloadActual   1: 132752 op, 1004413759.00 ns, 7.5661 us/op
WorkloadActual   2: 132752 op, 1216706081.00 ns, 9.1653 us/op
WorkloadActual   3: 132752 op, 1004492193.00 ns, 7.5667 us/op
WorkloadActual   4: 132752 op, 1027288385.00 ns, 7.7384 us/op
WorkloadActual   5: 132752 op, 1009042792.00 ns, 7.6010 us/op
WorkloadActual   6: 132752 op, 1016540807.00 ns, 7.6574 us/op
WorkloadActual   7: 132752 op, 1052051042.00 ns, 7.9249 us/op
WorkloadActual   8: 132752 op, 1055645881.00 ns, 7.9520 us/op
WorkloadActual   9: 132752 op, 1004677526.00 ns, 7.5681 us/op
WorkloadActual  10: 132752 op, 1003290680.00 ns, 7.5576 us/op
WorkloadActual  11: 132752 op, 1043631592.00 ns, 7.8615 us/op
WorkloadActual  12: 132752 op, 1117853655.00 ns, 8.4206 us/op
WorkloadActual  13: 132752 op, 1082700409.00 ns, 8.1558 us/op
WorkloadActual  14: 132752 op, 1001010731.00 ns, 7.5405 us/op
WorkloadActual  15: 132752 op, 1003081348.00 ns, 7.5561 us/op
WorkloadActual  16: 132752 op, 999148434.00 ns, 7.5264 us/op
WorkloadActual  17: 132752 op, 1003996206.00 ns, 7.5629 us/op
WorkloadActual  18: 132752 op, 1128927060.00 ns, 8.5040 us/op
WorkloadActual  19: 132752 op, 1040918389.00 ns, 7.8411 us/op
WorkloadActual  20: 132752 op, 1008614007.00 ns, 7.5977 us/op
WorkloadActual  21: 132752 op, 1084382753.00 ns, 8.1685 us/op
WorkloadActual  22: 132752 op, 1075307777.00 ns, 8.1001 us/op
WorkloadActual  23: 132752 op, 1114473551.00 ns, 8.3952 us/op
WorkloadActual  24: 132752 op, 1001079459.00 ns, 7.5410 us/op
WorkloadActual  25: 132752 op, 1003479127.00 ns, 7.5591 us/op
WorkloadActual  26: 132752 op, 1004357997.00 ns, 7.5657 us/op
WorkloadActual  27: 132752 op, 1003403325.00 ns, 7.5585 us/op
WorkloadActual  28: 132752 op, 1110937198.00 ns, 8.3685 us/op
WorkloadActual  29: 132752 op, 1002724013.00 ns, 7.5534 us/op
WorkloadActual  30: 132752 op, 1000875625.00 ns, 7.5394 us/op
WorkloadActual  31: 132752 op, 1025681808.00 ns, 7.7263 us/op
WorkloadActual  32: 132752 op, 1001215006.00 ns, 7.5420 us/op
WorkloadActual  33: 132752 op, 1125751346.00 ns, 8.4801 us/op
WorkloadActual  34: 132752 op, 999902758.00 ns, 7.5321 us/op
WorkloadActual  35: 132752 op, 1002680345.00 ns, 7.5530 us/op
WorkloadActual  36: 132752 op, 1030379690.00 ns, 7.7617 us/op
WorkloadActual  37: 132752 op, 1026359349.00 ns, 7.7314 us/op
WorkloadActual  38: 132752 op, 1104721163.00 ns, 8.3217 us/op
WorkloadActual  39: 132752 op, 1002144450.00 ns, 7.5490 us/op
WorkloadActual  40: 132752 op, 1007487572.00 ns, 7.5892 us/op
WorkloadActual  41: 132752 op, 1043499833.00 ns, 7.8605 us/op
WorkloadActual  42: 132752 op, 1005801396.00 ns, 7.5765 us/op
WorkloadActual  43: 132752 op, 1110903250.00 ns, 8.3683 us/op
WorkloadActual  44: 132752 op, 992653935.00 ns, 7.4775 us/op
WorkloadActual  45: 132752 op, 1011541916.00 ns, 7.6198 us/op
WorkloadActual  46: 132752 op, 1010795858.00 ns, 7.6142 us/op
WorkloadActual  47: 132752 op, 1012587609.00 ns, 7.6277 us/op
WorkloadActual  48: 132752 op, 1115110976.00 ns, 8.4000 us/op
WorkloadActual  49: 132752 op, 1008106399.00 ns, 7.5939 us/op
WorkloadActual  50: 132752 op, 1074630607.00 ns, 8.0950 us/op
WorkloadActual  51: 132752 op, 1021849606.00 ns, 7.6974 us/op
WorkloadActual  52: 132752 op, 999934507.00 ns, 7.5323 us/op
WorkloadActual  53: 132752 op, 1089856599.00 ns, 8.2097 us/op
WorkloadActual  54: 132752 op, 1035243640.00 ns, 7.7983 us/op
WorkloadActual  55: 132752 op, 998318345.00 ns, 7.5202 us/op
WorkloadActual  56: 132752 op, 1005136928.00 ns, 7.5715 us/op
WorkloadActual  57: 132752 op, 996454558.00 ns, 7.5061 us/op
WorkloadActual  58: 132752 op, 996897396.00 ns, 7.5095 us/op
WorkloadActual  59: 132752 op, 1107571926.00 ns, 8.3432 us/op
WorkloadActual  60: 132752 op, 1043043280.00 ns, 7.8571 us/op
WorkloadActual  61: 132752 op, 1002720126.00 ns, 7.5533 us/op
WorkloadActual  62: 132752 op, 1006263129.00 ns, 7.5800 us/op
WorkloadActual  63: 132752 op, 1003179008.00 ns, 7.5568 us/op

// AfterActualRun
WorkloadResult   1: 132752 op, 1003982644.00 ns, 7.5628 us/op
WorkloadResult   2: 132752 op, 1216274966.00 ns, 9.1620 us/op
WorkloadResult   3: 132752 op, 1004061078.00 ns, 7.5634 us/op
WorkloadResult   4: 132752 op, 1026857270.00 ns, 7.7352 us/op
WorkloadResult   5: 132752 op, 1008611677.00 ns, 7.5977 us/op
WorkloadResult   6: 132752 op, 1016109692.00 ns, 7.6542 us/op
WorkloadResult   7: 132752 op, 1051619927.00 ns, 7.9217 us/op
WorkloadResult   8: 132752 op, 1055214766.00 ns, 7.9488 us/op
WorkloadResult   9: 132752 op, 1004246411.00 ns, 7.5648 us/op
WorkloadResult  10: 132752 op, 1002859565.00 ns, 7.5544 us/op
WorkloadResult  11: 132752 op, 1043200477.00 ns, 7.8583 us/op
WorkloadResult  12: 132752 op, 1117422540.00 ns, 8.4174 us/op
WorkloadResult  13: 132752 op, 1082269294.00 ns, 8.1526 us/op
WorkloadResult  14: 132752 op, 1000579616.00 ns, 7.5372 us/op
WorkloadResult  15: 132752 op, 1002650233.00 ns, 7.5528 us/op
WorkloadResult  16: 132752 op, 998717319.00 ns, 7.5232 us/op
WorkloadResult  17: 132752 op, 1003565091.00 ns, 7.5597 us/op
WorkloadResult  18: 132752 op, 1128495945.00 ns, 8.5008 us/op
WorkloadResult  19: 132752 op, 1040487274.00 ns, 7.8378 us/op
WorkloadResult  20: 132752 op, 1008182892.00 ns, 7.5945 us/op
WorkloadResult  21: 132752 op, 1083951638.00 ns, 8.1652 us/op
WorkloadResult  22: 132752 op, 1074876662.00 ns, 8.0969 us/op
WorkloadResult  23: 132752 op, 1114042436.00 ns, 8.3919 us/op
WorkloadResult  24: 132752 op, 1000648344.00 ns, 7.5377 us/op
WorkloadResult  25: 132752 op, 1003048012.00 ns, 7.5558 us/op
WorkloadResult  26: 132752 op, 1003926882.00 ns, 7.5624 us/op
WorkloadResult  27: 132752 op, 1002972210.00 ns, 7.5552 us/op
WorkloadResult  28: 132752 op, 1110506083.00 ns, 8.3653 us/op
WorkloadResult  29: 132752 op, 1002292898.00 ns, 7.5501 us/op
WorkloadResult  30: 132752 op, 1000444510.00 ns, 7.5362 us/op
WorkloadResult  31: 132752 op, 1025250693.00 ns, 7.7231 us/op
WorkloadResult  32: 132752 op, 1000783891.00 ns, 7.5387 us/op
WorkloadResult  33: 132752 op, 1125320231.00 ns, 8.4769 us/op
WorkloadResult  34: 132752 op, 999471643.00 ns, 7.5289 us/op
WorkloadResult  35: 132752 op, 1002249230.00 ns, 7.5498 us/op
WorkloadResult  36: 132752 op, 1029948575.00 ns, 7.7584 us/op
WorkloadResult  37: 132752 op, 1025928234.00 ns, 7.7282 us/op
WorkloadResult  38: 132752 op, 1104290048.00 ns, 8.3184 us/op
WorkloadResult  39: 132752 op, 1001713335.00 ns, 7.5457 us/op
WorkloadResult  40: 132752 op, 1007056457.00 ns, 7.5860 us/op
WorkloadResult  41: 132752 op, 1043068718.00 ns, 7.8573 us/op
WorkloadResult  42: 132752 op, 1005370281.00 ns, 7.5733 us/op
WorkloadResult  43: 132752 op, 1110472135.00 ns, 8.3650 us/op
WorkloadResult  44: 132752 op, 992222820.00 ns, 7.4743 us/op
WorkloadResult  45: 132752 op, 1011110801.00 ns, 7.6165 us/op
WorkloadResult  46: 132752 op, 1010364743.00 ns, 7.6109 us/op
WorkloadResult  47: 132752 op, 1012156494.00 ns, 7.6244 us/op
WorkloadResult  48: 132752 op, 1114679861.00 ns, 8.3967 us/op
WorkloadResult  49: 132752 op, 1007675284.00 ns, 7.5907 us/op
WorkloadResult  50: 132752 op, 1074199492.00 ns, 8.0918 us/op
WorkloadResult  51: 132752 op, 1021418491.00 ns, 7.6942 us/op
WorkloadResult  52: 132752 op, 999503392.00 ns, 7.5291 us/op
WorkloadResult  53: 132752 op, 1089425484.00 ns, 8.2065 us/op
WorkloadResult  54: 132752 op, 1034812525.00 ns, 7.7951 us/op
WorkloadResult  55: 132752 op, 997887230.00 ns, 7.5169 us/op
WorkloadResult  56: 132752 op, 1004705813.00 ns, 7.5683 us/op
WorkloadResult  57: 132752 op, 996023443.00 ns, 7.5029 us/op
WorkloadResult  58: 132752 op, 996466281.00 ns, 7.5062 us/op
WorkloadResult  59: 132752 op, 1107140811.00 ns, 8.3399 us/op
WorkloadResult  60: 132752 op, 1042612165.00 ns, 7.8538 us/op
WorkloadResult  61: 132752 op, 1002289011.00 ns, 7.5501 us/op
WorkloadResult  62: 132752 op, 1005832014.00 ns, 7.5768 us/op
WorkloadResult  63: 132752 op, 1002747893.00 ns, 7.5535 us/op

// AfterAll
// Benchmark Process 904378 has exited with code 0.

Mean = 7.798 μs, StdErr = 0.045 μs (0.58%), N = 63, StdDev = 0.357 μs
Min = 7.474 μs, Q1 = 7.553 μs, Median = 7.598 μs, Q3 = 7.935 μs, Max = 9.162 μs
IQR = 0.382 μs, LowerFence = 6.980 μs, UpperFence = 8.508 μs
ConfidenceInterval = [7.642 μs; 7.953 μs] (CI 99.9%), Margin = 0.155 μs (1.99% of Mean)
Skewness = 1.47, Kurtosis = 4.78, MValue = 2.52

// ** Remained 9 (90.0 %) benchmark(s) to run. Estimated finish 2026-05-26 12:18 (0h 15m from now) **
// **************************
// Benchmark: SmokeBenchByte.STJSrcGen_Deser: Energy(OutlierMode=DontRemove, IterationTime=1s)
// *** Execute ***
// Launch: 1 / 1
// Execute: dotnet JsonBench-Energy-1.dll --anonymousPipes 125 126 --benchmarkName JsonBench.Benchmarks.SmokeBenchByte.STJSrcGen_Deser --job Energy --benchmarkId 1 in /home/test/json-energy-bench/JsonBench/bin/Release/net10.0/JsonBench-Energy-1/bin/Release/net10.0
// BeforeAnythingElse

// Benchmark Process Environment Information:
// BenchmarkDotNet v0.15.5-develop (2026-05-26)
// Runtime=.NET 10.0.8 (10.0.8, 10.0.826.23019), X64 RyuJIT x86-64-v3
// GC=Concurrent Workstation
// HardwareIntrinsics=AVX2+BMI1+BMI2+F16C+FMA+LZCNT+MOVBE,AVX,SSE3+SSSE3+SSE4.1+SSE4.2+POPCNT,X86Base+SSE+SSE2,AES+PCLMUL VectorSize=256
// Job: Energy(OutlierMode=DontRemove, IterationTime=1s)

OverheadJitting  1: 1 op, 186302.00 ns, 186.3020 us/op
WorkloadJitting  1: 1 op, 8534790.00 ns, 8.5348 ms/op

OverheadJitting  2: 16 op, 490004.00 ns, 30.6253 us/op
WorkloadJitting  2: 16 op, 837239.00 ns, 52.3274 us/op

WorkloadPilot    1: 16 op, 329918.00 ns, 20.6199 us/op
WorkloadPilot    2: 48512 op, 657168425.00 ns, 13.5465 us/op
WorkloadPilot    3: 73824 op, 625310500.00 ns, 8.4703 us/op
WorkloadPilot    4: 118064 op, 926748736.00 ns, 7.8495 us/op
WorkloadPilot    5: 127408 op, 1180340665.00 ns, 9.2643 us/op
WorkloadPilot    6: 107952 op, 959371282.00 ns, 8.8870 us/op
WorkloadPilot    7: 112528 op, 832500651.00 ns, 7.3982 us/op
WorkloadPilot    8: 135184 op, 1036741138.00 ns, 7.6691 us/op
WorkloadPilot    9: 130400 op, 962807263.00 ns, 7.3835 us/op
WorkloadPilot   10: 135440 op, 1001021335.00 ns, 7.3909 us/op

OverheadWarmup   1: 135440 op, 439836.00 ns, 3.2475 ns/op
OverheadWarmup   2: 135440 op, 435432.00 ns, 3.2149 ns/op
OverheadWarmup   3: 135440 op, 436720.00 ns, 3.2245 ns/op
OverheadWarmup   4: 135440 op, 434710.00 ns, 3.2096 ns/op
OverheadWarmup   5: 135440 op, 439012.00 ns, 3.2414 ns/op
OverheadWarmup   6: 135440 op, 437669.00 ns, 3.2315 ns/op

OverheadActual   1: 135440 op, 435538.00 ns, 3.2157 ns/op
OverheadActual   2: 135440 op, 434634.00 ns, 3.2091 ns/op
OverheadActual   3: 135440 op, 599766.00 ns, 4.4283 ns/op
OverheadActual   4: 135440 op, 435088.00 ns, 3.2124 ns/op
OverheadActual   5: 135440 op, 430852.00 ns, 3.1811 ns/op
OverheadActual   6: 135440 op, 461548.00 ns, 3.4078 ns/op
OverheadActual   7: 135440 op, 473449.00 ns, 3.4956 ns/op
OverheadActual   8: 135440 op, 435056.00 ns, 3.2122 ns/op
OverheadActual   9: 135440 op, 432933.00 ns, 3.1965 ns/op
OverheadActual  10: 135440 op, 435517.00 ns, 3.2156 ns/op
OverheadActual  11: 135440 op, 438939.00 ns, 3.2408 ns/op
OverheadActual  12: 135440 op, 436886.00 ns, 3.2257 ns/op
OverheadActual  13: 135440 op, 438460.00 ns, 3.2373 ns/op
OverheadActual  14: 135440 op, 434192.00 ns, 3.2058 ns/op
OverheadActual  15: 135440 op, 435101.00 ns, 3.2125 ns/op
OverheadActual  16: 135440 op, 438527.00 ns, 3.2378 ns/op
OverheadActual  17: 135440 op, 444426.00 ns, 3.2813 ns/op
OverheadActual  18: 135440 op, 440847.00 ns, 3.2549 ns/op
OverheadActual  19: 135440 op, 435017.00 ns, 3.2119 ns/op
OverheadActual  20: 135440 op, 433698.00 ns, 3.2021 ns/op

WorkloadWarmup   1: 135440 op, 1004330647.00 ns, 7.4153 us/op
WorkloadWarmup   2: 135440 op, 1008982155.00 ns, 7.4497 us/op
WorkloadWarmup   3: 135440 op, 1135252088.00 ns, 8.3820 us/op
WorkloadWarmup   4: 135440 op, 1176238569.00 ns, 8.6846 us/op
WorkloadWarmup   5: 135440 op, 1004019919.00 ns, 7.4130 us/op
WorkloadWarmup   6: 135440 op, 1003027569.00 ns, 7.4057 us/op
WorkloadWarmup   7: 135440 op, 1001371589.00 ns, 7.3935 us/op
WorkloadWarmup   8: 135440 op, 1119487893.00 ns, 8.2656 us/op
WorkloadWarmup   9: 135440 op, 1006166990.00 ns, 7.4289 us/op

// BeforeActualRun
WorkloadActual   1: 135440 op, 1002561808.00 ns, 7.4023 us/op
WorkloadActual   2: 135440 op, 1005571615.00 ns, 7.4245 us/op
WorkloadActual   3: 135440 op, 1004737787.00 ns, 7.4183 us/op
WorkloadActual   4: 135440 op, 1201401169.00 ns, 8.8704 us/op
WorkloadActual   5: 135440 op, 1008340074.00 ns, 7.4449 us/op
WorkloadActual   6: 135440 op, 1005086625.00 ns, 7.4209 us/op
WorkloadActual   7: 135440 op, 992133569.00 ns, 7.3253 us/op
WorkloadActual   8: 135440 op, 978307468.00 ns, 7.2232 us/op
WorkloadActual   9: 135440 op, 999696866.00 ns, 7.3811 us/op
WorkloadActual  10: 135440 op, 1108281354.00 ns, 8.1828 us/op
WorkloadActual  11: 135440 op, 998249524.00 ns, 7.3704 us/op
WorkloadActual  12: 135440 op, 996610372.00 ns, 7.3583 us/op
WorkloadActual  13: 135440 op, 995088025.00 ns, 7.3471 us/op
WorkloadActual  14: 135440 op, 1077207382.00 ns, 7.9534 us/op
WorkloadActual  15: 135440 op, 1107118258.00 ns, 8.1742 us/op
WorkloadActual  16: 135440 op, 1005717167.00 ns, 7.4256 us/op
WorkloadActual  17: 135440 op, 1003416328.00 ns, 7.4086 us/op
WorkloadActual  18: 135440 op, 1002333093.00 ns, 7.4006 us/op
WorkloadActual  19: 135440 op, 1001075159.00 ns, 7.3913 us/op
WorkloadActual  20: 135440 op, 1111995321.00 ns, 8.2102 us/op
WorkloadActual  21: 135440 op, 988864562.00 ns, 7.3011 us/op
WorkloadActual  22: 135440 op, 998339647.00 ns, 7.3711 us/op
WorkloadActual  23: 135440 op, 1025394120.00 ns, 7.5708 us/op
WorkloadActual  24: 135440 op, 1153101198.00 ns, 8.5137 us/op
WorkloadActual  25: 135440 op, 1111469634.00 ns, 8.2064 us/op
WorkloadActual  26: 135440 op, 1000712613.00 ns, 7.3886 us/op
WorkloadActual  27: 135440 op, 995694602.00 ns, 7.3516 us/op
WorkloadActual  28: 135440 op, 996981253.00 ns, 7.3611 us/op
WorkloadActual  29: 135440 op, 997554973.00 ns, 7.3653 us/op
WorkloadActual  30: 135440 op, 1102756789.00 ns, 8.1420 us/op
WorkloadActual  31: 135440 op, 999495931.00 ns, 7.3796 us/op
WorkloadActual  32: 135440 op, 998961112.00 ns, 7.3757 us/op
WorkloadActual  33: 135440 op, 1025077189.00 ns, 7.5685 us/op
WorkloadActual  34: 135440 op, 990699844.00 ns, 7.3147 us/op
WorkloadActual  35: 135440 op, 1100997723.00 ns, 8.1290 us/op
WorkloadActual  36: 135440 op, 995346386.00 ns, 7.3490 us/op
WorkloadActual  37: 135440 op, 1002181394.00 ns, 7.3994 us/op
WorkloadActual  38: 135440 op, 997480509.00 ns, 7.3647 us/op
WorkloadActual  39: 135440 op, 995077653.00 ns, 7.3470 us/op
WorkloadActual  40: 135440 op, 1057102027.00 ns, 7.8049 us/op
WorkloadActual  41: 135440 op, 1054620864.00 ns, 7.7866 us/op
WorkloadActual  42: 135440 op, 1002278066.00 ns, 7.4002 us/op
WorkloadActual  43: 135440 op, 1095854442.00 ns, 8.0911 us/op
WorkloadActual  44: 135440 op, 1033500573.00 ns, 7.6307 us/op
WorkloadActual  45: 135440 op, 1057311855.00 ns, 7.8065 us/op
WorkloadActual  46: 135440 op, 1058971929.00 ns, 7.8188 us/op
WorkloadActual  47: 135440 op, 1005109162.00 ns, 7.4211 us/op
WorkloadActual  48: 135440 op, 1002648558.00 ns, 7.4029 us/op
WorkloadActual  49: 135440 op, 998071722.00 ns, 7.3691 us/op
WorkloadActual  50: 135440 op, 976929975.00 ns, 7.2130 us/op
WorkloadActual  51: 135440 op, 1102356440.00 ns, 8.1391 us/op
WorkloadActual  52: 135440 op, 1012009959.00 ns, 7.4720 us/op
WorkloadActual  53: 135440 op, 1095424921.00 ns, 8.0879 us/op
WorkloadActual  54: 135440 op, 1001470700.00 ns, 7.3942 us/op
WorkloadActual  55: 135440 op, 1031620940.00 ns, 7.6168 us/op
WorkloadActual  56: 135440 op, 1108108324.00 ns, 8.1815 us/op
WorkloadActual  57: 135440 op, 987799696.00 ns, 7.2933 us/op
WorkloadActual  58: 135440 op, 1001333423.00 ns, 7.3932 us/op
WorkloadActual  59: 135440 op, 1003729594.00 ns, 7.4109 us/op
WorkloadActual  60: 135440 op, 1002901412.00 ns, 7.4048 us/op
WorkloadActual  61: 135440 op, 1106926473.00 ns, 8.1728 us/op
WorkloadActual  62: 135440 op, 1019026115.00 ns, 7.5238 us/op
WorkloadActual  63: 135440 op, 1001598563.00 ns, 7.3951 us/op
WorkloadActual  64: 135440 op, 999119927.00 ns, 7.3768 us/op
WorkloadActual  65: 135440 op, 998868725.00 ns, 7.3750 us/op
WorkloadActual  66: 135440 op, 1143204905.00 ns, 8.4407 us/op
WorkloadActual  67: 135440 op, 999691923.00 ns, 7.3811 us/op
WorkloadActual  68: 135440 op, 999664677.00 ns, 7.3809 us/op
WorkloadActual  69: 135440 op, 1000108135.00 ns, 7.3841 us/op
WorkloadActual  70: 135440 op, 999373439.00 ns, 7.3787 us/op

// AfterActualRun
WorkloadResult   1: 135440 op, 1002126280.50 ns, 7.3990 us/op
WorkloadResult   2: 135440 op, 1005136087.50 ns, 7.4213 us/op
WorkloadResult   3: 135440 op, 1004302259.50 ns, 7.4151 us/op
WorkloadResult   4: 135440 op, 1200965641.50 ns, 8.8671 us/op
WorkloadResult   5: 135440 op, 1007904546.50 ns, 7.4417 us/op
WorkloadResult   6: 135440 op, 1004651097.50 ns, 7.4177 us/op
WorkloadResult   7: 135440 op, 991698041.50 ns, 7.3220 us/op
WorkloadResult   8: 135440 op, 977871940.50 ns, 7.2200 us/op
WorkloadResult   9: 135440 op, 999261338.50 ns, 7.3779 us/op
WorkloadResult  10: 135440 op, 1107845826.50 ns, 8.1796 us/op
WorkloadResult  11: 135440 op, 997813996.50 ns, 7.3672 us/op
WorkloadResult  12: 135440 op, 996174844.50 ns, 7.3551 us/op
WorkloadResult  13: 135440 op, 994652497.50 ns, 7.3439 us/op
WorkloadResult  14: 135440 op, 1076771854.50 ns, 7.9502 us/op
WorkloadResult  15: 135440 op, 1106682730.50 ns, 8.1710 us/op
WorkloadResult  16: 135440 op, 1005281639.50 ns, 7.4223 us/op
WorkloadResult  17: 135440 op, 1002980800.50 ns, 7.4054 us/op
WorkloadResult  18: 135440 op, 1001897565.50 ns, 7.3974 us/op
WorkloadResult  19: 135440 op, 1000639631.50 ns, 7.3881 us/op
WorkloadResult  20: 135440 op, 1111559793.50 ns, 8.2070 us/op
WorkloadResult  21: 135440 op, 988429034.50 ns, 7.2979 us/op
WorkloadResult  22: 135440 op, 997904119.50 ns, 7.3679 us/op
WorkloadResult  23: 135440 op, 1024958592.50 ns, 7.5676 us/op
WorkloadResult  24: 135440 op, 1152665670.50 ns, 8.5105 us/op
WorkloadResult  25: 135440 op, 1111034106.50 ns, 8.2031 us/op
WorkloadResult  26: 135440 op, 1000277085.50 ns, 7.3854 us/op
WorkloadResult  27: 135440 op, 995259074.50 ns, 7.3483 us/op
WorkloadResult  28: 135440 op, 996545725.50 ns, 7.3578 us/op
WorkloadResult  29: 135440 op, 997119445.50 ns, 7.3621 us/op
WorkloadResult  30: 135440 op, 1102321261.50 ns, 8.1388 us/op
WorkloadResult  31: 135440 op, 999060403.50 ns, 7.3764 us/op
WorkloadResult  32: 135440 op, 998525584.50 ns, 7.3725 us/op
WorkloadResult  33: 135440 op, 1024641661.50 ns, 7.5653 us/op
WorkloadResult  34: 135440 op, 990264316.50 ns, 7.3115 us/op
WorkloadResult  35: 135440 op, 1100562195.50 ns, 8.1258 us/op
WorkloadResult  36: 135440 op, 994910858.50 ns, 7.3458 us/op
WorkloadResult  37: 135440 op, 1001745866.50 ns, 7.3962 us/op
WorkloadResult  38: 135440 op, 997044981.50 ns, 7.3615 us/op
WorkloadResult  39: 135440 op, 994642125.50 ns, 7.3438 us/op
WorkloadResult  40: 135440 op, 1056666499.50 ns, 7.8017 us/op
WorkloadResult  41: 135440 op, 1054185336.50 ns, 7.7834 us/op
WorkloadResult  42: 135440 op, 1001842538.50 ns, 7.3969 us/op
WorkloadResult  43: 135440 op, 1095418914.50 ns, 8.0879 us/op
WorkloadResult  44: 135440 op, 1033065045.50 ns, 7.6275 us/op
WorkloadResult  45: 135440 op, 1056876327.50 ns, 7.8033 us/op
WorkloadResult  46: 135440 op, 1058536401.50 ns, 7.8155 us/op
WorkloadResult  47: 135440 op, 1004673634.50 ns, 7.4179 us/op
WorkloadResult  48: 135440 op, 1002213030.50 ns, 7.3997 us/op
WorkloadResult  49: 135440 op, 997636194.50 ns, 7.3659 us/op
WorkloadResult  50: 135440 op, 976494447.50 ns, 7.2098 us/op
WorkloadResult  51: 135440 op, 1101920912.50 ns, 8.1359 us/op
WorkloadResult  52: 135440 op, 1011574431.50 ns, 7.4688 us/op
WorkloadResult  53: 135440 op, 1094989393.50 ns, 8.0847 us/op
WorkloadResult  54: 135440 op, 1001035172.50 ns, 7.3910 us/op
WorkloadResult  55: 135440 op, 1031185412.50 ns, 7.6136 us/op
WorkloadResult  56: 135440 op, 1107672796.50 ns, 8.1783 us/op
WorkloadResult  57: 135440 op, 987364168.50 ns, 7.2900 us/op
WorkloadResult  58: 135440 op, 1000897895.50 ns, 7.3900 us/op
WorkloadResult  59: 135440 op, 1003294066.50 ns, 7.4077 us/op
WorkloadResult  60: 135440 op, 1002465884.50 ns, 7.4015 us/op
WorkloadResult  61: 135440 op, 1106490945.50 ns, 8.1696 us/op
WorkloadResult  62: 135440 op, 1018590587.50 ns, 7.5206 us/op
WorkloadResult  63: 135440 op, 1001163035.50 ns, 7.3919 us/op
WorkloadResult  64: 135440 op, 998684399.50 ns, 7.3736 us/op
WorkloadResult  65: 135440 op, 998433197.50 ns, 7.3718 us/op
WorkloadResult  66: 135440 op, 1142769377.50 ns, 8.4375 us/op
WorkloadResult  67: 135440 op, 999256395.50 ns, 7.3779 us/op
WorkloadResult  68: 135440 op, 999229149.50 ns, 7.3777 us/op
WorkloadResult  69: 135440 op, 999672607.50 ns, 7.3809 us/op
WorkloadResult  70: 135440 op, 998937911.50 ns, 7.3755 us/op

// AfterAll
// Benchmark Process 905135 has exited with code 0.

Mean = 7.595 μs, StdErr = 0.044 μs (0.58%), N = 70, StdDev = 0.367 μs
Min = 7.210 μs, Q1 = 7.372 μs, Median = 7.399 μs, Q3 = 7.797 μs, Max = 8.867 μs
IQR = 0.425 μs, LowerFence = 6.734 μs, UpperFence = 8.435 μs
ConfidenceInterval = [7.444 μs; 7.746 μs] (CI 99.9%), Margin = 0.151 μs (1.99% of Mean)
Skewness = 1.4, Kurtosis = 4, MValue = 2.27

// ** Remained 8 (80.0 %) benchmark(s) to run. Estimated finish 2026-05-26 12:19 (0h 13m from now) **
// **************************
// Benchmark: SmokeBenchByte.Newtonsoft_Deser: Energy(OutlierMode=DontRemove, IterationTime=1s)
// *** Execute ***
// Launch: 1 / 1
// Execute: dotnet JsonBench-Energy-1.dll --anonymousPipes 127 128 --benchmarkName JsonBench.Benchmarks.SmokeBenchByte.Newtonsoft_Deser --job Energy --benchmarkId 2 in /home/test/json-energy-bench/JsonBench/bin/Release/net10.0/JsonBench-Energy-1/bin/Release/net10.0
// BeforeAnythingElse

// Benchmark Process Environment Information:
// BenchmarkDotNet v0.15.5-develop (2026-05-26)
// Runtime=.NET 10.0.8 (10.0.8, 10.0.826.23019), X64 RyuJIT x86-64-v3
// GC=Concurrent Workstation
// HardwareIntrinsics=AVX2+BMI1+BMI2+F16C+FMA+LZCNT+MOVBE,AVX,SSE3+SSSE3+SSE4.1+SSE4.2+POPCNT,X86Base+SSE+SSE2,AES+PCLMUL VectorSize=256
// Job: Energy(OutlierMode=DontRemove, IterationTime=1s)

OverheadJitting  1: 1 op, 184137.00 ns, 184.1370 us/op
WorkloadJitting  1: 1 op, 47069542.00 ns, 47.0695 ms/op

OverheadJitting  2: 16 op, 478937.00 ns, 29.9336 us/op
WorkloadJitting  2: 16 op, 1803123.00 ns, 112.6952 us/op

WorkloadPilot    1: 16 op, 1259416.00 ns, 78.7135 us/op
WorkloadPilot    2: 12704 op, 509337343.00 ns, 40.0927 us/op
WorkloadPilot    3: 24944 op, 381176675.00 ns, 15.2813 us/op
WorkloadPilot    4: 65440 op, 1087341676.00 ns, 16.6159 us/op
WorkloadPilot    5: 60192 op, 1084031515.00 ns, 18.0096 us/op
WorkloadPilot    6: 55536 op, 1037606502.00 ns, 18.6835 us/op

OverheadWarmup   1: 55536 op, 194795.00 ns, 3.5075 ns/op
OverheadWarmup   2: 55536 op, 194172.00 ns, 3.4963 ns/op
OverheadWarmup   3: 55536 op, 195071.00 ns, 3.5125 ns/op
OverheadWarmup   4: 55536 op, 193938.00 ns, 3.4921 ns/op
OverheadWarmup   5: 55536 op, 193832.00 ns, 3.4902 ns/op
OverheadWarmup   6: 55536 op, 195159.00 ns, 3.5141 ns/op
OverheadWarmup   7: 55536 op, 193538.00 ns, 3.4849 ns/op

OverheadActual   1: 55536 op, 194527.00 ns, 3.5027 ns/op
OverheadActual   2: 55536 op, 194894.00 ns, 3.5093 ns/op
OverheadActual   3: 55536 op, 193662.00 ns, 3.4871 ns/op
OverheadActual   4: 55536 op, 194453.00 ns, 3.5014 ns/op
OverheadActual   5: 55536 op, 401279.00 ns, 7.2256 ns/op
OverheadActual   6: 55536 op, 195445.00 ns, 3.5192 ns/op
OverheadActual   7: 55536 op, 219375.00 ns, 3.9501 ns/op
OverheadActual   8: 55536 op, 194169.00 ns, 3.4963 ns/op
OverheadActual   9: 55536 op, 231334.00 ns, 4.1655 ns/op
OverheadActual  10: 55536 op, 193725.00 ns, 3.4883 ns/op
OverheadActual  11: 55536 op, 194646.00 ns, 3.5049 ns/op
OverheadActual  12: 55536 op, 262825.00 ns, 4.7325 ns/op
OverheadActual  13: 55536 op, 194675.00 ns, 3.5054 ns/op
OverheadActual  14: 55536 op, 194295.00 ns, 3.4985 ns/op
OverheadActual  15: 55536 op, 326085.00 ns, 5.8716 ns/op
OverheadActual  16: 55536 op, 211760.00 ns, 3.8130 ns/op
OverheadActual  17: 55536 op, 197695.00 ns, 3.5598 ns/op
OverheadActual  18: 55536 op, 197655.00 ns, 3.5590 ns/op
OverheadActual  19: 55536 op, 195453.00 ns, 3.5194 ns/op
OverheadActual  20: 55536 op, 194488.00 ns, 3.5020 ns/op

WorkloadWarmup   1: 55536 op, 848530046.00 ns, 15.2789 us/op
WorkloadWarmup   2: 55536 op, 846722436.00 ns, 15.2464 us/op
WorkloadWarmup   3: 55536 op, 867546852.00 ns, 15.6213 us/op
WorkloadWarmup   4: 55536 op, 849687260.00 ns, 15.2998 us/op
WorkloadWarmup   5: 55536 op, 864572144.00 ns, 15.5678 us/op
WorkloadWarmup   6: 55536 op, 833654895.00 ns, 15.0111 us/op

// BeforeActualRun
WorkloadActual   1: 55536 op, 835610534.00 ns, 15.0463 us/op
WorkloadActual   2: 55536 op, 879809191.00 ns, 15.8421 us/op
WorkloadActual   3: 55536 op, 1004158275.00 ns, 18.0812 us/op
WorkloadActual   4: 55536 op, 872675022.00 ns, 15.7137 us/op
WorkloadActual   5: 55536 op, 834339510.00 ns, 15.0234 us/op
WorkloadActual   6: 55536 op, 836346101.00 ns, 15.0595 us/op
WorkloadActual   7: 55536 op, 865990160.00 ns, 15.5933 us/op
WorkloadActual   8: 55536 op, 881001204.00 ns, 15.8636 us/op
WorkloadActual   9: 55536 op, 913278562.00 ns, 16.4448 us/op
WorkloadActual  10: 55536 op, 842426262.00 ns, 15.1690 us/op
WorkloadActual  11: 55536 op, 846820038.00 ns, 15.2481 us/op
WorkloadActual  12: 55536 op, 834581654.00 ns, 15.0278 us/op
WorkloadActual  13: 55536 op, 837733374.00 ns, 15.0845 us/op
WorkloadActual  14: 55536 op, 918229081.00 ns, 16.5339 us/op
WorkloadActual  15: 55536 op, 952966076.00 ns, 17.1594 us/op
WorkloadActual  16: 55536 op, 835525512.00 ns, 15.0448 us/op
WorkloadActual  17: 55536 op, 839247150.00 ns, 15.1118 us/op
WorkloadActual  18: 55536 op, 842292835.00 ns, 15.1666 us/op
WorkloadActual  19: 55536 op, 836534826.00 ns, 15.0629 us/op
WorkloadActual  20: 55536 op, 836029291.00 ns, 15.0538 us/op
WorkloadActual  21: 55536 op, 940914214.00 ns, 16.9424 us/op
WorkloadActual  22: 55536 op, 832929668.00 ns, 14.9980 us/op
WorkloadActual  23: 55536 op, 830493127.00 ns, 14.9541 us/op
WorkloadActual  24: 55536 op, 861080006.00 ns, 15.5049 us/op
WorkloadActual  25: 55536 op, 836191952.00 ns, 15.0568 us/op
WorkloadActual  26: 55536 op, 974738021.00 ns, 17.5515 us/op
WorkloadActual  27: 55536 op, 988269702.00 ns, 17.7951 us/op
WorkloadActual  28: 55536 op, 836203610.00 ns, 15.0570 us/op
WorkloadActual  29: 55536 op, 829157771.00 ns, 14.9301 us/op
WorkloadActual  30: 55536 op, 836437420.00 ns, 15.0612 us/op
WorkloadActual  31: 55536 op, 831268064.00 ns, 14.9681 us/op
WorkloadActual  32: 55536 op, 829608852.00 ns, 14.9382 us/op
WorkloadActual  33: 55536 op, 931488885.00 ns, 16.7727 us/op
WorkloadActual  34: 55536 op, 829495752.00 ns, 14.9362 us/op
WorkloadActual  35: 55536 op, 832506568.00 ns, 14.9904 us/op
WorkloadActual  36: 55536 op, 833394951.00 ns, 15.0064 us/op
WorkloadActual  37: 55536 op, 868596825.00 ns, 15.6402 us/op
WorkloadActual  38: 55536 op, 984407117.00 ns, 17.7256 us/op
WorkloadActual  39: 55536 op, 941177873.00 ns, 16.9472 us/op
WorkloadActual  40: 55536 op, 831766014.00 ns, 14.9771 us/op
WorkloadActual  41: 55536 op, 836148265.00 ns, 15.0560 us/op
WorkloadActual  42: 55536 op, 836128151.00 ns, 15.0556 us/op
WorkloadActual  43: 55536 op, 834538515.00 ns, 15.0270 us/op
WorkloadActual  44: 55536 op, 833088274.00 ns, 15.0009 us/op
WorkloadActual  45: 55536 op, 960907069.00 ns, 17.3024 us/op
WorkloadActual  46: 55536 op, 831914955.00 ns, 14.9797 us/op
WorkloadActual  47: 55536 op, 834313326.00 ns, 15.0229 us/op
WorkloadActual  48: 55536 op, 837283100.00 ns, 15.0764 us/op
WorkloadActual  49: 55536 op, 858407924.00 ns, 15.4568 us/op
WorkloadActual  50: 55536 op, 832390075.00 ns, 14.9883 us/op
WorkloadActual  51: 55536 op, 883501376.00 ns, 15.9086 us/op
WorkloadActual  52: 55536 op, 878788975.00 ns, 15.8238 us/op
WorkloadActual  53: 55536 op, 829120688.00 ns, 14.9294 us/op
WorkloadActual  54: 55536 op, 834373101.00 ns, 15.0240 us/op
WorkloadActual  55: 55536 op, 832232321.00 ns, 14.9855 us/op
WorkloadActual  56: 55536 op, 835154079.00 ns, 15.0381 us/op
WorkloadActual  57: 55536 op, 833067297.00 ns, 15.0005 us/op
WorkloadActual  58: 55536 op, 932069504.00 ns, 16.7832 us/op
WorkloadActual  59: 55536 op, 829787563.00 ns, 14.9414 us/op
WorkloadActual  60: 55536 op, 838542894.00 ns, 15.0991 us/op
WorkloadActual  61: 55536 op, 938674507.00 ns, 16.9021 us/op
WorkloadActual  62: 55536 op, 823657040.00 ns, 14.8310 us/op
WorkloadActual  63: 55536 op, 829250666.00 ns, 14.9318 us/op
WorkloadActual  64: 55536 op, 950846007.00 ns, 17.1213 us/op
WorkloadActual  65: 55536 op, 833965580.00 ns, 15.0167 us/op
WorkloadActual  66: 55536 op, 830020141.00 ns, 14.9456 us/op
WorkloadActual  67: 55536 op, 832848370.00 ns, 14.9965 us/op
WorkloadActual  68: 55536 op, 833785903.00 ns, 15.0134 us/op
WorkloadActual  69: 55536 op, 833545609.00 ns, 15.0091 us/op
WorkloadActual  70: 55536 op, 956658657.00 ns, 17.2259 us/op
WorkloadActual  71: 55536 op, 828709882.00 ns, 14.9220 us/op
WorkloadActual  72: 55536 op, 841541797.00 ns, 15.1531 us/op
WorkloadActual  73: 55536 op, 921517570.00 ns, 16.5932 us/op
WorkloadActual  74: 55536 op, 832993549.00 ns, 14.9992 us/op
WorkloadActual  75: 55536 op, 832672551.00 ns, 14.9934 us/op
WorkloadActual  76: 55536 op, 941500040.00 ns, 16.9530 us/op
WorkloadActual  77: 55536 op, 829902187.00 ns, 14.9435 us/op
WorkloadActual  78: 55536 op, 832001938.00 ns, 14.9813 us/op
WorkloadActual  79: 55536 op, 832708252.00 ns, 14.9940 us/op
WorkloadActual  80: 55536 op, 832412849.00 ns, 14.9887 us/op
WorkloadActual  81: 55536 op, 832920638.00 ns, 14.9979 us/op
WorkloadActual  82: 55536 op, 935435655.00 ns, 16.8438 us/op
WorkloadActual  83: 55536 op, 833659726.00 ns, 15.0112 us/op
WorkloadActual  84: 55536 op, 863438334.00 ns, 15.5474 us/op
WorkloadActual  85: 55536 op, 828559024.00 ns, 14.9193 us/op
WorkloadActual  86: 55536 op, 831918590.00 ns, 14.9798 us/op
WorkloadActual  87: 55536 op, 831067993.00 ns, 14.9645 us/op
WorkloadActual  88: 55536 op, 850209523.00 ns, 15.3092 us/op
WorkloadActual  89: 55536 op, 912447989.00 ns, 16.4298 us/op

// AfterActualRun
WorkloadResult   1: 55536 op, 835415364.50 ns, 15.0428 us/op
WorkloadResult   2: 55536 op, 879614021.50 ns, 15.8386 us/op
WorkloadResult   3: 55536 op, 1003963105.50 ns, 18.0777 us/op
WorkloadResult   4: 55536 op, 872479852.50 ns, 15.7102 us/op
WorkloadResult   5: 55536 op, 834144340.50 ns, 15.0199 us/op
WorkloadResult   6: 55536 op, 836150931.50 ns, 15.0560 us/op
WorkloadResult   7: 55536 op, 865794990.50 ns, 15.5898 us/op
WorkloadResult   8: 55536 op, 880806034.50 ns, 15.8601 us/op
WorkloadResult   9: 55536 op, 913083392.50 ns, 16.4413 us/op
WorkloadResult  10: 55536 op, 842231092.50 ns, 15.1655 us/op
WorkloadResult  11: 55536 op, 846624868.50 ns, 15.2446 us/op
WorkloadResult  12: 55536 op, 834386484.50 ns, 15.0242 us/op
WorkloadResult  13: 55536 op, 837538204.50 ns, 15.0810 us/op
WorkloadResult  14: 55536 op, 918033911.50 ns, 16.5304 us/op
WorkloadResult  15: 55536 op, 952770906.50 ns, 17.1559 us/op
WorkloadResult  16: 55536 op, 835330342.50 ns, 15.0412 us/op
WorkloadResult  17: 55536 op, 839051980.50 ns, 15.1083 us/op
WorkloadResult  18: 55536 op, 842097665.50 ns, 15.1631 us/op
WorkloadResult  19: 55536 op, 836339656.50 ns, 15.0594 us/op
WorkloadResult  20: 55536 op, 835834121.50 ns, 15.0503 us/op
WorkloadResult  21: 55536 op, 940719044.50 ns, 16.9389 us/op
WorkloadResult  22: 55536 op, 832734498.50 ns, 14.9945 us/op
WorkloadResult  23: 55536 op, 830297957.50 ns, 14.9506 us/op
WorkloadResult  24: 55536 op, 860884836.50 ns, 15.5014 us/op
WorkloadResult  25: 55536 op, 835996782.50 ns, 15.0532 us/op
WorkloadResult  26: 55536 op, 974542851.50 ns, 17.5479 us/op
WorkloadResult  27: 55536 op, 988074532.50 ns, 17.7916 us/op
WorkloadResult  28: 55536 op, 836008440.50 ns, 15.0535 us/op
WorkloadResult  29: 55536 op, 828962601.50 ns, 14.9266 us/op
WorkloadResult  30: 55536 op, 836242250.50 ns, 15.0577 us/op
WorkloadResult  31: 55536 op, 831072894.50 ns, 14.9646 us/op
WorkloadResult  32: 55536 op, 829413682.50 ns, 14.9347 us/op
WorkloadResult  33: 55536 op, 931293715.50 ns, 16.7692 us/op
WorkloadResult  34: 55536 op, 829300582.50 ns, 14.9327 us/op
WorkloadResult  35: 55536 op, 832311398.50 ns, 14.9869 us/op
WorkloadResult  36: 55536 op, 833199781.50 ns, 15.0029 us/op
WorkloadResult  37: 55536 op, 868401655.50 ns, 15.6367 us/op
WorkloadResult  38: 55536 op, 984211947.50 ns, 17.7221 us/op
WorkloadResult  39: 55536 op, 940982703.50 ns, 16.9437 us/op
WorkloadResult  40: 55536 op, 831570844.50 ns, 14.9735 us/op
WorkloadResult  41: 55536 op, 835953095.50 ns, 15.0525 us/op
WorkloadResult  42: 55536 op, 835932981.50 ns, 15.0521 us/op
WorkloadResult  43: 55536 op, 834343345.50 ns, 15.0235 us/op
WorkloadResult  44: 55536 op, 832893104.50 ns, 14.9974 us/op
WorkloadResult  45: 55536 op, 960711899.50 ns, 17.2989 us/op
WorkloadResult  46: 55536 op, 831719785.50 ns, 14.9762 us/op
WorkloadResult  47: 55536 op, 834118156.50 ns, 15.0194 us/op
WorkloadResult  48: 55536 op, 837087930.50 ns, 15.0729 us/op
WorkloadResult  49: 55536 op, 858212754.50 ns, 15.4533 us/op
WorkloadResult  50: 55536 op, 832194905.50 ns, 14.9848 us/op
WorkloadResult  51: 55536 op, 883306206.50 ns, 15.9051 us/op
WorkloadResult  52: 55536 op, 878593805.50 ns, 15.8203 us/op
WorkloadResult  53: 55536 op, 828925518.50 ns, 14.9259 us/op
WorkloadResult  54: 55536 op, 834177931.50 ns, 15.0205 us/op
WorkloadResult  55: 55536 op, 832037151.50 ns, 14.9819 us/op
WorkloadResult  56: 55536 op, 834958909.50 ns, 15.0346 us/op
WorkloadResult  57: 55536 op, 832872127.50 ns, 14.9970 us/op
WorkloadResult  58: 55536 op, 931874334.50 ns, 16.7796 us/op
WorkloadResult  59: 55536 op, 829592393.50 ns, 14.9379 us/op
WorkloadResult  60: 55536 op, 838347724.50 ns, 15.0956 us/op
WorkloadResult  61: 55536 op, 938479337.50 ns, 16.8986 us/op
WorkloadResult  62: 55536 op, 823461870.50 ns, 14.8275 us/op
WorkloadResult  63: 55536 op, 829055496.50 ns, 14.9283 us/op
WorkloadResult  64: 55536 op, 950650837.50 ns, 17.1177 us/op
WorkloadResult  65: 55536 op, 833770410.50 ns, 15.0132 us/op
WorkloadResult  66: 55536 op, 829824971.50 ns, 14.9421 us/op
WorkloadResult  67: 55536 op, 832653200.50 ns, 14.9930 us/op
WorkloadResult  68: 55536 op, 833590733.50 ns, 15.0099 us/op
WorkloadResult  69: 55536 op, 833350439.50 ns, 15.0056 us/op
WorkloadResult  70: 55536 op, 956463487.50 ns, 17.2224 us/op
WorkloadResult  71: 55536 op, 828514712.50 ns, 14.9185 us/op
WorkloadResult  72: 55536 op, 841346627.50 ns, 15.1496 us/op
WorkloadResult  73: 55536 op, 921322400.50 ns, 16.5896 us/op
WorkloadResult  74: 55536 op, 832798379.50 ns, 14.9956 us/op
WorkloadResult  75: 55536 op, 832477381.50 ns, 14.9899 us/op
WorkloadResult  76: 55536 op, 941304870.50 ns, 16.9495 us/op
WorkloadResult  77: 55536 op, 829707017.50 ns, 14.9400 us/op
WorkloadResult  78: 55536 op, 831806768.50 ns, 14.9778 us/op
WorkloadResult  79: 55536 op, 832513082.50 ns, 14.9905 us/op
WorkloadResult  80: 55536 op, 832217679.50 ns, 14.9852 us/op
WorkloadResult  81: 55536 op, 832725468.50 ns, 14.9943 us/op
WorkloadResult  82: 55536 op, 935240485.50 ns, 16.8403 us/op
WorkloadResult  83: 55536 op, 833464556.50 ns, 15.0076 us/op
WorkloadResult  84: 55536 op, 863243164.50 ns, 15.5438 us/op
WorkloadResult  85: 55536 op, 828363854.50 ns, 14.9158 us/op
WorkloadResult  86: 55536 op, 831723420.50 ns, 14.9763 us/op
WorkloadResult  87: 55536 op, 830872823.50 ns, 14.9610 us/op
WorkloadResult  88: 55536 op, 850014353.50 ns, 15.3056 us/op
WorkloadResult  89: 55536 op, 912252819.50 ns, 16.4263 us/op

// AfterAll
// Benchmark Process 905890 has exited with code 0.

Mean = 15.526 μs, StdErr = 0.091 μs (0.59%), N = 89, StdDev = 0.859 μs
Min = 14.828 μs, Q1 = 14.990 μs, Median = 15.052 μs, Q3 = 15.820 μs, Max = 18.078 μs
IQR = 0.830 μs, LowerFence = 13.744 μs, UpperFence = 17.066 μs
ConfidenceInterval = [15.216 μs; 15.836 μs] (CI 99.9%), Margin = 0.310 μs (2.00% of Mean)
Skewness = 1.4, Kurtosis = 3.56, MValue = 2.34

// ** Remained 7 (70.0 %) benchmark(s) to run. Estimated finish 2026-05-26 12:18 (0h 11m from now) **
// **************************
// Benchmark: SmokeBenchByte.SpanJson_Deser: Energy(OutlierMode=DontRemove, IterationTime=1s)
// *** Execute ***
// Launch: 1 / 1
// Execute: dotnet JsonBench-Energy-1.dll --anonymousPipes 127 128 --benchmarkName JsonBench.Benchmarks.SmokeBenchByte.SpanJson_Deser --job Energy --benchmarkId 3 in /home/test/json-energy-bench/JsonBench/bin/Release/net10.0/JsonBench-Energy-1/bin/Release/net10.0
// BeforeAnythingElse

// Benchmark Process Environment Information:
// BenchmarkDotNet v0.15.5-develop (2026-05-26)
// Runtime=.NET 10.0.8 (10.0.8, 10.0.826.23019), X64 RyuJIT x86-64-v3
// GC=Concurrent Workstation
// HardwareIntrinsics=AVX2+BMI1+BMI2+F16C+FMA+LZCNT+MOVBE,AVX,SSE3+SSSE3+SSE4.1+SSE4.2+POPCNT,X86Base+SSE+SSE2,AES+PCLMUL VectorSize=256
// Job: Energy(OutlierMode=DontRemove, IterationTime=1s)

OverheadJitting  1: 1 op, 186134.00 ns, 186.1340 us/op
WorkloadJitting  1: 1 op, 59437698.00 ns, 59.4377 ms/op

OverheadJitting  2: 16 op, 490747.00 ns, 30.6717 us/op
WorkloadJitting  2: 16 op, 882101.00 ns, 55.1313 us/op

WorkloadPilot    1: 16 op, 315590.00 ns, 19.7244 us/op
WorkloadPilot    2: 50704 op, 519849815.00 ns, 10.2526 us/op
WorkloadPilot    3: 97536 op, 615716600.00 ns, 6.3127 us/op
WorkloadPilot    4: 158416 op, 907884728.00 ns, 5.7310 us/op
WorkloadPilot    5: 174496 op, 1184007069.00 ns, 6.7853 us/op
WorkloadPilot    6: 147392 op, 992483242.00 ns, 6.7336 us/op
WorkloadPilot    7: 148512 op, 820033905.00 ns, 5.5217 us/op
WorkloadPilot    8: 181120 op, 1039950897.00 ns, 5.7418 us/op
WorkloadPilot    9: 174176 op, 959702552.00 ns, 5.5100 us/op
WorkloadPilot   10: 181504 op, 1000413275.00 ns, 5.5118 us/op

OverheadWarmup   1: 181504 op, 621101.00 ns, 3.4220 ns/op
OverheadWarmup   2: 181504 op, 622852.00 ns, 3.4316 ns/op
OverheadWarmup   3: 181504 op, 582343.00 ns, 3.2084 ns/op
OverheadWarmup   4: 181504 op, 586536.00 ns, 3.2315 ns/op
OverheadWarmup   5: 181504 op, 582065.00 ns, 3.2069 ns/op

OverheadActual   1: 181504 op, 581509.00 ns, 3.2038 ns/op
OverheadActual   2: 181504 op, 582883.00 ns, 3.2114 ns/op
OverheadActual   3: 181504 op, 618930.00 ns, 3.4100 ns/op
OverheadActual   4: 181504 op, 626592.00 ns, 3.4522 ns/op
OverheadActual   5: 181504 op, 625221.00 ns, 3.4447 ns/op
OverheadActual   6: 181504 op, 628030.00 ns, 3.4601 ns/op
OverheadActual   7: 181504 op, 616965.00 ns, 3.3992 ns/op
OverheadActual   8: 181504 op, 585962.00 ns, 3.2284 ns/op
OverheadActual   9: 181504 op, 634377.00 ns, 3.4951 ns/op
OverheadActual  10: 181504 op, 582108.00 ns, 3.2071 ns/op
OverheadActual  11: 181504 op, 623405.00 ns, 3.4347 ns/op
OverheadActual  12: 181504 op, 579497.00 ns, 3.1928 ns/op
OverheadActual  13: 181504 op, 615439.00 ns, 3.3908 ns/op
OverheadActual  14: 181504 op, 582617.00 ns, 3.2099 ns/op
OverheadActual  15: 181504 op, 621226.00 ns, 3.4227 ns/op

WorkloadWarmup   1: 181504 op, 1002711027.00 ns, 5.5245 us/op
WorkloadWarmup   2: 181504 op, 1003155266.00 ns, 5.5269 us/op
WorkloadWarmup   3: 181504 op, 1086184751.00 ns, 5.9844 us/op
WorkloadWarmup   4: 181504 op, 1154157738.00 ns, 6.3589 us/op
WorkloadWarmup   5: 181504 op, 997249882.00 ns, 5.4944 us/op
WorkloadWarmup   6: 181504 op, 1008228792.00 ns, 5.5549 us/op
WorkloadWarmup   7: 181504 op, 1018980118.00 ns, 5.6141 us/op
WorkloadWarmup   8: 181504 op, 1095583584.00 ns, 6.0361 us/op
WorkloadWarmup   9: 181504 op, 1000984628.00 ns, 5.5149 us/op

// BeforeActualRun
WorkloadActual   1: 181504 op, 996359062.00 ns, 5.4895 us/op
WorkloadActual   2: 181504 op, 999944716.00 ns, 5.5092 us/op
WorkloadActual   3: 181504 op, 1006108318.00 ns, 5.5432 us/op
WorkloadActual   4: 181504 op, 1076444705.00 ns, 5.9307 us/op
WorkloadActual   5: 181504 op, 1098019025.00 ns, 6.0496 us/op
WorkloadActual   6: 181504 op, 1004152338.00 ns, 5.5324 us/op
WorkloadActual   7: 181504 op, 1006247792.00 ns, 5.5439 us/op
WorkloadActual   8: 181504 op, 1008148710.00 ns, 5.5544 us/op
WorkloadActual   9: 181504 op, 1009206580.00 ns, 5.5602 us/op
WorkloadActual  10: 181504 op, 1152245209.00 ns, 6.3483 us/op
WorkloadActual  11: 181504 op, 988119608.00 ns, 5.4441 us/op
WorkloadActual  12: 181504 op, 1001364487.00 ns, 5.5170 us/op
WorkloadActual  13: 181504 op, 1001323230.00 ns, 5.5168 us/op
WorkloadActual  14: 181504 op, 1130290017.00 ns, 6.2274 us/op
WorkloadActual  15: 181504 op, 1145058296.00 ns, 6.3087 us/op
WorkloadActual  16: 181504 op, 1010670842.00 ns, 5.5683 us/op
WorkloadActual  17: 181504 op, 1029706187.00 ns, 5.6732 us/op
WorkloadActual  18: 181504 op, 1001702863.00 ns, 5.5189 us/op
WorkloadActual  19: 181504 op, 1000753411.00 ns, 5.5137 us/op
WorkloadActual  20: 181504 op, 1108542351.00 ns, 6.1075 us/op
WorkloadActual  21: 181504 op, 994974330.00 ns, 5.4818 us/op
WorkloadActual  22: 181504 op, 994099832.00 ns, 5.4770 us/op
WorkloadActual  23: 181504 op, 1036716715.00 ns, 5.7118 us/op
WorkloadActual  24: 181504 op, 1060428957.00 ns, 5.8425 us/op
WorkloadActual  25: 181504 op, 1151957416.00 ns, 6.3467 us/op
WorkloadActual  26: 181504 op, 994350296.00 ns, 5.4784 us/op
WorkloadActual  27: 181504 op, 993162814.00 ns, 5.4719 us/op
WorkloadActual  28: 181504 op, 997706967.00 ns, 5.4969 us/op
WorkloadActual  29: 181504 op, 993874835.00 ns, 5.4758 us/op
WorkloadActual  30: 181504 op, 1105319274.00 ns, 6.0898 us/op
WorkloadActual  31: 181504 op, 995110831.00 ns, 5.4826 us/op
WorkloadActual  32: 181504 op, 981576702.00 ns, 5.4080 us/op
WorkloadActual  33: 181504 op, 1070761849.00 ns, 5.8994 us/op
WorkloadActual  34: 181504 op, 1003155142.00 ns, 5.5269 us/op
WorkloadActual  35: 181504 op, 1097019339.00 ns, 6.0441 us/op
WorkloadActual  36: 181504 op, 999707409.00 ns, 5.5079 us/op
WorkloadActual  37: 181504 op, 997739185.00 ns, 5.4971 us/op
WorkloadActual  38: 181504 op, 1025904952.00 ns, 5.6522 us/op
WorkloadActual  39: 181504 op, 1000106976.00 ns, 5.5101 us/op
WorkloadActual  40: 181504 op, 1095396779.00 ns, 6.0351 us/op
WorkloadActual  41: 181504 op, 999055083.00 ns, 5.5043 us/op
WorkloadActual  42: 181504 op, 1002781453.00 ns, 5.5248 us/op
WorkloadActual  43: 181504 op, 1097101912.00 ns, 6.0445 us/op
WorkloadActual  44: 181504 op, 1004318857.00 ns, 5.5333 us/op
WorkloadActual  45: 181504 op, 1070519346.00 ns, 5.8980 us/op
WorkloadActual  46: 181504 op, 1026594230.00 ns, 5.6560 us/op
WorkloadActual  47: 181504 op, 1026118284.00 ns, 5.6534 us/op
WorkloadActual  48: 181504 op, 997077483.00 ns, 5.4934 us/op
WorkloadActual  49: 181504 op, 997504406.00 ns, 5.4958 us/op
WorkloadActual  50: 181504 op, 1006604986.00 ns, 5.5459 us/op
WorkloadActual  51: 181504 op, 1106259456.00 ns, 6.0950 us/op
WorkloadActual  52: 181504 op, 1003589018.00 ns, 5.5293 us/op
WorkloadActual  53: 181504 op, 1125250596.00 ns, 6.1996 us/op
WorkloadActual  54: 181504 op, 1000041936.00 ns, 5.5098 us/op
WorkloadActual  55: 181504 op, 996766851.00 ns, 5.4917 us/op
WorkloadActual  56: 181504 op, 1097522137.00 ns, 6.0468 us/op
WorkloadActual  57: 181504 op, 999960085.00 ns, 5.5093 us/op
WorkloadActual  58: 181504 op, 998214221.00 ns, 5.4997 us/op
WorkloadActual  59: 181504 op, 998447308.00 ns, 5.5010 us/op
WorkloadActual  60: 181504 op, 988729551.00 ns, 5.4474 us/op
WorkloadActual  61: 181504 op, 1092340815.00 ns, 6.0183 us/op
WorkloadActual  62: 181504 op, 1002711713.00 ns, 5.5245 us/op
WorkloadActual  63: 181504 op, 1077336598.00 ns, 5.9356 us/op
WorkloadActual  64: 181504 op, 986543379.00 ns, 5.4354 us/op
WorkloadActual  65: 181504 op, 992743340.00 ns, 5.4695 us/op
WorkloadActual  66: 181504 op, 1122982577.00 ns, 6.1871 us/op
WorkloadActual  67: 181504 op, 980583038.00 ns, 5.4025 us/op
WorkloadActual  68: 181504 op, 1016785955.00 ns, 5.6020 us/op
WorkloadActual  69: 181504 op, 997669824.00 ns, 5.4967 us/op

// AfterActualRun
WorkloadResult   1: 181504 op, 995742097.00 ns, 5.4861 us/op
WorkloadResult   2: 181504 op, 999327751.00 ns, 5.5058 us/op
WorkloadResult   3: 181504 op, 1005491353.00 ns, 5.5398 us/op
WorkloadResult   4: 181504 op, 1075827740.00 ns, 5.9273 us/op
WorkloadResult   5: 181504 op, 1097402060.00 ns, 6.0462 us/op
WorkloadResult   6: 181504 op, 1003535373.00 ns, 5.5290 us/op
WorkloadResult   7: 181504 op, 1005630827.00 ns, 5.5405 us/op
WorkloadResult   8: 181504 op, 1007531745.00 ns, 5.5510 us/op
WorkloadResult   9: 181504 op, 1008589615.00 ns, 5.5568 us/op
WorkloadResult  10: 181504 op, 1151628244.00 ns, 6.3449 us/op
WorkloadResult  11: 181504 op, 987502643.00 ns, 5.4407 us/op
WorkloadResult  12: 181504 op, 1000747522.00 ns, 5.5136 us/op
WorkloadResult  13: 181504 op, 1000706265.00 ns, 5.5134 us/op
WorkloadResult  14: 181504 op, 1129673052.00 ns, 6.2240 us/op
WorkloadResult  15: 181504 op, 1144441331.00 ns, 6.3053 us/op
WorkloadResult  16: 181504 op, 1010053877.00 ns, 5.5649 us/op
WorkloadResult  17: 181504 op, 1029089222.00 ns, 5.6698 us/op
WorkloadResult  18: 181504 op, 1001085898.00 ns, 5.5155 us/op
WorkloadResult  19: 181504 op, 1000136446.00 ns, 5.5103 us/op
WorkloadResult  20: 181504 op, 1107925386.00 ns, 6.1041 us/op
WorkloadResult  21: 181504 op, 994357365.00 ns, 5.4784 us/op
WorkloadResult  22: 181504 op, 993482867.00 ns, 5.4736 us/op
WorkloadResult  23: 181504 op, 1036099750.00 ns, 5.7084 us/op
WorkloadResult  24: 181504 op, 1059811992.00 ns, 5.8391 us/op
WorkloadResult  25: 181504 op, 1151340451.00 ns, 6.3433 us/op
WorkloadResult  26: 181504 op, 993733331.00 ns, 5.4750 us/op
WorkloadResult  27: 181504 op, 992545849.00 ns, 5.4685 us/op
WorkloadResult  28: 181504 op, 997090002.00 ns, 5.4935 us/op
WorkloadResult  29: 181504 op, 993257870.00 ns, 5.4724 us/op
WorkloadResult  30: 181504 op, 1104702309.00 ns, 6.0864 us/op
WorkloadResult  31: 181504 op, 994493866.00 ns, 5.4792 us/op
WorkloadResult  32: 181504 op, 980959737.00 ns, 5.4046 us/op
WorkloadResult  33: 181504 op, 1070144884.00 ns, 5.8960 us/op
WorkloadResult  34: 181504 op, 1002538177.00 ns, 5.5235 us/op
WorkloadResult  35: 181504 op, 1096402374.00 ns, 6.0407 us/op
WorkloadResult  36: 181504 op, 999090444.00 ns, 5.5045 us/op
WorkloadResult  37: 181504 op, 997122220.00 ns, 5.4937 us/op
WorkloadResult  38: 181504 op, 1025287987.00 ns, 5.6488 us/op
WorkloadResult  39: 181504 op, 999490011.00 ns, 5.5067 us/op
WorkloadResult  40: 181504 op, 1094779814.00 ns, 6.0317 us/op
WorkloadResult  41: 181504 op, 998438118.00 ns, 5.5009 us/op
WorkloadResult  42: 181504 op, 1002164488.00 ns, 5.5214 us/op
WorkloadResult  43: 181504 op, 1096484947.00 ns, 6.0411 us/op
WorkloadResult  44: 181504 op, 1003701892.00 ns, 5.5299 us/op
WorkloadResult  45: 181504 op, 1069902381.00 ns, 5.8946 us/op
WorkloadResult  46: 181504 op, 1025977265.00 ns, 5.6526 us/op
WorkloadResult  47: 181504 op, 1025501319.00 ns, 5.6500 us/op
WorkloadResult  48: 181504 op, 996460518.00 ns, 5.4900 us/op
WorkloadResult  49: 181504 op, 996887441.00 ns, 5.4924 us/op
WorkloadResult  50: 181504 op, 1005988021.00 ns, 5.5425 us/op
WorkloadResult  51: 181504 op, 1105642491.00 ns, 6.0916 us/op
WorkloadResult  52: 181504 op, 1002972053.00 ns, 5.5259 us/op
WorkloadResult  53: 181504 op, 1124633631.00 ns, 6.1962 us/op
WorkloadResult  54: 181504 op, 999424971.00 ns, 5.5064 us/op
WorkloadResult  55: 181504 op, 996149886.00 ns, 5.4883 us/op
WorkloadResult  56: 181504 op, 1096905172.00 ns, 6.0434 us/op
WorkloadResult  57: 181504 op, 999343120.00 ns, 5.5059 us/op
WorkloadResult  58: 181504 op, 997597256.00 ns, 5.4963 us/op
WorkloadResult  59: 181504 op, 997830343.00 ns, 5.4976 us/op
WorkloadResult  60: 181504 op, 988112586.00 ns, 5.4440 us/op
WorkloadResult  61: 181504 op, 1091723850.00 ns, 6.0149 us/op
WorkloadResult  62: 181504 op, 1002094748.00 ns, 5.5211 us/op
WorkloadResult  63: 181504 op, 1076719633.00 ns, 5.9322 us/op
WorkloadResult  64: 181504 op, 985926414.00 ns, 5.4320 us/op
WorkloadResult  65: 181504 op, 992126375.00 ns, 5.4661 us/op
WorkloadResult  66: 181504 op, 1122365612.00 ns, 6.1837 us/op
WorkloadResult  67: 181504 op, 979966073.00 ns, 5.3991 us/op
WorkloadResult  68: 181504 op, 1016168990.00 ns, 5.5986 us/op
WorkloadResult  69: 181504 op, 997052859.00 ns, 5.4933 us/op

// AfterAll
// Benchmark Process 906641 has exited with code 0.

Mean = 5.680 μs, StdErr = 0.033 μs (0.58%), N = 69, StdDev = 0.274 μs
Min = 5.399 μs, Q1 = 5.493 μs, Median = 5.526 μs, Q3 = 5.896 μs, Max = 6.345 μs
IQR = 0.402 μs, LowerFence = 4.890 μs, UpperFence = 6.500 μs
ConfidenceInterval = [5.566 μs; 5.793 μs] (CI 99.9%), Margin = 0.113 μs (2.00% of Mean)
Skewness = 1.06, Kurtosis = 2.63, MValue = 2.61

// ** Remained 6 (60.0 %) benchmark(s) to run. Estimated finish 2026-05-26 12:18 (0h 10m from now) **
// **************************
// Benchmark: SmokeBenchByte.Utf8Json_Deser: Energy(OutlierMode=DontRemove, IterationTime=1s)
// *** Execute ***
// Launch: 1 / 1
// Execute: dotnet JsonBench-Energy-1.dll --anonymousPipes 127 128 --benchmarkName JsonBench.Benchmarks.SmokeBenchByte.Utf8Json_Deser --job Energy --benchmarkId 4 in /home/test/json-energy-bench/JsonBench/bin/Release/net10.0/JsonBench-Energy-1/bin/Release/net10.0
// BeforeAnythingElse

// Benchmark Process Environment Information:
// BenchmarkDotNet v0.15.5-develop (2026-05-26)
// Runtime=.NET 10.0.8 (10.0.8, 10.0.826.23019), X64 RyuJIT x86-64-v3
// GC=Concurrent Workstation
// HardwareIntrinsics=AVX2+BMI1+BMI2+F16C+FMA+LZCNT+MOVBE,AVX,SSE3+SSSE3+SSE4.1+SSE4.2+POPCNT,X86Base+SSE+SSE2,AES+PCLMUL VectorSize=256
// Job: Energy(OutlierMode=DontRemove, IterationTime=1s)

OverheadJitting  1: 1 op, 187761.00 ns, 187.7610 us/op
WorkloadJitting  1: 1 op, 67065009.00 ns, 67.0650 ms/op

WorkloadPilot    1: 4 op, 210449.00 ns, 52.6123 us/op
WorkloadPilot    2: 19007 op, 448373756.00 ns, 23.5899 us/op
WorkloadPilot    3: 42391 op, 347595059.00 ns, 8.1997 us/op
WorkloadPilot    4: 121955 op, 1148087182.00 ns, 9.4140 us/op
WorkloadPilot    5: 106225 op, 1010471865.00 ns, 9.5126 us/op
WorkloadPilot    6: 105124 op, 1035385046.00 ns, 9.8492 us/op

WorkloadWarmup   1: 105124 op, 879066347.00 ns, 8.3622 us/op
WorkloadWarmup   2: 105124 op, 857839028.00 ns, 8.1603 us/op
WorkloadWarmup   3: 105124 op, 889362688.00 ns, 8.4601 us/op
WorkloadWarmup   4: 105124 op, 857045003.00 ns, 8.1527 us/op
WorkloadWarmup   5: 105124 op, 857374393.00 ns, 8.1558 us/op
WorkloadWarmup   6: 105124 op, 852619787.00 ns, 8.1106 us/op

// BeforeActualRun
WorkloadActual   1: 105124 op, 855937821.00 ns, 8.1422 us/op
WorkloadActual   2: 105124 op, 886299654.00 ns, 8.4310 us/op
WorkloadActual   3: 105124 op, 1029803342.00 ns, 9.7961 us/op
WorkloadActual   4: 105124 op, 884938493.00 ns, 8.4180 us/op
WorkloadActual   5: 105124 op, 857231749.00 ns, 8.1545 us/op
WorkloadActual   6: 105124 op, 848706151.00 ns, 8.0734 us/op
WorkloadActual   7: 105124 op, 836328545.00 ns, 7.9556 us/op
WorkloadActual   8: 105124 op, 955159206.00 ns, 9.0860 us/op
WorkloadActual   9: 105124 op, 875011914.00 ns, 8.3236 us/op
WorkloadActual  10: 105124 op, 859180782.00 ns, 8.1730 us/op
WorkloadActual  11: 105124 op, 858626069.00 ns, 8.1677 us/op
WorkloadActual  12: 105124 op, 843569460.00 ns, 8.0245 us/op
WorkloadActual  13: 105124 op, 850697339.00 ns, 8.0923 us/op
WorkloadActual  14: 105124 op, 1006347065.00 ns, 9.5730 us/op
WorkloadActual  15: 105124 op, 905839882.00 ns, 8.6169 us/op
WorkloadActual  16: 105124 op, 855280697.00 ns, 8.1359 us/op
WorkloadActual  17: 105124 op, 851601133.00 ns, 8.1009 us/op
WorkloadActual  18: 105124 op, 854752599.00 ns, 8.1309 us/op
WorkloadActual  19: 105124 op, 855866873.00 ns, 8.1415 us/op
WorkloadActual  20: 105124 op, 853526150.00 ns, 8.1192 us/op
WorkloadActual  21: 105124 op, 939220693.00 ns, 8.9344 us/op
WorkloadActual  22: 105124 op, 851114226.00 ns, 8.0963 us/op
WorkloadActual  23: 105124 op, 852006017.00 ns, 8.1048 us/op
WorkloadActual  24: 105124 op, 854421222.00 ns, 8.1277 us/op
WorkloadActual  25: 105124 op, 903552490.00 ns, 8.5951 us/op
WorkloadActual  26: 105124 op, 917071755.00 ns, 8.7237 us/op
WorkloadActual  27: 105124 op, 952995616.00 ns, 9.0654 us/op
WorkloadActual  28: 105124 op, 854336638.00 ns, 8.1269 us/op
WorkloadActual  29: 105124 op, 854607483.00 ns, 8.1295 us/op
WorkloadActual  30: 105124 op, 855776907.00 ns, 8.1406 us/op
WorkloadActual  31: 105124 op, 886112022.00 ns, 8.4292 us/op
WorkloadActual  32: 105124 op, 846711014.00 ns, 8.0544 us/op
WorkloadActual  33: 105124 op, 958689944.00 ns, 9.1196 us/op
WorkloadActual  34: 105124 op, 856505159.00 ns, 8.1476 us/op
WorkloadActual  35: 105124 op, 856402828.00 ns, 8.1466 us/op
WorkloadActual  36: 105124 op, 855313562.00 ns, 8.1362 us/op
WorkloadActual  37: 105124 op, 928604830.00 ns, 8.8334 us/op
WorkloadActual  38: 105124 op, 923054095.00 ns, 8.7806 us/op
WorkloadActual  39: 105124 op, 935197209.00 ns, 8.8961 us/op
WorkloadActual  40: 105124 op, 854512338.00 ns, 8.1286 us/op
WorkloadActual  41: 105124 op, 855513629.00 ns, 8.1381 us/op
WorkloadActual  42: 105124 op, 855579267.00 ns, 8.1388 us/op
WorkloadActual  43: 105124 op, 857645885.00 ns, 8.1584 us/op
WorkloadActual  44: 105124 op, 857805886.00 ns, 8.1599 us/op
WorkloadActual  45: 105124 op, 948341605.00 ns, 9.0212 us/op
WorkloadActual  46: 105124 op, 856864086.00 ns, 8.1510 us/op
WorkloadActual  47: 105124 op, 851659572.00 ns, 8.1015 us/op
WorkloadActual  48: 105124 op, 878452586.00 ns, 8.3563 us/op
WorkloadActual  49: 105124 op, 858856966.00 ns, 8.1699 us/op
WorkloadActual  50: 105124 op, 859501369.00 ns, 8.1761 us/op
WorkloadActual  51: 105124 op, 941784785.00 ns, 8.9588 us/op
WorkloadActual  52: 105124 op, 859742372.00 ns, 8.1784 us/op
WorkloadActual  53: 105124 op, 859817167.00 ns, 8.1791 us/op
WorkloadActual  54: 105124 op, 859343995.00 ns, 8.1746 us/op
WorkloadActual  55: 105124 op, 859274555.00 ns, 8.1739 us/op
WorkloadActual  56: 105124 op, 858697502.00 ns, 8.1684 us/op
WorkloadActual  57: 105124 op, 959218597.00 ns, 9.1246 us/op
WorkloadActual  58: 105124 op, 858324214.00 ns, 8.1649 us/op
WorkloadActual  59: 105124 op, 878969965.00 ns, 8.3613 us/op
WorkloadActual  60: 105124 op, 909538952.00 ns, 8.6521 us/op
WorkloadActual  61: 105124 op, 859344893.00 ns, 8.1746 us/op
WorkloadActual  62: 105124 op, 862030409.00 ns, 8.2001 us/op
WorkloadActual  63: 105124 op, 940672947.00 ns, 8.9482 us/op
WorkloadActual  64: 105124 op, 858337594.00 ns, 8.1650 us/op
WorkloadActual  65: 105124 op, 854261694.00 ns, 8.1262 us/op
WorkloadActual  66: 105124 op, 855788667.00 ns, 8.1408 us/op
WorkloadActual  67: 105124 op, 858870826.00 ns, 8.1701 us/op
WorkloadActual  68: 105124 op, 857263304.00 ns, 8.1548 us/op

// AfterActualRun
WorkloadResult   1: 105124 op, 855937821.00 ns, 8.1422 us/op
WorkloadResult   2: 105124 op, 886299654.00 ns, 8.4310 us/op
WorkloadResult   3: 105124 op, 1029803342.00 ns, 9.7961 us/op
WorkloadResult   4: 105124 op, 884938493.00 ns, 8.4180 us/op
WorkloadResult   5: 105124 op, 857231749.00 ns, 8.1545 us/op
WorkloadResult   6: 105124 op, 848706151.00 ns, 8.0734 us/op
WorkloadResult   7: 105124 op, 836328545.00 ns, 7.9556 us/op
WorkloadResult   8: 105124 op, 955159206.00 ns, 9.0860 us/op
WorkloadResult   9: 105124 op, 875011914.00 ns, 8.3236 us/op
WorkloadResult  10: 105124 op, 859180782.00 ns, 8.1730 us/op
WorkloadResult  11: 105124 op, 858626069.00 ns, 8.1677 us/op
WorkloadResult  12: 105124 op, 843569460.00 ns, 8.0245 us/op
WorkloadResult  13: 105124 op, 850697339.00 ns, 8.0923 us/op
WorkloadResult  14: 105124 op, 1006347065.00 ns, 9.5730 us/op
WorkloadResult  15: 105124 op, 905839882.00 ns, 8.6169 us/op
WorkloadResult  16: 105124 op, 855280697.00 ns, 8.1359 us/op
WorkloadResult  17: 105124 op, 851601133.00 ns, 8.1009 us/op
WorkloadResult  18: 105124 op, 854752599.00 ns, 8.1309 us/op
WorkloadResult  19: 105124 op, 855866873.00 ns, 8.1415 us/op
WorkloadResult  20: 105124 op, 853526150.00 ns, 8.1192 us/op
WorkloadResult  21: 105124 op, 939220693.00 ns, 8.9344 us/op
WorkloadResult  22: 105124 op, 851114226.00 ns, 8.0963 us/op
WorkloadResult  23: 105124 op, 852006017.00 ns, 8.1048 us/op
WorkloadResult  24: 105124 op, 854421222.00 ns, 8.1277 us/op
WorkloadResult  25: 105124 op, 903552490.00 ns, 8.5951 us/op
WorkloadResult  26: 105124 op, 917071755.00 ns, 8.7237 us/op
WorkloadResult  27: 105124 op, 952995616.00 ns, 9.0654 us/op
WorkloadResult  28: 105124 op, 854336638.00 ns, 8.1269 us/op
WorkloadResult  29: 105124 op, 854607483.00 ns, 8.1295 us/op
WorkloadResult  30: 105124 op, 855776907.00 ns, 8.1406 us/op
WorkloadResult  31: 105124 op, 886112022.00 ns, 8.4292 us/op
WorkloadResult  32: 105124 op, 846711014.00 ns, 8.0544 us/op
WorkloadResult  33: 105124 op, 958689944.00 ns, 9.1196 us/op
WorkloadResult  34: 105124 op, 856505159.00 ns, 8.1476 us/op
WorkloadResult  35: 105124 op, 856402828.00 ns, 8.1466 us/op
WorkloadResult  36: 105124 op, 855313562.00 ns, 8.1362 us/op
WorkloadResult  37: 105124 op, 928604830.00 ns, 8.8334 us/op
WorkloadResult  38: 105124 op, 923054095.00 ns, 8.7806 us/op
WorkloadResult  39: 105124 op, 935197209.00 ns, 8.8961 us/op
WorkloadResult  40: 105124 op, 854512338.00 ns, 8.1286 us/op
WorkloadResult  41: 105124 op, 855513629.00 ns, 8.1381 us/op
WorkloadResult  42: 105124 op, 855579267.00 ns, 8.1388 us/op
WorkloadResult  43: 105124 op, 857645885.00 ns, 8.1584 us/op
WorkloadResult  44: 105124 op, 857805886.00 ns, 8.1599 us/op
WorkloadResult  45: 105124 op, 948341605.00 ns, 9.0212 us/op
WorkloadResult  46: 105124 op, 856864086.00 ns, 8.1510 us/op
WorkloadResult  47: 105124 op, 851659572.00 ns, 8.1015 us/op
WorkloadResult  48: 105124 op, 878452586.00 ns, 8.3563 us/op
WorkloadResult  49: 105124 op, 858856966.00 ns, 8.1699 us/op
WorkloadResult  50: 105124 op, 859501369.00 ns, 8.1761 us/op
WorkloadResult  51: 105124 op, 941784785.00 ns, 8.9588 us/op
WorkloadResult  52: 105124 op, 859742372.00 ns, 8.1784 us/op
WorkloadResult  53: 105124 op, 859817167.00 ns, 8.1791 us/op
WorkloadResult  54: 105124 op, 859343995.00 ns, 8.1746 us/op
WorkloadResult  55: 105124 op, 859274555.00 ns, 8.1739 us/op
WorkloadResult  56: 105124 op, 858697502.00 ns, 8.1684 us/op
WorkloadResult  57: 105124 op, 959218597.00 ns, 9.1246 us/op
WorkloadResult  58: 105124 op, 858324214.00 ns, 8.1649 us/op
WorkloadResult  59: 105124 op, 878969965.00 ns, 8.3613 us/op
WorkloadResult  60: 105124 op, 909538952.00 ns, 8.6521 us/op
WorkloadResult  61: 105124 op, 859344893.00 ns, 8.1746 us/op
WorkloadResult  62: 105124 op, 862030409.00 ns, 8.2001 us/op
WorkloadResult  63: 105124 op, 940672947.00 ns, 8.9482 us/op
WorkloadResult  64: 105124 op, 858337594.00 ns, 8.1650 us/op
WorkloadResult  65: 105124 op, 854261694.00 ns, 8.1262 us/op
WorkloadResult  66: 105124 op, 855788667.00 ns, 8.1408 us/op
WorkloadResult  67: 105124 op, 858870826.00 ns, 8.1701 us/op
WorkloadResult  68: 105124 op, 857263304.00 ns, 8.1548 us/op

// AfterAll
// Benchmark Process 907396 has exited with code 0.

Mean = 8.370 μs, StdErr = 0.048 μs (0.58%), N = 68, StdDev = 0.397 μs
Min = 7.956 μs, Q1 = 8.136 μs, Median = 8.168 μs, Q3 = 8.472 μs, Max = 9.796 μs
IQR = 0.336 μs, LowerFence = 7.632 μs, UpperFence = 8.976 μs
ConfidenceInterval = [8.204 μs; 8.536 μs] (CI 99.9%), Margin = 0.166 μs (1.98% of Mean)
Skewness = 1.6, Kurtosis = 4.86, MValue = 2.13

// ** Remained 5 (50.0 %) benchmark(s) to run. Estimated finish 2026-05-26 12:18 (0h 8m from now) **
// **************************
// Benchmark: SmokeBenchByte.STJRefGen_Ser: Energy(OutlierMode=DontRemove, IterationTime=1s)
// *** Execute ***
// Launch: 1 / 1
// Execute: dotnet JsonBench-Energy-1.dll --anonymousPipes 127 128 --benchmarkName JsonBench.Benchmarks.SmokeBenchByte.STJRefGen_Ser --job Energy --benchmarkId 5 in /home/test/json-energy-bench/JsonBench/bin/Release/net10.0/JsonBench-Energy-1/bin/Release/net10.0
// BeforeAnythingElse

// Benchmark Process Environment Information:
// BenchmarkDotNet v0.15.5-develop (2026-05-26)
// Runtime=.NET 10.0.8 (10.0.8, 10.0.826.23019), X64 RyuJIT x86-64-v3
// GC=Concurrent Workstation
// HardwareIntrinsics=AVX2+BMI1+BMI2+F16C+FMA+LZCNT+MOVBE,AVX,SSE3+SSSE3+SSE4.1+SSE4.2+POPCNT,X86Base+SSE+SSE2,AES+PCLMUL VectorSize=256
// Job: Energy(OutlierMode=DontRemove, IterationTime=1s)

OverheadJitting  1: 1 op, 182883.00 ns, 182.8830 us/op
WorkloadJitting  1: 1 op, 2865557.00 ns, 2.8656 ms/op

OverheadJitting  2: 16 op, 508094.00 ns, 31.7559 us/op
WorkloadJitting  2: 16 op, 787315.00 ns, 49.2072 us/op

WorkloadPilot    1: 16 op, 226293.00 ns, 14.1433 us/op
WorkloadPilot    2: 70720 op, 605288903.00 ns, 8.5589 us/op
WorkloadPilot    3: 116848 op, 520967545.00 ns, 4.4585 us/op
WorkloadPilot    4: 224304 op, 934691985.00 ns, 4.1671 us/op
WorkloadPilot    5: 239984 op, 1156569760.00 ns, 4.8194 us/op
WorkloadPilot    6: 207504 op, 1046962541.00 ns, 5.0455 us/op
WorkloadPilot    7: 198208 op, 781037837.00 ns, 3.9405 us/op
WorkloadPilot    8: 253776 op, 1024271229.00 ns, 4.0361 us/op

OverheadWarmup   1: 253776 op, 834938.00 ns, 3.2901 ns/op
OverheadWarmup   2: 253776 op, 836084.00 ns, 3.2946 ns/op
OverheadWarmup   3: 253776 op, 839873.00 ns, 3.3095 ns/op
OverheadWarmup   4: 253776 op, 832398.00 ns, 3.2801 ns/op
OverheadWarmup   5: 253776 op, 835862.00 ns, 3.2937 ns/op
OverheadWarmup   6: 253776 op, 827395.00 ns, 3.2603 ns/op

OverheadActual   1: 253776 op, 835983.00 ns, 3.2942 ns/op
OverheadActual   2: 253776 op, 837391.00 ns, 3.2997 ns/op
OverheadActual   3: 253776 op, 835600.00 ns, 3.2927 ns/op
OverheadActual   4: 253776 op, 838736.00 ns, 3.3050 ns/op
OverheadActual   5: 253776 op, 837827.00 ns, 3.3014 ns/op
OverheadActual   6: 253776 op, 832048.00 ns, 3.2787 ns/op
OverheadActual   7: 253776 op, 811616.00 ns, 3.1982 ns/op
OverheadActual   8: 253776 op, 860274.00 ns, 3.3899 ns/op
OverheadActual   9: 253776 op, 819641.00 ns, 3.2298 ns/op
OverheadActual  10: 253776 op, 856795.00 ns, 3.3762 ns/op
OverheadActual  11: 253776 op, 815187.00 ns, 3.2122 ns/op
OverheadActual  12: 253776 op, 852443.00 ns, 3.3590 ns/op
OverheadActual  13: 253776 op, 814929.00 ns, 3.2112 ns/op
OverheadActual  14: 253776 op, 852633.00 ns, 3.3598 ns/op
OverheadActual  15: 253776 op, 821307.00 ns, 3.2363 ns/op

WorkloadWarmup   1: 253776 op, 1061932303.00 ns, 4.1845 us/op
WorkloadWarmup   2: 253776 op, 1001764919.00 ns, 3.9474 us/op
WorkloadWarmup   3: 253776 op, 1006851924.00 ns, 3.9675 us/op
WorkloadWarmup   4: 253776 op, 997844463.00 ns, 3.9320 us/op
WorkloadWarmup   5: 253776 op, 1140965016.00 ns, 4.4960 us/op
WorkloadWarmup   6: 253776 op, 1109441747.00 ns, 4.3717 us/op

// BeforeActualRun
WorkloadActual   1: 253776 op, 996074792.00 ns, 3.9250 us/op
WorkloadActual   2: 253776 op, 994880692.00 ns, 3.9203 us/op
WorkloadActual   3: 253776 op, 996183121.00 ns, 3.9254 us/op
WorkloadActual   4: 253776 op, 1109951538.00 ns, 4.3737 us/op
WorkloadActual   5: 253776 op, 1002658207.00 ns, 3.9510 us/op
WorkloadActual   6: 253776 op, 997744440.00 ns, 3.9316 us/op
WorkloadActual   7: 253776 op, 1001083294.00 ns, 3.9448 us/op
WorkloadActual   8: 253776 op, 993287183.00 ns, 3.9140 us/op
WorkloadActual   9: 253776 op, 1121249375.00 ns, 4.4183 us/op
WorkloadActual  10: 253776 op, 1045017940.00 ns, 4.1179 us/op
WorkloadActual  11: 253776 op, 1019925394.00 ns, 4.0190 us/op
WorkloadActual  12: 253776 op, 988814663.00 ns, 3.8964 us/op
WorkloadActual  13: 253776 op, 990680241.00 ns, 3.9038 us/op
WorkloadActual  14: 253776 op, 997431736.00 ns, 3.9304 us/op
WorkloadActual  15: 253776 op, 1093935591.00 ns, 4.3106 us/op
WorkloadActual  16: 253776 op, 977845523.00 ns, 3.8532 us/op
WorkloadActual  17: 253776 op, 984025238.00 ns, 3.8775 us/op
WorkloadActual  18: 253776 op, 1014345461.00 ns, 3.9970 us/op
WorkloadActual  19: 253776 op, 1110488499.00 ns, 4.3759 us/op
WorkloadActual  20: 253776 op, 1088916338.00 ns, 4.2909 us/op
WorkloadActual  21: 253776 op, 988950388.00 ns, 3.8969 us/op
WorkloadActual  22: 253776 op, 989574002.00 ns, 3.8994 us/op
WorkloadActual  23: 253776 op, 986676695.00 ns, 3.8880 us/op
WorkloadActual  24: 253776 op, 1048454279.00 ns, 4.1314 us/op
WorkloadActual  25: 253776 op, 1086223398.00 ns, 4.2802 us/op
WorkloadActual  26: 253776 op, 985215467.00 ns, 3.8822 us/op
WorkloadActual  27: 253776 op, 990324834.00 ns, 3.9024 us/op
WorkloadActual  28: 253776 op, 989132643.00 ns, 3.8977 us/op
WorkloadActual  29: 253776 op, 1108403854.00 ns, 4.3676 us/op
WorkloadActual  30: 253776 op, 1129676278.00 ns, 4.4515 us/op
WorkloadActual  31: 253776 op, 989747526.00 ns, 3.9001 us/op
WorkloadActual  32: 253776 op, 991166417.00 ns, 3.9057 us/op
WorkloadActual  33: 253776 op, 990972070.00 ns, 3.9049 us/op
WorkloadActual  34: 253776 op, 990855392.00 ns, 3.9044 us/op
WorkloadActual  35: 253776 op, 1089419807.00 ns, 4.2928 us/op
WorkloadActual  36: 253776 op, 992650663.00 ns, 3.9115 us/op
WorkloadActual  37: 253776 op, 991187426.00 ns, 3.9058 us/op
WorkloadActual  38: 253776 op, 988502407.00 ns, 3.8952 us/op
WorkloadActual  39: 253776 op, 1010591948.00 ns, 3.9822 us/op
WorkloadActual  40: 253776 op, 1007552684.00 ns, 3.9702 us/op
WorkloadActual  41: 253776 op, 1068557794.00 ns, 4.2106 us/op
WorkloadActual  42: 253776 op, 987054231.00 ns, 3.8895 us/op
WorkloadActual  43: 253776 op, 986488812.00 ns, 3.8872 us/op
WorkloadActual  44: 253776 op, 989329031.00 ns, 3.8984 us/op
WorkloadActual  45: 253776 op, 992589044.00 ns, 3.9113 us/op
WorkloadActual  46: 253776 op, 1106978391.00 ns, 4.3620 us/op
WorkloadActual  47: 253776 op, 991154659.00 ns, 3.9056 us/op
WorkloadActual  48: 253776 op, 1088693544.00 ns, 4.2900 us/op
WorkloadActual  49: 253776 op, 992032764.00 ns, 3.9091 us/op
WorkloadActual  50: 253776 op, 989772388.00 ns, 3.9002 us/op
WorkloadActual  51: 253776 op, 1103630870.00 ns, 4.3488 us/op
WorkloadActual  52: 253776 op, 989462327.00 ns, 3.8990 us/op
WorkloadActual  53: 253776 op, 989433336.00 ns, 3.8988 us/op
WorkloadActual  54: 253776 op, 989659724.00 ns, 3.8997 us/op
WorkloadActual  55: 253776 op, 990606696.00 ns, 3.9035 us/op
WorkloadActual  56: 253776 op, 1099104373.00 ns, 4.3310 us/op
WorkloadActual  57: 253776 op, 989090849.00 ns, 3.8975 us/op
WorkloadActual  58: 253776 op, 1073207054.00 ns, 4.2290 us/op
WorkloadActual  59: 253776 op, 1004758836.00 ns, 3.9592 us/op
WorkloadActual  60: 253776 op, 990871050.00 ns, 3.9045 us/op
WorkloadActual  61: 253776 op, 1092641335.00 ns, 4.3055 us/op
WorkloadActual  62: 253776 op, 991903883.00 ns, 3.9086 us/op
WorkloadActual  63: 253776 op, 988808042.00 ns, 3.8964 us/op
WorkloadActual  64: 253776 op, 991034191.00 ns, 3.9052 us/op

// AfterActualRun
WorkloadResult   1: 253776 op, 995238809.00 ns, 3.9217 us/op
WorkloadResult   2: 253776 op, 994044709.00 ns, 3.9170 us/op
WorkloadResult   3: 253776 op, 995347138.00 ns, 3.9221 us/op
WorkloadResult   4: 253776 op, 1109115555.00 ns, 4.3705 us/op
WorkloadResult   5: 253776 op, 1001822224.00 ns, 3.9477 us/op
WorkloadResult   6: 253776 op, 996908457.00 ns, 3.9283 us/op
WorkloadResult   7: 253776 op, 1000247311.00 ns, 3.9415 us/op
WorkloadResult   8: 253776 op, 992451200.00 ns, 3.9107 us/op
WorkloadResult   9: 253776 op, 1120413392.00 ns, 4.4150 us/op
WorkloadResult  10: 253776 op, 1044181957.00 ns, 4.1146 us/op
WorkloadResult  11: 253776 op, 1019089411.00 ns, 4.0157 us/op
WorkloadResult  12: 253776 op, 987978680.00 ns, 3.8931 us/op
WorkloadResult  13: 253776 op, 989844258.00 ns, 3.9005 us/op
WorkloadResult  14: 253776 op, 996595753.00 ns, 3.9271 us/op
WorkloadResult  15: 253776 op, 1093099608.00 ns, 4.3073 us/op
WorkloadResult  16: 253776 op, 977009540.00 ns, 3.8499 us/op
WorkloadResult  17: 253776 op, 983189255.00 ns, 3.8742 us/op
WorkloadResult  18: 253776 op, 1013509478.00 ns, 3.9937 us/op
WorkloadResult  19: 253776 op, 1109652516.00 ns, 4.3726 us/op
WorkloadResult  20: 253776 op, 1088080355.00 ns, 4.2876 us/op
WorkloadResult  21: 253776 op, 988114405.00 ns, 3.8936 us/op
WorkloadResult  22: 253776 op, 988738019.00 ns, 3.8961 us/op
WorkloadResult  23: 253776 op, 985840712.00 ns, 3.8847 us/op
WorkloadResult  24: 253776 op, 1047618296.00 ns, 4.1281 us/op
WorkloadResult  25: 253776 op, 1085387415.00 ns, 4.2770 us/op
WorkloadResult  26: 253776 op, 984379484.00 ns, 3.8789 us/op
WorkloadResult  27: 253776 op, 989488851.00 ns, 3.8991 us/op
WorkloadResult  28: 253776 op, 988296660.00 ns, 3.8944 us/op
WorkloadResult  29: 253776 op, 1107567871.00 ns, 4.3644 us/op
WorkloadResult  30: 253776 op, 1128840295.00 ns, 4.4482 us/op
WorkloadResult  31: 253776 op, 988911543.00 ns, 3.8968 us/op
WorkloadResult  32: 253776 op, 990330434.00 ns, 3.9024 us/op
WorkloadResult  33: 253776 op, 990136087.00 ns, 3.9016 us/op
WorkloadResult  34: 253776 op, 990019409.00 ns, 3.9012 us/op
WorkloadResult  35: 253776 op, 1088583824.00 ns, 4.2895 us/op
WorkloadResult  36: 253776 op, 991814680.00 ns, 3.9082 us/op
WorkloadResult  37: 253776 op, 990351443.00 ns, 3.9025 us/op
WorkloadResult  38: 253776 op, 987666424.00 ns, 3.8919 us/op
WorkloadResult  39: 253776 op, 1009755965.00 ns, 3.9789 us/op
WorkloadResult  40: 253776 op, 1006716701.00 ns, 3.9669 us/op
WorkloadResult  41: 253776 op, 1067721811.00 ns, 4.2073 us/op
WorkloadResult  42: 253776 op, 986218248.00 ns, 3.8862 us/op
WorkloadResult  43: 253776 op, 985652829.00 ns, 3.8839 us/op
WorkloadResult  44: 253776 op, 988493048.00 ns, 3.8951 us/op
WorkloadResult  45: 253776 op, 991753061.00 ns, 3.9080 us/op
WorkloadResult  46: 253776 op, 1106142408.00 ns, 4.3587 us/op
WorkloadResult  47: 253776 op, 990318676.00 ns, 3.9023 us/op
WorkloadResult  48: 253776 op, 1087857561.00 ns, 4.2867 us/op
WorkloadResult  49: 253776 op, 991196781.00 ns, 3.9058 us/op
WorkloadResult  50: 253776 op, 988936405.00 ns, 3.8969 us/op
WorkloadResult  51: 253776 op, 1102794887.00 ns, 4.3455 us/op
WorkloadResult  52: 253776 op, 988626344.00 ns, 3.8957 us/op
WorkloadResult  53: 253776 op, 988597353.00 ns, 3.8956 us/op
WorkloadResult  54: 253776 op, 988823741.00 ns, 3.8964 us/op
WorkloadResult  55: 253776 op, 989770713.00 ns, 3.9002 us/op
WorkloadResult  56: 253776 op, 1098268390.00 ns, 4.3277 us/op
WorkloadResult  57: 253776 op, 988254866.00 ns, 3.8942 us/op
WorkloadResult  58: 253776 op, 1072371071.00 ns, 4.2257 us/op
WorkloadResult  59: 253776 op, 1003922853.00 ns, 3.9559 us/op
WorkloadResult  60: 253776 op, 990035067.00 ns, 3.9012 us/op
WorkloadResult  61: 253776 op, 1091805352.00 ns, 4.3022 us/op
WorkloadResult  62: 253776 op, 991067900.00 ns, 3.9053 us/op
WorkloadResult  63: 253776 op, 987972059.00 ns, 3.8931 us/op
WorkloadResult  64: 253776 op, 990198208.00 ns, 3.9019 us/op

// AfterAll
// Benchmark Process 908139 has exited with code 0.

Mean = 4.020 μs, StdErr = 0.023 μs (0.58%), N = 64, StdDev = 0.185 μs
Min = 3.850 μs, Q1 = 3.896 μs, Median = 3.908 μs, Q3 = 4.148 μs, Max = 4.448 μs
IQR = 0.252 μs, LowerFence = 3.519 μs, UpperFence = 4.525 μs
ConfidenceInterval = [3.940 μs; 4.100 μs] (CI 99.9%), Margin = 0.080 μs (1.99% of Mean)
Skewness = 1.07, Kurtosis = 2.4, MValue = 2.61

// ** Remained 4 (40.0 %) benchmark(s) to run. Estimated finish 2026-05-26 12:18 (0h 6m from now) **
// **************************
// Benchmark: SmokeBenchByte.STJSrcGen_Ser: Energy(OutlierMode=DontRemove, IterationTime=1s)
// *** Execute ***
// Launch: 1 / 1
// Execute: dotnet JsonBench-Energy-1.dll --anonymousPipes 127 128 --benchmarkName JsonBench.Benchmarks.SmokeBenchByte.STJSrcGen_Ser --job Energy --benchmarkId 6 in /home/test/json-energy-bench/JsonBench/bin/Release/net10.0/JsonBench-Energy-1/bin/Release/net10.0
// BeforeAnythingElse

// Benchmark Process Environment Information:
// BenchmarkDotNet v0.15.5-develop (2026-05-26)
// Runtime=.NET 10.0.8 (10.0.8, 10.0.826.23019), X64 RyuJIT x86-64-v3
// GC=Concurrent Workstation
// HardwareIntrinsics=AVX2+BMI1+BMI2+F16C+FMA+LZCNT+MOVBE,AVX,SSE3+SSSE3+SSE4.1+SSE4.2+POPCNT,X86Base+SSE+SSE2,AES+PCLMUL VectorSize=256
// Job: Energy(OutlierMode=DontRemove, IterationTime=1s)

OverheadJitting  1: 1 op, 182187.00 ns, 182.1870 us/op
WorkloadJitting  1: 1 op, 9096720.00 ns, 9.0967 ms/op

OverheadJitting  2: 16 op, 496440.00 ns, 31.0275 us/op
WorkloadJitting  2: 16 op, 694945.00 ns, 43.4341 us/op

WorkloadPilot    1: 16 op, 166466.00 ns, 10.4041 us/op
WorkloadPilot    2: 96128 op, 494782784.00 ns, 5.1471 us/op
WorkloadPilot    3: 194288 op, 594553614.00 ns, 3.0602 us/op
WorkloadPilot    4: 326784 op, 962242618.00 ns, 2.9446 us/op
WorkloadPilot    5: 339616 op, 1132400911.00 ns, 3.3344 us/op
WorkloadPilot    6: 299920 op, 1000587566.00 ns, 3.3362 us/op
WorkloadPilot    7: 299744 op, 820087806.00 ns, 2.7360 us/op
WorkloadPilot    8: 365504 op, 1033426055.00 ns, 2.8274 us/op

OverheadWarmup   1: 365504 op, 1177352.00 ns, 3.2212 ns/op
OverheadWarmup   2: 365504 op, 1174636.00 ns, 3.2137 ns/op
OverheadWarmup   3: 365504 op, 1175424.00 ns, 3.2159 ns/op
OverheadWarmup   4: 365504 op, 1177202.00 ns, 3.2208 ns/op
OverheadWarmup   5: 365504 op, 1178177.00 ns, 3.2234 ns/op
OverheadWarmup   6: 365504 op, 1170332.00 ns, 3.2020 ns/op
OverheadWarmup   7: 365504 op, 1180541.00 ns, 3.2299 ns/op
OverheadWarmup   8: 365504 op, 1212541.00 ns, 3.3174 ns/op
OverheadWarmup   9: 365504 op, 1176067.00 ns, 3.2177 ns/op

OverheadActual   1: 365504 op, 1171398.00 ns, 3.2049 ns/op
OverheadActual   2: 365504 op, 1174241.00 ns, 3.2127 ns/op
OverheadActual   3: 365504 op, 1173310.00 ns, 3.2101 ns/op
OverheadActual   4: 365504 op, 1176447.00 ns, 3.2187 ns/op
OverheadActual   5: 365504 op, 1175998.00 ns, 3.2175 ns/op
OverheadActual   6: 365504 op, 1178905.00 ns, 3.2254 ns/op
OverheadActual   7: 365504 op, 1178399.00 ns, 3.2240 ns/op
OverheadActual   8: 365504 op, 1178984.00 ns, 3.2256 ns/op
OverheadActual   9: 365504 op, 1181178.00 ns, 3.2316 ns/op
OverheadActual  10: 365504 op, 1173213.00 ns, 3.2098 ns/op
OverheadActual  11: 365504 op, 1311558.00 ns, 3.5884 ns/op
OverheadActual  12: 365504 op, 1244152.00 ns, 3.4039 ns/op
OverheadActual  13: 365504 op, 1245456.00 ns, 3.4075 ns/op
OverheadActual  14: 365504 op, 1248555.00 ns, 3.4160 ns/op
OverheadActual  15: 365504 op, 1223970.00 ns, 3.3487 ns/op

WorkloadWarmup   1: 365504 op, 995278532.00 ns, 2.7230 us/op
WorkloadWarmup   2: 365504 op, 992821484.00 ns, 2.7163 us/op
WorkloadWarmup   3: 365504 op, 989722084.00 ns, 2.7078 us/op
WorkloadWarmup   4: 365504 op, 987042371.00 ns, 2.7005 us/op
WorkloadWarmup   5: 365504 op, 1072801621.00 ns, 2.9351 us/op
WorkloadWarmup   6: 365504 op, 1116116827.00 ns, 3.0536 us/op
WorkloadWarmup   7: 365504 op, 993686584.00 ns, 2.7187 us/op
WorkloadWarmup   8: 365504 op, 987654156.00 ns, 2.7022 us/op
WorkloadWarmup   9: 365504 op, 989151827.00 ns, 2.7063 us/op
WorkloadWarmup  10: 365504 op, 987091221.00 ns, 2.7006 us/op

// BeforeActualRun
WorkloadActual   1: 365504 op, 1128301574.00 ns, 3.0870 us/op
WorkloadActual   2: 365504 op, 991733716.00 ns, 2.7133 us/op
WorkloadActual   3: 365504 op, 992665615.00 ns, 2.7159 us/op
WorkloadActual   4: 365504 op, 992417767.00 ns, 2.7152 us/op
WorkloadActual   5: 365504 op, 1021109583.00 ns, 2.7937 us/op
WorkloadActual   6: 365504 op, 1115447055.00 ns, 3.0518 us/op
WorkloadActual   7: 365504 op, 994268232.00 ns, 2.7203 us/op
WorkloadActual   8: 365504 op, 998399286.00 ns, 2.7316 us/op
WorkloadActual   9: 365504 op, 992656245.00 ns, 2.7159 us/op
WorkloadActual  10: 365504 op, 976428907.00 ns, 2.6715 us/op
WorkloadActual  11: 365504 op, 1157501160.00 ns, 3.1669 us/op
WorkloadActual  12: 365504 op, 1000637089.00 ns, 2.7377 us/op
WorkloadActual  13: 365504 op, 1002692102.00 ns, 2.7433 us/op
WorkloadActual  14: 365504 op, 1025118173.00 ns, 2.8047 us/op
WorkloadActual  15: 365504 op, 1102375561.00 ns, 3.0160 us/op
WorkloadActual  16: 365504 op, 1116947682.00 ns, 3.0559 us/op
WorkloadActual  17: 365504 op, 992681825.00 ns, 2.7159 us/op
WorkloadActual  18: 365504 op, 986619202.00 ns, 2.6993 us/op
WorkloadActual  19: 365504 op, 986783268.00 ns, 2.6998 us/op
WorkloadActual  20: 365504 op, 986545523.00 ns, 2.6991 us/op
WorkloadActual  21: 365504 op, 1124967317.00 ns, 3.0779 us/op
WorkloadActual  22: 365504 op, 994865667.00 ns, 2.7219 us/op
WorkloadActual  23: 365504 op, 980315564.00 ns, 2.6821 us/op
WorkloadActual  24: 365504 op, 986909655.00 ns, 2.7001 us/op
WorkloadActual  25: 365504 op, 1173299410.00 ns, 3.2101 us/op
WorkloadActual  26: 365504 op, 1142565113.00 ns, 3.1260 us/op
WorkloadActual  27: 365504 op, 991948946.00 ns, 2.7139 us/op
WorkloadActual  28: 365504 op, 994383883.00 ns, 2.7206 us/op
WorkloadActual  29: 365504 op, 994001543.00 ns, 2.7195 us/op
WorkloadActual  30: 365504 op, 990721725.00 ns, 2.7106 us/op
WorkloadActual  31: 365504 op, 1017176250.00 ns, 2.7829 us/op
WorkloadActual  32: 365504 op, 1062856785.00 ns, 2.9079 us/op
WorkloadActual  33: 365504 op, 985595972.00 ns, 2.6965 us/op
WorkloadActual  34: 365504 op, 984768902.00 ns, 2.6943 us/op
WorkloadActual  35: 365504 op, 1008403108.00 ns, 2.7589 us/op
WorkloadActual  36: 365504 op, 987459831.00 ns, 2.7016 us/op
WorkloadActual  37: 365504 op, 1092042719.00 ns, 2.9878 us/op
WorkloadActual  38: 365504 op, 989673294.00 ns, 2.7077 us/op
WorkloadActual  39: 365504 op, 983360258.00 ns, 2.6904 us/op
WorkloadActual  40: 365504 op, 1054809691.00 ns, 2.8859 us/op
WorkloadActual  41: 365504 op, 990613318.00 ns, 2.7103 us/op
WorkloadActual  42: 365504 op, 1099517936.00 ns, 3.0082 us/op
WorkloadActual  43: 365504 op, 983143097.00 ns, 2.6898 us/op
WorkloadActual  44: 365504 op, 1015091831.00 ns, 2.7772 us/op
WorkloadActual  45: 365504 op, 1095888313.00 ns, 2.9983 us/op
WorkloadActual  46: 365504 op, 980660763.00 ns, 2.6830 us/op
WorkloadActual  47: 365504 op, 1087422923.00 ns, 2.9751 us/op
WorkloadActual  48: 365504 op, 988827441.00 ns, 2.7054 us/op
WorkloadActual  49: 365504 op, 986895645.00 ns, 2.7001 us/op
WorkloadActual  50: 365504 op, 987277809.00 ns, 2.7011 us/op
WorkloadActual  51: 365504 op, 991490743.00 ns, 2.7127 us/op
WorkloadActual  52: 365504 op, 1110244627.00 ns, 3.0376 us/op
WorkloadActual  53: 365504 op, 990205205.00 ns, 2.7092 us/op
WorkloadActual  54: 365504 op, 1013004117.00 ns, 2.7715 us/op
WorkloadActual  55: 365504 op, 1071801200.00 ns, 2.9324 us/op
WorkloadActual  56: 365504 op, 986657873.00 ns, 2.6994 us/op
WorkloadActual  57: 365504 op, 1085543021.00 ns, 2.9700 us/op
WorkloadActual  58: 365504 op, 1034245565.00 ns, 2.8296 us/op
WorkloadActual  59: 365504 op, 986781775.00 ns, 2.6998 us/op
WorkloadActual  60: 365504 op, 982783767.00 ns, 2.6888 us/op
WorkloadActual  61: 365504 op, 986205083.00 ns, 2.6982 us/op
WorkloadActual  62: 365504 op, 987742405.00 ns, 2.7024 us/op
WorkloadActual  63: 365504 op, 1071724482.00 ns, 2.9322 us/op
WorkloadActual  64: 365504 op, 1023531130.00 ns, 2.8003 us/op
WorkloadActual  65: 365504 op, 980270573.00 ns, 2.6820 us/op
WorkloadActual  66: 365504 op, 986014240.00 ns, 2.6977 us/op
WorkloadActual  67: 365504 op, 986483003.00 ns, 2.6990 us/op
WorkloadActual  68: 365504 op, 1084694620.00 ns, 2.9677 us/op
WorkloadActual  69: 365504 op, 996099982.00 ns, 2.7253 us/op
WorkloadActual  70: 365504 op, 992642623.00 ns, 2.7158 us/op
WorkloadActual  71: 365504 op, 989755924.00 ns, 2.7079 us/op
WorkloadActual  72: 365504 op, 992906092.00 ns, 2.7165 us/op
WorkloadActual  73: 365504 op, 1093374303.00 ns, 2.9914 us/op
WorkloadActual  74: 365504 op, 1101969098.00 ns, 3.0149 us/op
WorkloadActual  75: 365504 op, 977148566.00 ns, 2.6734 us/op
WorkloadActual  76: 365504 op, 982580869.00 ns, 2.6883 us/op
WorkloadActual  77: 365504 op, 983915669.00 ns, 2.6919 us/op
WorkloadActual  78: 365504 op, 1121686516.00 ns, 3.0689 us/op
WorkloadActual  79: 365504 op, 1005720975.00 ns, 2.7516 us/op
WorkloadActual  80: 365504 op, 987919034.00 ns, 2.7029 us/op

// AfterActualRun
WorkloadResult   1: 365504 op, 1127122669.00 ns, 3.0837 us/op
WorkloadResult   2: 365504 op, 990554811.00 ns, 2.7101 us/op
WorkloadResult   3: 365504 op, 991486710.00 ns, 2.7127 us/op
WorkloadResult   4: 365504 op, 991238862.00 ns, 2.7120 us/op
WorkloadResult   5: 365504 op, 1019930678.00 ns, 2.7905 us/op
WorkloadResult   6: 365504 op, 1114268150.00 ns, 3.0486 us/op
WorkloadResult   7: 365504 op, 993089327.00 ns, 2.7170 us/op
WorkloadResult   8: 365504 op, 997220381.00 ns, 2.7283 us/op
WorkloadResult   9: 365504 op, 991477340.00 ns, 2.7126 us/op
WorkloadResult  10: 365504 op, 975250002.00 ns, 2.6682 us/op
WorkloadResult  11: 365504 op, 1156322255.00 ns, 3.1636 us/op
WorkloadResult  12: 365504 op, 999458184.00 ns, 2.7345 us/op
WorkloadResult  13: 365504 op, 1001513197.00 ns, 2.7401 us/op
WorkloadResult  14: 365504 op, 1023939268.00 ns, 2.8014 us/op
WorkloadResult  15: 365504 op, 1101196656.00 ns, 3.0128 us/op
WorkloadResult  16: 365504 op, 1115768777.00 ns, 3.0527 us/op
WorkloadResult  17: 365504 op, 991502920.00 ns, 2.7127 us/op
WorkloadResult  18: 365504 op, 985440297.00 ns, 2.6961 us/op
WorkloadResult  19: 365504 op, 985604363.00 ns, 2.6966 us/op
WorkloadResult  20: 365504 op, 985366618.00 ns, 2.6959 us/op
WorkloadResult  21: 365504 op, 1123788412.00 ns, 3.0746 us/op
WorkloadResult  22: 365504 op, 993686762.00 ns, 2.7187 us/op
WorkloadResult  23: 365504 op, 979136659.00 ns, 2.6789 us/op
WorkloadResult  24: 365504 op, 985730750.00 ns, 2.6969 us/op
WorkloadResult  25: 365504 op, 1172120505.00 ns, 3.2069 us/op
WorkloadResult  26: 365504 op, 1141386208.00 ns, 3.1228 us/op
WorkloadResult  27: 365504 op, 990770041.00 ns, 2.7107 us/op
WorkloadResult  28: 365504 op, 993204978.00 ns, 2.7174 us/op
WorkloadResult  29: 365504 op, 992822638.00 ns, 2.7163 us/op
WorkloadResult  30: 365504 op, 989542820.00 ns, 2.7073 us/op
WorkloadResult  31: 365504 op, 1015997345.00 ns, 2.7797 us/op
WorkloadResult  32: 365504 op, 1061677880.00 ns, 2.9047 us/op
WorkloadResult  33: 365504 op, 984417067.00 ns, 2.6933 us/op
WorkloadResult  34: 365504 op, 983589997.00 ns, 2.6911 us/op
WorkloadResult  35: 365504 op, 1007224203.00 ns, 2.7557 us/op
WorkloadResult  36: 365504 op, 986280926.00 ns, 2.6984 us/op
WorkloadResult  37: 365504 op, 1090863814.00 ns, 2.9845 us/op
WorkloadResult  38: 365504 op, 988494389.00 ns, 2.7045 us/op
WorkloadResult  39: 365504 op, 982181353.00 ns, 2.6872 us/op
WorkloadResult  40: 365504 op, 1053630786.00 ns, 2.8827 us/op
WorkloadResult  41: 365504 op, 989434413.00 ns, 2.7070 us/op
WorkloadResult  42: 365504 op, 1098339031.00 ns, 3.0050 us/op
WorkloadResult  43: 365504 op, 981964192.00 ns, 2.6866 us/op
WorkloadResult  44: 365504 op, 1013912926.00 ns, 2.7740 us/op
WorkloadResult  45: 365504 op, 1094709408.00 ns, 2.9951 us/op
WorkloadResult  46: 365504 op, 979481858.00 ns, 2.6798 us/op
WorkloadResult  47: 365504 op, 1086244018.00 ns, 2.9719 us/op
WorkloadResult  48: 365504 op, 987648536.00 ns, 2.7022 us/op
WorkloadResult  49: 365504 op, 985716740.00 ns, 2.6969 us/op
WorkloadResult  50: 365504 op, 986098904.00 ns, 2.6979 us/op
WorkloadResult  51: 365504 op, 990311838.00 ns, 2.7094 us/op
WorkloadResult  52: 365504 op, 1109065722.00 ns, 3.0343 us/op
WorkloadResult  53: 365504 op, 989026300.00 ns, 2.7059 us/op
WorkloadResult  54: 365504 op, 1011825212.00 ns, 2.7683 us/op
WorkloadResult  55: 365504 op, 1070622295.00 ns, 2.9292 us/op
WorkloadResult  56: 365504 op, 985478968.00 ns, 2.6962 us/op
WorkloadResult  57: 365504 op, 1084364116.00 ns, 2.9668 us/op
WorkloadResult  58: 365504 op, 1033066660.00 ns, 2.8264 us/op
WorkloadResult  59: 365504 op, 985602870.00 ns, 2.6966 us/op
WorkloadResult  60: 365504 op, 981604862.00 ns, 2.6856 us/op
WorkloadResult  61: 365504 op, 985026178.00 ns, 2.6950 us/op
WorkloadResult  62: 365504 op, 986563500.00 ns, 2.6992 us/op
WorkloadResult  63: 365504 op, 1070545577.00 ns, 2.9290 us/op
WorkloadResult  64: 365504 op, 1022352225.00 ns, 2.7971 us/op
WorkloadResult  65: 365504 op, 979091668.00 ns, 2.6787 us/op
WorkloadResult  66: 365504 op, 984835335.00 ns, 2.6945 us/op
WorkloadResult  67: 365504 op, 985304098.00 ns, 2.6957 us/op
WorkloadResult  68: 365504 op, 1083515715.00 ns, 2.9644 us/op
WorkloadResult  69: 365504 op, 994921077.00 ns, 2.7221 us/op
WorkloadResult  70: 365504 op, 991463718.00 ns, 2.7126 us/op
WorkloadResult  71: 365504 op, 988577019.00 ns, 2.7047 us/op
WorkloadResult  72: 365504 op, 991727187.00 ns, 2.7133 us/op
WorkloadResult  73: 365504 op, 1092195398.00 ns, 2.9882 us/op
WorkloadResult  74: 365504 op, 1100790193.00 ns, 3.0117 us/op
WorkloadResult  75: 365504 op, 975969661.00 ns, 2.6702 us/op
WorkloadResult  76: 365504 op, 981401964.00 ns, 2.6851 us/op
WorkloadResult  77: 365504 op, 982736764.00 ns, 2.6887 us/op
WorkloadResult  78: 365504 op, 1120507611.00 ns, 3.0657 us/op
WorkloadResult  79: 365504 op, 1004542070.00 ns, 2.7484 us/op
WorkloadResult  80: 365504 op, 986740129.00 ns, 2.6997 us/op

// AfterAll
// Benchmark Process 908884 has exited with code 0.

Mean = 2.798 μs, StdErr = 0.016 μs (0.58%), N = 80, StdDev = 0.146 μs
Min = 2.668 μs, Q1 = 2.697 μs, Median = 2.713 μs, Q3 = 2.911 μs, Max = 3.207 μs
IQR = 0.214 μs, LowerFence = 2.376 μs, UpperFence = 3.232 μs
ConfidenceInterval = [2.742 μs; 2.853 μs] (CI 99.9%), Margin = 0.056 μs (1.99% of Mean)
Skewness = 1.15, Kurtosis = 2.9, MValue = 2.52

// ** Remained 3 (30.0 %) benchmark(s) to run. Estimated finish 2026-05-26 12:18 (0h 5m from now) **
// **************************
// Benchmark: SmokeBenchByte.Newtonsoft_Ser: Energy(OutlierMode=DontRemove, IterationTime=1s)
// *** Execute ***
// Launch: 1 / 1
// Execute: dotnet JsonBench-Energy-1.dll --anonymousPipes 127 128 --benchmarkName JsonBench.Benchmarks.SmokeBenchByte.Newtonsoft_Ser --job Energy --benchmarkId 7 in /home/test/json-energy-bench/JsonBench/bin/Release/net10.0/JsonBench-Energy-1/bin/Release/net10.0
// BeforeAnythingElse

// Benchmark Process Environment Information:
// BenchmarkDotNet v0.15.5-develop (2026-05-26)
// Runtime=.NET 10.0.8 (10.0.8, 10.0.826.23019), X64 RyuJIT x86-64-v3
// GC=Concurrent Workstation
// HardwareIntrinsics=AVX2+BMI1+BMI2+F16C+FMA+LZCNT+MOVBE,AVX,SSE3+SSSE3+SSE4.1+SSE4.2+POPCNT,X86Base+SSE+SSE2,AES+PCLMUL VectorSize=256
// Job: Energy(OutlierMode=DontRemove, IterationTime=1s)

OverheadJitting  1: 1 op, 182212.00 ns, 182.2120 us/op
WorkloadJitting  1: 1 op, 45426140.00 ns, 45.4261 ms/op

OverheadJitting  2: 16 op, 463714.00 ns, 28.9821 us/op
WorkloadJitting  2: 16 op, 1404195.00 ns, 87.7622 us/op

WorkloadPilot    1: 16 op, 749314.00 ns, 46.8321 us/op
WorkloadPilot    2: 21360 op, 513681704.00 ns, 24.0488 us/op
WorkloadPilot    3: 41584 op, 379696373.00 ns, 9.1308 us/op
WorkloadPilot    4: 109520 op, 1078980740.00 ns, 9.8519 us/op
WorkloadPilot    5: 101504 op, 1092977545.00 ns, 10.7678 us/op
WorkloadPilot    6: 92880 op, 1079810285.00 ns, 11.6259 us/op

OverheadWarmup   1: 92880 op, 317663.00 ns, 3.4201 ns/op
OverheadWarmup   2: 92880 op, 318230.00 ns, 3.4262 ns/op
OverheadWarmup   3: 92880 op, 316337.00 ns, 3.4059 ns/op
OverheadWarmup   4: 92880 op, 304565.00 ns, 3.2791 ns/op
OverheadWarmup   5: 92880 op, 301766.00 ns, 3.2490 ns/op
OverheadWarmup   6: 92880 op, 302634.00 ns, 3.2583 ns/op
OverheadWarmup   7: 92880 op, 303868.00 ns, 3.2716 ns/op
OverheadWarmup   8: 92880 op, 301398.00 ns, 3.2450 ns/op

OverheadActual   1: 92880 op, 494089.00 ns, 5.3196 ns/op
OverheadActual   2: 92880 op, 439522.00 ns, 4.7321 ns/op
OverheadActual   3: 92880 op, 310890.00 ns, 3.3472 ns/op
OverheadActual   4: 92880 op, 465653.00 ns, 5.0135 ns/op
OverheadActual   5: 92880 op, 301334.00 ns, 3.2443 ns/op
OverheadActual   6: 92880 op, 302715.00 ns, 3.2592 ns/op
OverheadActual   7: 92880 op, 340244.00 ns, 3.6633 ns/op
OverheadActual   8: 92880 op, 326854.00 ns, 3.5191 ns/op
OverheadActual   9: 92880 op, 304097.00 ns, 3.2741 ns/op
OverheadActual  10: 92880 op, 303285.00 ns, 3.2653 ns/op
OverheadActual  11: 92880 op, 317116.00 ns, 3.4143 ns/op
OverheadActual  12: 92880 op, 302057.00 ns, 3.2521 ns/op
OverheadActual  13: 92880 op, 301099.00 ns, 3.2418 ns/op
OverheadActual  14: 92880 op, 405939.00 ns, 4.3706 ns/op
OverheadActual  15: 92880 op, 304591.00 ns, 3.2794 ns/op
OverheadActual  16: 92880 op, 304621.00 ns, 3.2797 ns/op
OverheadActual  17: 92880 op, 312500.00 ns, 3.3646 ns/op
OverheadActual  18: 92880 op, 321218.00 ns, 3.4584 ns/op
OverheadActual  19: 92880 op, 303471.00 ns, 3.2673 ns/op
OverheadActual  20: 92880 op, 302655.00 ns, 3.2586 ns/op

WorkloadWarmup   1: 92880 op, 838534910.00 ns, 9.0282 us/op
WorkloadWarmup   2: 92880 op, 857325205.00 ns, 9.2305 us/op
WorkloadWarmup   3: 92880 op, 835247004.00 ns, 8.9928 us/op
WorkloadWarmup   4: 92880 op, 830416704.00 ns, 8.9407 us/op
WorkloadWarmup   5: 92880 op, 845558865.00 ns, 9.1038 us/op
WorkloadWarmup   6: 92880 op, 830092369.00 ns, 8.9373 us/op

// BeforeActualRun
WorkloadActual   1: 92880 op, 833490401.00 ns, 8.9738 us/op
WorkloadActual   2: 92880 op, 867190372.00 ns, 9.3367 us/op
WorkloadActual   3: 92880 op, 1019889579.00 ns, 10.9807 us/op
WorkloadActual   4: 92880 op, 871942503.00 ns, 9.3878 us/op
WorkloadActual   5: 92880 op, 828649828.00 ns, 8.9217 us/op
WorkloadActual   6: 92880 op, 834696274.00 ns, 8.9868 us/op
WorkloadActual   7: 92880 op, 832929625.00 ns, 8.9678 us/op
WorkloadActual   8: 92880 op, 824884289.00 ns, 8.8812 us/op
WorkloadActual   9: 92880 op, 973148463.00 ns, 10.4775 us/op
WorkloadActual  10: 92880 op, 838856569.00 ns, 9.0316 us/op
WorkloadActual  11: 92880 op, 837010554.00 ns, 9.0117 us/op
WorkloadActual  12: 92880 op, 838434295.00 ns, 9.0271 us/op
WorkloadActual  13: 92880 op, 834397838.00 ns, 8.9836 us/op
WorkloadActual  14: 92880 op, 871960478.00 ns, 9.3880 us/op
WorkloadActual  15: 92880 op, 995780472.00 ns, 10.7212 us/op
WorkloadActual  16: 92880 op, 834699508.00 ns, 8.9869 us/op
WorkloadActual  17: 92880 op, 835213088.00 ns, 8.9924 us/op
WorkloadActual  18: 92880 op, 835657962.00 ns, 8.9972 us/op
WorkloadActual  19: 92880 op, 839041469.00 ns, 9.0336 us/op
WorkloadActual  20: 92880 op, 860417907.00 ns, 9.2638 us/op
WorkloadActual  21: 92880 op, 968042121.00 ns, 10.4225 us/op
WorkloadActual  22: 92880 op, 851851841.00 ns, 9.1715 us/op
WorkloadActual  23: 92880 op, 833150374.00 ns, 8.9702 us/op
WorkloadActual  24: 92880 op, 832484431.00 ns, 8.9630 us/op
WorkloadActual  25: 92880 op, 834260779.00 ns, 8.9821 us/op
WorkloadActual  26: 92880 op, 947395431.00 ns, 10.2002 us/op
WorkloadActual  27: 92880 op, 973824080.00 ns, 10.4848 us/op
WorkloadActual  28: 92880 op, 833802647.00 ns, 8.9772 us/op
WorkloadActual  29: 92880 op, 862620031.00 ns, 9.2875 us/op
WorkloadActual  30: 92880 op, 830468161.00 ns, 8.9413 us/op
WorkloadActual  31: 92880 op, 831284419.00 ns, 8.9501 us/op
WorkloadActual  32: 92880 op, 826311677.00 ns, 8.8966 us/op
WorkloadActual  33: 92880 op, 946897036.00 ns, 10.1948 us/op
WorkloadActual  34: 92880 op, 817211643.00 ns, 8.7986 us/op
WorkloadActual  35: 92880 op, 821873734.00 ns, 8.8488 us/op
WorkloadActual  36: 92880 op, 840284610.00 ns, 9.0470 us/op
WorkloadActual  37: 92880 op, 864107627.00 ns, 9.3035 us/op
WorkloadActual  38: 92880 op, 891884151.00 ns, 9.6025 us/op
WorkloadActual  39: 92880 op, 985618380.00 ns, 10.6117 us/op
WorkloadActual  40: 92880 op, 830631069.00 ns, 8.9431 us/op
WorkloadActual  41: 92880 op, 828469412.00 ns, 8.9198 us/op
WorkloadActual  42: 92880 op, 826865058.00 ns, 8.9025 us/op
WorkloadActual  43: 92880 op, 828197513.00 ns, 8.9169 us/op
WorkloadActual  44: 92880 op, 827788879.00 ns, 8.9125 us/op
WorkloadActual  45: 92880 op, 827950190.00 ns, 8.9142 us/op
WorkloadActual  46: 92880 op, 955082657.00 ns, 10.2830 us/op
WorkloadActual  47: 92880 op, 826679172.00 ns, 8.9005 us/op
WorkloadActual  48: 92880 op, 827754169.00 ns, 8.9121 us/op
WorkloadActual  49: 92880 op, 873823370.00 ns, 9.4081 us/op
WorkloadActual  50: 92880 op, 857056870.00 ns, 9.2276 us/op
WorkloadActual  51: 92880 op, 828958453.00 ns, 8.9250 us/op
WorkloadActual  52: 92880 op, 953125920.00 ns, 10.2619 us/op
WorkloadActual  53: 92880 op, 830513714.00 ns, 8.9418 us/op
WorkloadActual  54: 92880 op, 829365377.00 ns, 8.9294 us/op
WorkloadActual  55: 92880 op, 830111743.00 ns, 8.9375 us/op
WorkloadActual  56: 92880 op, 832274944.00 ns, 8.9608 us/op
WorkloadActual  57: 92880 op, 830626692.00 ns, 8.9430 us/op
WorkloadActual  58: 92880 op, 964697661.00 ns, 10.3865 us/op
WorkloadActual  59: 92880 op, 834548552.00 ns, 8.9852 us/op
WorkloadActual  60: 92880 op, 834574386.00 ns, 8.9855 us/op
WorkloadActual  61: 92880 op, 941450444.00 ns, 10.1362 us/op
WorkloadActual  62: 92880 op, 861571305.00 ns, 9.2762 us/op
WorkloadActual  63: 92880 op, 830674743.00 ns, 8.9435 us/op
WorkloadActual  64: 92880 op, 958850414.00 ns, 10.3235 us/op
WorkloadActual  65: 92880 op, 829894347.00 ns, 8.9351 us/op
WorkloadActual  66: 92880 op, 828413709.00 ns, 8.9192 us/op
WorkloadActual  67: 92880 op, 812045734.00 ns, 8.7430 us/op
WorkloadActual  68: 92880 op, 810301272.00 ns, 8.7242 us/op
WorkloadActual  69: 92880 op, 827269648.00 ns, 8.9069 us/op
WorkloadActual  70: 92880 op, 947954068.00 ns, 10.2062 us/op
WorkloadActual  71: 92880 op, 855964371.00 ns, 9.2158 us/op
WorkloadActual  72: 92880 op, 842507905.00 ns, 9.0709 us/op
WorkloadActual  73: 92880 op, 905478359.00 ns, 9.7489 us/op
WorkloadActual  74: 92880 op, 827515724.00 ns, 8.9095 us/op
WorkloadActual  75: 92880 op, 825568138.00 ns, 8.8885 us/op
WorkloadActual  76: 92880 op, 955392039.00 ns, 10.2863 us/op
WorkloadActual  77: 92880 op, 838236338.00 ns, 9.0249 us/op
WorkloadActual  78: 92880 op, 828134997.00 ns, 8.9162 us/op
WorkloadActual  79: 92880 op, 830649013.00 ns, 8.9432 us/op
WorkloadActual  80: 92880 op, 830600258.00 ns, 8.9427 us/op
WorkloadActual  81: 92880 op, 829454771.00 ns, 8.9304 us/op
WorkloadActual  82: 92880 op, 829786578.00 ns, 8.9340 us/op
WorkloadActual  83: 92880 op, 946221727.00 ns, 10.1876 us/op
WorkloadActual  84: 92880 op, 848138265.00 ns, 9.1315 us/op
WorkloadActual  85: 92880 op, 828725659.00 ns, 8.9225 us/op
WorkloadActual  86: 92880 op, 827251785.00 ns, 8.9067 us/op
WorkloadActual  87: 92880 op, 827064223.00 ns, 8.9047 us/op
WorkloadActual  88: 92880 op, 861117192.00 ns, 9.2713 us/op
WorkloadActual  89: 92880 op, 956636733.00 ns, 10.2997 us/op
WorkloadActual  90: 92880 op, 826859009.00 ns, 8.9024 us/op
WorkloadActual  91: 92880 op, 828526450.00 ns, 8.9204 us/op
WorkloadActual  92: 92880 op, 828232614.00 ns, 8.9172 us/op
WorkloadActual  93: 92880 op, 827697593.00 ns, 8.9115 us/op
WorkloadActual  94: 92880 op, 825133858.00 ns, 8.8839 us/op
WorkloadActual  95: 92880 op, 938031768.00 ns, 10.0994 us/op
WorkloadActual  96: 92880 op, 928198971.00 ns, 9.9935 us/op
WorkloadActual  97: 92880 op, 826646369.00 ns, 8.9002 us/op
WorkloadActual  98: 92880 op, 824651990.00 ns, 8.8787 us/op
WorkloadActual  99: 92880 op, 822424075.00 ns, 8.8547 us/op
WorkloadActual  100: 92880 op, 829493961.00 ns, 8.9308 us/op

// AfterActualRun
WorkloadResult   1: 92880 op, 833182645.50 ns, 8.9705 us/op
WorkloadResult   2: 92880 op, 866882616.50 ns, 9.3334 us/op
WorkloadResult   3: 92880 op, 1019581823.50 ns, 10.9774 us/op
WorkloadResult   4: 92880 op, 871634747.50 ns, 9.3845 us/op
WorkloadResult   5: 92880 op, 828342072.50 ns, 8.9184 us/op
WorkloadResult   6: 92880 op, 834388518.50 ns, 8.9835 us/op
WorkloadResult   7: 92880 op, 832621869.50 ns, 8.9645 us/op
WorkloadResult   8: 92880 op, 824576533.50 ns, 8.8779 us/op
WorkloadResult   9: 92880 op, 972840707.50 ns, 10.4742 us/op
WorkloadResult  10: 92880 op, 838548813.50 ns, 9.0283 us/op
WorkloadResult  11: 92880 op, 836702798.50 ns, 9.0084 us/op
WorkloadResult  12: 92880 op, 838126539.50 ns, 9.0238 us/op
WorkloadResult  13: 92880 op, 834090082.50 ns, 8.9803 us/op
WorkloadResult  14: 92880 op, 871652722.50 ns, 9.3847 us/op
WorkloadResult  15: 92880 op, 995472716.50 ns, 10.7178 us/op
WorkloadResult  16: 92880 op, 834391752.50 ns, 8.9835 us/op
WorkloadResult  17: 92880 op, 834905332.50 ns, 8.9891 us/op
WorkloadResult  18: 92880 op, 835350206.50 ns, 8.9939 us/op
WorkloadResult  19: 92880 op, 838733713.50 ns, 9.0303 us/op
WorkloadResult  20: 92880 op, 860110151.50 ns, 9.2604 us/op
WorkloadResult  21: 92880 op, 967734365.50 ns, 10.4192 us/op
WorkloadResult  22: 92880 op, 851544085.50 ns, 9.1682 us/op
WorkloadResult  23: 92880 op, 832842618.50 ns, 8.9669 us/op
WorkloadResult  24: 92880 op, 832176675.50 ns, 8.9597 us/op
WorkloadResult  25: 92880 op, 833953023.50 ns, 8.9788 us/op
WorkloadResult  26: 92880 op, 947087675.50 ns, 10.1969 us/op
WorkloadResult  27: 92880 op, 973516324.50 ns, 10.4814 us/op
WorkloadResult  28: 92880 op, 833494891.50 ns, 8.9739 us/op
WorkloadResult  29: 92880 op, 862312275.50 ns, 9.2842 us/op
WorkloadResult  30: 92880 op, 830160405.50 ns, 8.9380 us/op
WorkloadResult  31: 92880 op, 830976663.50 ns, 8.9468 us/op
WorkloadResult  32: 92880 op, 826003921.50 ns, 8.8932 us/op
WorkloadResult  33: 92880 op, 946589280.50 ns, 10.1915 us/op
WorkloadResult  34: 92880 op, 816903887.50 ns, 8.7953 us/op
WorkloadResult  35: 92880 op, 821565978.50 ns, 8.8455 us/op
WorkloadResult  36: 92880 op, 839976854.50 ns, 9.0437 us/op
WorkloadResult  37: 92880 op, 863799871.50 ns, 9.3002 us/op
WorkloadResult  38: 92880 op, 891576395.50 ns, 9.5992 us/op
WorkloadResult  39: 92880 op, 985310624.50 ns, 10.6084 us/op
WorkloadResult  40: 92880 op, 830323313.50 ns, 8.9397 us/op
WorkloadResult  41: 92880 op, 828161656.50 ns, 8.9165 us/op
WorkloadResult  42: 92880 op, 826557302.50 ns, 8.8992 us/op
WorkloadResult  43: 92880 op, 827889757.50 ns, 8.9135 us/op
WorkloadResult  44: 92880 op, 827481123.50 ns, 8.9091 us/op
WorkloadResult  45: 92880 op, 827642434.50 ns, 8.9109 us/op
WorkloadResult  46: 92880 op, 954774901.50 ns, 10.2797 us/op
WorkloadResult  47: 92880 op, 826371416.50 ns, 8.8972 us/op
WorkloadResult  48: 92880 op, 827446413.50 ns, 8.9088 us/op
WorkloadResult  49: 92880 op, 873515614.50 ns, 9.4048 us/op
WorkloadResult  50: 92880 op, 856749114.50 ns, 9.2243 us/op
WorkloadResult  51: 92880 op, 828650697.50 ns, 8.9217 us/op
WorkloadResult  52: 92880 op, 952818164.50 ns, 10.2586 us/op
WorkloadResult  53: 92880 op, 830205958.50 ns, 8.9385 us/op
WorkloadResult  54: 92880 op, 829057621.50 ns, 8.9261 us/op
WorkloadResult  55: 92880 op, 829803987.50 ns, 8.9342 us/op
WorkloadResult  56: 92880 op, 831967188.50 ns, 8.9574 us/op
WorkloadResult  57: 92880 op, 830318936.50 ns, 8.9397 us/op
WorkloadResult  58: 92880 op, 964389905.50 ns, 10.3832 us/op
WorkloadResult  59: 92880 op, 834240796.50 ns, 8.9819 us/op
WorkloadResult  60: 92880 op, 834266630.50 ns, 8.9822 us/op
WorkloadResult  61: 92880 op, 941142688.50 ns, 10.1329 us/op
WorkloadResult  62: 92880 op, 861263549.50 ns, 9.2729 us/op
WorkloadResult  63: 92880 op, 830366987.50 ns, 8.9402 us/op
WorkloadResult  64: 92880 op, 958542658.50 ns, 10.3202 us/op
WorkloadResult  65: 92880 op, 829586591.50 ns, 8.9318 us/op
WorkloadResult  66: 92880 op, 828105953.50 ns, 8.9159 us/op
WorkloadResult  67: 92880 op, 811737978.50 ns, 8.7396 us/op
WorkloadResult  68: 92880 op, 809993516.50 ns, 8.7209 us/op
WorkloadResult  69: 92880 op, 826961892.50 ns, 8.9036 us/op
WorkloadResult  70: 92880 op, 947646312.50 ns, 10.2029 us/op
WorkloadResult  71: 92880 op, 855656615.50 ns, 9.2125 us/op
WorkloadResult  72: 92880 op, 842200149.50 ns, 9.0676 us/op
WorkloadResult  73: 92880 op, 905170603.50 ns, 9.7456 us/op
WorkloadResult  74: 92880 op, 827207968.50 ns, 8.9062 us/op
WorkloadResult  75: 92880 op, 825260382.50 ns, 8.8852 us/op
WorkloadResult  76: 92880 op, 955084283.50 ns, 10.2830 us/op
WorkloadResult  77: 92880 op, 837928582.50 ns, 9.0216 us/op
WorkloadResult  78: 92880 op, 827827241.50 ns, 8.9129 us/op
WorkloadResult  79: 92880 op, 830341257.50 ns, 8.9399 us/op
WorkloadResult  80: 92880 op, 830292502.50 ns, 8.9394 us/op
WorkloadResult  81: 92880 op, 829147015.50 ns, 8.9271 us/op
WorkloadResult  82: 92880 op, 829478822.50 ns, 8.9307 us/op
WorkloadResult  83: 92880 op, 945913971.50 ns, 10.1843 us/op
WorkloadResult  84: 92880 op, 847830509.50 ns, 9.1282 us/op
WorkloadResult  85: 92880 op, 828417903.50 ns, 8.9192 us/op
WorkloadResult  86: 92880 op, 826944029.50 ns, 8.9034 us/op
WorkloadResult  87: 92880 op, 826756467.50 ns, 8.9013 us/op
WorkloadResult  88: 92880 op, 860809436.50 ns, 9.2680 us/op
WorkloadResult  89: 92880 op, 956328977.50 ns, 10.2964 us/op
WorkloadResult  90: 92880 op, 826551253.50 ns, 8.8991 us/op
WorkloadResult  91: 92880 op, 828218694.50 ns, 8.9171 us/op
WorkloadResult  92: 92880 op, 827924858.50 ns, 8.9139 us/op
WorkloadResult  93: 92880 op, 827389837.50 ns, 8.9082 us/op
WorkloadResult  94: 92880 op, 824826102.50 ns, 8.8806 us/op
WorkloadResult  95: 92880 op, 937724012.50 ns, 10.0961 us/op
WorkloadResult  96: 92880 op, 927891215.50 ns, 9.9902 us/op
WorkloadResult  97: 92880 op, 826338613.50 ns, 8.8968 us/op
WorkloadResult  98: 92880 op, 824344234.50 ns, 8.8754 us/op
WorkloadResult  99: 92880 op, 822116319.50 ns, 8.8514 us/op
WorkloadResult  100: 92880 op, 829186205.50 ns, 8.9275 us/op

// AfterAll
// Benchmark Process 909640 has exited with code 0.

Mean = 9.259 μs, StdErr = 0.056 μs (0.60%), N = 100, StdDev = 0.560 μs
Min = 8.721 μs, Q1 = 8.915 μs, Median = 8.972 μs, Q3 = 9.308 μs, Max = 10.977 μs
IQR = 0.393 μs, LowerFence = 8.326 μs, UpperFence = 9.898 μs
ConfidenceInterval = [9.069 μs; 9.449 μs] (CI 99.9%), Margin = 0.190 μs (2.05% of Mean)
Skewness = 1.43, Kurtosis = 3.6, MValue = 2

// ** Remained 2 (20.0 %) benchmark(s) to run. Estimated finish 2026-05-26 12:18 (0h 3m from now) **
// **************************
// Benchmark: SmokeBenchByte.SpanJson_Ser: Energy(OutlierMode=DontRemove, IterationTime=1s)
// *** Execute ***
// Launch: 1 / 1
// Execute: dotnet JsonBench-Energy-1.dll --anonymousPipes 127 128 --benchmarkName JsonBench.Benchmarks.SmokeBenchByte.SpanJson_Ser --job Energy --benchmarkId 8 in /home/test/json-energy-bench/JsonBench/bin/Release/net10.0/JsonBench-Energy-1/bin/Release/net10.0
// BeforeAnythingElse

// Benchmark Process Environment Information:
// BenchmarkDotNet v0.15.5-develop (2026-05-26)
// Runtime=.NET 10.0.8 (10.0.8, 10.0.826.23019), X64 RyuJIT x86-64-v3
// GC=Concurrent Workstation
// HardwareIntrinsics=AVX2+BMI1+BMI2+F16C+FMA+LZCNT+MOVBE,AVX,SSE3+SSSE3+SSE4.1+SSE4.2+POPCNT,X86Base+SSE+SSE2,AES+PCLMUL VectorSize=256
// Job: Energy(OutlierMode=DontRemove, IterationTime=1s)

OverheadJitting  1: 1 op, 184768.00 ns, 184.7680 us/op
WorkloadJitting  1: 1 op, 59543511.00 ns, 59.5435 ms/op

OverheadJitting  2: 16 op, 479745.00 ns, 29.9841 us/op
WorkloadJitting  2: 16 op, 1062406.00 ns, 66.4004 us/op

WorkloadPilot    1: 16 op, 442166.00 ns, 27.6354 us/op
WorkloadPilot    2: 36192 op, 272928518.00 ns, 7.5411 us/op
WorkloadPilot    3: 132608 op, 580014426.00 ns, 4.3739 us/op
WorkloadPilot    4: 228640 op, 1108739521.00 ns, 4.8493 us/op
WorkloadPilot    5: 206224 op, 1055984886.00 ns, 5.1206 us/op
WorkloadPilot    6: 195296 op, 1041230415.00 ns, 5.3316 us/op

OverheadWarmup   1: 195296 op, 648248.00 ns, 3.3193 ns/op
OverheadWarmup   2: 195296 op, 641838.00 ns, 3.2865 ns/op
OverheadWarmup   3: 195296 op, 700960.00 ns, 3.5892 ns/op
OverheadWarmup   4: 195296 op, 642417.00 ns, 3.2895 ns/op
OverheadWarmup   5: 195296 op, 858834.00 ns, 4.3976 ns/op
OverheadWarmup   6: 195296 op, 643737.00 ns, 3.2962 ns/op

OverheadActual   1: 195296 op, 642809.00 ns, 3.2915 ns/op
OverheadActual   2: 195296 op, 645149.00 ns, 3.3034 ns/op
OverheadActual   3: 195296 op, 649197.00 ns, 3.3242 ns/op
OverheadActual   4: 195296 op, 654461.00 ns, 3.3511 ns/op
OverheadActual   5: 195296 op, 671594.00 ns, 3.4389 ns/op
OverheadActual   6: 195296 op, 640892.00 ns, 3.2816 ns/op
OverheadActual   7: 195296 op, 712017.00 ns, 3.6458 ns/op
OverheadActual   8: 195296 op, 643004.00 ns, 3.2925 ns/op
OverheadActual   9: 195296 op, 889872.00 ns, 4.5565 ns/op
OverheadActual  10: 195296 op, 648055.00 ns, 3.3183 ns/op
OverheadActual  11: 195296 op, 1062378.00 ns, 5.4398 ns/op
OverheadActual  12: 195296 op, 642065.00 ns, 3.2877 ns/op
OverheadActual  13: 195296 op, 1882509.00 ns, 9.6393 ns/op
OverheadActual  14: 195296 op, 678116.00 ns, 3.4722 ns/op
OverheadActual  15: 195296 op, 1031294.00 ns, 5.2807 ns/op
OverheadActual  16: 195296 op, 654555.00 ns, 3.3516 ns/op
OverheadActual  17: 195296 op, 959984.00 ns, 4.9155 ns/op
OverheadActual  18: 195296 op, 643645.00 ns, 3.2957 ns/op
OverheadActual  19: 195296 op, 650085.00 ns, 3.3287 ns/op
OverheadActual  20: 195296 op, 682636.00 ns, 3.4954 ns/op

WorkloadWarmup   1: 195296 op, 894780078.00 ns, 4.5817 us/op
WorkloadWarmup   2: 195296 op, 896416679.00 ns, 4.5900 us/op
WorkloadWarmup   3: 195296 op, 869938204.00 ns, 4.4545 us/op
WorkloadWarmup   4: 195296 op, 857518352.00 ns, 4.3909 us/op
WorkloadWarmup   5: 195296 op, 868836743.00 ns, 4.4488 us/op
WorkloadWarmup   6: 195296 op, 899504216.00 ns, 4.6059 us/op
WorkloadWarmup   7: 195296 op, 864858312.00 ns, 4.4284 us/op

// BeforeActualRun
WorkloadActual   1: 195296 op, 989538766.00 ns, 5.0669 us/op
WorkloadActual   2: 195296 op, 944577534.00 ns, 4.8366 us/op
WorkloadActual   3: 195296 op, 870937186.00 ns, 4.4596 us/op
WorkloadActual   4: 195296 op, 900950455.00 ns, 4.6133 us/op
WorkloadActual   5: 195296 op, 873934447.00 ns, 4.4749 us/op
WorkloadActual   6: 195296 op, 869104837.00 ns, 4.4502 us/op
WorkloadActual   7: 195296 op, 977911304.00 ns, 5.0073 us/op
WorkloadActual   8: 195296 op, 868523385.00 ns, 4.4472 us/op
WorkloadActual   9: 195296 op, 858751472.00 ns, 4.3972 us/op
WorkloadActual  10: 195296 op, 866023970.00 ns, 4.4344 us/op
WorkloadActual  11: 195296 op, 863961913.00 ns, 4.4239 us/op
WorkloadActual  12: 195296 op, 873335282.00 ns, 4.4719 us/op
WorkloadActual  13: 195296 op, 1031106706.00 ns, 5.2797 us/op
WorkloadActual  14: 195296 op, 866450340.00 ns, 4.4366 us/op
WorkloadActual  15: 195296 op, 875963649.00 ns, 4.4853 us/op
WorkloadActual  16: 195296 op, 871313957.00 ns, 4.4615 us/op
WorkloadActual  17: 195296 op, 896451731.00 ns, 4.5902 us/op
WorkloadActual  18: 195296 op, 896623466.00 ns, 4.5911 us/op
WorkloadActual  19: 195296 op, 982717400.00 ns, 5.0319 us/op
WorkloadActual  20: 195296 op, 874946789.00 ns, 4.4801 us/op
WorkloadActual  21: 195296 op, 872360111.00 ns, 4.4669 us/op
WorkloadActual  22: 195296 op, 880852629.00 ns, 4.5103 us/op
WorkloadActual  23: 195296 op, 880742650.00 ns, 4.5098 us/op
WorkloadActual  24: 195296 op, 929216749.00 ns, 4.7580 us/op
WorkloadActual  25: 195296 op, 957038238.00 ns, 4.9004 us/op
WorkloadActual  26: 195296 op, 863678623.00 ns, 4.4224 us/op
WorkloadActual  27: 195296 op, 873573218.00 ns, 4.4731 us/op
WorkloadActual  28: 195296 op, 868164633.00 ns, 4.4454 us/op
WorkloadActual  29: 195296 op, 869747691.00 ns, 4.4535 us/op
WorkloadActual  30: 195296 op, 868459533.00 ns, 4.4469 us/op
WorkloadActual  31: 195296 op, 977725796.00 ns, 5.0064 us/op
WorkloadActual  32: 195296 op, 871131828.00 ns, 4.4606 us/op
WorkloadActual  33: 195296 op, 869184315.00 ns, 4.4506 us/op
WorkloadActual  34: 195296 op, 860250189.00 ns, 4.4049 us/op
WorkloadActual  35: 195296 op, 964326116.00 ns, 4.9378 us/op
WorkloadActual  36: 195296 op, 932839494.00 ns, 4.7765 us/op
WorkloadActual  37: 195296 op, 955858673.00 ns, 4.8944 us/op
WorkloadActual  38: 195296 op, 855163096.00 ns, 4.3788 us/op
WorkloadActual  39: 195296 op, 866681877.00 ns, 4.4378 us/op
WorkloadActual  40: 195296 op, 862527997.00 ns, 4.4165 us/op
WorkloadActual  41: 195296 op, 878701244.00 ns, 4.4993 us/op
WorkloadActual  42: 195296 op, 856780916.00 ns, 4.3871 us/op
WorkloadActual  43: 195296 op, 939205862.00 ns, 4.8091 us/op
WorkloadActual  44: 195296 op, 865950664.00 ns, 4.4340 us/op
WorkloadActual  45: 195296 op, 866328978.00 ns, 4.4360 us/op
WorkloadActual  46: 195296 op, 883125631.00 ns, 4.5220 us/op
WorkloadActual  47: 195296 op, 872873004.00 ns, 4.4695 us/op
WorkloadActual  48: 195296 op, 870377896.00 ns, 4.4567 us/op
WorkloadActual  49: 195296 op, 950085908.00 ns, 4.8649 us/op
WorkloadActual  50: 195296 op, 873354615.00 ns, 4.4720 us/op
WorkloadActual  51: 195296 op, 860639224.00 ns, 4.4068 us/op
WorkloadActual  52: 195296 op, 860549958.00 ns, 4.4064 us/op
WorkloadActual  53: 195296 op, 867533927.00 ns, 4.4421 us/op
WorkloadActual  54: 195296 op, 860958695.00 ns, 4.4085 us/op
WorkloadActual  55: 195296 op, 976769856.00 ns, 5.0015 us/op
WorkloadActual  56: 195296 op, 865168041.00 ns, 4.4300 us/op
WorkloadActual  57: 195296 op, 890880869.00 ns, 4.5617 us/op
WorkloadActual  58: 195296 op, 952172357.00 ns, 4.8755 us/op
WorkloadActual  59: 195296 op, 870077291.00 ns, 4.4552 us/op
WorkloadActual  60: 195296 op, 925519508.00 ns, 4.7391 us/op
WorkloadActual  61: 195296 op, 897950568.00 ns, 4.5979 us/op
WorkloadActual  62: 195296 op, 860471373.00 ns, 4.4060 us/op
WorkloadActual  63: 195296 op, 865474802.00 ns, 4.4316 us/op
WorkloadActual  64: 195296 op, 866842871.00 ns, 4.4386 us/op
WorkloadActual  65: 195296 op, 932987023.00 ns, 4.7773 us/op
WorkloadActual  66: 195296 op, 957909086.00 ns, 4.9049 us/op
WorkloadActual  67: 195296 op, 884834337.00 ns, 4.5307 us/op
WorkloadActual  68: 195296 op, 879670508.00 ns, 4.5043 us/op

// AfterActualRun
WorkloadResult   1: 195296 op, 988884258.00 ns, 5.0635 us/op
WorkloadResult   2: 195296 op, 943923026.00 ns, 4.8333 us/op
WorkloadResult   3: 195296 op, 870282678.00 ns, 4.4562 us/op
WorkloadResult   4: 195296 op, 900295947.00 ns, 4.6099 us/op
WorkloadResult   5: 195296 op, 873279939.00 ns, 4.4716 us/op
WorkloadResult   6: 195296 op, 868450329.00 ns, 4.4468 us/op
WorkloadResult   7: 195296 op, 977256796.00 ns, 5.0040 us/op
WorkloadResult   8: 195296 op, 867868877.00 ns, 4.4439 us/op
WorkloadResult   9: 195296 op, 858096964.00 ns, 4.3938 us/op
WorkloadResult  10: 195296 op, 865369462.00 ns, 4.4311 us/op
WorkloadResult  11: 195296 op, 863307405.00 ns, 4.4205 us/op
WorkloadResult  12: 195296 op, 872680774.00 ns, 4.4685 us/op
WorkloadResult  13: 195296 op, 1030452198.00 ns, 5.2764 us/op
WorkloadResult  14: 195296 op, 865795832.00 ns, 4.4332 us/op
WorkloadResult  15: 195296 op, 875309141.00 ns, 4.4820 us/op
WorkloadResult  16: 195296 op, 870659449.00 ns, 4.4582 us/op
WorkloadResult  17: 195296 op, 895797223.00 ns, 4.5869 us/op
WorkloadResult  18: 195296 op, 895968958.00 ns, 4.5877 us/op
WorkloadResult  19: 195296 op, 982062892.00 ns, 5.0286 us/op
WorkloadResult  20: 195296 op, 874292281.00 ns, 4.4768 us/op
WorkloadResult  21: 195296 op, 871705603.00 ns, 4.4635 us/op
WorkloadResult  22: 195296 op, 880198121.00 ns, 4.5070 us/op
WorkloadResult  23: 195296 op, 880088142.00 ns, 4.5064 us/op
WorkloadResult  24: 195296 op, 928562241.00 ns, 4.7546 us/op
WorkloadResult  25: 195296 op, 956383730.00 ns, 4.8971 us/op
WorkloadResult  26: 195296 op, 863024115.00 ns, 4.4191 us/op
WorkloadResult  27: 195296 op, 872918710.00 ns, 4.4697 us/op
WorkloadResult  28: 195296 op, 867510125.00 ns, 4.4420 us/op
WorkloadResult  29: 195296 op, 869093183.00 ns, 4.4501 us/op
WorkloadResult  30: 195296 op, 867805025.00 ns, 4.4435 us/op
WorkloadResult  31: 195296 op, 977071288.00 ns, 5.0030 us/op
WorkloadResult  32: 195296 op, 870477320.00 ns, 4.4572 us/op
WorkloadResult  33: 195296 op, 868529807.00 ns, 4.4472 us/op
WorkloadResult  34: 195296 op, 859595681.00 ns, 4.4015 us/op
WorkloadResult  35: 195296 op, 963671608.00 ns, 4.9344 us/op
WorkloadResult  36: 195296 op, 932184986.00 ns, 4.7732 us/op
WorkloadResult  37: 195296 op, 955204165.00 ns, 4.8911 us/op
WorkloadResult  38: 195296 op, 854508588.00 ns, 4.3755 us/op
WorkloadResult  39: 195296 op, 866027369.00 ns, 4.4344 us/op
WorkloadResult  40: 195296 op, 861873489.00 ns, 4.4132 us/op
WorkloadResult  41: 195296 op, 878046736.00 ns, 4.4960 us/op
WorkloadResult  42: 195296 op, 856126408.00 ns, 4.3837 us/op
WorkloadResult  43: 195296 op, 938551354.00 ns, 4.8058 us/op
WorkloadResult  44: 195296 op, 865296156.00 ns, 4.4307 us/op
WorkloadResult  45: 195296 op, 865674470.00 ns, 4.4326 us/op
WorkloadResult  46: 195296 op, 882471123.00 ns, 4.5186 us/op
WorkloadResult  47: 195296 op, 872218496.00 ns, 4.4661 us/op
WorkloadResult  48: 195296 op, 869723388.00 ns, 4.4534 us/op
WorkloadResult  49: 195296 op, 949431400.00 ns, 4.8615 us/op
WorkloadResult  50: 195296 op, 872700107.00 ns, 4.4686 us/op
WorkloadResult  51: 195296 op, 859984716.00 ns, 4.4035 us/op
WorkloadResult  52: 195296 op, 859895450.00 ns, 4.4030 us/op
WorkloadResult  53: 195296 op, 866879419.00 ns, 4.4388 us/op
WorkloadResult  54: 195296 op, 860304187.00 ns, 4.4051 us/op
WorkloadResult  55: 195296 op, 976115348.00 ns, 4.9981 us/op
WorkloadResult  56: 195296 op, 864513533.00 ns, 4.4267 us/op
WorkloadResult  57: 195296 op, 890226361.00 ns, 4.5583 us/op
WorkloadResult  58: 195296 op, 951517849.00 ns, 4.8722 us/op
WorkloadResult  59: 195296 op, 869422783.00 ns, 4.4518 us/op
WorkloadResult  60: 195296 op, 924865000.00 ns, 4.7357 us/op
WorkloadResult  61: 195296 op, 897296060.00 ns, 4.5945 us/op
WorkloadResult  62: 195296 op, 859816865.00 ns, 4.4026 us/op
WorkloadResult  63: 195296 op, 864820294.00 ns, 4.4283 us/op
WorkloadResult  64: 195296 op, 866188363.00 ns, 4.4353 us/op
WorkloadResult  65: 195296 op, 932332515.00 ns, 4.7739 us/op
WorkloadResult  66: 195296 op, 957254578.00 ns, 4.9016 us/op
WorkloadResult  67: 195296 op, 884179829.00 ns, 4.5274 us/op
WorkloadResult  68: 195296 op, 879016000.00 ns, 4.5009 us/op

// AfterAll
// Benchmark Process 910394 has exited with code 0.

Mean = 4.580 μs, StdErr = 0.026 μs (0.57%), N = 68, StdDev = 0.217 μs
Min = 4.375 μs, Q1 = 4.434 μs, Median = 4.469 μs, Q3 = 4.740 μs, Max = 5.276 μs
IQR = 0.306 μs, LowerFence = 3.975 μs, UpperFence = 5.200 μs
ConfidenceInterval = [4.489 μs; 4.670 μs] (CI 99.9%), Margin = 0.091 μs (1.98% of Mean)
Skewness = 1.26, Kurtosis = 3.44, MValue = 2.52

// ** Remained 1 (10.0 %) benchmark(s) to run. Estimated finish 2026-05-26 12:18 (0h 1m from now) **
// **************************
// Benchmark: SmokeBenchByte.Utf8Json_Ser: Energy(OutlierMode=DontRemove, IterationTime=1s)
// *** Execute ***
// Launch: 1 / 1
// Execute: dotnet JsonBench-Energy-1.dll --anonymousPipes 127 128 --benchmarkName JsonBench.Benchmarks.SmokeBenchByte.Utf8Json_Ser --job Energy --benchmarkId 9 in /home/test/json-energy-bench/JsonBench/bin/Release/net10.0/JsonBench-Energy-1/bin/Release/net10.0
// BeforeAnythingElse

// Benchmark Process Environment Information:
// BenchmarkDotNet v0.15.5-develop (2026-05-26)
// Runtime=.NET 10.0.8 (10.0.8, 10.0.826.23019), X64 RyuJIT x86-64-v3
// GC=Concurrent Workstation
// HardwareIntrinsics=AVX2+BMI1+BMI2+F16C+FMA+LZCNT+MOVBE,AVX,SSE3+SSSE3+SSE4.1+SSE4.2+POPCNT,X86Base+SSE+SSE2,AES+PCLMUL VectorSize=256
// Job: Energy(OutlierMode=DontRemove, IterationTime=1s)

OverheadJitting  1: 1 op, 187400.00 ns, 187.4000 us/op
WorkloadJitting  1: 1 op, 66294302.00 ns, 66.2943 ms/op

OverheadJitting  2: 16 op, 489422.00 ns, 30.5889 us/op
WorkloadJitting  2: 16 op, 1039635.00 ns, 64.9772 us/op

WorkloadPilot    1: 16 op, 534752.00 ns, 33.4220 us/op
WorkloadPilot    2: 29920 op, 255149365.00 ns, 8.5277 us/op
WorkloadPilot    3: 117280 op, 609002933.00 ns, 5.1927 us/op
WorkloadPilot    4: 192592 op, 1075303123.00 ns, 5.5833 us/op
WorkloadPilot    5: 179120 op, 1105941815.00 ns, 6.1743 us/op
WorkloadPilot    6: 161968 op, 961030426.00 ns, 5.9335 us/op
WorkloadPilot    7: 168544 op, 886076021.00 ns, 5.2572 us/op
WorkloadPilot    8: 190224 op, 1020856109.00 ns, 5.3666 us/op

OverheadWarmup   1: 190224 op, 628503.00 ns, 3.3040 ns/op
OverheadWarmup   2: 190224 op, 627006.00 ns, 3.2961 ns/op
OverheadWarmup   3: 190224 op, 622488.00 ns, 3.2724 ns/op
OverheadWarmup   4: 190224 op, 624673.00 ns, 3.2839 ns/op
OverheadWarmup   5: 190224 op, 627702.00 ns, 3.2998 ns/op
OverheadWarmup   6: 190224 op, 618771.00 ns, 3.2529 ns/op
OverheadWarmup   7: 190224 op, 628537.00 ns, 3.3042 ns/op
OverheadWarmup   8: 190224 op, 622489.00 ns, 3.2724 ns/op

OverheadActual   1: 190224 op, 622971.00 ns, 3.2749 ns/op
OverheadActual   2: 190224 op, 623066.00 ns, 3.2754 ns/op
OverheadActual   3: 190224 op, 622294.00 ns, 3.2714 ns/op
OverheadActual   4: 190224 op, 627215.00 ns, 3.2972 ns/op
OverheadActual   5: 190224 op, 621883.00 ns, 3.2692 ns/op
OverheadActual   6: 190224 op, 628260.00 ns, 3.3027 ns/op
OverheadActual   7: 190224 op, 626639.00 ns, 3.2942 ns/op
OverheadActual   8: 190224 op, 636661.00 ns, 3.3469 ns/op
OverheadActual   9: 190224 op, 617971.00 ns, 3.2486 ns/op
OverheadActual  10: 190224 op, 611508.00 ns, 3.2147 ns/op
OverheadActual  11: 190224 op, 613912.00 ns, 3.2273 ns/op
OverheadActual  12: 190224 op, 610947.00 ns, 3.2117 ns/op
OverheadActual  13: 190224 op, 614029.00 ns, 3.2279 ns/op
OverheadActual  14: 190224 op, 609081.00 ns, 3.2019 ns/op
OverheadActual  15: 190224 op, 614422.00 ns, 3.2300 ns/op

WorkloadWarmup   1: 190224 op, 977029080.00 ns, 5.1362 us/op
WorkloadWarmup   2: 190224 op, 978356180.00 ns, 5.1432 us/op
WorkloadWarmup   3: 190224 op, 975297152.00 ns, 5.1271 us/op
WorkloadWarmup   4: 190224 op, 976099041.00 ns, 5.1313 us/op
WorkloadWarmup   5: 190224 op, 998157788.00 ns, 5.2473 us/op
WorkloadWarmup   6: 190224 op, 1168153024.00 ns, 6.1409 us/op
WorkloadWarmup   7: 190224 op, 969859300.00 ns, 5.0985 us/op

// BeforeActualRun
WorkloadActual   1: 190224 op, 968067208.00 ns, 5.0891 us/op
WorkloadActual   2: 190224 op, 972053991.00 ns, 5.1100 us/op
WorkloadActual   3: 190224 op, 958288488.00 ns, 5.0377 us/op
WorkloadActual   4: 190224 op, 1078027585.00 ns, 5.6671 us/op
WorkloadActual   5: 190224 op, 996122214.00 ns, 5.2366 us/op
WorkloadActual   6: 190224 op, 977769362.00 ns, 5.1401 us/op
WorkloadActual   7: 190224 op, 982450655.00 ns, 5.1647 us/op
WorkloadActual   8: 190224 op, 993056932.00 ns, 5.2205 us/op
WorkloadActual   9: 190224 op, 1123212081.00 ns, 5.9047 us/op
WorkloadActual  10: 190224 op, 978947937.00 ns, 5.1463 us/op
WorkloadActual  11: 190224 op, 979786046.00 ns, 5.1507 us/op
WorkloadActual  12: 190224 op, 971990361.00 ns, 5.1097 us/op
WorkloadActual  13: 190224 op, 967177570.00 ns, 5.0844 us/op
WorkloadActual  14: 190224 op, 1051937477.00 ns, 5.5300 us/op
WorkloadActual  15: 190224 op, 988453637.00 ns, 5.1963 us/op
WorkloadActual  16: 190224 op, 980917474.00 ns, 5.1566 us/op
WorkloadActual  17: 190224 op, 978677904.00 ns, 5.1449 us/op
WorkloadActual  18: 190224 op, 974613524.00 ns, 5.1235 us/op
WorkloadActual  19: 190224 op, 1013736070.00 ns, 5.3292 us/op
WorkloadActual  20: 190224 op, 1052441069.00 ns, 5.5326 us/op
WorkloadActual  21: 190224 op, 972191082.00 ns, 5.1108 us/op
WorkloadActual  22: 190224 op, 973033523.00 ns, 5.1152 us/op
WorkloadActual  23: 190224 op, 973193742.00 ns, 5.1160 us/op
WorkloadActual  24: 190224 op, 969066703.00 ns, 5.0943 us/op
WorkloadActual  25: 190224 op, 1069135243.00 ns, 5.6204 us/op
WorkloadActual  26: 190224 op, 984422672.00 ns, 5.1751 us/op
WorkloadActual  27: 190224 op, 970826691.00 ns, 5.1036 us/op
WorkloadActual  28: 190224 op, 971080123.00 ns, 5.1049 us/op
WorkloadActual  29: 190224 op, 1113412559.00 ns, 5.8532 us/op
WorkloadActual  30: 190224 op, 1098507660.00 ns, 5.7748 us/op
WorkloadActual  31: 190224 op, 974906762.00 ns, 5.1250 us/op
WorkloadActual  32: 190224 op, 964615214.00 ns, 5.0709 us/op
WorkloadActual  33: 190224 op, 971921778.00 ns, 5.1094 us/op
WorkloadActual  34: 190224 op, 974903219.00 ns, 5.1250 us/op
WorkloadActual  35: 190224 op, 1004793919.00 ns, 5.2822 us/op
WorkloadActual  36: 190224 op, 1019892014.00 ns, 5.3615 us/op
WorkloadActual  37: 190224 op, 974235060.00 ns, 5.1215 us/op
WorkloadActual  38: 190224 op, 978154990.00 ns, 5.1421 us/op
WorkloadActual  39: 190224 op, 999613768.00 ns, 5.2549 us/op
WorkloadActual  40: 190224 op, 974843151.00 ns, 5.1247 us/op
WorkloadActual  41: 190224 op, 1079251950.00 ns, 5.6736 us/op
WorkloadActual  42: 190224 op, 967151813.00 ns, 5.0843 us/op
WorkloadActual  43: 190224 op, 973174161.00 ns, 5.1159 us/op
WorkloadActual  44: 190224 op, 970561072.00 ns, 5.1022 us/op
WorkloadActual  45: 190224 op, 972808666.00 ns, 5.1140 us/op
WorkloadActual  46: 190224 op, 1044446748.00 ns, 5.4906 us/op
WorkloadActual  47: 190224 op, 975410424.00 ns, 5.1277 us/op
WorkloadActual  48: 190224 op, 958992161.00 ns, 5.0414 us/op
WorkloadActual  49: 190224 op, 1013602744.00 ns, 5.3285 us/op
WorkloadActual  50: 190224 op, 949826152.00 ns, 4.9932 us/op
WorkloadActual  51: 190224 op, 973737261.00 ns, 5.1189 us/op
WorkloadActual  52: 190224 op, 1030978472.00 ns, 5.4198 us/op
WorkloadActual  53: 190224 op, 972593667.00 ns, 5.1129 us/op
WorkloadActual  54: 190224 op, 970945472.00 ns, 5.1042 us/op

// AfterActualRun
WorkloadResult   1: 190224 op, 967445325.00 ns, 5.0858 us/op
WorkloadResult   2: 190224 op, 971432108.00 ns, 5.1068 us/op
WorkloadResult   3: 190224 op, 957666605.00 ns, 5.0344 us/op
WorkloadResult   4: 190224 op, 1077405702.00 ns, 5.6639 us/op
WorkloadResult   5: 190224 op, 995500331.00 ns, 5.2333 us/op
WorkloadResult   6: 190224 op, 977147479.00 ns, 5.1368 us/op
WorkloadResult   7: 190224 op, 981828772.00 ns, 5.1614 us/op
WorkloadResult   8: 190224 op, 992435049.00 ns, 5.2172 us/op
WorkloadResult   9: 190224 op, 1122590198.00 ns, 5.9014 us/op
WorkloadResult  10: 190224 op, 978326054.00 ns, 5.1430 us/op
WorkloadResult  11: 190224 op, 979164163.00 ns, 5.1474 us/op
WorkloadResult  12: 190224 op, 971368478.00 ns, 5.1064 us/op
WorkloadResult  13: 190224 op, 966555687.00 ns, 5.0811 us/op
WorkloadResult  14: 190224 op, 1051315594.00 ns, 5.5267 us/op
WorkloadResult  15: 190224 op, 987831754.00 ns, 5.1930 us/op
WorkloadResult  16: 190224 op, 980295591.00 ns, 5.1534 us/op
WorkloadResult  17: 190224 op, 978056021.00 ns, 5.1416 us/op
WorkloadResult  18: 190224 op, 973991641.00 ns, 5.1202 us/op
WorkloadResult  19: 190224 op, 1013114187.00 ns, 5.3259 us/op
WorkloadResult  20: 190224 op, 1051819186.00 ns, 5.5294 us/op
WorkloadResult  21: 190224 op, 971569199.00 ns, 5.1075 us/op
WorkloadResult  22: 190224 op, 972411640.00 ns, 5.1119 us/op
WorkloadResult  23: 190224 op, 972571859.00 ns, 5.1128 us/op
WorkloadResult  24: 190224 op, 968444820.00 ns, 5.0911 us/op
WorkloadResult  25: 190224 op, 1068513360.00 ns, 5.6171 us/op
WorkloadResult  26: 190224 op, 983800789.00 ns, 5.1718 us/op
WorkloadResult  27: 190224 op, 970204808.00 ns, 5.1003 us/op
WorkloadResult  28: 190224 op, 970458240.00 ns, 5.1017 us/op
WorkloadResult  29: 190224 op, 1112790676.00 ns, 5.8499 us/op
WorkloadResult  30: 190224 op, 1097885777.00 ns, 5.7715 us/op
WorkloadResult  31: 190224 op, 974284879.00 ns, 5.1218 us/op
WorkloadResult  32: 190224 op, 963993331.00 ns, 5.0677 us/op
WorkloadResult  33: 190224 op, 971299895.00 ns, 5.1061 us/op
WorkloadResult  34: 190224 op, 974281336.00 ns, 5.1218 us/op
WorkloadResult  35: 190224 op, 1004172036.00 ns, 5.2789 us/op
WorkloadResult  36: 190224 op, 1019270131.00 ns, 5.3583 us/op
WorkloadResult  37: 190224 op, 973613177.00 ns, 5.1182 us/op
WorkloadResult  38: 190224 op, 977533107.00 ns, 5.1389 us/op
WorkloadResult  39: 190224 op, 998991885.00 ns, 5.2517 us/op
WorkloadResult  40: 190224 op, 974221268.00 ns, 5.1214 us/op
WorkloadResult  41: 190224 op, 1078630067.00 ns, 5.6703 us/op
WorkloadResult  42: 190224 op, 966529930.00 ns, 5.0810 us/op
WorkloadResult  43: 190224 op, 972552278.00 ns, 5.1127 us/op
WorkloadResult  44: 190224 op, 969939189.00 ns, 5.0989 us/op
WorkloadResult  45: 190224 op, 972186783.00 ns, 5.1107 us/op
WorkloadResult  46: 190224 op, 1043824865.00 ns, 5.4873 us/op
WorkloadResult  47: 190224 op, 974788541.00 ns, 5.1244 us/op
WorkloadResult  48: 190224 op, 958370278.00 ns, 5.0381 us/op
WorkloadResult  49: 190224 op, 1012980861.00 ns, 5.3252 us/op
WorkloadResult  50: 190224 op, 949204269.00 ns, 4.9899 us/op
WorkloadResult  51: 190224 op, 973115378.00 ns, 5.1156 us/op
WorkloadResult  52: 190224 op, 1030356589.00 ns, 5.4165 us/op
WorkloadResult  53: 190224 op, 971971784.00 ns, 5.1096 us/op
WorkloadResult  54: 190224 op, 970323589.00 ns, 5.1010 us/op

// AfterAll
// Benchmark Process 911154 has exited with code 0.

Mean = 5.232 μs, StdErr = 0.030 μs (0.57%), N = 54, StdDev = 0.220 μs
Min = 4.990 μs, Q1 = 5.107 μs, Median = 5.123 μs, Q3 = 5.272 μs, Max = 5.901 μs
IQR = 0.166 μs, LowerFence = 4.858 μs, UpperFence = 5.520 μs
ConfidenceInterval = [5.128 μs; 5.336 μs] (CI 99.9%), Margin = 0.104 μs (1.99% of Mean)
Skewness = 1.59, Kurtosis = 4.46, MValue = 2

// ** Remained 0 (0.0 %) benchmark(s) to run. Estimated finish 2026-05-26 12:18 (0h 0m from now) **
// ***** BenchmarkRunner: Finish  *****

// * Export *
  BenchmarkArtifacts/results/JsonBench.Benchmarks.SmokeBenchByte-report.csv
  BenchmarkArtifacts/results/JsonBench.Benchmarks.SmokeBenchByte-report-github.md
  BenchmarkArtifacts/results/JsonBench.Benchmarks.SmokeBenchByte-report.html
  BenchmarkArtifacts/results/JsonBench.Benchmarks.SmokeBenchByte-measurements.csv

// * Detailed results *
SmokeBenchByte.SpanJson_Deser: Energy(OutlierMode=DontRemove, IterationTime=1s)
Runtime = .NET 10.0.8 (10.0.8, 10.0.826.23019), X64 RyuJIT x86-64-v3; GC = Concurrent Workstation
Mean = 5.680 μs, StdErr = 0.033 μs (0.58%), N = 69, StdDev = 0.274 μs
Min = 5.399 μs, Q1 = 5.493 μs, Median = 5.526 μs, Q3 = 5.896 μs, Max = 6.345 μs
IQR = 0.402 μs, LowerFence = 4.890 μs, UpperFence = 6.500 μs
ConfidenceInterval = [5.566 μs; 5.793 μs] (CI 99.9%), Margin = 0.113 μs (2.00% of Mean)
Skewness = 1.06, Kurtosis = 2.63, MValue = 2.61
-------------------- Histogram --------------------
[5.394 μs ; 5.570 μs) | @@@@@@@@@@@@@@@@@@@@@@@@@@@@@@@@@@@@@@@@@@@
[5.570 μs ; 5.741 μs) | @@@@@@
[5.741 μs ; 5.883 μs) | @
[5.883 μs ; 6.058 μs) | @@@@@@@@@@
[6.058 μs ; 6.243 μs) | @@@@@@
[6.243 μs ; 6.433 μs) | @@@
---------------------------------------------------

SmokeBenchByte.STJSrcGen_Deser: Energy(OutlierMode=DontRemove, IterationTime=1s)
Runtime = .NET 10.0.8 (10.0.8, 10.0.826.23019), X64 RyuJIT x86-64-v3; GC = Concurrent Workstation
Mean = 7.595 μs, StdErr = 0.044 μs (0.58%), N = 70, StdDev = 0.367 μs
Min = 7.210 μs, Q1 = 7.372 μs, Median = 7.399 μs, Q3 = 7.797 μs, Max = 8.867 μs
IQR = 0.425 μs, LowerFence = 6.734 μs, UpperFence = 8.435 μs
ConfidenceInterval = [7.444 μs; 7.746 μs] (CI 99.9%), Margin = 0.151 μs (1.99% of Mean)
Skewness = 1.4, Kurtosis = 4, MValue = 2.27
-------------------- Histogram --------------------
[7.093 μs ; 7.288 μs) | @@
[7.288 μs ; 7.522 μs) | @@@@@@@@@@@@@@@@@@@@@@@@@@@@@@@@@@@@@@@@@@@@@
[7.522 μs ; 7.832 μs) | @@@@@@@@
[7.832 μs ; 8.029 μs) | @
[8.029 μs ; 8.263 μs) | @@@@@@@@@@@
[8.263 μs ; 8.591 μs) | @@
[8.591 μs ; 8.984 μs) | @
---------------------------------------------------

SmokeBenchByte.STJRefGen_Deser: Energy(OutlierMode=DontRemove, IterationTime=1s)
Runtime = .NET 10.0.8 (10.0.8, 10.0.826.23019), X64 RyuJIT x86-64-v3; GC = Concurrent Workstation
Mean = 7.798 μs, StdErr = 0.045 μs (0.58%), N = 63, StdDev = 0.357 μs
Min = 7.474 μs, Q1 = 7.553 μs, Median = 7.598 μs, Q3 = 7.935 μs, Max = 9.162 μs
IQR = 0.382 μs, LowerFence = 6.980 μs, UpperFence = 8.508 μs
ConfidenceInterval = [7.642 μs; 7.953 μs] (CI 99.9%), Margin = 0.155 μs (1.99% of Mean)
Skewness = 1.47, Kurtosis = 4.78, MValue = 2.52
-------------------- Histogram --------------------
[7.356 μs ; 7.737 μs) | @@@@@@@@@@@@@@@@@@@@@@@@@@@@@@@@@@@@@@@@
[7.737 μs ; 8.031 μs) | @@@@@@@@
[8.031 μs ; 8.292 μs) | @@@@@
[8.292 μs ; 8.527 μs) | @@@@@@@@@
[8.527 μs ; 8.763 μs) | 
[8.763 μs ; 9.044 μs) | 
[9.044 μs ; 9.280 μs) | @
---------------------------------------------------

SmokeBenchByte.Utf8Json_Deser: Energy(OutlierMode=DontRemove, IterationTime=1s)
Runtime = .NET 10.0.8 (10.0.8, 10.0.826.23019), X64 RyuJIT x86-64-v3; GC = Concurrent Workstation
Mean = 8.370 μs, StdErr = 0.048 μs (0.58%), N = 68, StdDev = 0.397 μs
Min = 7.956 μs, Q1 = 8.136 μs, Median = 8.168 μs, Q3 = 8.472 μs, Max = 9.796 μs
IQR = 0.336 μs, LowerFence = 7.632 μs, UpperFence = 8.976 μs
ConfidenceInterval = [8.204 μs; 8.536 μs] (CI 99.9%), Margin = 0.166 μs (1.98% of Mean)
Skewness = 1.6, Kurtosis = 4.86, MValue = 2.13
-------------------- Histogram --------------------
[7.950 μs ; 8.250 μs) | @@@@@@@@@@@@@@@@@@@@@@@@@@@@@@@@@@@@@@@@@@@@@
[8.250 μs ; 8.587 μs) | @@@@@@
[8.587 μs ; 8.883 μs) | @@@@@@
[8.883 μs ; 9.138 μs) | @@@@@@@@@
[9.138 μs ; 9.557 μs) | 
[9.557 μs ; 9.812 μs) | @@
---------------------------------------------------

SmokeBenchByte.Newtonsoft_Deser: Energy(OutlierMode=DontRemove, IterationTime=1s)
Runtime = .NET 10.0.8 (10.0.8, 10.0.826.23019), X64 RyuJIT x86-64-v3; GC = Concurrent Workstation
Mean = 15.526 μs, StdErr = 0.091 μs (0.59%), N = 89, StdDev = 0.859 μs
Min = 14.828 μs, Q1 = 14.990 μs, Median = 15.052 μs, Q3 = 15.820 μs, Max = 18.078 μs
IQR = 0.830 μs, LowerFence = 13.744 μs, UpperFence = 17.066 μs
ConfidenceInterval = [15.216 μs; 15.836 μs] (CI 99.9%), Margin = 0.310 μs (2.00% of Mean)
Skewness = 1.4, Kurtosis = 3.56, MValue = 2.34
-------------------- Histogram --------------------
[14.814 μs ; 15.319 μs) | @@@@@@@@@@@@@@@@@@@@@@@@@@@@@@@@@@@@@@@@@@@@@@@@@@@@@@@@@@@@
[15.319 μs ; 15.932 μs) | @@@@@@@@@@
[15.932 μs ; 16.256 μs) | 
[16.256 μs ; 16.743 μs) | @@@@
[16.743 μs ; 17.248 μs) | @@@@@@@@@@
[17.248 μs ; 17.798 μs) | @@@@
[17.798 μs ; 18.330 μs) | @
---------------------------------------------------

SmokeBenchByte.STJSrcGen_Ser: Energy(OutlierMode=DontRemove, IterationTime=1s)
Runtime = .NET 10.0.8 (10.0.8, 10.0.826.23019), X64 RyuJIT x86-64-v3; GC = Concurrent Workstation
Mean = 2.798 μs, StdErr = 0.016 μs (0.58%), N = 80, StdDev = 0.146 μs
Min = 2.668 μs, Q1 = 2.697 μs, Median = 2.713 μs, Q3 = 2.911 μs, Max = 3.207 μs
IQR = 0.214 μs, LowerFence = 2.376 μs, UpperFence = 3.232 μs
ConfidenceInterval = [2.742 μs; 2.853 μs] (CI 99.9%), Margin = 0.056 μs (1.99% of Mean)
Skewness = 1.15, Kurtosis = 2.9, MValue = 2.52
-------------------- Histogram --------------------
[2.668 μs ; 2.756 μs) | @@@@@@@@@@@@@@@@@@@@@@@@@@@@@@@@@@@@@@@@@@@@@@@@@@@
[2.756 μs ; 2.862 μs) | @@@@@@@
[2.862 μs ; 2.964 μs) | @@@@
[2.964 μs ; 3.053 μs) | @@@@@@@@@@@@
[3.053 μs ; 3.139 μs) | @@@@
[3.139 μs ; 3.230 μs) | @@
---------------------------------------------------

SmokeBenchByte.STJRefGen_Ser: Energy(OutlierMode=DontRemove, IterationTime=1s)
Runtime = .NET 10.0.8 (10.0.8, 10.0.826.23019), X64 RyuJIT x86-64-v3; GC = Concurrent Workstation
Mean = 4.020 μs, StdErr = 0.023 μs (0.58%), N = 64, StdDev = 0.185 μs
Min = 3.850 μs, Q1 = 3.896 μs, Median = 3.908 μs, Q3 = 4.148 μs, Max = 4.448 μs
IQR = 0.252 μs, LowerFence = 3.519 μs, UpperFence = 4.525 μs
ConfidenceInterval = [3.940 μs; 4.100 μs] (CI 99.9%), Margin = 0.080 μs (1.99% of Mean)
Skewness = 1.07, Kurtosis = 2.4, MValue = 2.61
-------------------- Histogram --------------------
[3.789 μs ; 3.873 μs) | @
[3.873 μs ; 3.995 μs) | @@@@@@@@@@@@@@@@@@@@@@@@@@@@@@@@@@@@@@@@@@@@
[3.995 μs ; 4.109 μs) | @
[4.109 μs ; 4.264 μs) | @@@@
[4.264 μs ; 4.386 μs) | @@@@@@@@@@@@
[4.386 μs ; 4.509 μs) | @@
---------------------------------------------------

SmokeBenchByte.SpanJson_Ser: Energy(OutlierMode=DontRemove, IterationTime=1s)
Runtime = .NET 10.0.8 (10.0.8, 10.0.826.23019), X64 RyuJIT x86-64-v3; GC = Concurrent Workstation
Mean = 4.580 μs, StdErr = 0.026 μs (0.57%), N = 68, StdDev = 0.217 μs
Min = 4.375 μs, Q1 = 4.434 μs, Median = 4.469 μs, Q3 = 4.740 μs, Max = 5.276 μs
IQR = 0.306 μs, LowerFence = 3.975 μs, UpperFence = 5.200 μs
ConfidenceInterval = [4.489 μs; 4.670 μs] (CI 99.9%), Margin = 0.091 μs (1.98% of Mean)
Skewness = 1.26, Kurtosis = 3.44, MValue = 2.52
-------------------- Histogram --------------------
[4.371 μs ; 4.511 μs) | @@@@@@@@@@@@@@@@@@@@@@@@@@@@@@@@@@@@@@@@@@@
[4.511 μs ; 4.634 μs) | @@@@@@@
[4.634 μs ; 4.768 μs) | @@
[4.768 μs ; 4.929 μs) | @@@@@@@@@
[4.929 μs ; 5.069 μs) | @@@@@@
[5.069 μs ; 5.207 μs) | 
[5.207 μs ; 5.346 μs) | @
---------------------------------------------------

SmokeBenchByte.Utf8Json_Ser: Energy(OutlierMode=DontRemove, IterationTime=1s)
Runtime = .NET 10.0.8 (10.0.8, 10.0.826.23019), X64 RyuJIT x86-64-v3; GC = Concurrent Workstation
Mean = 5.232 μs, StdErr = 0.030 μs (0.57%), N = 54, StdDev = 0.220 μs
Min = 4.990 μs, Q1 = 5.107 μs, Median = 5.123 μs, Q3 = 5.272 μs, Max = 5.901 μs
IQR = 0.166 μs, LowerFence = 4.858 μs, UpperFence = 5.520 μs
ConfidenceInterval = [5.128 μs; 5.336 μs] (CI 99.9%), Margin = 0.104 μs (1.99% of Mean)
Skewness = 1.59, Kurtosis = 4.46, MValue = 2
-------------------- Histogram --------------------
[4.914 μs ; 5.027 μs) | @
[5.027 μs ; 5.179 μs) | @@@@@@@@@@@@@@@@@@@@@@@@@@@@@@@@@@@
[5.179 μs ; 5.336 μs) | @@@@@@@
[5.336 μs ; 5.499 μs) | @@@
[5.499 μs ; 5.675 μs) | @@@@@
[5.675 μs ; 5.913 μs) | @@@
---------------------------------------------------

SmokeBenchByte.Newtonsoft_Ser: Energy(OutlierMode=DontRemove, IterationTime=1s)
Runtime = .NET 10.0.8 (10.0.8, 10.0.826.23019), X64 RyuJIT x86-64-v3; GC = Concurrent Workstation
Mean = 9.259 μs, StdErr = 0.056 μs (0.60%), N = 100, StdDev = 0.560 μs
Min = 8.721 μs, Q1 = 8.915 μs, Median = 8.972 μs, Q3 = 9.308 μs, Max = 10.977 μs
IQR = 0.393 μs, LowerFence = 8.326 μs, UpperFence = 9.898 μs
ConfidenceInterval = [9.069 μs; 9.449 μs] (CI 99.9%), Margin = 0.190 μs (2.05% of Mean)
Skewness = 1.43, Kurtosis = 3.6, MValue = 2
-------------------- Histogram --------------------
[ 8.562 μs ;  8.773 μs) | @@
[ 8.773 μs ;  9.090 μs) | @@@@@@@@@@@@@@@@@@@@@@@@@@@@@@@@@@@@@@@@@@@@@@@@@@@@@@@@@@@@@@@@
[ 9.090 μs ;  9.425 μs) | @@@@@@@@@@@@@
[ 9.425 μs ;  9.831 μs) | @@
[ 9.831 μs ; 10.174 μs) | @@@
[10.174 μs ; 10.491 μs) | @@@@@@@@@@@@@
[10.491 μs ; 10.821 μs) | @@
[10.821 μs ; 11.136 μs) | @
---------------------------------------------------

// * Summary *

BenchmarkDotNet v0.15.5-develop (2026-05-26), Linux Ubuntu 24.04.4 LTS (Noble Numbat)
Intel Core i9-9900K CPU 3.60GHz (Max: 0.80GHz) (Coffee Lake), 1 CPU, 16 logical and 8 physical cores
.NET SDK 10.0.108
  [Host] : .NET 10.0.8 (10.0.8, 10.0.826.23019), X64 RyuJIT x86-64-v3
  Energy : .NET 10.0.8 (10.0.8, 10.0.826.23019), X64 RyuJIT x86-64-v3

Job=Energy  OutlierMode=DontRemove  IterationTime=1s  

| Method           | Mean      | Error     | StdDev    | Operations | Median    | Iterations | Metrion CPU Energy (uJ/op) | Metrion CPU Energy (uJ/iter) |
|----------------- |----------:|----------:|----------:|-----------:|----------:|-----------:|---------------------------:|-----------------------------:|
| SpanJson_Deser   |  5.680 μs | 0.1135 μs | 0.2740 μs |    181,504 |  5.526 μs |      69.00 |                     144.24 |                  26179518.97 |
| STJSrcGen_Deser  |  7.595 μs | 0.1509 μs | 0.3672 μs |    135,440 |  7.399 μs |      70.00 |                     199.51 |                  27021637.73 |
| STJRefGen_Deser  |  7.798 μs | 0.1554 μs | 0.3571 μs |    132,752 |  7.598 μs |      63.00 |                     204.40 |                  27134980.82 |
| Utf8Json_Deser   |  8.370 μs | 0.1658 μs | 0.3973 μs |    105,124 |  8.168 μs |      68.00 |                     208.82 |                  21951662.63 |
| Newtonsoft_Deser | 15.526 μs | 0.3098 μs | 0.8585 μs |     55,536 | 15.052 μs |      89.00 |                     384.09 |                  21330791.62 |
|                  |           |           |           |            |           |            |                            |                              |
| STJSrcGen_Ser    |  2.798 μs | 0.0557 μs | 0.1457 μs |    365,504 |  2.713 μs |      80.00 |                      74.16 |                  27104991.26 |
| STJRefGen_Ser    |  4.020 μs | 0.0799 μs | 0.1853 μs |    253,776 |  3.908 μs |      64.00 |                     108.03 |                  27414437.96 |
| SpanJson_Ser     |  4.580 μs | 0.0905 μs | 0.2168 μs |    195,296 |  4.469 μs |      68.00 |                     111.85 |                  21843171.41 |
| Utf8Json_Ser     |  5.232 μs | 0.1041 μs | 0.2196 μs |    190,224 |  5.123 μs |      54.00 |                     134.14 |                  25516850.93 |
| Newtonsoft_Ser   |  9.259 μs | 0.1899 μs | 0.5601 μs |     92,880 |  8.972 μs |     100.00 |                     234.95 |                  21821807.37 |

// * Hints *
Outliers
  SmokeBenchByte.STJSrcGen_Deser: Energy  -> 3 outliers were detected (8.44 μs..8.87 μs)
  SmokeBenchByte.STJRefGen_Deser: Energy  -> 1 outlier  was  detected (9.17 μs)
  SmokeBenchByte.Utf8Json_Deser: Energy   -> 7 outliers were detected (9.02 μs..9.80 μs)
  SmokeBenchByte.Newtonsoft_Deser: Energy -> 8 outliers were detected (17.12 μs..18.08 μs)
  SmokeBenchByte.SpanJson_Ser: Energy     -> 1 outlier  was  detected (5.28 μs)
  SmokeBenchByte.Utf8Json_Ser: Energy     -> 8 outliers were detected (5.53 μs..5.90 μs)
  SmokeBenchByte.Newtonsoft_Ser: Energy   -> 19 outliers were detected (9.99 μs..10.98 μs)

// * Legends *
  Mean                         : Arithmetic mean of all measurements
  Error                        : Half of 99.9% confidence interval
  StdDev                       : Standard deviation of all measurements
  Operations                   : Actual invocations per measured iteration (from measurements)
  Median                       : Value separating the higher half of all measurements (50th percentile)
  Iterations                   : Number of target iterations
  Metrion CPU Energy (uJ/op)   : Average CPU core energy consumed per benchmark operation (uJ), captured with Metrion.
  Metrion CPU Energy (uJ/iter) : Average CPU core energy consumed per benchmark iteration (uJ), captured with Metrion.
  1 μs                         : 1 Microsecond (0.000001 sec)

// * Diagnostic Output - MetrionEnergyProfiler *
Metrion measured the energy for a total of 10 benchmarks.
The measurements details of Actual Stage for each benchmark:
BenchmarkMethod - StartTimestamp - EndTimestamp - TotalEnergyFromSummary - TotalEnergyFromRawMeasurements
STJRefGen_Deser: 2026-05-26T12:02:07.592377 - 2026-05-26T12:03:12.924455 - 1705.0311643335012 - 1709.5037914069862
STJSrcGen_Deser: 2026-05-26T12:03:47.054256 - 2026-05-26T12:04:59.196264 - 1888.3746321456347 - 1891.514641390765
Newtonsoft_Deser: 2026-05-26T12:05:24.749572 - 2026-05-26T12:06:41.649392 - 1913.1787082741212 - 1898.4404546221058
SpanJson_Deser: 2026-05-26T12:07:12.508705 - 2026-05-26T12:08:23.760291 - 1796.6227778430732 - 1806.3868092002951
Utf8Json_Deser: 2026-05-26T12:08:48.582319 - 2026-05-26T12:09:48.540889 - 1501.7406900737312 - 1492.7130591723799
STJRefGen_Ser: 2026-05-26T12:10:17.302105 - 2026-05-26T12:11:22.722437 - 1738.3091688194006 - 1754.52402972572
STJSrcGen_Ser: 2026-05-26T12:11:54.340268 - 2026-05-26T12:13:16.321207 - 2148.805271621097 - 2168.3993004622153
Newtonsoft_Ser: 2026-05-26T12:13:41.518415 - 2026-05-26T12:15:07.656672 - 2194.510329020796 - 2182.1807367112833
SpanJson_Ser: 2026-05-26T12:15:33.962453 - 2026-05-26T12:16:34.904613 - 1488.3839303484087 - 1485.3356560769043
Utf8Json_Ser: 2026-05-26T12:17:01.219744 - 2026-05-26T12:17:55.059947 - 1356.5854140902645 - 1377.9099500266493


// ***** BenchmarkRunner: End *****
Run time: 00:16:22 (982.68 sec), executed benchmarks: 10

Global total time: 00:16:28 (988.31 sec), executed benchmarks: 10
// * Artifacts cleanup *
Artifacts cleanup is finished
