// Validating benchmarks:
// ***** BenchmarkRunner: Start   *****
// ***** Found 10 benchmark(s) in total *****
// ***** Building 1 exe(s) in Parallel: Start   *****
// start dotnet  restore --nodeReuse:false /p:UseSharedCompilation=false /p:Deterministic=true /p:Optimize=true /p:ArtifactsPath="/home/test/json-energy-bench/JsonBench/bin/Release/net10.0/JsonBench-Energy-1/" /p:OutDir="/home/test/json-energy-bench/JsonBench/bin/Release/net10.0/JsonBench-Energy-1/bin/Release/net10.0/" /p:OutputPath="/home/test/json-energy-bench/JsonBench/bin/Release/net10.0/JsonBench-Energy-1/bin/Release/net10.0/" /p:PublishDir="/home/test/json-energy-bench/JsonBench/bin/Release/net10.0/JsonBench-Energy-1/publish/" in /home/test/json-energy-bench/JsonBench/bin/Release/net10.0/JsonBench-Energy-1
// command took 1.25 sec and exited with 0
// start dotnet  build -c Release --no-restore --nodeReuse:false /p:UseSharedCompilation=false /p:Deterministic=true /p:Optimize=true /p:ArtifactsPath="/home/test/json-energy-bench/JsonBench/bin/Release/net10.0/JsonBench-Energy-1/" /p:OutDir="/home/test/json-energy-bench/JsonBench/bin/Release/net10.0/JsonBench-Energy-1/bin/Release/net10.0/" /p:OutputPath="/home/test/json-energy-bench/JsonBench/bin/Release/net10.0/JsonBench-Energy-1/bin/Release/net10.0/" /p:PublishDir="/home/test/json-energy-bench/JsonBench/bin/Release/net10.0/JsonBench-Energy-1/publish/" --output "/home/test/json-energy-bench/JsonBench/bin/Release/net10.0/JsonBench-Energy-1/bin/Release/net10.0/" in /home/test/json-energy-bench/JsonBench/bin/Release/net10.0/JsonBench-Energy-1
// command took 4.09 sec and exited with 0
// ***** Done, took 00:00:05 (5.4 sec)   *****
// Found 10 benchmarks:
//   SmokeBenchByte.STJRefGen_Deser: Energy(OutlierMode=DontRemove, IterationTime=1s)
//   SmokeBenchByte.STJSrcGen_Deser: Energy(OutlierMode=DontRemove, IterationTime=1s)
//   SmokeBenchByte.Newtonsoft_Deser: Energy(OutlierMode=DontRemove, IterationTime=1s)
//   SmokeBenchByte.SpanJson_Deser: Energy(OutlierMode=DontRemove, IterationTime=1s)
//   SmokeBenchByte.Utf8Json_Deser: Energy(OutlierMode=DontRemove, IterationTime=1s)
//   SmokeBenchByte.STJRefGen_Ser: Energy(OutlierMode=DontRemove, IterationTime=1s)
//   SmokeBenchByte.STJSrcGen_Ser: Energy(OutlierMode=DontRemove, IterationTime=1s)
//   SmokeBenchByte.Newtonsoft_Ser: Energy(OutlierMode=DontRemove, IterationTime=1s)
//   SmokeBenchByte.SpanJson_Ser: Energy(OutlierMode=DontRemove, IterationTime=1s)
//   SmokeBenchByte.Utf8Json_Ser: Energy(OutlierMode=DontRemove, IterationTime=1s)

// **************************
// Benchmark: SmokeBenchByte.STJRefGen_Deser: Energy(OutlierMode=DontRemove, IterationTime=1s)
// *** Execute ***
// Launch: 1 / 1
// Execute: dotnet JsonBench-Energy-1.dll --anonymousPipes 160 161 --benchmarkName JsonBench.Benchmarks.SmokeBenchByte.STJRefGen_Deser --job Energy --benchmarkId 0 in /home/test/json-energy-bench/JsonBench/bin/Release/net10.0/JsonBench-Energy-1/bin/Release/net10.0
// BeforeAnythingElse

// Benchmark Process Environment Information:
// BenchmarkDotNet v0.15.5-develop (2026-05-27)
// Runtime=.NET 10.0.8 (10.0.8, 10.0.826.23019), X64 RyuJIT x86-64-v3
// GC=Concurrent Workstation
// HardwareIntrinsics=AVX2+BMI1+BMI2+F16C+FMA+LZCNT+MOVBE,AVX,SSE3+SSSE3+SSE4.1+SSE4.2+POPCNT,X86Base+SSE+SSE2,AES+PCLMUL VectorSize=256
// Job: Energy(OutlierMode=DontRemove, IterationTime=1s)

Couldn't find Core RAPL device for socket 0: RAPLCantFindUncoreDevice
OverheadJitting  1: 1 op, 194683.00 ns, 194.6830 us/op, 75317.00 uJpkg_socket_0, 2380.00 uJdram_socket_0, 43641.00 uJcore_socket_0, 0.00 uJuncore_socket_0, 0.00 uJpsys_socket_0, 58.50 degCCpu_socket_0
WorkloadJitting  1: 1 op, 253724.00 ns, 253.7240 us/op, 37659.00 uJpkg_socket_0, 1160.00 uJdram_socket_0, 12696.00 uJcore_socket_0, 0.00 uJuncore_socket_0, 0.00 uJpsys_socket_0, 58.00 degCCpu_socket_0

Couldn't find Core RAPL device for socket 0: RAPLCantFindUncoreDevice
OverheadJitting  2: 16 op, 468076.00 ns, 29.2548 us/op, 37780.00 uJpkg_socket_0, 1099.00 uJdram_socket_0, 21424.00 uJcore_socket_0, 0.00 uJuncore_socket_0, 0.00 uJpsys_socket_0, 58.00 degCCpu_socket_0
WorkloadJitting  2: 16 op, 928687.00 ns, 58.0429 us/op, 37049.00 uJpkg_socket_0, 1098.00 uJdram_socket_0, 33020.00 uJcore_socket_0, 0.00 uJuncore_socket_0, 0.00 uJpsys_socket_0, 58.00 degCCpu_socket_0

WorkloadPilot    1: 16 op, 272053.00 ns, 17.0033 us/op, 36438.00 uJpkg_socket_0, 1038.00 uJdram_socket_0, 10132.00 uJcore_socket_0, 0.00 uJuncore_socket_0, 0.00 uJpsys_socket_0, 59.00 degCCpu_socket_0
WorkloadPilot    2: 58816 op, 700080909.00 ns, 11.9029 us/op, 33738867.00 uJpkg_socket_0, 802183.00 uJdram_socket_0, 29215746.00 uJcore_socket_0, 0.00 uJuncore_socket_0, 0.00 uJpsys_socket_0, 65.50 degCCpu_socket_0
WorkloadPilot    3: 84016 op, 609604212.00 ns, 7.2558 us/op, 26651482.00 uJpkg_socket_0, 685850.00 uJdram_socket_0, 22690250.00 uJcore_socket_0, 0.00 uJuncore_socket_0, 0.00 uJpsys_socket_0, 70.00 degCCpu_socket_0
WorkloadPilot    4: 137824 op, 997464290.00 ns, 7.2372 us/op, 43682383.00 uJpkg_socket_0, 1121030.00 uJdram_socket_0, 37202541.00 uJcore_socket_0, 0.00 uJuncore_socket_0, 0.00 uJpsys_socket_0, 70.50 degCCpu_socket_0
WorkloadPilot    5: 138176 op, 999109136.00 ns, 7.2307 us/op, 43594249.00 uJpkg_socket_0, 1120602.00 uJdram_socket_0, 37133206.00 uJcore_socket_0, 0.00 uJuncore_socket_0, 0.00 uJpsys_socket_0, 71.00 degCCpu_socket_0
WorkloadPilot    6: 138304 op, 1002645485.00 ns, 7.2496 us/op, 44727241.00 uJpkg_socket_0, 1131711.00 uJdram_socket_0, 38230005.00 uJcore_socket_0, 0.00 uJuncore_socket_0, 0.00 uJpsys_socket_0, 70.50 degCCpu_socket_0
WorkloadPilot    7: 137952 op, 998264637.00 ns, 7.2363 us/op, 43819468.00 uJpkg_socket_0, 1123411.00 uJdram_socket_0, 37331631.00 uJcore_socket_0, 0.00 uJuncore_socket_0, 0.00 uJpsys_socket_0, 69.00 degCCpu_socket_0
WorkloadPilot    8: 138192 op, 1000638590.00 ns, 7.2409 us/op, 43866160.00 uJpkg_socket_0, 1124630.00 uJdram_socket_0, 37374783.00 uJcore_socket_0, 0.00 uJuncore_socket_0, 0.00 uJpsys_socket_0, 71.50 degCCpu_socket_0
WorkloadPilot    9: 138112 op, 998403568.00 ns, 7.2289 us/op, 43627086.00 uJpkg_socket_0, 1120908.00 uJdram_socket_0, 37137905.00 uJcore_socket_0, 0.00 uJuncore_socket_0, 0.00 uJpsys_socket_0, 70.00 degCCpu_socket_0
WorkloadPilot   10: 138336 op, 1002476947.00 ns, 7.2467 us/op, 44610787.00 uJpkg_socket_0, 1130673.00 uJdram_socket_0, 38106959.00 uJcore_socket_0, 0.00 uJuncore_socket_0, 0.00 uJpsys_socket_0, 71.00 degCCpu_socket_0

OverheadWarmup   1: 138336 op, 441698.00 ns, 3.1929 ns/op, 0.00 uJpkg_socket_0, 0.00 uJdram_socket_0, 28381.00 uJcore_socket_0, 0.00 uJuncore_socket_0, 0.00 uJpsys_socket_0, 66.50 degCCpu_socket_0
OverheadWarmup   2: 138336 op, 394477.00 ns, 2.8516 ns/op, 0.00 uJpkg_socket_0, 0.00 uJdram_socket_0, 24475.00 uJcore_socket_0, 0.00 uJuncore_socket_0, 0.00 uJpsys_socket_0, 65.00 degCCpu_socket_0
OverheadWarmup   3: 138336 op, 437776.00 ns, 3.1646 ns/op, 0.00 uJpkg_socket_0, 0.00 uJdram_socket_0, 16845.00 uJcore_socket_0, 0.00 uJuncore_socket_0, 0.00 uJpsys_socket_0, 65.50 degCCpu_socket_0
OverheadWarmup   4: 138336 op, 396589.00 ns, 2.8669 ns/op, 48096.00 uJpkg_socket_0, 1221.00 uJdram_socket_0, 23926.00 uJcore_socket_0, 0.00 uJuncore_socket_0, 0.00 uJpsys_socket_0, 65.00 degCCpu_socket_0
OverheadWarmup   5: 138336 op, 393280.00 ns, 2.8429 ns/op, 0.00 uJpkg_socket_0, 0.00 uJdram_socket_0, 23132.00 uJcore_socket_0, 0.00 uJuncore_socket_0, 0.00 uJpsys_socket_0, 66.00 degCCpu_socket_0
OverheadWarmup   6: 138336 op, 436841.00 ns, 3.1578 ns/op, 0.00 uJpkg_socket_0, 0.00 uJdram_socket_0, 24475.00 uJcore_socket_0, 0.00 uJuncore_socket_0, 0.00 uJpsys_socket_0, 65.50 degCCpu_socket_0
OverheadWarmup   7: 138336 op, 430168.00 ns, 3.1096 ns/op, 53405.00 uJpkg_socket_0, 1160.00 uJdram_socket_0, 23437.00 uJcore_socket_0, 0.00 uJuncore_socket_0, 0.00 uJpsys_socket_0, 64.50 degCCpu_socket_0

OverheadActual   1: 138336 op, 396719.00 ns, 2.8678 ns/op, 0.00 uJpkg_socket_0, 0.00 uJdram_socket_0, 23010.00 uJcore_socket_0, 0.00 uJuncore_socket_0, 0.00 uJpsys_socket_0, 64.00 degCCpu_socket_0
OverheadActual   2: 138336 op, 394945.00 ns, 2.8550 ns/op, 55237.00 uJpkg_socket_0, 1281.00 uJdram_socket_0, 21606.00 uJcore_socket_0, 0.00 uJuncore_socket_0, 0.00 uJpsys_socket_0, 63.00 degCCpu_socket_0
OverheadActual   3: 138336 op, 396723.00 ns, 2.8678 ns/op, 0.00 uJpkg_socket_0, 0.00 uJdram_socket_0, 13122.00 uJcore_socket_0, 0.00 uJuncore_socket_0, 0.00 uJpsys_socket_0, 63.00 degCCpu_socket_0
OverheadActual   4: 138336 op, 400616.00 ns, 2.8960 ns/op, 0.00 uJpkg_socket_0, 0.00 uJdram_socket_0, 17151.00 uJcore_socket_0, 0.00 uJuncore_socket_0, 0.00 uJpsys_socket_0, 63.50 degCCpu_socket_0
OverheadActual   5: 138336 op, 401128.00 ns, 2.8997 ns/op, 0.00 uJpkg_socket_0, 0.00 uJdram_socket_0, 13794.00 uJcore_socket_0, 0.00 uJuncore_socket_0, 0.00 uJpsys_socket_0, 64.00 degCCpu_socket_0
OverheadActual   6: 138336 op, 396375.00 ns, 2.8653 ns/op, 39246.00 uJpkg_socket_0, 1159.00 uJdram_socket_0, 13184.00 uJcore_socket_0, 0.00 uJuncore_socket_0, 0.00 uJpsys_socket_0, 65.00 degCCpu_socket_0
OverheadActual   7: 138336 op, 396519.00 ns, 2.8663 ns/op, 45471.00 uJpkg_socket_0, 1282.00 uJdram_socket_0, 14770.00 uJcore_socket_0, 0.00 uJuncore_socket_0, 0.00 uJpsys_socket_0, 65.00 degCCpu_socket_0
OverheadActual   8: 138336 op, 396602.00 ns, 2.8669 ns/op, 0.00 uJpkg_socket_0, 0.00 uJdram_socket_0, 19592.00 uJcore_socket_0, 0.00 uJuncore_socket_0, 0.00 uJpsys_socket_0, 65.00 degCCpu_socket_0
OverheadActual   9: 138336 op, 434115.00 ns, 3.1381 ns/op, 0.00 uJpkg_socket_0, 0.00 uJdram_socket_0, 24963.00 uJcore_socket_0, 0.00 uJuncore_socket_0, 0.00 uJpsys_socket_0, 64.50 degCCpu_socket_0
OverheadActual  10: 138336 op, 433496.00 ns, 3.1336 ns/op, 56519.00 uJpkg_socket_0, 1160.00 uJdram_socket_0, 25269.00 uJcore_socket_0, 0.00 uJuncore_socket_0, 0.00 uJpsys_socket_0, 64.50 degCCpu_socket_0
OverheadActual  11: 138336 op, 396559.00 ns, 2.8666 ns/op, 42541.00 uJpkg_socket_0, 1160.00 uJdram_socket_0, 16052.00 uJcore_socket_0, 0.00 uJuncore_socket_0, 0.00 uJpsys_socket_0, 64.00 degCCpu_socket_0
OverheadActual  12: 138336 op, 394910.00 ns, 2.8547 ns/op, 0.00 uJpkg_socket_0, 0.00 uJdram_socket_0, 13855.00 uJcore_socket_0, 0.00 uJuncore_socket_0, 0.00 uJpsys_socket_0, 65.00 degCCpu_socket_0
OverheadActual  13: 138336 op, 396607.00 ns, 2.8670 ns/op, 0.00 uJpkg_socket_0, 0.00 uJdram_socket_0, 19775.00 uJcore_socket_0, 0.00 uJuncore_socket_0, 0.00 uJpsys_socket_0, 65.00 degCCpu_socket_0
OverheadActual  14: 138336 op, 400371.00 ns, 2.8942 ns/op, 0.00 uJpkg_socket_0, 0.00 uJdram_socket_0, 26062.00 uJcore_socket_0, 0.00 uJuncore_socket_0, 0.00 uJpsys_socket_0, 64.50 degCCpu_socket_0
OverheadActual  15: 138336 op, 395481.00 ns, 2.8588 ns/op, 52978.00 uJpkg_socket_0, 1160.00 uJdram_socket_0, 24169.00 uJcore_socket_0, 0.00 uJuncore_socket_0, 0.00 uJpsys_socket_0, 64.00 degCCpu_socket_0

WorkloadWarmup   1: 138336 op, 1004137549.00 ns, 7.2587 us/op, 45044990.00 uJpkg_socket_0, 1135007.00 uJdram_socket_0, 38549889.00 uJcore_socket_0, 0.00 uJuncore_socket_0, 0.00 uJpsys_socket_0, 68.50 degCCpu_socket_0
WorkloadWarmup   2: 138336 op, 1000386155.00 ns, 7.2316 us/op, 43781138.00 uJpkg_socket_0, 1126157.00 uJdram_socket_0, 37279507.00 uJcore_socket_0, 0.00 uJuncore_socket_0, 0.00 uJpsys_socket_0, 69.50 degCCpu_socket_0
WorkloadWarmup   3: 138336 op, 1002541315.00 ns, 7.2471 us/op, 43838511.00 uJpkg_socket_0, 1127621.00 uJdram_socket_0, 37327602.00 uJcore_socket_0, 0.00 uJuncore_socket_0, 0.00 uJpsys_socket_0, 71.50 degCCpu_socket_0
WorkloadWarmup   4: 138336 op, 1000950485.00 ns, 7.2356 us/op, 43668467.00 uJpkg_socket_0, 1123288.00 uJdram_socket_0, 37189053.00 uJcore_socket_0, 0.00 uJuncore_socket_0, 0.00 uJpsys_socket_0, 71.00 degCCpu_socket_0
WorkloadWarmup   5: 138336 op, 999554673.00 ns, 7.2256 us/op, 43610057.00 uJpkg_socket_0, 1122312.00 uJdram_socket_0, 37166286.00 uJcore_socket_0, 0.00 uJuncore_socket_0, 0.00 uJpsys_socket_0, 70.50 degCCpu_socket_0
WorkloadWarmup   6: 138336 op, 1003472016.00 ns, 7.2539 us/op, 43830942.00 uJpkg_socket_0, 1127194.00 uJdram_socket_0, 37358669.00 uJcore_socket_0, 0.00 uJuncore_socket_0, 0.00 uJpsys_socket_0, 71.00 degCCpu_socket_0
WorkloadWarmup   7: 138336 op, 999423431.00 ns, 7.2246 us/op, 43464976.00 uJpkg_socket_0, 1122983.00 uJdram_socket_0, 36975918.00 uJcore_socket_0, 0.00 uJuncore_socket_0, 0.00 uJpsys_socket_0, 70.00 degCCpu_socket_0

// BeforeActualRun
WorkloadActual   1: 138336 op, 1003293736.00 ns, 7.2526 us/op, 43747752.00 uJpkg_socket_0, 1126706.00 uJdram_socket_0, 37266628.00 uJcore_socket_0, 0.00 uJuncore_socket_0, 0.00 uJpsys_socket_0, 70.00 degCCpu_socket_0
WorkloadActual   2: 138336 op, 1001882258.00 ns, 7.2424 us/op, 43681895.00 uJpkg_socket_0, 1144528.00 uJdram_socket_0, 37192653.00 uJcore_socket_0, 0.00 uJuncore_socket_0, 0.00 uJpsys_socket_0, 70.00 degCCpu_socket_0
WorkloadActual   3: 138336 op, 1000765731.00 ns, 7.2343 us/op, 43805674.00 uJpkg_socket_0, 1146481.00 uJdram_socket_0, 37316005.00 uJcore_socket_0, 0.00 uJuncore_socket_0, 0.00 uJpsys_socket_0, 71.00 degCCpu_socket_0
WorkloadActual   4: 138336 op, 1000804294.00 ns, 7.2346 us/op, 43746165.00 uJpkg_socket_0, 1123532.00 uJdram_socket_0, 37257106.00 uJcore_socket_0, 0.00 uJuncore_socket_0, 0.00 uJpsys_socket_0, 71.00 degCCpu_socket_0
WorkloadActual   5: 138336 op, 999190252.00 ns, 7.2229 us/op, 43617259.00 uJpkg_socket_0, 1123898.00 uJdram_socket_0, 37162441.00 uJcore_socket_0, 0.00 uJuncore_socket_0, 0.00 uJpsys_socket_0, 70.00 degCCpu_socket_0
WorkloadActual   6: 138336 op, 998269126.00 ns, 7.2163 us/op, 43570995.00 uJpkg_socket_0, 1117917.00 uJdram_socket_0, 37123685.00 uJcore_socket_0, 0.00 uJuncore_socket_0, 0.00 uJpsys_socket_0, 71.00 degCCpu_socket_0
WorkloadActual   7: 138336 op, 1001082546.00 ns, 7.2366 us/op, 43706003.00 uJpkg_socket_0, 1122799.00 uJdram_socket_0, 37230008.00 uJcore_socket_0, 0.00 uJuncore_socket_0, 0.00 uJpsys_socket_0, 70.50 degCCpu_socket_0
WorkloadActual   8: 138336 op, 1001886365.00 ns, 7.2424 us/op, 43816111.00 uJpkg_socket_0, 1127194.00 uJdram_socket_0, 37327542.00 uJcore_socket_0, 0.00 uJuncore_socket_0, 0.00 uJpsys_socket_0, 71.00 degCCpu_socket_0
WorkloadActual   9: 138336 op, 1001351254.00 ns, 7.2385 us/op, 43997202.00 uJpkg_socket_0, 1123472.00 uJdram_socket_0, 37539882.00 uJcore_socket_0, 0.00 uJuncore_socket_0, 0.00 uJpsys_socket_0, 71.00 degCCpu_socket_0
WorkloadActual  10: 138336 op, 999848875.00 ns, 7.2277 us/op, 43668590.00 uJpkg_socket_0, 1121152.00 uJdram_socket_0, 37192714.00 uJcore_socket_0, 0.00 uJuncore_socket_0, 0.00 uJpsys_socket_0, 70.50 degCCpu_socket_0
WorkloadActual  11: 138336 op, 1000937002.00 ns, 7.2355 us/op, 43738596.00 uJpkg_socket_0, 1125058.00 uJdram_socket_0, 37257534.00 uJcore_socket_0, 0.00 uJuncore_socket_0, 0.00 uJpsys_socket_0, 71.00 degCCpu_socket_0
WorkloadActual  12: 138336 op, 1001241434.00 ns, 7.2378 us/op, 43680430.00 uJpkg_socket_0, 1121091.00 uJdram_socket_0, 37210049.00 uJcore_socket_0, 0.00 uJuncore_socket_0, 0.00 uJpsys_socket_0, 71.50 degCCpu_socket_0
WorkloadActual  13: 138336 op, 1001279649.00 ns, 7.2380 us/op, 43731028.00 uJpkg_socket_0, 1123716.00 uJdram_socket_0, 37222622.00 uJcore_socket_0, 0.00 uJuncore_socket_0, 0.00 uJpsys_socket_0, 70.00 degCCpu_socket_0
WorkloadActual  14: 138336 op, 999523406.00 ns, 7.2253 us/op, 43642894.00 uJpkg_socket_0, 1122799.00 uJdram_socket_0, 37197537.00 uJcore_socket_0, 0.00 uJuncore_socket_0, 0.00 uJpsys_socket_0, 71.50 degCCpu_socket_0
WorkloadActual  15: 138336 op, 1001034514.00 ns, 7.2363 us/op, 43627879.00 uJpkg_socket_0, 1121823.00 uJdram_socket_0, 37149136.00 uJcore_socket_0, 0.00 uJuncore_socket_0, 0.00 uJpsys_socket_0, 71.00 degCCpu_socket_0

// AfterActualRun
WorkloadResult   1: 138336 op, 1002897129.00 ns, 7.2497 us/op, 43747752.00 uJpkg_socket_0, 1126706.00 uJdram_socket_0, 37266628.00 uJcore_socket_0, 0.00 uJuncore_socket_0, 0.00 uJpsys_socket_0, 70.00 degCCpu_socket_0
WorkloadResult   2: 138336 op, 1001485651.00 ns, 7.2395 us/op, 43681895.00 uJpkg_socket_0, 1144528.00 uJdram_socket_0, 37192653.00 uJcore_socket_0, 0.00 uJuncore_socket_0, 0.00 uJpsys_socket_0, 70.00 degCCpu_socket_0
WorkloadResult   3: 138336 op, 1000369124.00 ns, 7.2314 us/op, 43805674.00 uJpkg_socket_0, 1146481.00 uJdram_socket_0, 37316005.00 uJcore_socket_0, 0.00 uJuncore_socket_0, 0.00 uJpsys_socket_0, 71.00 degCCpu_socket_0
WorkloadResult   4: 138336 op, 1000407687.00 ns, 7.2317 us/op, 43746165.00 uJpkg_socket_0, 1123532.00 uJdram_socket_0, 37257106.00 uJcore_socket_0, 0.00 uJuncore_socket_0, 0.00 uJpsys_socket_0, 71.00 degCCpu_socket_0
WorkloadResult   5: 138336 op, 998793645.00 ns, 7.2201 us/op, 43617259.00 uJpkg_socket_0, 1123898.00 uJdram_socket_0, 37162441.00 uJcore_socket_0, 0.00 uJuncore_socket_0, 0.00 uJpsys_socket_0, 70.00 degCCpu_socket_0
WorkloadResult   6: 138336 op, 997872519.00 ns, 7.2134 us/op, 43570995.00 uJpkg_socket_0, 1117917.00 uJdram_socket_0, 37123685.00 uJcore_socket_0, 0.00 uJuncore_socket_0, 0.00 uJpsys_socket_0, 71.00 degCCpu_socket_0
WorkloadResult   7: 138336 op, 1000685939.00 ns, 7.2337 us/op, 43706003.00 uJpkg_socket_0, 1122799.00 uJdram_socket_0, 37230008.00 uJcore_socket_0, 0.00 uJuncore_socket_0, 0.00 uJpsys_socket_0, 70.50 degCCpu_socket_0
WorkloadResult   8: 138336 op, 1001489758.00 ns, 7.2395 us/op, 43816111.00 uJpkg_socket_0, 1127194.00 uJdram_socket_0, 37327542.00 uJcore_socket_0, 0.00 uJuncore_socket_0, 0.00 uJpsys_socket_0, 71.00 degCCpu_socket_0
WorkloadResult   9: 138336 op, 1000954647.00 ns, 7.2357 us/op, 43997202.00 uJpkg_socket_0, 1123472.00 uJdram_socket_0, 37539882.00 uJcore_socket_0, 0.00 uJuncore_socket_0, 0.00 uJpsys_socket_0, 71.00 degCCpu_socket_0
WorkloadResult  10: 138336 op, 999452268.00 ns, 7.2248 us/op, 43668590.00 uJpkg_socket_0, 1121152.00 uJdram_socket_0, 37192714.00 uJcore_socket_0, 0.00 uJuncore_socket_0, 0.00 uJpsys_socket_0, 70.50 degCCpu_socket_0
WorkloadResult  11: 138336 op, 1000540395.00 ns, 7.2327 us/op, 43738596.00 uJpkg_socket_0, 1125058.00 uJdram_socket_0, 37257534.00 uJcore_socket_0, 0.00 uJuncore_socket_0, 0.00 uJpsys_socket_0, 71.00 degCCpu_socket_0
WorkloadResult  12: 138336 op, 1000844827.00 ns, 7.2349 us/op, 43680430.00 uJpkg_socket_0, 1121091.00 uJdram_socket_0, 37210049.00 uJcore_socket_0, 0.00 uJuncore_socket_0, 0.00 uJpsys_socket_0, 71.50 degCCpu_socket_0
WorkloadResult  13: 138336 op, 1000883042.00 ns, 7.2352 us/op, 43731028.00 uJpkg_socket_0, 1123716.00 uJdram_socket_0, 37222622.00 uJcore_socket_0, 0.00 uJuncore_socket_0, 0.00 uJpsys_socket_0, 70.00 degCCpu_socket_0
WorkloadResult  14: 138336 op, 999126799.00 ns, 7.2225 us/op, 43642894.00 uJpkg_socket_0, 1122799.00 uJdram_socket_0, 37197537.00 uJcore_socket_0, 0.00 uJuncore_socket_0, 0.00 uJpsys_socket_0, 71.50 degCCpu_socket_0
WorkloadResult  15: 138336 op, 1000637907.00 ns, 7.2334 us/op, 43627879.00 uJpkg_socket_0, 1121823.00 uJdram_socket_0, 37149136.00 uJcore_socket_0, 0.00 uJuncore_socket_0, 0.00 uJpsys_socket_0, 71.00 degCCpu_socket_0

// AfterAll
// Benchmark Process 1058919 has exited with code 0.

Mean = 7.232 μs, StdErr = 0.002 μs (0.03%), N = 15, StdDev = 0.009 μs
Min = 7.213 μs, Q1 = 7.228 μs, Median = 7.233 μs, Q3 = 7.235 μs, Max = 7.250 μs
IQR = 0.007 μs, LowerFence = 7.217 μs, UpperFence = 7.246 μs
ConfidenceInterval = [7.222 μs; 7.241 μs] (CI 99.9%), Margin = 0.009 μs (0.13% of Mean)
Skewness = -0.24, Kurtosis = 2.78, MValue = 2

// ** Remained 9 (90.0 %) benchmark(s) to run. Estimated finish 2026-05-27 14:04 (0h 4m from now) **
// **************************
// Benchmark: SmokeBenchByte.STJSrcGen_Deser: Energy(OutlierMode=DontRemove, IterationTime=1s)
// *** Execute ***
// Launch: 1 / 1
// Execute: dotnet JsonBench-Energy-1.dll --anonymousPipes 160 161 --benchmarkName JsonBench.Benchmarks.SmokeBenchByte.STJSrcGen_Deser --job Energy --benchmarkId 1 in /home/test/json-energy-bench/JsonBench/bin/Release/net10.0/JsonBench-Energy-1/bin/Release/net10.0
// BeforeAnythingElse

// Benchmark Process Environment Information:
// BenchmarkDotNet v0.15.5-develop (2026-05-27)
// Runtime=.NET 10.0.8 (10.0.8, 10.0.826.23019), X64 RyuJIT x86-64-v3
// GC=Concurrent Workstation
// HardwareIntrinsics=AVX2+BMI1+BMI2+F16C+FMA+LZCNT+MOVBE,AVX,SSE3+SSSE3+SSE4.1+SSE4.2+POPCNT,X86Base+SSE+SSE2,AES+PCLMUL VectorSize=256
// Job: Energy(OutlierMode=DontRemove, IterationTime=1s)

Couldn't find Core RAPL device for socket 0: RAPLCantFindUncoreDevice
OverheadJitting  1: 1 op, 199159.00 ns, 199.1590 us/op, 33325.00 uJpkg_socket_0, 1099.00 uJdram_socket_0, 39978.00 uJcore_socket_0, 0.00 uJuncore_socket_0, 0.00 uJpsys_socket_0, 56.50 degCCpu_socket_0
WorkloadJitting  1: 1 op, 8483034.00 ns, 8.4830 ms/op, 364074.00 uJpkg_socket_0, 11292.00 uJdram_socket_0, 295775.00 uJcore_socket_0, 0.00 uJuncore_socket_0, 0.00 uJpsys_socket_0, 57.50 degCCpu_socket_0

Couldn't find Core RAPL device for socket 0: RAPLCantFindUncoreDevice
OverheadJitting  2: 16 op, 496841.00 ns, 31.0526 us/op, 47302.00 uJpkg_socket_0, 1282.00 uJdram_socket_0, 24048.00 uJcore_socket_0, 0.00 uJuncore_socket_0, 0.00 uJpsys_socket_0, 57.00 degCCpu_socket_0
WorkloadJitting  2: 16 op, 846060.00 ns, 52.8788 us/op, 45776.00 uJpkg_socket_0, 1221.00 uJdram_socket_0, 38880.00 uJcore_socket_0, 0.00 uJuncore_socket_0, 0.00 uJpsys_socket_0, 57.00 degCCpu_socket_0

WorkloadPilot    1: 16 op, 292850.00 ns, 18.3031 us/op, 46264.00 uJpkg_socket_0, 1221.00 uJdram_socket_0, 13549.00 uJcore_socket_0, 0.00 uJuncore_socket_0, 0.00 uJpsys_socket_0, 57.00 degCCpu_socket_0
WorkloadPilot    2: 54640 op, 665870850.00 ns, 12.1865 us/op, 30991314.00 uJpkg_socket_0, 757993.00 uJdram_socket_0, 26677300.00 uJcore_socket_0, 0.00 uJuncore_socket_0, 0.00 uJpsys_socket_0, 65.00 degCCpu_socket_0
WorkloadPilot    3: 82064 op, 578712326.00 ns, 7.0520 us/op, 25160214.00 uJpkg_socket_0, 650999.00 uJdram_socket_0, 21404181.00 uJcore_socket_0, 0.00 uJuncore_socket_0, 0.00 uJpsys_socket_0, 70.00 degCCpu_socket_0
WorkloadPilot    4: 141808 op, 997588232.00 ns, 7.0348 us/op, 43417675.00 uJpkg_socket_0, 1122251.00 uJdram_socket_0, 36945034.00 uJcore_socket_0, 0.00 uJuncore_socket_0, 0.00 uJpsys_socket_0, 70.00 degCCpu_socket_0
WorkloadPilot    5: 142160 op, 997074450.00 ns, 7.0137 us/op, 43443126.00 uJpkg_socket_0, 1117856.00 uJdram_socket_0, 36996060.00 uJcore_socket_0, 0.00 uJuncore_socket_0, 0.00 uJpsys_socket_0, 70.50 degCCpu_socket_0
WorkloadPilot    6: 142592 op, 1001372459.00 ns, 7.0226 us/op, 44581795.00 uJpkg_socket_0, 1129148.00 uJdram_socket_0, 38128260.00 uJcore_socket_0, 0.00 uJuncore_socket_0, 0.00 uJpsys_socket_0, 71.00 degCCpu_socket_0
WorkloadPilot    7: 142400 op, 998874707.00 ns, 7.0146 us/op, 43761423.00 uJpkg_socket_0, 1122495.00 uJdram_socket_0, 37292874.00 uJcore_socket_0, 0.00 uJuncore_socket_0, 0.00 uJpsys_socket_0, 70.50 degCCpu_socket_0
WorkloadPilot    8: 142560 op, 1000391407.00 ns, 7.0173 us/op, 43757456.00 uJpkg_socket_0, 1123593.00 uJdram_socket_0, 37303188.00 uJcore_socket_0, 0.00 uJuncore_socket_0, 0.00 uJpsys_socket_0, 71.00 degCCpu_socket_0
WorkloadPilot    9: 142512 op, 999681932.00 ns, 7.0147 us/op, 43652660.00 uJpkg_socket_0, 1121030.00 uJdram_socket_0, 37213222.00 uJcore_socket_0, 0.00 uJuncore_socket_0, 0.00 uJpsys_socket_0, 70.50 degCCpu_socket_0
WorkloadPilot   10: 142560 op, 1001252436.00 ns, 7.0234 us/op, 44507454.00 uJpkg_socket_0, 1129514.00 uJdram_socket_0, 38011316.00 uJcore_socket_0, 0.00 uJuncore_socket_0, 0.00 uJpsys_socket_0, 71.00 degCCpu_socket_0

OverheadWarmup   1: 142560 op, 410032.00 ns, 2.8762 ns/op, 48950.00 uJpkg_socket_0, 1587.00 uJdram_socket_0, 15503.00 uJcore_socket_0, 0.00 uJuncore_socket_0, 0.00 uJpsys_socket_0, 66.00 degCCpu_socket_0
OverheadWarmup   2: 142560 op, 406245.00 ns, 2.8496 ns/op, 0.00 uJpkg_socket_0, 0.00 uJdram_socket_0, 15015.00 uJcore_socket_0, 0.00 uJuncore_socket_0, 0.00 uJpsys_socket_0, 66.50 degCCpu_socket_0
OverheadWarmup   3: 142560 op, 409636.00 ns, 2.8734 ns/op, 43030.00 uJpkg_socket_0, 1282.00 uJdram_socket_0, 15991.00 uJcore_socket_0, 0.00 uJuncore_socket_0, 0.00 uJpsys_socket_0, 66.00 degCCpu_socket_0
OverheadWarmup   4: 142560 op, 410113.00 ns, 2.8768 ns/op, 0.00 uJpkg_socket_0, 0.00 uJdram_socket_0, 16968.00 uJcore_socket_0, 0.00 uJuncore_socket_0, 0.00 uJpsys_socket_0, 66.00 degCCpu_socket_0
OverheadWarmup   5: 142560 op, 405907.00 ns, 2.8473 ns/op, 40710.00 uJpkg_socket_0, 1282.00 uJdram_socket_0, 15991.00 uJcore_socket_0, 0.00 uJuncore_socket_0, 0.00 uJpsys_socket_0, 65.50 degCCpu_socket_0
OverheadWarmup   6: 142560 op, 411987.00 ns, 2.8899 ns/op, 41870.00 uJpkg_socket_0, 1159.00 uJdram_socket_0, 14953.00 uJcore_socket_0, 0.00 uJuncore_socket_0, 0.00 uJpsys_socket_0, 66.00 degCCpu_socket_0
OverheadWarmup   7: 142560 op, 410235.00 ns, 2.8776 ns/op, 0.00 uJpkg_socket_0, 0.00 uJdram_socket_0, 14465.00 uJcore_socket_0, 0.00 uJuncore_socket_0, 0.00 uJpsys_socket_0, 66.00 degCCpu_socket_0

OverheadActual   1: 142560 op, 404036.00 ns, 2.8341 ns/op, 41382.00 uJpkg_socket_0, 1220.00 uJdram_socket_0, 16907.00 uJcore_socket_0, 0.00 uJuncore_socket_0, 0.00 uJpsys_socket_0, 63.00 degCCpu_socket_0
OverheadActual   2: 142560 op, 409473.00 ns, 2.8723 ns/op, 0.00 uJpkg_socket_0, 0.00 uJdram_socket_0, 13489.00 uJcore_socket_0, 0.00 uJuncore_socket_0, 0.00 uJpsys_socket_0, 63.00 degCCpu_socket_0
OverheadActual   3: 142560 op, 405970.00 ns, 2.8477 ns/op, 41687.00 uJpkg_socket_0, 1160.00 uJdram_socket_0, 16113.00 uJcore_socket_0, 0.00 uJuncore_socket_0, 0.00 uJpsys_socket_0, 63.00 degCCpu_socket_0
OverheadActual   4: 142560 op, 407473.00 ns, 2.8583 ns/op, 41138.00 uJpkg_socket_0, 1098.00 uJdram_socket_0, 16480.00 uJcore_socket_0, 0.00 uJuncore_socket_0, 0.00 uJpsys_socket_0, 64.00 degCCpu_socket_0
OverheadActual   5: 142560 op, 409705.00 ns, 2.8739 ns/op, 0.00 uJpkg_socket_0, 0.00 uJdram_socket_0, 17150.00 uJcore_socket_0, 0.00 uJuncore_socket_0, 0.00 uJpsys_socket_0, 64.00 degCCpu_socket_0
OverheadActual   6: 142560 op, 405478.00 ns, 2.8443 ns/op, 0.00 uJpkg_socket_0, 0.00 uJdram_socket_0, 17700.00 uJcore_socket_0, 0.00 uJuncore_socket_0, 0.00 uJpsys_socket_0, 64.00 degCCpu_socket_0
OverheadActual   7: 142560 op, 406521.00 ns, 2.8516 ns/op, 43518.00 uJpkg_socket_0, 1099.00 uJdram_socket_0, 16723.00 uJcore_socket_0, 0.00 uJuncore_socket_0, 0.00 uJpsys_socket_0, 64.00 degCCpu_socket_0
OverheadActual   8: 142560 op, 408603.00 ns, 2.8662 ns/op, 40771.00 uJpkg_socket_0, 1159.00 uJdram_socket_0, 15259.00 uJcore_socket_0, 0.00 uJuncore_socket_0, 0.00 uJpsys_socket_0, 65.00 degCCpu_socket_0
OverheadActual   9: 142560 op, 409258.00 ns, 2.8708 ns/op, 0.00 uJpkg_socket_0, 0.00 uJdram_socket_0, 17395.00 uJcore_socket_0, 0.00 uJuncore_socket_0, 0.00 uJpsys_socket_0, 64.00 degCCpu_socket_0
OverheadActual  10: 142560 op, 404842.00 ns, 2.8398 ns/op, 0.00 uJpkg_socket_0, 0.00 uJdram_socket_0, 18372.00 uJcore_socket_0, 0.00 uJuncore_socket_0, 0.00 uJpsys_socket_0, 64.00 degCCpu_socket_0
OverheadActual  11: 142560 op, 402472.00 ns, 2.8232 ns/op, 41015.00 uJpkg_socket_0, 1099.00 uJdram_socket_0, 15076.00 uJcore_socket_0, 0.00 uJuncore_socket_0, 0.00 uJpsys_socket_0, 65.00 degCCpu_socket_0
OverheadActual  12: 142560 op, 407791.00 ns, 2.8605 ns/op, 41992.00 uJpkg_socket_0, 1160.00 uJdram_socket_0, 15381.00 uJcore_socket_0, 0.00 uJuncore_socket_0, 0.00 uJpsys_socket_0, 65.00 degCCpu_socket_0
OverheadActual  13: 142560 op, 408938.00 ns, 2.8685 ns/op, 0.00 uJpkg_socket_0, 0.00 uJdram_socket_0, 16235.00 uJcore_socket_0, 0.00 uJuncore_socket_0, 0.00 uJpsys_socket_0, 65.00 degCCpu_socket_0
OverheadActual  14: 142560 op, 406413.00 ns, 2.8508 ns/op, 0.00 uJpkg_socket_0, 0.00 uJdram_socket_0, 16846.00 uJcore_socket_0, 0.00 uJuncore_socket_0, 0.00 uJpsys_socket_0, 65.00 degCCpu_socket_0
OverheadActual  15: 142560 op, 405961.00 ns, 2.8477 ns/op, 41015.00 uJpkg_socket_0, 1159.00 uJdram_socket_0, 16418.00 uJcore_socket_0, 0.00 uJuncore_socket_0, 0.00 uJpsys_socket_0, 64.00 degCCpu_socket_0

WorkloadWarmup   1: 142560 op, 1003522183.00 ns, 7.0393 us/op, 44523018.00 uJpkg_socket_0, 1130307.00 uJdram_socket_0, 38051844.00 uJcore_socket_0, 0.00 uJuncore_socket_0, 0.00 uJpsys_socket_0, 68.50 degCCpu_socket_0
WorkloadWarmup   2: 142560 op, 1002603580.00 ns, 7.0329 us/op, 43745798.00 uJpkg_socket_0, 1126339.00 uJdram_socket_0, 37282742.00 uJcore_socket_0, 0.00 uJuncore_socket_0, 0.00 uJpsys_socket_0, 70.50 degCCpu_socket_0
WorkloadWarmup   3: 142560 op, 1000836043.00 ns, 7.0205 us/op, 43485302.00 uJpkg_socket_0, 1122311.00 uJdram_socket_0, 37043728.00 uJcore_socket_0, 0.00 uJuncore_socket_0, 0.00 uJpsys_socket_0, 71.00 degCCpu_socket_0
WorkloadWarmup   4: 142560 op, 999762069.00 ns, 7.0129 us/op, 43542735.00 uJpkg_socket_0, 1120725.00 uJdram_socket_0, 37062588.00 uJcore_socket_0, 0.00 uJuncore_socket_0, 0.00 uJpsys_socket_0, 71.00 degCCpu_socket_0
WorkloadWarmup   5: 142560 op, 999537262.00 ns, 7.0113 us/op, 43372081.00 uJpkg_socket_0, 1121518.00 uJdram_socket_0, 36925199.00 uJcore_socket_0, 0.00 uJuncore_socket_0, 0.00 uJpsys_socket_0, 71.00 degCCpu_socket_0
WorkloadWarmup   6: 142560 op, 999656044.00 ns, 7.0122 us/op, 43661997.00 uJpkg_socket_0, 1122373.00 uJdram_socket_0, 37178372.00 uJcore_socket_0, 0.00 uJuncore_socket_0, 0.00 uJpsys_socket_0, 70.50 degCCpu_socket_0
WorkloadWarmup   7: 142560 op, 1000899159.00 ns, 7.0209 us/op, 43695750.00 uJpkg_socket_0, 1122129.00 uJdram_socket_0, 37215298.00 uJcore_socket_0, 0.00 uJuncore_socket_0, 0.00 uJpsys_socket_0, 70.00 degCCpu_socket_0
WorkloadWarmup   8: 142560 op, 1000117092.00 ns, 7.0154 us/op, 43521434.00 uJpkg_socket_0, 1124447.00 uJdram_socket_0, 37009793.00 uJcore_socket_0, 0.00 uJuncore_socket_0, 0.00 uJpsys_socket_0, 70.50 degCCpu_socket_0
WorkloadWarmup   9: 142560 op, 1000285497.00 ns, 7.0166 us/op, 43550486.00 uJpkg_socket_0, 1122434.00 uJdram_socket_0, 37087369.00 uJcore_socket_0, 0.00 uJuncore_socket_0, 0.00 uJpsys_socket_0, 71.50 degCCpu_socket_0
WorkloadWarmup  10: 142560 op, 999584806.00 ns, 7.0117 us/op, 43691111.00 uJpkg_socket_0, 1120847.00 uJdram_socket_0, 37204861.00 uJcore_socket_0, 0.00 uJuncore_socket_0, 0.00 uJpsys_socket_0, 70.50 degCCpu_socket_0

// BeforeActualRun
WorkloadActual   1: 142560 op, 1002509711.00 ns, 7.0322 us/op, 43720591.00 uJpkg_socket_0, 1126462.00 uJdram_socket_0, 37254360.00 uJcore_socket_0, 0.00 uJuncore_socket_0, 0.00 uJpsys_socket_0, 71.00 degCCpu_socket_0
WorkloadActual   2: 142560 op, 999614048.00 ns, 7.0119 us/op, 43466807.00 uJpkg_socket_0, 1119749.00 uJdram_socket_0, 37023038.00 uJcore_socket_0, 0.00 uJuncore_socket_0, 0.00 uJpsys_socket_0, 70.50 degCCpu_socket_0
WorkloadActual   3: 142560 op, 999388728.00 ns, 7.0103 us/op, 43705759.00 uJpkg_socket_0, 1121702.00 uJdram_socket_0, 37213894.00 uJcore_socket_0, 0.00 uJuncore_socket_0, 0.00 uJpsys_socket_0, 70.50 degCCpu_socket_0
WorkloadActual   4: 142560 op, 999434344.00 ns, 7.0106 us/op, 43549815.00 uJpkg_socket_0, 1120420.00 uJdram_socket_0, 37055325.00 uJcore_socket_0, 0.00 uJuncore_socket_0, 0.00 uJpsys_socket_0, 70.00 degCCpu_socket_0
WorkloadActual   5: 142560 op, 1000881716.00 ns, 7.0208 us/op, 43631053.00 uJpkg_socket_0, 1121152.00 uJdram_socket_0, 37145779.00 uJcore_socket_0, 0.00 uJuncore_socket_0, 0.00 uJpsys_socket_0, 71.50 degCCpu_socket_0
WorkloadActual   6: 142560 op, 1000088600.00 ns, 7.0152 us/op, 43715647.00 uJpkg_socket_0, 1122922.00 uJdram_socket_0, 37249111.00 uJcore_socket_0, 0.00 uJuncore_socket_0, 0.00 uJpsys_socket_0, 71.50 degCCpu_socket_0
WorkloadActual   7: 142560 op, 999617931.00 ns, 7.0119 us/op, 43210521.00 uJpkg_socket_0, 1120542.00 uJdram_socket_0, 36724088.00 uJcore_socket_0, 0.00 uJuncore_socket_0, 0.00 uJpsys_socket_0, 70.50 degCCpu_socket_0
WorkloadActual   8: 142560 op, 999364145.00 ns, 7.0101 us/op, 43418529.00 uJpkg_socket_0, 1120298.00 uJdram_socket_0, 36926358.00 uJcore_socket_0, 0.00 uJuncore_socket_0, 0.00 uJpsys_socket_0, 70.50 degCCpu_socket_0
WorkloadActual   9: 142560 op, 1000236382.00 ns, 7.0162 us/op, 43294811.00 uJpkg_socket_0, 1119320.00 uJdram_socket_0, 36832181.00 uJcore_socket_0, 0.00 uJuncore_socket_0, 0.00 uJpsys_socket_0, 71.50 degCCpu_socket_0
WorkloadActual  10: 142560 op, 999307221.00 ns, 7.0097 us/op, 43425915.00 uJpkg_socket_0, 1120542.00 uJdram_socket_0, 36934598.00 uJcore_socket_0, 0.00 uJuncore_socket_0, 0.00 uJpsys_socket_0, 71.00 degCCpu_socket_0
WorkloadActual  11: 142560 op, 999088351.00 ns, 7.0082 us/op, 43281933.00 uJpkg_socket_0, 1118528.00 uJdram_socket_0, 36820890.00 uJcore_socket_0, 0.00 uJuncore_socket_0, 0.00 uJpsys_socket_0, 72.00 degCCpu_socket_0
WorkloadActual  12: 142560 op, 999469410.00 ns, 7.0109 us/op, 43575633.00 uJpkg_socket_0, 1120724.00 uJdram_socket_0, 37087307.00 uJcore_socket_0, 0.00 uJuncore_socket_0, 0.00 uJpsys_socket_0, 70.00 degCCpu_socket_0
WorkloadActual  13: 142560 op, 999711408.00 ns, 7.0126 us/op, 43596202.00 uJpkg_socket_0, 1119260.00 uJdram_socket_0, 37111721.00 uJcore_socket_0, 0.00 uJuncore_socket_0, 0.00 uJpsys_socket_0, 71.50 degCCpu_socket_0
WorkloadActual  14: 142560 op, 999770417.00 ns, 7.0130 us/op, 43540294.00 uJpkg_socket_0, 1120541.00 uJdram_socket_0, 37055874.00 uJcore_socket_0, 0.00 uJuncore_socket_0, 0.00 uJpsys_socket_0, 71.50 degCCpu_socket_0
WorkloadActual  15: 142560 op, 1002037732.00 ns, 7.0289 us/op, 43696055.00 uJpkg_socket_0, 1122434.00 uJdram_socket_0, 37213589.00 uJcore_socket_0, 0.00 uJuncore_socket_0, 0.00 uJpsys_socket_0, 71.50 degCCpu_socket_0

// AfterActualRun
WorkloadResult   1: 142560 op, 1002103190.00 ns, 7.0293 us/op, 43720591.00 uJpkg_socket_0, 1126462.00 uJdram_socket_0, 37254360.00 uJcore_socket_0, 0.00 uJuncore_socket_0, 0.00 uJpsys_socket_0, 71.00 degCCpu_socket_0
WorkloadResult   2: 142560 op, 999207527.00 ns, 7.0090 us/op, 43466807.00 uJpkg_socket_0, 1119749.00 uJdram_socket_0, 37023038.00 uJcore_socket_0, 0.00 uJuncore_socket_0, 0.00 uJpsys_socket_0, 70.50 degCCpu_socket_0
WorkloadResult   3: 142560 op, 998982207.00 ns, 7.0075 us/op, 43705759.00 uJpkg_socket_0, 1121702.00 uJdram_socket_0, 37213894.00 uJcore_socket_0, 0.00 uJuncore_socket_0, 0.00 uJpsys_socket_0, 70.50 degCCpu_socket_0
WorkloadResult   4: 142560 op, 999027823.00 ns, 7.0078 us/op, 43549815.00 uJpkg_socket_0, 1120420.00 uJdram_socket_0, 37055325.00 uJcore_socket_0, 0.00 uJuncore_socket_0, 0.00 uJpsys_socket_0, 70.00 degCCpu_socket_0
WorkloadResult   5: 142560 op, 1000475195.00 ns, 7.0179 us/op, 43631053.00 uJpkg_socket_0, 1121152.00 uJdram_socket_0, 37145779.00 uJcore_socket_0, 0.00 uJuncore_socket_0, 0.00 uJpsys_socket_0, 71.50 degCCpu_socket_0
WorkloadResult   6: 142560 op, 999682079.00 ns, 7.0124 us/op, 43715647.00 uJpkg_socket_0, 1122922.00 uJdram_socket_0, 37249111.00 uJcore_socket_0, 0.00 uJuncore_socket_0, 0.00 uJpsys_socket_0, 71.50 degCCpu_socket_0
WorkloadResult   7: 142560 op, 999211410.00 ns, 7.0091 us/op, 43210521.00 uJpkg_socket_0, 1120542.00 uJdram_socket_0, 36724088.00 uJcore_socket_0, 0.00 uJuncore_socket_0, 0.00 uJpsys_socket_0, 70.50 degCCpu_socket_0
WorkloadResult   8: 142560 op, 998957624.00 ns, 7.0073 us/op, 43418529.00 uJpkg_socket_0, 1120298.00 uJdram_socket_0, 36926358.00 uJcore_socket_0, 0.00 uJuncore_socket_0, 0.00 uJpsys_socket_0, 70.50 degCCpu_socket_0
WorkloadResult   9: 142560 op, 999829861.00 ns, 7.0134 us/op, 43294811.00 uJpkg_socket_0, 1119320.00 uJdram_socket_0, 36832181.00 uJcore_socket_0, 0.00 uJuncore_socket_0, 0.00 uJpsys_socket_0, 71.50 degCCpu_socket_0
WorkloadResult  10: 142560 op, 998900700.00 ns, 7.0069 us/op, 43425915.00 uJpkg_socket_0, 1120542.00 uJdram_socket_0, 36934598.00 uJcore_socket_0, 0.00 uJuncore_socket_0, 0.00 uJpsys_socket_0, 71.00 degCCpu_socket_0
WorkloadResult  11: 142560 op, 998681830.00 ns, 7.0053 us/op, 43281933.00 uJpkg_socket_0, 1118528.00 uJdram_socket_0, 36820890.00 uJcore_socket_0, 0.00 uJuncore_socket_0, 0.00 uJpsys_socket_0, 72.00 degCCpu_socket_0
WorkloadResult  12: 142560 op, 999062889.00 ns, 7.0080 us/op, 43575633.00 uJpkg_socket_0, 1120724.00 uJdram_socket_0, 37087307.00 uJcore_socket_0, 0.00 uJuncore_socket_0, 0.00 uJpsys_socket_0, 70.00 degCCpu_socket_0
WorkloadResult  13: 142560 op, 999304887.00 ns, 7.0097 us/op, 43596202.00 uJpkg_socket_0, 1119260.00 uJdram_socket_0, 37111721.00 uJcore_socket_0, 0.00 uJuncore_socket_0, 0.00 uJpsys_socket_0, 71.50 degCCpu_socket_0
WorkloadResult  14: 142560 op, 999363896.00 ns, 7.0101 us/op, 43540294.00 uJpkg_socket_0, 1120541.00 uJdram_socket_0, 37055874.00 uJcore_socket_0, 0.00 uJuncore_socket_0, 0.00 uJpsys_socket_0, 71.50 degCCpu_socket_0
WorkloadResult  15: 142560 op, 1001631211.00 ns, 7.0260 us/op, 43696055.00 uJpkg_socket_0, 1122434.00 uJdram_socket_0, 37213589.00 uJcore_socket_0, 0.00 uJuncore_socket_0, 0.00 uJpsys_socket_0, 71.50 degCCpu_socket_0

// AfterAll
// Benchmark Process 1058934 has exited with code 0.

Mean = 7.012 μs, StdErr = 0.002 μs (0.03%), N = 15, StdDev = 0.007 μs
Min = 7.005 μs, Q1 = 7.008 μs, Median = 7.009 μs, Q3 = 7.013 μs, Max = 7.029 μs
IQR = 0.005 μs, LowerFence = 7.000 μs, UpperFence = 7.021 μs
ConfidenceInterval = [7.004 μs; 7.020 μs] (CI 99.9%), Margin = 0.008 μs (0.11% of Mean)
Skewness = 1.37, Kurtosis = 3.53, MValue = 2

// ** Remained 8 (80.0 %) benchmark(s) to run. Estimated finish 2026-05-27 14:04 (0h 4m from now) **
// **************************
// Benchmark: SmokeBenchByte.Newtonsoft_Deser: Energy(OutlierMode=DontRemove, IterationTime=1s)
// *** Execute ***
// Launch: 1 / 1
// Execute: dotnet JsonBench-Energy-1.dll --anonymousPipes 121 122 --benchmarkName JsonBench.Benchmarks.SmokeBenchByte.Newtonsoft_Deser --job Energy --benchmarkId 2 in /home/test/json-energy-bench/JsonBench/bin/Release/net10.0/JsonBench-Energy-1/bin/Release/net10.0
// BeforeAnythingElse

// Benchmark Process Environment Information:
// BenchmarkDotNet v0.15.5-develop (2026-05-27)
// Runtime=.NET 10.0.8 (10.0.8, 10.0.826.23019), X64 RyuJIT x86-64-v3
// GC=Concurrent Workstation
// HardwareIntrinsics=AVX2+BMI1+BMI2+F16C+FMA+LZCNT+MOVBE,AVX,SSE3+SSSE3+SSE4.1+SSE4.2+POPCNT,X86Base+SSE+SSE2,AES+PCLMUL VectorSize=256
// Job: Energy(OutlierMode=DontRemove, IterationTime=1s)

Couldn't find Core RAPL device for socket 0: RAPLCantFindUncoreDevice
OverheadJitting  1: 1 op, 190235.00 ns, 190.2350 us/op, 38085.00 uJpkg_socket_0, 1159.00 uJdram_socket_0, 46448.00 uJcore_socket_0, 0.00 uJuncore_socket_0, 0.00 uJpsys_socket_0, 60.00 degCCpu_socket_0
WorkloadJitting  1: 1 op, 44884743.00 ns, 44.8847 ms/op, 1748348.00 uJpkg_socket_0, 51880.00 uJdram_socket_0, 1458859.00 uJcore_socket_0, 0.00 uJuncore_socket_0, 0.00 uJpsys_socket_0, 60.50 degCCpu_socket_0

Couldn't find Core RAPL device for socket 0: RAPLCantFindUncoreDevice
OverheadJitting  2: 16 op, 487504.00 ns, 30.4690 us/op, 38452.00 uJpkg_socket_0, 0.00 uJdram_socket_0, 20874.00 uJcore_socket_0, 0.00 uJuncore_socket_0, 0.00 uJpsys_socket_0, 60.50 degCCpu_socket_0
WorkloadJitting  2: 16 op, 1760282.00 ns, 110.0176 us/op, 82458.00 uJpkg_socket_0, 2319.00 uJdram_socket_0, 67688.00 uJcore_socket_0, 0.00 uJuncore_socket_0, 0.00 uJpsys_socket_0, 61.00 degCCpu_socket_0

WorkloadPilot    1: 16 op, 1242349.00 ns, 77.6468 us/op, 45655.00 uJpkg_socket_0, 1404.00 uJdram_socket_0, 65124.00 uJcore_socket_0, 0.00 uJuncore_socket_0, 0.00 uJpsys_socket_0, 63.00 degCCpu_socket_0
WorkloadPilot    2: 12880 op, 481863306.00 ns, 37.4117 us/op, 24092834.00 uJpkg_socket_0, 554259.00 uJdram_socket_0, 20969246.00 uJcore_socket_0, 0.00 uJuncore_socket_0, 0.00 uJpsys_socket_0, 68.00 degCCpu_socket_0
WorkloadPilot    3: 26736 op, 356630803.00 ns, 13.3390 us/op, 15288718.00 uJpkg_socket_0, 401732.00 uJdram_socket_0, 12967435.00 uJcore_socket_0, 0.00 uJuncore_socket_0, 0.00 uJpsys_socket_0, 71.00 degCCpu_socket_0
WorkloadPilot    4: 74976 op, 996082346.00 ns, 13.2853 us/op, 42488966.00 uJpkg_socket_0, 1119565.00 uJdram_socket_0, 36052459.00 uJcore_socket_0, 0.00 uJuncore_socket_0, 0.00 uJpsys_socket_0, 69.50 degCCpu_socket_0
WorkloadPilot    5: 75280 op, 998651376.00 ns, 13.2658 us/op, 42545911.00 uJpkg_socket_0, 1120968.00 uJdram_socket_0, 36078643.00 uJcore_socket_0, 0.00 uJuncore_socket_0, 0.00 uJpsys_socket_0, 69.00 degCCpu_socket_0
WorkloadPilot    6: 75392 op, 1000816730.00 ns, 13.2748 us/op, 43454113.00 uJpkg_socket_0, 1128110.00 uJdram_socket_0, 36985440.00 uJcore_socket_0, 0.00 uJuncore_socket_0, 0.00 uJpsys_socket_0, 69.00 degCCpu_socket_0
WorkloadPilot    7: 75344 op, 998973220.00 ns, 13.2588 us/op, 42661512.00 uJpkg_socket_0, 1122739.00 uJdram_socket_0, 36201751.00 uJcore_socket_0, 0.00 uJuncore_socket_0, 0.00 uJpsys_socket_0, 69.00 degCCpu_socket_0
WorkloadPilot    8: 75424 op, 1000900039.00 ns, 13.2703 us/op, 42670057.00 uJpkg_socket_0, 1126645.00 uJdram_socket_0, 36188018.00 uJcore_socket_0, 0.00 uJuncore_socket_0, 0.00 uJpsys_socket_0, 69.00 degCCpu_socket_0
WorkloadPilot    9: 75360 op, 998661531.00 ns, 13.2519 us/op, 42473585.00 uJpkg_socket_0, 1120359.00 uJdram_socket_0, 36000702.00 uJcore_socket_0, 0.00 uJuncore_socket_0, 0.00 uJpsys_socket_0, 70.00 degCCpu_socket_0
WorkloadPilot   10: 75472 op, 1000064444.00 ns, 13.2508 us/op, 43422497.00 uJpkg_socket_0, 1127683.00 uJdram_socket_0, 36931119.00 uJcore_socket_0, 0.00 uJuncore_socket_0, 0.00 uJpsys_socket_0, 68.50 degCCpu_socket_0

OverheadWarmup   1: 75472 op, 216570.00 ns, 2.8695 ns/op, 0.00 uJpkg_socket_0, 0.00 uJdram_socket_0, 18127.00 uJcore_socket_0, 0.00 uJuncore_socket_0, 0.00 uJpsys_socket_0, 66.00 degCCpu_socket_0
OverheadWarmup   2: 75472 op, 220445.00 ns, 2.9209 ns/op, 38635.00 uJpkg_socket_0, 1342.00 uJdram_socket_0, 12268.00 uJcore_socket_0, 0.00 uJuncore_socket_0, 0.00 uJpsys_socket_0, 65.00 degCCpu_socket_0
OverheadWarmup   3: 75472 op, 216248.00 ns, 2.8653 ns/op, 0.00 uJpkg_socket_0, 0.00 uJdram_socket_0, 10925.00 uJcore_socket_0, 0.00 uJuncore_socket_0, 0.00 uJpsys_socket_0, 65.00 degCCpu_socket_0
OverheadWarmup   4: 75472 op, 217560.00 ns, 2.8827 ns/op, 0.00 uJpkg_socket_0, 0.00 uJdram_socket_0, 11536.00 uJcore_socket_0, 0.00 uJuncore_socket_0, 0.00 uJpsys_socket_0, 65.00 degCCpu_socket_0
OverheadWarmup   5: 75472 op, 221110.00 ns, 2.9297 ns/op, 43029.00 uJpkg_socket_0, 1282.00 uJdram_socket_0, 11963.00 uJcore_socket_0, 0.00 uJuncore_socket_0, 0.00 uJpsys_socket_0, 65.00 degCCpu_socket_0
OverheadWarmup   6: 75472 op, 216015.00 ns, 2.8622 ns/op, 41992.00 uJpkg_socket_0, 1221.00 uJdram_socket_0, 9216.00 uJcore_socket_0, 0.00 uJuncore_socket_0, 0.00 uJpsys_socket_0, 65.00 degCCpu_socket_0

OverheadActual   1: 75472 op, 217862.00 ns, 2.8867 ns/op, 0.00 uJpkg_socket_0, 0.00 uJdram_socket_0, 8667.00 uJcore_socket_0, 0.00 uJuncore_socket_0, 0.00 uJpsys_socket_0, 64.00 degCCpu_socket_0
OverheadActual   2: 75472 op, 216321.00 ns, 2.8662 ns/op, 41199.00 uJpkg_socket_0, 1159.00 uJdram_socket_0, 10010.00 uJcore_socket_0, 0.00 uJuncore_socket_0, 0.00 uJpsys_socket_0, 63.00 degCCpu_socket_0
OverheadActual   3: 75472 op, 217160.00 ns, 2.8774 ns/op, 0.00 uJpkg_socket_0, 0.00 uJdram_socket_0, 8240.00 uJcore_socket_0, 0.00 uJuncore_socket_0, 0.00 uJpsys_socket_0, 63.00 degCCpu_socket_0
OverheadActual   4: 75472 op, 220586.00 ns, 2.9228 ns/op, 39490.00 uJpkg_socket_0, 1099.00 uJdram_socket_0, 7995.00 uJcore_socket_0, 0.00 uJuncore_socket_0, 0.00 uJpsys_socket_0, 63.00 degCCpu_socket_0
OverheadActual   5: 75472 op, 217345.00 ns, 2.8798 ns/op, 41443.00 uJpkg_socket_0, 1160.00 uJdram_socket_0, 11841.00 uJcore_socket_0, 0.00 uJuncore_socket_0, 0.00 uJpsys_socket_0, 64.00 degCCpu_socket_0
OverheadActual   6: 75472 op, 217130.00 ns, 2.8770 ns/op, 0.00 uJpkg_socket_0, 0.00 uJdram_socket_0, 11230.00 uJcore_socket_0, 0.00 uJuncore_socket_0, 0.00 uJpsys_socket_0, 63.00 degCCpu_socket_0
OverheadActual   7: 75472 op, 216979.00 ns, 2.8750 ns/op, 0.00 uJpkg_socket_0, 0.00 uJdram_socket_0, 10864.00 uJcore_socket_0, 0.00 uJuncore_socket_0, 0.00 uJpsys_socket_0, 63.00 degCCpu_socket_0
OverheadActual   8: 75472 op, 217347.00 ns, 2.8798 ns/op, 0.00 uJpkg_socket_0, 0.00 uJdram_socket_0, 10987.00 uJcore_socket_0, 0.00 uJuncore_socket_0, 0.00 uJpsys_socket_0, 63.00 degCCpu_socket_0
OverheadActual   9: 75472 op, 220469.00 ns, 2.9212 ns/op, 0.00 uJpkg_socket_0, 0.00 uJdram_socket_0, 10376.00 uJcore_socket_0, 0.00 uJuncore_socket_0, 0.00 uJpsys_socket_0, 63.00 degCCpu_socket_0
OverheadActual  10: 75472 op, 216243.00 ns, 2.8652 ns/op, 41687.00 uJpkg_socket_0, 1098.00 uJdram_socket_0, 8789.00 uJcore_socket_0, 0.00 uJuncore_socket_0, 0.00 uJpsys_socket_0, 64.00 degCCpu_socket_0
OverheadActual  11: 75472 op, 217304.00 ns, 2.8793 ns/op, 44372.00 uJpkg_socket_0, 1099.00 uJdram_socket_0, 13123.00 uJcore_socket_0, 0.00 uJuncore_socket_0, 0.00 uJpsys_socket_0, 64.00 degCCpu_socket_0
OverheadActual  12: 75472 op, 234639.00 ns, 3.1090 ns/op, 0.00 uJpkg_socket_0, 0.00 uJdram_socket_0, 13183.00 uJcore_socket_0, 0.00 uJuncore_socket_0, 0.00 uJpsys_socket_0, 64.00 degCCpu_socket_0
OverheadActual  13: 75472 op, 215825.00 ns, 2.8597 ns/op, 0.00 uJpkg_socket_0, 0.00 uJdram_socket_0, 11779.00 uJcore_socket_0, 0.00 uJuncore_socket_0, 0.00 uJpsys_socket_0, 65.00 degCCpu_socket_0
OverheadActual  14: 75472 op, 216247.00 ns, 2.8653 ns/op, 0.00 uJpkg_socket_0, 0.00 uJdram_socket_0, 12084.00 uJcore_socket_0, 0.00 uJuncore_socket_0, 0.00 uJpsys_socket_0, 65.00 degCCpu_socket_0
OverheadActual  15: 75472 op, 217301.00 ns, 2.8792 ns/op, 0.00 uJpkg_socket_0, 0.00 uJdram_socket_0, 7752.00 uJcore_socket_0, 0.00 uJuncore_socket_0, 0.00 uJpsys_socket_0, 65.00 degCCpu_socket_0

WorkloadWarmup   1: 75472 op, 1006871582.00 ns, 13.3410 us/op, 43560314.00 uJpkg_socket_0, 1136228.00 uJdram_socket_0, 37041226.00 uJcore_socket_0, 0.00 uJuncore_socket_0, 0.00 uJpsys_socket_0, 68.00 degCCpu_socket_0
WorkloadWarmup   2: 75472 op, 1004021192.00 ns, 13.3032 us/op, 42594374.00 uJpkg_socket_0, 1125974.00 uJdram_socket_0, 36103179.00 uJcore_socket_0, 0.00 uJuncore_socket_0, 0.00 uJpsys_socket_0, 69.50 degCCpu_socket_0
WorkloadWarmup   3: 75472 op, 1002734090.00 ns, 13.2862 us/op, 42614210.00 uJpkg_socket_0, 1124142.00 uJdram_socket_0, 36119536.00 uJcore_socket_0, 0.00 uJuncore_socket_0, 0.00 uJpsys_socket_0, 69.00 degCCpu_socket_0
WorkloadWarmup   4: 75472 op, 1002390636.00 ns, 13.2816 us/op, 42596449.00 uJpkg_socket_0, 1125607.00 uJdram_socket_0, 36092437.00 uJcore_socket_0, 0.00 uJuncore_socket_0, 0.00 uJpsys_socket_0, 69.50 degCCpu_socket_0
WorkloadWarmup   5: 75472 op, 1002446014.00 ns, 13.2824 us/op, 42564894.00 uJpkg_socket_0, 1125241.00 uJdram_socket_0, 36064238.00 uJcore_socket_0, 0.00 uJuncore_socket_0, 0.00 uJpsys_socket_0, 69.50 degCCpu_socket_0
WorkloadWarmup   6: 75472 op, 1002354738.00 ns, 13.2811 us/op, 42536451.00 uJpkg_socket_0, 1124326.00 uJdram_socket_0, 36028106.00 uJcore_socket_0, 0.00 uJuncore_socket_0, 0.00 uJpsys_socket_0, 68.50 degCCpu_socket_0
WorkloadWarmup   7: 75472 op, 1002122663.00 ns, 13.2781 us/op, 42496229.00 uJpkg_socket_0, 1122616.00 uJdram_socket_0, 36023589.00 uJcore_socket_0, 0.00 uJuncore_socket_0, 0.00 uJpsys_socket_0, 69.50 degCCpu_socket_0
WorkloadWarmup   8: 75472 op, 1002466621.00 ns, 13.2826 us/op, 42594190.00 uJpkg_socket_0, 1126828.00 uJdram_socket_0, 36084868.00 uJcore_socket_0, 0.00 uJuncore_socket_0, 0.00 uJpsys_socket_0, 68.50 degCCpu_socket_0
WorkloadWarmup   9: 75472 op, 1003648027.00 ns, 13.2983 us/op, 42556776.00 uJpkg_socket_0, 1125851.00 uJdram_socket_0, 36045990.00 uJcore_socket_0, 0.00 uJuncore_socket_0, 0.00 uJpsys_socket_0, 69.00 degCCpu_socket_0
WorkloadWarmup  10: 75472 op, 1007024524.00 ns, 13.3430 us/op, 42587660.00 uJpkg_socket_0, 1128964.00 uJdram_socket_0, 36079070.00 uJcore_socket_0, 0.00 uJuncore_socket_0, 0.00 uJpsys_socket_0, 69.50 degCCpu_socket_0
WorkloadWarmup  11: 75472 op, 1008531078.00 ns, 13.3630 us/op, 42871411.00 uJpkg_socket_0, 1132748.00 uJdram_socket_0, 36326689.00 uJcore_socket_0, 0.00 uJuncore_socket_0, 0.00 uJpsys_socket_0, 70.00 degCCpu_socket_0
WorkloadWarmup  12: 75472 op, 1003001590.00 ns, 13.2897 us/op, 42515455.00 uJpkg_socket_0, 1125669.00 uJdram_socket_0, 36029327.00 uJcore_socket_0, 0.00 uJuncore_socket_0, 0.00 uJpsys_socket_0, 69.00 degCCpu_socket_0

// BeforeActualRun
WorkloadActual   1: 75472 op, 1004767204.00 ns, 13.3131 us/op, 42752271.00 uJpkg_socket_0, 1128721.00 uJdram_socket_0, 36241790.00 uJcore_socket_0, 0.00 uJuncore_socket_0, 0.00 uJpsys_socket_0, 69.50 degCCpu_socket_0
WorkloadActual   2: 75472 op, 1005669142.00 ns, 13.3251 us/op, 42701978.00 uJpkg_socket_0, 1150449.00 uJdram_socket_0, 36181671.00 uJcore_socket_0, 0.00 uJuncore_socket_0, 0.00 uJpsys_socket_0, 69.50 degCCpu_socket_0
WorkloadActual   3: 75472 op, 1004907288.00 ns, 13.3150 us/op, 42654310.00 uJpkg_socket_0, 1148312.00 uJdram_socket_0, 36149627.00 uJcore_socket_0, 0.00 uJuncore_socket_0, 0.00 uJpsys_socket_0, 69.50 degCCpu_socket_0
WorkloadActual   4: 75472 op, 1006321282.00 ns, 13.3337 us/op, 43030530.00 uJpkg_socket_0, 1159909.00 uJdram_socket_0, 36538969.00 uJcore_socket_0, 0.00 uJuncore_socket_0, 0.00 uJpsys_socket_0, 69.50 degCCpu_socket_0
WorkloadActual   5: 75472 op, 1006068022.00 ns, 13.3303 us/op, 42733656.00 uJpkg_socket_0, 1157651.00 uJdram_socket_0, 36226042.00 uJcore_socket_0, 0.00 uJuncore_socket_0, 0.00 uJpsys_socket_0, 69.00 degCCpu_socket_0
WorkloadActual   6: 75472 op, 1002842178.00 ns, 13.2876 us/op, 42572340.00 uJpkg_socket_0, 1126462.00 uJdram_socket_0, 36079742.00 uJcore_socket_0, 0.00 uJuncore_socket_0, 0.00 uJpsys_socket_0, 69.00 degCCpu_socket_0
WorkloadActual   7: 75472 op, 1002051474.00 ns, 13.2771 us/op, 42535901.00 uJpkg_socket_0, 1123960.00 uJdram_socket_0, 36059050.00 uJcore_socket_0, 0.00 uJuncore_socket_0, 0.00 uJpsys_socket_0, 70.50 degCCpu_socket_0
WorkloadActual   8: 75472 op, 1002228866.00 ns, 13.2795 us/op, 42666578.00 uJpkg_socket_0, 1124936.00 uJdram_socket_0, 36155181.00 uJcore_socket_0, 0.00 uJuncore_socket_0, 0.00 uJpsys_socket_0, 69.00 degCCpu_socket_0
WorkloadActual   9: 75472 op, 1002252050.00 ns, 13.2798 us/op, 42609755.00 uJpkg_socket_0, 1123105.00 uJdram_socket_0, 36138579.00 uJcore_socket_0, 0.00 uJuncore_socket_0, 0.00 uJpsys_socket_0, 70.00 degCCpu_socket_0
WorkloadActual  10: 75472 op, 1003107971.00 ns, 13.2911 us/op, 42610182.00 uJpkg_socket_0, 1126096.00 uJdram_socket_0, 36126495.00 uJcore_socket_0, 0.00 uJuncore_socket_0, 0.00 uJpsys_socket_0, 70.00 degCCpu_socket_0
WorkloadActual  11: 75472 op, 1002158140.00 ns, 13.2785 us/op, 42511060.00 uJpkg_socket_0, 1125302.00 uJdram_socket_0, 36039641.00 uJcore_socket_0, 0.00 uJuncore_socket_0, 0.00 uJpsys_socket_0, 69.50 degCCpu_socket_0
WorkloadActual  12: 75472 op, 999828505.00 ns, 13.2477 us/op, 42428114.00 uJpkg_socket_0, 1121091.00 uJdram_socket_0, 35955230.00 uJcore_socket_0, 0.00 uJuncore_socket_0, 0.00 uJpsys_socket_0, 70.00 degCCpu_socket_0
WorkloadActual  13: 75472 op, 1003946493.00 ns, 13.3022 us/op, 42662549.00 uJpkg_socket_0, 1125425.00 uJdram_socket_0, 36171538.00 uJcore_socket_0, 0.00 uJuncore_socket_0, 0.00 uJpsys_socket_0, 70.50 degCCpu_socket_0
WorkloadActual  14: 75472 op, 1004253797.00 ns, 13.3063 us/op, 42696546.00 uJpkg_socket_0, 1128110.00 uJdram_socket_0, 36171904.00 uJcore_socket_0, 0.00 uJuncore_socket_0, 0.00 uJpsys_socket_0, 69.50 degCCpu_socket_0
WorkloadActual  15: 75472 op, 1004849018.00 ns, 13.3142 us/op, 42689649.00 uJpkg_socket_0, 1127561.00 uJdram_socket_0, 36186309.00 uJcore_socket_0, 0.00 uJuncore_socket_0, 0.00 uJpsys_socket_0, 70.50 degCCpu_socket_0

// AfterActualRun
WorkloadResult   1: 75472 op, 1004549903.00 ns, 13.3102 us/op, 42752271.00 uJpkg_socket_0, 1128721.00 uJdram_socket_0, 36241790.00 uJcore_socket_0, 0.00 uJuncore_socket_0, 0.00 uJpsys_socket_0, 69.50 degCCpu_socket_0
WorkloadResult   2: 75472 op, 1005451841.00 ns, 13.3222 us/op, 42701978.00 uJpkg_socket_0, 1150449.00 uJdram_socket_0, 36181671.00 uJcore_socket_0, 0.00 uJuncore_socket_0, 0.00 uJpsys_socket_0, 69.50 degCCpu_socket_0
WorkloadResult   3: 75472 op, 1004689987.00 ns, 13.3121 us/op, 42654310.00 uJpkg_socket_0, 1148312.00 uJdram_socket_0, 36149627.00 uJcore_socket_0, 0.00 uJuncore_socket_0, 0.00 uJpsys_socket_0, 69.50 degCCpu_socket_0
WorkloadResult   4: 75472 op, 1006103981.00 ns, 13.3308 us/op, 43030530.00 uJpkg_socket_0, 1159909.00 uJdram_socket_0, 36538969.00 uJcore_socket_0, 0.00 uJuncore_socket_0, 0.00 uJpsys_socket_0, 69.50 degCCpu_socket_0
WorkloadResult   5: 75472 op, 1005850721.00 ns, 13.3275 us/op, 42733656.00 uJpkg_socket_0, 1157651.00 uJdram_socket_0, 36226042.00 uJcore_socket_0, 0.00 uJuncore_socket_0, 0.00 uJpsys_socket_0, 69.00 degCCpu_socket_0
WorkloadResult   6: 75472 op, 1002624877.00 ns, 13.2847 us/op, 42572340.00 uJpkg_socket_0, 1126462.00 uJdram_socket_0, 36079742.00 uJcore_socket_0, 0.00 uJuncore_socket_0, 0.00 uJpsys_socket_0, 69.00 degCCpu_socket_0
WorkloadResult   7: 75472 op, 1001834173.00 ns, 13.2742 us/op, 42535901.00 uJpkg_socket_0, 1123960.00 uJdram_socket_0, 36059050.00 uJcore_socket_0, 0.00 uJuncore_socket_0, 0.00 uJpsys_socket_0, 70.50 degCCpu_socket_0
WorkloadResult   8: 75472 op, 1002011565.00 ns, 13.2766 us/op, 42666578.00 uJpkg_socket_0, 1124936.00 uJdram_socket_0, 36155181.00 uJcore_socket_0, 0.00 uJuncore_socket_0, 0.00 uJpsys_socket_0, 69.00 degCCpu_socket_0
WorkloadResult   9: 75472 op, 1002034749.00 ns, 13.2769 us/op, 42609755.00 uJpkg_socket_0, 1123105.00 uJdram_socket_0, 36138579.00 uJcore_socket_0, 0.00 uJuncore_socket_0, 0.00 uJpsys_socket_0, 70.00 degCCpu_socket_0
WorkloadResult  10: 75472 op, 1002890670.00 ns, 13.2882 us/op, 42610182.00 uJpkg_socket_0, 1126096.00 uJdram_socket_0, 36126495.00 uJcore_socket_0, 0.00 uJuncore_socket_0, 0.00 uJpsys_socket_0, 70.00 degCCpu_socket_0
WorkloadResult  11: 75472 op, 1001940839.00 ns, 13.2757 us/op, 42511060.00 uJpkg_socket_0, 1125302.00 uJdram_socket_0, 36039641.00 uJcore_socket_0, 0.00 uJuncore_socket_0, 0.00 uJpsys_socket_0, 69.50 degCCpu_socket_0
WorkloadResult  12: 75472 op, 999611204.00 ns, 13.2448 us/op, 42428114.00 uJpkg_socket_0, 1121091.00 uJdram_socket_0, 35955230.00 uJcore_socket_0, 0.00 uJuncore_socket_0, 0.00 uJpsys_socket_0, 70.00 degCCpu_socket_0
WorkloadResult  13: 75472 op, 1003729192.00 ns, 13.2994 us/op, 42662549.00 uJpkg_socket_0, 1125425.00 uJdram_socket_0, 36171538.00 uJcore_socket_0, 0.00 uJuncore_socket_0, 0.00 uJpsys_socket_0, 70.50 degCCpu_socket_0
WorkloadResult  14: 75472 op, 1004036496.00 ns, 13.3034 us/op, 42696546.00 uJpkg_socket_0, 1128110.00 uJdram_socket_0, 36171904.00 uJcore_socket_0, 0.00 uJuncore_socket_0, 0.00 uJpsys_socket_0, 69.50 degCCpu_socket_0
WorkloadResult  15: 75472 op, 1004631717.00 ns, 13.3113 us/op, 42689649.00 uJpkg_socket_0, 1127561.00 uJdram_socket_0, 36186309.00 uJcore_socket_0, 0.00 uJuncore_socket_0, 0.00 uJpsys_socket_0, 70.50 degCCpu_socket_0

// AfterAll
// Benchmark Process 1058950 has exited with code 0.

Mean = 13.296 μs, StdErr = 0.006 μs (0.05%), N = 15, StdDev = 0.024 μs
Min = 13.245 μs, Q1 = 13.277 μs, Median = 13.299 μs, Q3 = 13.312 μs, Max = 13.331 μs
IQR = 0.035 μs, LowerFence = 13.224 μs, UpperFence = 13.364 μs
ConfidenceInterval = [13.270 μs; 13.322 μs] (CI 99.9%), Margin = 0.026 μs (0.19% of Mean)
Skewness = -0.31, Kurtosis = 2.12, MValue = 2

// ** Remained 7 (70.0 %) benchmark(s) to run. Estimated finish 2026-05-27 14:04 (0h 3m from now) **
// **************************
// Benchmark: SmokeBenchByte.SpanJson_Deser: Energy(OutlierMode=DontRemove, IterationTime=1s)
// *** Execute ***
// Launch: 1 / 1
// Execute: dotnet JsonBench-Energy-1.dll --anonymousPipes 123 124 --benchmarkName JsonBench.Benchmarks.SmokeBenchByte.SpanJson_Deser --job Energy --benchmarkId 3 in /home/test/json-energy-bench/JsonBench/bin/Release/net10.0/JsonBench-Energy-1/bin/Release/net10.0
// BeforeAnythingElse

// Benchmark Process Environment Information:
// BenchmarkDotNet v0.15.5-develop (2026-05-27)
// Runtime=.NET 10.0.8 (10.0.8, 10.0.826.23019), X64 RyuJIT x86-64-v3
// GC=Concurrent Workstation
// HardwareIntrinsics=AVX2+BMI1+BMI2+F16C+FMA+LZCNT+MOVBE,AVX,SSE3+SSSE3+SSE4.1+SSE4.2+POPCNT,X86Base+SSE+SSE2,AES+PCLMUL VectorSize=256
// Job: Energy(OutlierMode=DontRemove, IterationTime=1s)

Couldn't find Core RAPL device for socket 0: RAPLCantFindUncoreDevice
OverheadJitting  1: 1 op, 229478.00 ns, 229.4780 us/op, 51575.00 uJpkg_socket_0, 2563.00 uJdram_socket_0, 71167.00 uJcore_socket_0, 0.00 uJuncore_socket_0, 0.00 uJpsys_socket_0, 62.50 degCCpu_socket_0
WorkloadJitting  1: 1 op, 55587280.00 ns, 55.5873 ms/op, 3142326.00 uJpkg_socket_0, 69092.00 uJdram_socket_0, 2768243.00 uJcore_socket_0, 0.00 uJuncore_socket_0, 0.00 uJpsys_socket_0, 63.00 degCCpu_socket_0

Couldn't find Core RAPL device for socket 0: RAPLCantFindUncoreDevice
OverheadJitting  2: 16 op, 473749.00 ns, 29.6093 us/op, 54321.00 uJpkg_socket_0, 1465.00 uJdram_socket_0, 30030.00 uJcore_socket_0, 0.00 uJuncore_socket_0, 0.00 uJpsys_socket_0, 64.00 degCCpu_socket_0
WorkloadJitting  2: 16 op, 858770.00 ns, 53.6731 us/op, 57678.00 uJpkg_socket_0, 1282.00 uJdram_socket_0, 47486.00 uJcore_socket_0, 0.00 uJuncore_socket_0, 0.00 uJpsys_socket_0, 64.50 degCCpu_socket_0

WorkloadPilot    1: 16 op, 291879.00 ns, 18.2424 us/op, 0.00 uJpkg_socket_0, 0.00 uJdram_socket_0, 18066.00 uJcore_socket_0, 0.00 uJuncore_socket_0, 0.00 uJpsys_socket_0, 62.50 degCCpu_socket_0
WorkloadPilot    2: 54832 op, 514677862.00 ns, 9.3865 us/op, 22742495.00 uJpkg_socket_0, 583678.00 uJdram_socket_0, 19395336.00 uJcore_socket_0, 0.00 uJuncore_socket_0, 0.00 uJpsys_socket_0, 66.50 degCCpu_socket_0
WorkloadPilot    3: 106544 op, 561678454.00 ns, 5.2718 us/op, 23846618.00 uJpkg_socket_0, 632200.00 uJdram_socket_0, 20207468.00 uJcore_socket_0, 0.00 uJuncore_socket_0, 0.00 uJpsys_socket_0, 66.50 degCCpu_socket_0
WorkloadPilot    4: 189696 op, 996710413.00 ns, 5.2543 us/op, 42345900.00 uJpkg_socket_0, 1117734.00 uJdram_socket_0, 35889556.00 uJcore_socket_0, 0.00 uJuncore_socket_0, 0.00 uJpsys_socket_0, 68.00 degCCpu_socket_0
WorkloadPilot    5: 190336 op, 1000154673.00 ns, 5.2547 us/op, 42397231.00 uJpkg_socket_0, 1121518.00 uJdram_socket_0, 35894012.00 uJcore_socket_0, 0.00 uJuncore_socket_0, 0.00 uJpsys_socket_0, 67.00 degCCpu_socket_0
WorkloadPilot    6: 190320 op, 1004003405.00 ns, 5.2753 us/op, 43369335.00 uJpkg_socket_0, 1134335.00 uJdram_socket_0, 36844327.00 uJcore_socket_0, 0.00 uJuncore_socket_0, 0.00 uJpsys_socket_0, 67.50 degCCpu_socket_0
WorkloadPilot    7: 189568 op, 996549453.00 ns, 5.2569 us/op, 42266799.00 uJpkg_socket_0, 1118955.00 uJdram_socket_0, 35804229.00 uJcore_socket_0, 0.00 uJuncore_socket_0, 0.00 uJpsys_socket_0, 67.00 degCCpu_socket_0
WorkloadPilot    8: 190224 op, 999982565.00 ns, 5.2569 us/op, 42408400.00 uJpkg_socket_0, 1123837.00 uJdram_socket_0, 35941192.00 uJcore_socket_0, 0.00 uJuncore_socket_0, 0.00 uJpsys_socket_0, 68.00 degCCpu_socket_0
WorkloadPilot    9: 190240 op, 999611635.00 ns, 5.2545 us/op, 42124526.00 uJpkg_socket_0, 1121029.00 uJdram_socket_0, 35681061.00 uJcore_socket_0, 0.00 uJuncore_socket_0, 0.00 uJpsys_socket_0, 69.00 degCCpu_socket_0
WorkloadPilot   10: 190320 op, 1000667585.00 ns, 5.2578 us/op, 42843396.00 uJpkg_socket_0, 1126889.00 uJdram_socket_0, 36370208.00 uJcore_socket_0, 0.00 uJuncore_socket_0, 0.00 uJpsys_socket_0, 68.00 degCCpu_socket_0

OverheadWarmup   1: 190320 op, 584575.00 ns, 3.0715 ns/op, 52491.00 uJpkg_socket_0, 1343.00 uJdram_socket_0, 37964.00 uJcore_socket_0, 0.00 uJuncore_socket_0, 0.00 uJpsys_socket_0, 64.00 degCCpu_socket_0
OverheadWarmup   2: 190320 op, 583758.00 ns, 3.0672 ns/op, 42114.00 uJpkg_socket_0, 1281.00 uJdram_socket_0, 25513.00 uJcore_socket_0, 0.00 uJuncore_socket_0, 0.00 uJpsys_socket_0, 64.00 degCCpu_socket_0
OverheadWarmup   3: 190320 op, 617553.00 ns, 3.2448 ns/op, 44067.00 uJpkg_socket_0, 1221.00 uJdram_socket_0, 28076.00 uJcore_socket_0, 0.00 uJuncore_socket_0, 0.00 uJpsys_socket_0, 64.50 degCCpu_socket_0
OverheadWarmup   4: 190320 op, 616321.00 ns, 3.2383 ns/op, 0.00 uJpkg_socket_0, 0.00 uJdram_socket_0, 26916.00 uJcore_socket_0, 0.00 uJuncore_socket_0, 0.00 uJpsys_socket_0, 64.50 degCCpu_socket_0
OverheadWarmup   5: 190320 op, 616710.00 ns, 3.2404 ns/op, 0.00 uJpkg_socket_0, 0.00 uJdram_socket_0, 28198.00 uJcore_socket_0, 0.00 uJuncore_socket_0, 0.00 uJpsys_socket_0, 63.00 degCCpu_socket_0
OverheadWarmup   6: 190320 op, 583220.00 ns, 3.0644 ns/op, 41747.00 uJpkg_socket_0, 1099.00 uJdram_socket_0, 25757.00 uJcore_socket_0, 0.00 uJuncore_socket_0, 0.00 uJpsys_socket_0, 63.00 degCCpu_socket_0

OverheadActual   1: 190320 op, 582916.00 ns, 3.0628 ns/op, 43579.00 uJpkg_socket_0, 1221.00 uJdram_socket_0, 29724.00 uJcore_socket_0, 0.00 uJuncore_socket_0, 0.00 uJpsys_socket_0, 62.00 degCCpu_socket_0
OverheadActual   2: 190320 op, 586314.00 ns, 3.0807 ns/op, 37964.00 uJpkg_socket_0, 1038.00 uJdram_socket_0, 24536.00 uJcore_socket_0, 0.00 uJuncore_socket_0, 0.00 uJpsys_socket_0, 62.50 degCCpu_socket_0
OverheadActual   3: 190320 op, 589737.00 ns, 3.0987 ns/op, 38879.00 uJpkg_socket_0, 1099.00 uJdram_socket_0, 26916.00 uJcore_socket_0, 0.00 uJuncore_socket_0, 0.00 uJpsys_socket_0, 62.50 degCCpu_socket_0
OverheadActual   4: 190320 op, 586780.00 ns, 3.0831 ns/op, 0.00 uJpkg_socket_0, 0.00 uJdram_socket_0, 24231.00 uJcore_socket_0, 0.00 uJuncore_socket_0, 0.00 uJpsys_socket_0, 63.00 degCCpu_socket_0
OverheadActual   5: 190320 op, 578867.00 ns, 3.0415 ns/op, 44067.00 uJpkg_socket_0, 1160.00 uJdram_socket_0, 25329.00 uJcore_socket_0, 0.00 uJuncore_socket_0, 0.00 uJpsys_socket_0, 63.00 degCCpu_socket_0
OverheadActual   6: 190320 op, 586723.00 ns, 3.0828 ns/op, 0.00 uJpkg_socket_0, 0.00 uJdram_socket_0, 26489.00 uJcore_socket_0, 0.00 uJuncore_socket_0, 0.00 uJpsys_socket_0, 64.00 degCCpu_socket_0
OverheadActual   7: 190320 op, 582937.00 ns, 3.0629 ns/op, 41259.00 uJpkg_socket_0, 1099.00 uJdram_socket_0, 23011.00 uJcore_socket_0, 0.00 uJuncore_socket_0, 0.00 uJpsys_socket_0, 63.00 degCCpu_socket_0
OverheadActual   8: 190320 op, 586279.00 ns, 3.0805 ns/op, 0.00 uJpkg_socket_0, 1159.00 uJdram_socket_0, 23132.00 uJcore_socket_0, 0.00 uJuncore_socket_0, 0.00 uJpsys_socket_0, 63.50 degCCpu_socket_0
OverheadActual   9: 190320 op, 616941.00 ns, 3.2416 ns/op, 0.00 uJpkg_socket_0, 0.00 uJdram_socket_0, 39978.00 uJcore_socket_0, 0.00 uJuncore_socket_0, 0.00 uJpsys_socket_0, 64.00 degCCpu_socket_0
OverheadActual  10: 190320 op, 583980.00 ns, 3.0684 ns/op, 45593.00 uJpkg_socket_0, 1159.00 uJdram_socket_0, 22033.00 uJcore_socket_0, 0.00 uJuncore_socket_0, 0.00 uJpsys_socket_0, 64.00 degCCpu_socket_0
OverheadActual  11: 190320 op, 619662.00 ns, 3.2559 ns/op, 39855.00 uJpkg_socket_0, 1099.00 uJdram_socket_0, 22278.00 uJcore_socket_0, 0.00 uJuncore_socket_0, 0.00 uJpsys_socket_0, 63.50 degCCpu_socket_0
OverheadActual  12: 190320 op, 619204.00 ns, 3.2535 ns/op, 41748.00 uJpkg_socket_0, 1159.00 uJdram_socket_0, 23316.00 uJcore_socket_0, 0.00 uJuncore_socket_0, 0.00 uJpsys_socket_0, 63.50 degCCpu_socket_0
OverheadActual  13: 190320 op, 583834.00 ns, 3.0676 ns/op, 43029.00 uJpkg_socket_0, 1160.00 uJdram_socket_0, 24841.00 uJcore_socket_0, 0.00 uJuncore_socket_0, 0.00 uJpsys_socket_0, 63.00 degCCpu_socket_0
OverheadActual  14: 190320 op, 587375.00 ns, 3.0862 ns/op, 0.00 uJpkg_socket_0, 0.00 uJdram_socket_0, 26001.00 uJcore_socket_0, 0.00 uJuncore_socket_0, 0.00 uJpsys_socket_0, 64.00 degCCpu_socket_0
OverheadActual  15: 190320 op, 581778.00 ns, 3.0568 ns/op, 42786.00 uJpkg_socket_0, 1160.00 uJdram_socket_0, 22705.00 uJcore_socket_0, 0.00 uJuncore_socket_0, 0.00 uJpsys_socket_0, 63.00 degCCpu_socket_0

WorkloadWarmup   1: 190320 op, 1004212665.00 ns, 5.2764 us/op, 43061596.00 uJpkg_socket_0, 1131223.00 uJdram_socket_0, 36577849.00 uJcore_socket_0, 0.00 uJuncore_socket_0, 0.00 uJpsys_socket_0, 66.50 degCCpu_socket_0
WorkloadWarmup   2: 190320 op, 1001753047.00 ns, 5.2635 us/op, 42173354.00 uJpkg_socket_0, 1124265.00 uJdram_socket_0, 35683015.00 uJcore_socket_0, 0.00 uJuncore_socket_0, 0.00 uJpsys_socket_0, 68.50 degCCpu_socket_0
WorkloadWarmup   3: 190320 op, 1000204145.00 ns, 5.2554 us/op, 42005996.00 uJpkg_socket_0, 1121091.00 uJdram_socket_0, 35543488.00 uJcore_socket_0, 0.00 uJuncore_socket_0, 0.00 uJpsys_socket_0, 68.50 degCCpu_socket_0
WorkloadWarmup   4: 190320 op, 999994676.00 ns, 5.2543 us/op, 42003189.00 uJpkg_socket_0, 1120908.00 uJdram_socket_0, 35534271.00 uJcore_socket_0, 0.00 uJuncore_socket_0, 0.00 uJpsys_socket_0, 68.00 degCCpu_socket_0
WorkloadWarmup   5: 190320 op, 999850562.00 ns, 5.2535 us/op, 42132705.00 uJpkg_socket_0, 1121029.00 uJdram_socket_0, 35661469.00 uJcore_socket_0, 0.00 uJuncore_socket_0, 0.00 uJpsys_socket_0, 68.50 degCCpu_socket_0
WorkloadWarmup   6: 190320 op, 999895028.00 ns, 5.2538 us/op, 42230849.00 uJpkg_socket_0, 1120908.00 uJdram_socket_0, 35760345.00 uJcore_socket_0, 0.00 uJuncore_socket_0, 0.00 uJpsys_socket_0, 68.00 degCCpu_socket_0
WorkloadWarmup   7: 190320 op, 1000001140.00 ns, 5.2543 us/op, 42237929.00 uJpkg_socket_0, 1120847.00 uJdram_socket_0, 35771759.00 uJcore_socket_0, 0.00 uJuncore_socket_0, 0.00 uJpsys_socket_0, 68.50 degCCpu_socket_0
WorkloadWarmup   8: 190320 op, 1000369509.00 ns, 5.2563 us/op, 42342116.00 uJpkg_socket_0, 1122677.00 uJdram_socket_0, 35849151.00 uJcore_socket_0, 0.00 uJuncore_socket_0, 0.00 uJpsys_socket_0, 67.50 degCCpu_socket_0
WorkloadWarmup   9: 190320 op, 1000244145.00 ns, 5.2556 us/op, 42300612.00 uJpkg_socket_0, 1122861.00 uJdram_socket_0, 35839447.00 uJcore_socket_0, 0.00 uJuncore_socket_0, 0.00 uJpsys_socket_0, 68.50 degCCpu_socket_0
WorkloadWarmup  10: 190320 op, 1000070415.00 ns, 5.2547 us/op, 42030349.00 uJpkg_socket_0, 1120908.00 uJdram_socket_0, 35565522.00 uJcore_socket_0, 0.00 uJuncore_socket_0, 0.00 uJpsys_socket_0, 68.50 degCCpu_socket_0
WorkloadWarmup  11: 190320 op, 1000366061.00 ns, 5.2562 us/op, 42363112.00 uJpkg_socket_0, 1123654.00 uJdram_socket_0, 35864593.00 uJcore_socket_0, 0.00 uJuncore_socket_0, 0.00 uJpsys_socket_0, 67.50 degCCpu_socket_0
WorkloadWarmup  12: 190320 op, 1000063222.00 ns, 5.2546 us/op, 41986099.00 uJpkg_socket_0, 1121091.00 uJdram_socket_0, 35524750.00 uJcore_socket_0, 0.00 uJuncore_socket_0, 0.00 uJpsys_socket_0, 68.50 degCCpu_socket_0

// BeforeActualRun
WorkloadActual   1: 190320 op, 1002116465.00 ns, 5.2654 us/op, 42274917.00 uJpkg_socket_0, 1127622.00 uJdram_socket_0, 35795258.00 uJcore_socket_0, 0.00 uJuncore_socket_0, 0.00 uJpsys_socket_0, 68.00 degCCpu_socket_0
WorkloadActual   2: 190320 op, 1003712911.00 ns, 5.2738 us/op, 42321913.00 uJpkg_socket_0, 1151486.00 uJdram_socket_0, 35856536.00 uJcore_socket_0, 0.00 uJuncore_socket_0, 0.00 uJpsys_socket_0, 67.50 degCCpu_socket_0
WorkloadActual   3: 190320 op, 1003667904.00 ns, 5.2736 us/op, 42351271.00 uJpkg_socket_0, 1152463.00 uJdram_socket_0, 35838531.00 uJcore_socket_0, 0.00 uJuncore_socket_0, 0.00 uJpsys_socket_0, 68.00 degCCpu_socket_0
WorkloadActual   4: 190320 op, 1004485117.00 ns, 5.2779 us/op, 42769300.00 uJpkg_socket_0, 1157224.00 uJdram_socket_0, 36252471.00 uJcore_socket_0, 0.00 uJuncore_socket_0, 0.00 uJpsys_socket_0, 67.50 degCCpu_socket_0
WorkloadActual   5: 190320 op, 1003633378.00 ns, 5.2734 us/op, 42479323.00 uJpkg_socket_0, 1153439.00 uJdram_socket_0, 35963592.00 uJcore_socket_0, 0.00 uJuncore_socket_0, 0.00 uJpsys_socket_0, 67.00 degCCpu_socket_0
WorkloadActual   6: 190320 op, 1002562162.00 ns, 5.2678 us/op, 42421583.00 uJpkg_socket_0, 1144467.00 uJdram_socket_0, 35919708.00 uJcore_socket_0, 0.00 uJuncore_socket_0, 0.00 uJpsys_socket_0, 68.00 degCCpu_socket_0
WorkloadActual   7: 190320 op, 1002590863.00 ns, 5.2679 us/op, 42396009.00 uJpkg_socket_0, 1141538.00 uJdram_socket_0, 35932769.00 uJcore_socket_0, 0.00 uJuncore_socket_0, 0.00 uJpsys_socket_0, 68.00 degCCpu_socket_0
WorkloadActual   8: 190320 op, 1002443463.00 ns, 5.2671 us/op, 42369947.00 uJpkg_socket_0, 1142148.00 uJdram_socket_0, 35898773.00 uJcore_socket_0, 0.00 uJuncore_socket_0, 0.00 uJpsys_socket_0, 68.00 degCCpu_socket_0
WorkloadActual   9: 190320 op, 1002748904.00 ns, 5.2688 us/op, 42446547.00 uJpkg_socket_0, 1143430.00 uJdram_socket_0, 35943755.00 uJcore_socket_0, 0.00 uJuncore_socket_0, 0.00 uJpsys_socket_0, 68.00 degCCpu_socket_0
WorkloadActual  10: 190320 op, 1002928843.00 ns, 5.2697 us/op, 42460646.00 uJpkg_socket_0, 1144101.00 uJdram_socket_0, 35962493.00 uJcore_socket_0, 0.00 uJuncore_socket_0, 0.00 uJpsys_socket_0, 68.00 degCCpu_socket_0
WorkloadActual  11: 190320 op, 1002418872.00 ns, 5.2670 us/op, 42379042.00 uJpkg_socket_0, 1142515.00 uJdram_socket_0, 35868194.00 uJcore_socket_0, 0.00 uJuncore_socket_0, 0.00 uJpsys_socket_0, 68.50 degCCpu_socket_0
WorkloadActual  12: 190320 op, 1002366508.00 ns, 5.2667 us/op, 42388319.00 uJpkg_socket_0, 1142820.00 uJdram_socket_0, 35874420.00 uJcore_socket_0, 0.00 uJuncore_socket_0, 0.00 uJpsys_socket_0, 68.00 degCCpu_socket_0
WorkloadActual  13: 190320 op, 1002299115.00 ns, 5.2664 us/op, 42333632.00 uJpkg_socket_0, 1142819.00 uJdram_socket_0, 35821197.00 uJcore_socket_0, 0.00 uJuncore_socket_0, 0.00 uJpsys_socket_0, 68.00 degCCpu_socket_0
WorkloadActual  14: 190320 op, 1002316362.00 ns, 5.2665 us/op, 42327040.00 uJpkg_socket_0, 1142514.00 uJdram_socket_0, 35855988.00 uJcore_socket_0, 0.00 uJuncore_socket_0, 0.00 uJpsys_socket_0, 68.50 degCCpu_socket_0
WorkloadActual  15: 190320 op, 1002633571.00 ns, 5.2681 us/op, 42420058.00 uJpkg_socket_0, 1142819.00 uJdram_socket_0, 35918975.00 uJcore_socket_0, 0.00 uJuncore_socket_0, 0.00 uJpsys_socket_0, 68.00 degCCpu_socket_0

// AfterActualRun
WorkloadResult   1: 190320 op, 1001530151.00 ns, 5.2623 us/op, 42274917.00 uJpkg_socket_0, 1127622.00 uJdram_socket_0, 35795258.00 uJcore_socket_0, 0.00 uJuncore_socket_0, 0.00 uJpsys_socket_0, 68.00 degCCpu_socket_0
WorkloadResult   2: 190320 op, 1003126597.00 ns, 5.2707 us/op, 42321913.00 uJpkg_socket_0, 1151486.00 uJdram_socket_0, 35856536.00 uJcore_socket_0, 0.00 uJuncore_socket_0, 0.00 uJpsys_socket_0, 67.50 degCCpu_socket_0
WorkloadResult   3: 190320 op, 1003081590.00 ns, 5.2705 us/op, 42351271.00 uJpkg_socket_0, 1152463.00 uJdram_socket_0, 35838531.00 uJcore_socket_0, 0.00 uJuncore_socket_0, 0.00 uJpsys_socket_0, 68.00 degCCpu_socket_0
WorkloadResult   4: 190320 op, 1003898803.00 ns, 5.2748 us/op, 42769300.00 uJpkg_socket_0, 1157224.00 uJdram_socket_0, 36252471.00 uJcore_socket_0, 0.00 uJuncore_socket_0, 0.00 uJpsys_socket_0, 67.50 degCCpu_socket_0
WorkloadResult   5: 190320 op, 1003047064.00 ns, 5.2703 us/op, 42479323.00 uJpkg_socket_0, 1153439.00 uJdram_socket_0, 35963592.00 uJcore_socket_0, 0.00 uJuncore_socket_0, 0.00 uJpsys_socket_0, 67.00 degCCpu_socket_0
WorkloadResult   6: 190320 op, 1001975848.00 ns, 5.2647 us/op, 42421583.00 uJpkg_socket_0, 1144467.00 uJdram_socket_0, 35919708.00 uJcore_socket_0, 0.00 uJuncore_socket_0, 0.00 uJpsys_socket_0, 68.00 degCCpu_socket_0
WorkloadResult   7: 190320 op, 1002004549.00 ns, 5.2648 us/op, 42396009.00 uJpkg_socket_0, 1141538.00 uJdram_socket_0, 35932769.00 uJcore_socket_0, 0.00 uJuncore_socket_0, 0.00 uJpsys_socket_0, 68.00 degCCpu_socket_0
WorkloadResult   8: 190320 op, 1001857149.00 ns, 5.2641 us/op, 42369947.00 uJpkg_socket_0, 1142148.00 uJdram_socket_0, 35898773.00 uJcore_socket_0, 0.00 uJuncore_socket_0, 0.00 uJpsys_socket_0, 68.00 degCCpu_socket_0
WorkloadResult   9: 190320 op, 1002162590.00 ns, 5.2657 us/op, 42446547.00 uJpkg_socket_0, 1143430.00 uJdram_socket_0, 35943755.00 uJcore_socket_0, 0.00 uJuncore_socket_0, 0.00 uJpsys_socket_0, 68.00 degCCpu_socket_0
WorkloadResult  10: 190320 op, 1002342529.00 ns, 5.2666 us/op, 42460646.00 uJpkg_socket_0, 1144101.00 uJdram_socket_0, 35962493.00 uJcore_socket_0, 0.00 uJuncore_socket_0, 0.00 uJpsys_socket_0, 68.00 degCCpu_socket_0
WorkloadResult  11: 190320 op, 1001832558.00 ns, 5.2639 us/op, 42379042.00 uJpkg_socket_0, 1142515.00 uJdram_socket_0, 35868194.00 uJcore_socket_0, 0.00 uJuncore_socket_0, 0.00 uJpsys_socket_0, 68.50 degCCpu_socket_0
WorkloadResult  12: 190320 op, 1001780194.00 ns, 5.2637 us/op, 42388319.00 uJpkg_socket_0, 1142820.00 uJdram_socket_0, 35874420.00 uJcore_socket_0, 0.00 uJuncore_socket_0, 0.00 uJpsys_socket_0, 68.00 degCCpu_socket_0
WorkloadResult  13: 190320 op, 1001712801.00 ns, 5.2633 us/op, 42333632.00 uJpkg_socket_0, 1142819.00 uJdram_socket_0, 35821197.00 uJcore_socket_0, 0.00 uJuncore_socket_0, 0.00 uJpsys_socket_0, 68.00 degCCpu_socket_0
WorkloadResult  14: 190320 op, 1001730048.00 ns, 5.2634 us/op, 42327040.00 uJpkg_socket_0, 1142514.00 uJdram_socket_0, 35855988.00 uJcore_socket_0, 0.00 uJuncore_socket_0, 0.00 uJpsys_socket_0, 68.50 degCCpu_socket_0
WorkloadResult  15: 190320 op, 1002047257.00 ns, 5.2651 us/op, 42420058.00 uJpkg_socket_0, 1142819.00 uJdram_socket_0, 35918975.00 uJcore_socket_0, 0.00 uJuncore_socket_0, 0.00 uJpsys_socket_0, 68.00 degCCpu_socket_0

// AfterAll
// Benchmark Process 1058964 has exited with code 0.

Mean = 5.266 μs, StdErr = 0.001 μs (0.02%), N = 15, StdDev = 0.004 μs
Min = 5.262 μs, Q1 = 5.264 μs, Median = 5.265 μs, Q3 = 5.268 μs, Max = 5.275 μs
IQR = 0.005 μs, LowerFence = 5.257 μs, UpperFence = 5.275 μs
ConfidenceInterval = [5.262 μs; 5.270 μs] (CI 99.9%), Margin = 0.004 μs (0.07% of Mean)
Skewness = 0.98, Kurtosis = 2.65, MValue = 2

// ** Remained 6 (60.0 %) benchmark(s) to run. Estimated finish 2026-05-27 14:04 (0h 3m from now) **
// **************************
// Benchmark: SmokeBenchByte.Utf8Json_Deser: Energy(OutlierMode=DontRemove, IterationTime=1s)
// *** Execute ***
// Launch: 1 / 1
// Execute: dotnet JsonBench-Energy-1.dll --anonymousPipes 123 124 --benchmarkName JsonBench.Benchmarks.SmokeBenchByte.Utf8Json_Deser --job Energy --benchmarkId 4 in /home/test/json-energy-bench/JsonBench/bin/Release/net10.0/JsonBench-Energy-1/bin/Release/net10.0
// BeforeAnythingElse

// Benchmark Process Environment Information:
// BenchmarkDotNet v0.15.5-develop (2026-05-27)
// Runtime=.NET 10.0.8 (10.0.8, 10.0.826.23019), X64 RyuJIT x86-64-v3
// GC=Concurrent Workstation
// HardwareIntrinsics=AVX2+BMI1+BMI2+F16C+FMA+LZCNT+MOVBE,AVX,SSE3+SSSE3+SSE4.1+SSE4.2+POPCNT,X86Base+SSE+SSE2,AES+PCLMUL VectorSize=256
// Job: Energy(OutlierMode=DontRemove, IterationTime=1s)

Couldn't find Core RAPL device for socket 0: RAPLCantFindUncoreDevice
OverheadJitting  1: 1 op, 193656.00 ns, 193.6560 us/op, 67505.00 uJpkg_socket_0, 1160.00 uJdram_socket_0, 37353.00 uJcore_socket_0, 0.00 uJuncore_socket_0, 0.00 uJpsys_socket_0, 56.50 degCCpu_socket_0
WorkloadJitting  1: 1 op, 61586694.00 ns, 61.5867 ms/op, 2286981.00 uJpkg_socket_0, 70313.00 uJdram_socket_0, 1916926.00 uJcore_socket_0, 0.00 uJuncore_socket_0, 0.00 uJpsys_socket_0, 58.00 degCCpu_socket_0

Couldn't find Core RAPL device for socket 0: RAPLCantFindUncoreDevice
OverheadJitting  2: 16 op, 466318.00 ns, 29.1449 us/op, 0.00 uJpkg_socket_0, 0.00 uJdram_socket_0, 21179.00 uJcore_socket_0, 0.00 uJuncore_socket_0, 0.00 uJpsys_socket_0, 59.00 degCCpu_socket_0
WorkloadJitting  2: 16 op, 1312977.00 ns, 82.0611 us/op, 82519.00 uJpkg_socket_0, 1159.00 uJdram_socket_0, 54261.00 uJcore_socket_0, 0.00 uJuncore_socket_0, 0.00 uJpsys_socket_0, 59.00 degCCpu_socket_0

WorkloadPilot    1: 16 op, 747946.00 ns, 46.7466 us/op, 36743.00 uJpkg_socket_0, 1037.00 uJdram_socket_0, 30517.00 uJcore_socket_0, 0.00 uJuncore_socket_0, 0.00 uJpsys_socket_0, 59.50 degCCpu_socket_0
WorkloadPilot    2: 21392 op, 519176667.00 ns, 24.2697 us/op, 23624452.00 uJpkg_socket_0, 590758.00 uJdram_socket_0, 20281809.00 uJcore_socket_0, 0.00 uJuncore_socket_0, 0.00 uJpsys_socket_0, 66.00 degCCpu_socket_0
WorkloadPilot    3: 41216 op, 318881144.00 ns, 7.7368 us/op, 13984278.00 uJpkg_socket_0, 359191.00 uJdram_socket_0, 11920807.00 uJcore_socket_0, 0.00 uJuncore_socket_0, 0.00 uJpsys_socket_0, 69.00 degCCpu_socket_0
WorkloadPilot    4: 129264 op, 995849782.00 ns, 7.7040 us/op, 43763865.00 uJpkg_socket_0, 1119627.00 uJdram_socket_0, 37280788.00 uJcore_socket_0, 0.00 uJuncore_socket_0, 0.00 uJpsys_socket_0, 69.50 degCCpu_socket_0
WorkloadPilot    5: 129808 op, 997811394.00 ns, 7.6868 us/op, 43714488.00 uJpkg_socket_0, 1119443.00 uJdram_socket_0, 37252713.00 uJcore_socket_0, 0.00 uJuncore_socket_0, 0.00 uJpsys_socket_0, 71.00 degCCpu_socket_0
WorkloadPilot    6: 130096 op, 1001113531.00 ns, 7.6952 us/op, 44706367.00 uJpkg_socket_0, 1131528.00 uJdram_socket_0, 38203515.00 uJcore_socket_0, 0.00 uJuncore_socket_0, 0.00 uJpsys_socket_0, 69.00 degCCpu_socket_0
WorkloadPilot    7: 129952 op, 1002294045.00 ns, 7.7128 us/op, 44024850.00 uJpkg_socket_0, 1125424.00 uJdram_socket_0, 37556849.00 uJcore_socket_0, 0.00 uJuncore_socket_0, 0.00 uJpsys_socket_0, 69.50 degCCpu_socket_0
WorkloadPilot    8: 129664 op, 996634741.00 ns, 7.6863 us/op, 43715953.00 uJpkg_socket_0, 1118466.00 uJdram_socket_0, 37295375.00 uJcore_socket_0, 0.00 uJuncore_socket_0, 0.00 uJpsys_socket_0, 69.50 degCCpu_socket_0
WorkloadPilot    9: 130112 op, 1000388388.00 ns, 7.6887 us/op, 43827707.00 uJpkg_socket_0, 1124753.00 uJdram_socket_0, 37330044.00 uJcore_socket_0, 0.00 uJuncore_socket_0, 0.00 uJpsys_socket_0, 70.00 degCCpu_socket_0

OverheadWarmup   1: 130112 op, 411337.00 ns, 3.1614 ns/op, 46814.00 uJpkg_socket_0, 1648.00 uJdram_socket_0, 23742.00 uJcore_socket_0, 0.00 uJuncore_socket_0, 0.00 uJpsys_socket_0, 66.50 degCCpu_socket_0
OverheadWarmup   2: 130112 op, 409346.00 ns, 3.1461 ns/op, 0.00 uJpkg_socket_0, 0.00 uJdram_socket_0, 16662.00 uJcore_socket_0, 0.00 uJuncore_socket_0, 0.00 uJpsys_socket_0, 64.50 degCCpu_socket_0
OverheadWarmup   3: 130112 op, 410289.00 ns, 3.1534 ns/op, 41992.00 uJpkg_socket_0, 1342.00 uJdram_socket_0, 19958.00 uJcore_socket_0, 0.00 uJuncore_socket_0, 0.00 uJpsys_socket_0, 64.00 degCCpu_socket_0
OverheadWarmup   4: 130112 op, 370840.00 ns, 2.8502 ns/op, 41504.00 uJpkg_socket_0, 1160.00 uJdram_socket_0, 15686.00 uJcore_socket_0, 0.00 uJuncore_socket_0, 0.00 uJpsys_socket_0, 64.00 degCCpu_socket_0
OverheadWarmup   5: 130112 op, 374044.00 ns, 2.8748 ns/op, 0.00 uJpkg_socket_0, 1221.00 uJdram_socket_0, 16174.00 uJcore_socket_0, 0.00 uJuncore_socket_0, 0.00 uJpsys_socket_0, 64.00 degCCpu_socket_0
OverheadWarmup   6: 130112 op, 378078.00 ns, 2.9058 ns/op, 0.00 uJpkg_socket_0, 0.00 uJdram_socket_0, 16907.00 uJcore_socket_0, 0.00 uJuncore_socket_0, 0.00 uJpsys_socket_0, 63.50 degCCpu_socket_0
OverheadWarmup   7: 130112 op, 406583.00 ns, 3.1249 ns/op, 42114.00 uJpkg_socket_0, 1160.00 uJdram_socket_0, 18432.00 uJcore_socket_0, 0.00 uJuncore_socket_0, 0.00 uJpsys_socket_0, 63.00 degCCpu_socket_0
OverheadWarmup   8: 130112 op, 372552.00 ns, 2.8633 ns/op, 0.00 uJpkg_socket_0, 0.00 uJdram_socket_0, 21179.00 uJcore_socket_0, 0.00 uJuncore_socket_0, 0.00 uJpsys_socket_0, 62.50 degCCpu_socket_0

OverheadActual   1: 130112 op, 374204.00 ns, 2.8760 ns/op, 0.00 uJpkg_socket_0, 0.00 uJdram_socket_0, 17883.00 uJcore_socket_0, 0.00 uJuncore_socket_0, 0.00 uJpsys_socket_0, 61.50 degCCpu_socket_0
OverheadActual   2: 130112 op, 372557.00 ns, 2.8634 ns/op, 0.00 uJpkg_socket_0, 0.00 uJdram_socket_0, 17761.00 uJcore_socket_0, 0.00 uJuncore_socket_0, 0.00 uJpsys_socket_0, 61.00 degCCpu_socket_0
OverheadActual   3: 130112 op, 410811.00 ns, 3.1574 ns/op, 0.00 uJpkg_socket_0, 0.00 uJdram_socket_0, 16479.00 uJcore_socket_0, 0.00 uJuncore_socket_0, 0.00 uJpsys_socket_0, 62.00 degCCpu_socket_0
OverheadActual   4: 130112 op, 369000.00 ns, 2.8360 ns/op, 40406.00 uJpkg_socket_0, 1160.00 uJdram_socket_0, 17029.00 uJcore_socket_0, 0.00 uJuncore_socket_0, 0.00 uJpsys_socket_0, 62.00 degCCpu_socket_0
OverheadActual   5: 130112 op, 372219.00 ns, 2.8608 ns/op, 0.00 uJpkg_socket_0, 0.00 uJdram_socket_0, 18737.00 uJcore_socket_0, 0.00 uJuncore_socket_0, 0.00 uJpsys_socket_0, 62.50 degCCpu_socket_0
OverheadActual   6: 130112 op, 377692.00 ns, 2.9028 ns/op, 43395.00 uJpkg_socket_0, 1160.00 uJdram_socket_0, 19165.00 uJcore_socket_0, 0.00 uJuncore_socket_0, 0.00 uJpsys_socket_0, 63.00 degCCpu_socket_0
OverheadActual   7: 130112 op, 372757.00 ns, 2.8649 ns/op, 0.00 uJpkg_socket_0, 0.00 uJdram_socket_0, 17151.00 uJcore_socket_0, 0.00 uJuncore_socket_0, 0.00 uJpsys_socket_0, 61.50 degCCpu_socket_0
OverheadActual   8: 130112 op, 375607.00 ns, 2.8868 ns/op, 0.00 uJpkg_socket_0, 0.00 uJdram_socket_0, 17761.00 uJcore_socket_0, 0.00 uJuncore_socket_0, 0.00 uJpsys_socket_0, 62.00 degCCpu_socket_0
OverheadActual   9: 130112 op, 373223.00 ns, 2.8685 ns/op, 37903.00 uJpkg_socket_0, 1159.00 uJdram_socket_0, 14832.00 uJcore_socket_0, 0.00 uJuncore_socket_0, 0.00 uJpsys_socket_0, 61.00 degCCpu_socket_0
OverheadActual  10: 130112 op, 372170.00 ns, 2.8604 ns/op, 0.00 uJpkg_socket_0, 0.00 uJdram_socket_0, 17456.00 uJcore_socket_0, 0.00 uJuncore_socket_0, 0.00 uJpsys_socket_0, 61.50 degCCpu_socket_0
OverheadActual  11: 130112 op, 374528.00 ns, 2.8785 ns/op, 0.00 uJpkg_socket_0, 0.00 uJdram_socket_0, 19714.00 uJcore_socket_0, 0.00 uJuncore_socket_0, 0.00 uJpsys_socket_0, 62.00 degCCpu_socket_0
OverheadActual  12: 130112 op, 376113.00 ns, 2.8907 ns/op, 42175.00 uJpkg_socket_0, 1159.00 uJdram_socket_0, 18005.00 uJcore_socket_0, 0.00 uJuncore_socket_0, 0.00 uJpsys_socket_0, 61.00 degCCpu_socket_0
OverheadActual  13: 130112 op, 370934.00 ns, 2.8509 ns/op, 41504.00 uJpkg_socket_0, 1099.00 uJdram_socket_0, 17761.00 uJcore_socket_0, 0.00 uJuncore_socket_0, 0.00 uJpsys_socket_0, 61.50 degCCpu_socket_0
OverheadActual  14: 130112 op, 372630.00 ns, 2.8639 ns/op, 0.00 uJpkg_socket_0, 0.00 uJdram_socket_0, 18920.00 uJcore_socket_0, 0.00 uJuncore_socket_0, 0.00 uJpsys_socket_0, 61.00 degCCpu_socket_0
OverheadActual  15: 130112 op, 405381.00 ns, 3.1156 ns/op, 38696.00 uJpkg_socket_0, 0.00 uJdram_socket_0, 19897.00 uJcore_socket_0, 0.00 uJuncore_socket_0, 0.00 uJpsys_socket_0, 61.00 degCCpu_socket_0

WorkloadWarmup   1: 130112 op, 1005342258.00 ns, 7.7267 us/op, 45361212.00 uJpkg_socket_0, 1135740.00 uJdram_socket_0, 38848960.00 uJcore_socket_0, 0.00 uJuncore_socket_0, 0.00 uJpsys_socket_0, 66.00 degCCpu_socket_0
WorkloadWarmup   2: 130112 op, 1003106758.00 ns, 7.7096 us/op, 43845713.00 uJpkg_socket_0, 1126218.00 uJdram_socket_0, 37367458.00 uJcore_socket_0, 0.00 uJuncore_socket_0, 0.00 uJpsys_socket_0, 69.50 degCCpu_socket_0
WorkloadWarmup   3: 130112 op, 1000321367.00 ns, 7.6882 us/op, 43727915.00 uJpkg_socket_0, 1119809.00 uJdram_socket_0, 37277370.00 uJcore_socket_0, 0.00 uJuncore_socket_0, 0.00 uJpsys_socket_0, 70.00 degCCpu_socket_0
WorkloadWarmup   4: 130112 op, 1000082609.00 ns, 7.6863 us/op, 43758494.00 uJpkg_socket_0, 1121518.00 uJdram_socket_0, 37294460.00 uJcore_socket_0, 0.00 uJuncore_socket_0, 0.00 uJpsys_socket_0, 69.50 degCCpu_socket_0
WorkloadWarmup   5: 130112 op, 999675405.00 ns, 7.6832 us/op, 43710398.00 uJpkg_socket_0, 1121030.00 uJdram_socket_0, 37235195.00 uJcore_socket_0, 0.00 uJuncore_socket_0, 0.00 uJpsys_socket_0, 70.00 degCCpu_socket_0
WorkloadWarmup   6: 130112 op, 999899063.00 ns, 7.6849 us/op, 43775706.00 uJpkg_socket_0, 1120725.00 uJdram_socket_0, 37265652.00 uJcore_socket_0, 0.00 uJuncore_socket_0, 0.00 uJpsys_socket_0, 70.50 degCCpu_socket_0
WorkloadWarmup   7: 130112 op, 999170325.00 ns, 7.6793 us/op, 43682322.00 uJpkg_socket_0, 1119565.00 uJdram_socket_0, 37231472.00 uJcore_socket_0, 0.00 uJuncore_socket_0, 0.00 uJpsys_socket_0, 70.00 degCCpu_socket_0
WorkloadWarmup   8: 130112 op, 1002249453.00 ns, 7.7030 us/op, 43831552.00 uJpkg_socket_0, 1123654.00 uJdram_socket_0, 37360988.00 uJcore_socket_0, 0.00 uJuncore_socket_0, 0.00 uJpsys_socket_0, 69.50 degCCpu_socket_0
WorkloadWarmup   9: 130112 op, 1001093725.00 ns, 7.6941 us/op, 43785715.00 uJpkg_socket_0, 1122739.00 uJdram_socket_0, 37320400.00 uJcore_socket_0, 0.00 uJuncore_socket_0, 0.00 uJpsys_socket_0, 70.50 degCCpu_socket_0

// BeforeActualRun
WorkloadActual   1: 130112 op, 1002330645.00 ns, 7.7036 us/op, 44091623.00 uJpkg_socket_0, 1126950.00 uJdram_socket_0, 37626064.00 uJcore_socket_0, 0.00 uJuncore_socket_0, 0.00 uJpsys_socket_0, 69.50 degCCpu_socket_0
WorkloadActual   2: 130112 op, 1001938791.00 ns, 7.7006 us/op, 43804392.00 uJpkg_socket_0, 1137571.00 uJdram_socket_0, 37317165.00 uJcore_socket_0, 0.00 uJuncore_socket_0, 0.00 uJpsys_socket_0, 70.00 degCCpu_socket_0
WorkloadActual   3: 130112 op, 1001041957.00 ns, 7.6937 us/op, 43815806.00 uJpkg_socket_0, 1137205.00 uJdram_socket_0, 37302333.00 uJcore_socket_0, 0.00 uJuncore_socket_0, 0.00 uJpsys_socket_0, 69.50 degCCpu_socket_0
WorkloadActual   4: 130112 op, 1004274672.00 ns, 7.7185 us/op, 43923838.00 uJpkg_socket_0, 1140989.00 uJdram_socket_0, 37392116.00 uJcore_socket_0, 0.00 uJuncore_socket_0, 0.00 uJpsys_socket_0, 69.00 degCCpu_socket_0
WorkloadActual   5: 130112 op, 1002032270.00 ns, 7.7013 us/op, 43811045.00 uJpkg_socket_0, 1136899.00 uJdram_socket_0, 37327053.00 uJcore_socket_0, 0.00 uJuncore_socket_0, 0.00 uJpsys_socket_0, 70.00 degCCpu_socket_0
WorkloadActual   6: 130112 op, 1002001410.00 ns, 7.7011 us/op, 43817942.00 uJpkg_socket_0, 1136777.00 uJdram_socket_0, 37332301.00 uJcore_socket_0, 0.00 uJuncore_socket_0, 0.00 uJpsys_socket_0, 70.00 degCCpu_socket_0
WorkloadActual   7: 130112 op, 1002111972.00 ns, 7.7019 us/op, 44097116.00 uJpkg_socket_0, 1139523.00 uJdram_socket_0, 37622157.00 uJcore_socket_0, 0.00 uJuncore_socket_0, 0.00 uJpsys_socket_0, 69.50 degCCpu_socket_0
WorkloadActual   8: 130112 op, 1002531811.00 ns, 7.7051 us/op, 43845225.00 uJpkg_socket_0, 1137021.00 uJdram_socket_0, 37383876.00 uJcore_socket_0, 0.00 uJuncore_socket_0, 0.00 uJpsys_socket_0, 70.00 degCCpu_socket_0
WorkloadActual   9: 130112 op, 1004343049.00 ns, 7.7191 us/op, 43913339.00 uJpkg_socket_0, 1138486.00 uJdram_socket_0, 37430080.00 uJcore_socket_0, 0.00 uJuncore_socket_0, 0.00 uJpsys_socket_0, 70.00 degCCpu_socket_0
WorkloadActual  10: 130112 op, 1001743382.00 ns, 7.6991 us/op, 43829599.00 uJpkg_socket_0, 1141049.00 uJdram_socket_0, 37336148.00 uJcore_socket_0, 0.00 uJuncore_socket_0, 0.00 uJpsys_socket_0, 70.00 degCCpu_socket_0
WorkloadActual  11: 130112 op, 1004496930.00 ns, 7.7202 us/op, 43921396.00 uJpkg_socket_0, 1142820.00 uJdram_socket_0, 37403041.00 uJcore_socket_0, 0.00 uJuncore_socket_0, 0.00 uJpsys_socket_0, 69.50 degCCpu_socket_0
WorkloadActual  12: 130112 op, 1001563502.00 ns, 7.6977 us/op, 43803782.00 uJpkg_socket_0, 1140012.00 uJdram_socket_0, 37305080.00 uJcore_socket_0, 0.00 uJuncore_socket_0, 0.00 uJpsys_socket_0, 70.50 degCCpu_socket_0
WorkloadActual  13: 130112 op, 1001304472.00 ns, 7.6957 us/op, 43774363.00 uJpkg_socket_0, 1138547.00 uJdram_socket_0, 37309597.00 uJcore_socket_0, 0.00 uJuncore_socket_0, 0.00 uJpsys_socket_0, 70.50 degCCpu_socket_0
WorkloadActual  14: 130112 op, 1002265952.00 ns, 7.7031 us/op, 43844553.00 uJpkg_socket_0, 1140561.00 uJdram_socket_0, 37369411.00 uJcore_socket_0, 0.00 uJuncore_socket_0, 0.00 uJpsys_socket_0, 70.00 degCCpu_socket_0
WorkloadActual  15: 130112 op, 1002766877.00 ns, 7.7070 us/op, 43862986.00 uJpkg_socket_0, 1140683.00 uJdram_socket_0, 37368252.00 uJcore_socket_0, 0.00 uJuncore_socket_0, 0.00 uJpsys_socket_0, 70.50 degCCpu_socket_0

// AfterActualRun
WorkloadResult   1: 130112 op, 1001957422.00 ns, 7.7007 us/op, 44091623.00 uJpkg_socket_0, 1126950.00 uJdram_socket_0, 37626064.00 uJcore_socket_0, 0.00 uJuncore_socket_0, 0.00 uJpsys_socket_0, 69.50 degCCpu_socket_0
WorkloadResult   2: 130112 op, 1001565568.00 ns, 7.6977 us/op, 43804392.00 uJpkg_socket_0, 1137571.00 uJdram_socket_0, 37317165.00 uJcore_socket_0, 0.00 uJuncore_socket_0, 0.00 uJpsys_socket_0, 70.00 degCCpu_socket_0
WorkloadResult   3: 130112 op, 1000668734.00 ns, 7.6908 us/op, 43815806.00 uJpkg_socket_0, 1137205.00 uJdram_socket_0, 37302333.00 uJcore_socket_0, 0.00 uJuncore_socket_0, 0.00 uJpsys_socket_0, 69.50 degCCpu_socket_0
WorkloadResult   4: 130112 op, 1003901449.00 ns, 7.7157 us/op, 43923838.00 uJpkg_socket_0, 1140989.00 uJdram_socket_0, 37392116.00 uJcore_socket_0, 0.00 uJuncore_socket_0, 0.00 uJpsys_socket_0, 69.00 degCCpu_socket_0
WorkloadResult   5: 130112 op, 1001659047.00 ns, 7.6984 us/op, 43811045.00 uJpkg_socket_0, 1136899.00 uJdram_socket_0, 37327053.00 uJcore_socket_0, 0.00 uJuncore_socket_0, 0.00 uJpsys_socket_0, 70.00 degCCpu_socket_0
WorkloadResult   6: 130112 op, 1001628187.00 ns, 7.6982 us/op, 43817942.00 uJpkg_socket_0, 1136777.00 uJdram_socket_0, 37332301.00 uJcore_socket_0, 0.00 uJuncore_socket_0, 0.00 uJpsys_socket_0, 70.00 degCCpu_socket_0
WorkloadResult   7: 130112 op, 1001738749.00 ns, 7.6990 us/op, 44097116.00 uJpkg_socket_0, 1139523.00 uJdram_socket_0, 37622157.00 uJcore_socket_0, 0.00 uJuncore_socket_0, 0.00 uJpsys_socket_0, 69.50 degCCpu_socket_0
WorkloadResult   8: 130112 op, 1002158588.00 ns, 7.7023 us/op, 43845225.00 uJpkg_socket_0, 1137021.00 uJdram_socket_0, 37383876.00 uJcore_socket_0, 0.00 uJuncore_socket_0, 0.00 uJpsys_socket_0, 70.00 degCCpu_socket_0
WorkloadResult   9: 130112 op, 1003969826.00 ns, 7.7162 us/op, 43913339.00 uJpkg_socket_0, 1138486.00 uJdram_socket_0, 37430080.00 uJcore_socket_0, 0.00 uJuncore_socket_0, 0.00 uJpsys_socket_0, 70.00 degCCpu_socket_0
WorkloadResult  10: 130112 op, 1001370159.00 ns, 7.6962 us/op, 43829599.00 uJpkg_socket_0, 1141049.00 uJdram_socket_0, 37336148.00 uJcore_socket_0, 0.00 uJuncore_socket_0, 0.00 uJpsys_socket_0, 70.00 degCCpu_socket_0
WorkloadResult  11: 130112 op, 1004123707.00 ns, 7.7174 us/op, 43921396.00 uJpkg_socket_0, 1142820.00 uJdram_socket_0, 37403041.00 uJcore_socket_0, 0.00 uJuncore_socket_0, 0.00 uJpsys_socket_0, 69.50 degCCpu_socket_0
WorkloadResult  12: 130112 op, 1001190279.00 ns, 7.6948 us/op, 43803782.00 uJpkg_socket_0, 1140012.00 uJdram_socket_0, 37305080.00 uJcore_socket_0, 0.00 uJuncore_socket_0, 0.00 uJpsys_socket_0, 70.50 degCCpu_socket_0
WorkloadResult  13: 130112 op, 1000931249.00 ns, 7.6928 us/op, 43774363.00 uJpkg_socket_0, 1138547.00 uJdram_socket_0, 37309597.00 uJcore_socket_0, 0.00 uJuncore_socket_0, 0.00 uJpsys_socket_0, 70.50 degCCpu_socket_0
WorkloadResult  14: 130112 op, 1001892729.00 ns, 7.7002 us/op, 43844553.00 uJpkg_socket_0, 1140561.00 uJdram_socket_0, 37369411.00 uJcore_socket_0, 0.00 uJuncore_socket_0, 0.00 uJpsys_socket_0, 70.00 degCCpu_socket_0
WorkloadResult  15: 130112 op, 1002393654.00 ns, 7.7041 us/op, 43862986.00 uJpkg_socket_0, 1140683.00 uJdram_socket_0, 37368252.00 uJcore_socket_0, 0.00 uJuncore_socket_0, 0.00 uJpsys_socket_0, 70.50 degCCpu_socket_0

// AfterAll
// Benchmark Process 1058979 has exited with code 0.

Mean = 7.702 μs, StdErr = 0.002 μs (0.03%), N = 15, StdDev = 0.008 μs
Min = 7.691 μs, Q1 = 7.697 μs, Median = 7.699 μs, Q3 = 7.703 μs, Max = 7.717 μs
IQR = 0.006 μs, LowerFence = 7.688 μs, UpperFence = 7.712 μs
ConfidenceInterval = [7.693 μs; 7.711 μs] (CI 99.9%), Margin = 0.009 μs (0.12% of Mean)
Skewness = 0.82, Kurtosis = 2.29, MValue = 2

// ** Remained 5 (50.0 %) benchmark(s) to run. Estimated finish 2026-05-27 14:04 (0h 2m from now) **
// **************************
// Benchmark: SmokeBenchByte.STJRefGen_Ser: Energy(OutlierMode=DontRemove, IterationTime=1s)
// *** Execute ***
// Launch: 1 / 1
// Execute: dotnet JsonBench-Energy-1.dll --anonymousPipes 123 124 --benchmarkName JsonBench.Benchmarks.SmokeBenchByte.STJRefGen_Ser --job Energy --benchmarkId 5 in /home/test/json-energy-bench/JsonBench/bin/Release/net10.0/JsonBench-Energy-1/bin/Release/net10.0
// BeforeAnythingElse

// Benchmark Process Environment Information:
// BenchmarkDotNet v0.15.5-develop (2026-05-27)
// Runtime=.NET 10.0.8 (10.0.8, 10.0.826.23019), X64 RyuJIT x86-64-v3
// GC=Concurrent Workstation
// HardwareIntrinsics=AVX2+BMI1+BMI2+F16C+FMA+LZCNT+MOVBE,AVX,SSE3+SSSE3+SSE4.1+SSE4.2+POPCNT,X86Base+SSE+SSE2,AES+PCLMUL VectorSize=256
// Job: Energy(OutlierMode=DontRemove, IterationTime=1s)

Couldn't find Core RAPL device for socket 0: RAPLCantFindUncoreDevice
OverheadJitting  1: 1 op, 236539.00 ns, 236.5390 us/op, 63111.00 uJpkg_socket_0, 2259.00 uJdram_socket_0, 42358.00 uJcore_socket_0, 0.00 uJuncore_socket_0, 0.00 uJpsys_socket_0, 57.00 degCCpu_socket_0
WorkloadJitting  1: 1 op, 2813021.00 ns, 2.8130 ms/op, 153381.00 uJpkg_socket_0, 3479.00 uJdram_socket_0, 96863.00 uJcore_socket_0, 0.00 uJuncore_socket_0, 0.00 uJpsys_socket_0, 57.50 degCCpu_socket_0

Couldn't find Core RAPL device for socket 0: RAPLCantFindUncoreDevice
OverheadJitting  2: 16 op, 491684.00 ns, 30.7303 us/op, 0.00 uJpkg_socket_0, 0.00 uJdram_socket_0, 27893.00 uJcore_socket_0, 0.00 uJuncore_socket_0, 0.00 uJpsys_socket_0, 57.00 degCCpu_socket_0
WorkloadJitting  2: 16 op, 706006.00 ns, 44.1254 us/op, 51513.00 uJpkg_socket_0, 1220.00 uJdram_socket_0, 35644.00 uJcore_socket_0, 0.00 uJuncore_socket_0, 0.00 uJpsys_socket_0, 58.50 degCCpu_socket_0

WorkloadPilot    1: 16 op, 191024.00 ns, 11.9390 us/op, 0.00 uJpkg_socket_0, 0.00 uJdram_socket_0, 15442.00 uJcore_socket_0, 0.00 uJuncore_socket_0, 0.00 uJpsys_socket_0, 58.50 degCCpu_socket_0
WorkloadPilot    2: 83760 op, 615828912.00 ns, 7.3523 us/op, 28833971.00 uJpkg_socket_0, 699827.00 uJdram_socket_0, 24843259.00 uJcore_socket_0, 0.00 uJuncore_socket_0, 0.00 uJpsys_socket_0, 66.00 degCCpu_socket_0
WorkloadPilot    3: 136016 op, 500400367.00 ns, 3.6790 us/op, 22635379.00 uJpkg_socket_0, 561949.00 uJdram_socket_0, 19383923.00 uJcore_socket_0, 0.00 uJuncore_socket_0, 0.00 uJpsys_socket_0, 71.50 degCCpu_socket_0
WorkloadPilot    4: 271824 op, 994016861.00 ns, 3.6568 us/op, 45099921.00 uJpkg_socket_0, 1119015.00 uJdram_socket_0, 38672813.00 uJcore_socket_0, 0.00 uJuncore_socket_0, 0.00 uJpsys_socket_0, 71.00 degCCpu_socket_0
WorkloadPilot    5: 273472 op, 1005303312.00 ns, 3.6761 us/op, 45350531.00 uJpkg_socket_0, 1129209.00 uJdram_socket_0, 38863731.00 uJcore_socket_0, 0.00 uJuncore_socket_0, 0.00 uJpsys_socket_0, 71.00 degCCpu_socket_0
WorkloadPilot    6: 272032 op, 996617461.00 ns, 3.6636 us/op, 45943364.00 uJpkg_socket_0, 1127133.00 uJdram_socket_0, 39493368.00 uJcore_socket_0, 0.00 uJuncore_socket_0, 0.00 uJpsys_socket_0, 71.50 degCCpu_socket_0
WorkloadPilot    7: 272960 op, 996117680.00 ns, 3.6493 us/op, 45159675.00 uJpkg_socket_0, 1119138.00 uJdram_socket_0, 38724572.00 uJcore_socket_0, 0.00 uJuncore_socket_0, 0.00 uJpsys_socket_0, 72.00 degCCpu_socket_0
WorkloadPilot    8: 274032 op, 1000074046.00 ns, 3.6495 us/op, 45331427.00 uJpkg_socket_0, 1122800.00 uJdram_socket_0, 38863182.00 uJcore_socket_0, 0.00 uJuncore_socket_0, 0.00 uJpsys_socket_0, 73.00 degCCpu_socket_0
WorkloadPilot    9: 274016 op, 1000923052.00 ns, 3.6528 us/op, 45147833.00 uJpkg_socket_0, 1123044.00 uJdram_socket_0, 38676049.00 uJcore_socket_0, 0.00 uJuncore_socket_0, 0.00 uJpsys_socket_0, 71.50 degCCpu_socket_0

OverheadWarmup   1: 274016 op, 825566.00 ns, 3.0128 ns/op, 44861.00 uJpkg_socket_0, 1281.00 uJdram_socket_0, 43030.00 uJcore_socket_0, 0.00 uJuncore_socket_0, 0.00 uJpsys_socket_0, 68.00 degCCpu_socket_0
OverheadWarmup   2: 274016 op, 782570.00 ns, 2.8559 ns/op, 42358.00 uJpkg_socket_0, 1343.00 uJdram_socket_0, 32959.00 uJcore_socket_0, 0.00 uJuncore_socket_0, 0.00 uJpsys_socket_0, 67.00 degCCpu_socket_0
OverheadWarmup   3: 274016 op, 779582.00 ns, 2.8450 ns/op, 44128.00 uJpkg_socket_0, 1403.00 uJdram_socket_0, 34057.00 uJcore_socket_0, 0.00 uJuncore_socket_0, 0.00 uJpsys_socket_0, 67.00 degCCpu_socket_0
OverheadWarmup   4: 274016 op, 782279.00 ns, 2.8549 ns/op, 42847.00 uJpkg_socket_0, 1160.00 uJdram_socket_0, 33996.00 uJcore_socket_0, 0.00 uJuncore_socket_0, 0.00 uJpsys_socket_0, 66.50 degCCpu_socket_0
OverheadWarmup   5: 274016 op, 811317.00 ns, 2.9608 ns/op, 46570.00 uJpkg_socket_0, 1160.00 uJdram_socket_0, 36254.00 uJcore_socket_0, 0.00 uJuncore_socket_0, 0.00 uJpsys_socket_0, 66.00 degCCpu_socket_0
OverheadWarmup   6: 274016 op, 810157.00 ns, 2.9566 ns/op, 42419.00 uJpkg_socket_0, 1098.00 uJdram_socket_0, 35400.00 uJcore_socket_0, 0.00 uJuncore_socket_0, 0.00 uJpsys_socket_0, 65.50 degCCpu_socket_0
OverheadWarmup   7: 274016 op, 809118.00 ns, 2.9528 ns/op, 45654.00 uJpkg_socket_0, 1160.00 uJdram_socket_0, 37537.00 uJcore_socket_0, 0.00 uJuncore_socket_0, 0.00 uJpsys_socket_0, 65.50 degCCpu_socket_0
OverheadWarmup   8: 274016 op, 780268.00 ns, 2.8475 ns/op, 44250.00 uJpkg_socket_0, 1159.00 uJdram_socket_0, 37293.00 uJcore_socket_0, 0.00 uJuncore_socket_0, 0.00 uJpsys_socket_0, 65.00 degCCpu_socket_0
OverheadWarmup   9: 274016 op, 781743.00 ns, 2.8529 ns/op, 44067.00 uJpkg_socket_0, 1099.00 uJdram_socket_0, 36498.00 uJcore_socket_0, 0.00 uJuncore_socket_0, 0.00 uJpsys_socket_0, 65.00 degCCpu_socket_0
OverheadWarmup  10: 274016 op, 783146.00 ns, 2.8580 ns/op, 40039.00 uJpkg_socket_0, 1099.00 uJdram_socket_0, 30090.00 uJcore_socket_0, 0.00 uJuncore_socket_0, 0.00 uJpsys_socket_0, 65.00 degCCpu_socket_0

OverheadActual   1: 274016 op, 781794.00 ns, 2.8531 ns/op, 37171.00 uJpkg_socket_0, 1038.00 uJdram_socket_0, 35584.00 uJcore_socket_0, 0.00 uJuncore_socket_0, 0.00 uJpsys_socket_0, 63.00 degCCpu_socket_0
OverheadActual   2: 274016 op, 782816.00 ns, 2.8568 ns/op, 39063.00 uJpkg_socket_0, 1160.00 uJdram_socket_0, 33631.00 uJcore_socket_0, 0.00 uJuncore_socket_0, 0.00 uJpsys_socket_0, 63.00 degCCpu_socket_0
OverheadActual   3: 274016 op, 812550.00 ns, 2.9653 ns/op, 44616.00 uJpkg_socket_0, 1160.00 uJdram_socket_0, 33264.00 uJcore_socket_0, 0.00 uJuncore_socket_0, 0.00 uJpsys_socket_0, 63.00 degCCpu_socket_0
OverheadActual   4: 274016 op, 785029.00 ns, 2.8649 ns/op, 38391.00 uJpkg_socket_0, 1038.00 uJdram_socket_0, 33752.00 uJcore_socket_0, 0.00 uJuncore_socket_0, 0.00 uJpsys_socket_0, 63.00 degCCpu_socket_0
OverheadActual   5: 274016 op, 783557.00 ns, 2.8595 ns/op, 41809.00 uJpkg_socket_0, 1098.00 uJdram_socket_0, 31128.00 uJcore_socket_0, 0.00 uJuncore_socket_0, 0.00 uJpsys_socket_0, 63.50 degCCpu_socket_0
OverheadActual   6: 274016 op, 811963.00 ns, 2.9632 ns/op, 45105.00 uJpkg_socket_0, 1160.00 uJdram_socket_0, 35522.00 uJcore_socket_0, 0.00 uJuncore_socket_0, 0.00 uJpsys_socket_0, 63.50 degCCpu_socket_0
OverheadActual   7: 274016 op, 783065.00 ns, 2.8577 ns/op, 0.00 uJpkg_socket_0, 0.00 uJdram_socket_0, 32898.00 uJcore_socket_0, 0.00 uJuncore_socket_0, 0.00 uJpsys_socket_0, 64.50 degCCpu_socket_0
OverheadActual   8: 274016 op, 811357.00 ns, 2.9610 ns/op, 41687.00 uJpkg_socket_0, 1099.00 uJdram_socket_0, 32226.00 uJcore_socket_0, 0.00 uJuncore_socket_0, 0.00 uJpsys_socket_0, 64.50 degCCpu_socket_0
OverheadActual   9: 274016 op, 782602.00 ns, 2.8560 ns/op, 40284.00 uJpkg_socket_0, 1160.00 uJdram_socket_0, 33019.00 uJcore_socket_0, 0.00 uJuncore_socket_0, 0.00 uJpsys_socket_0, 64.00 degCCpu_socket_0
OverheadActual  10: 274016 op, 809461.00 ns, 2.9541 ns/op, 43152.00 uJpkg_socket_0, 1159.00 uJdram_socket_0, 34301.00 uJcore_socket_0, 0.00 uJuncore_socket_0, 0.00 uJpsys_socket_0, 64.00 degCCpu_socket_0
OverheadActual  11: 274016 op, 783036.00 ns, 2.8576 ns/op, 40710.00 uJpkg_socket_0, 1037.00 uJdram_socket_0, 34546.00 uJcore_socket_0, 0.00 uJuncore_socket_0, 0.00 uJpsys_socket_0, 63.50 degCCpu_socket_0
OverheadActual  12: 274016 op, 795256.00 ns, 2.9022 ns/op, 43091.00 uJpkg_socket_0, 1099.00 uJdram_socket_0, 37048.00 uJcore_socket_0, 0.00 uJuncore_socket_0, 0.00 uJpsys_socket_0, 63.50 degCCpu_socket_0
OverheadActual  13: 274016 op, 780281.00 ns, 2.8476 ns/op, 39734.00 uJpkg_socket_0, 0.00 uJdram_socket_0, 31616.00 uJcore_socket_0, 0.00 uJuncore_socket_0, 0.00 uJpsys_socket_0, 64.00 degCCpu_socket_0
OverheadActual  14: 274016 op, 812216.00 ns, 2.9641 ns/op, 42603.00 uJpkg_socket_0, 1160.00 uJdram_socket_0, 33752.00 uJcore_socket_0, 0.00 uJuncore_socket_0, 0.00 uJpsys_socket_0, 64.50 degCCpu_socket_0
OverheadActual  15: 274016 op, 811309.00 ns, 2.9608 ns/op, 43518.00 uJpkg_socket_0, 1099.00 uJdram_socket_0, 32653.00 uJcore_socket_0, 0.00 uJuncore_socket_0, 0.00 uJpsys_socket_0, 64.00 degCCpu_socket_0

WorkloadWarmup   1: 274016 op, 1005684050.00 ns, 3.6702 us/op, 46685488.00 uJpkg_socket_0, 1136227.00 uJdram_socket_0, 40184712.00 uJcore_socket_0, 0.00 uJuncore_socket_0, 0.00 uJpsys_socket_0, 67.50 degCCpu_socket_0
WorkloadWarmup   2: 274016 op, 1001459019.00 ns, 3.6547 us/op, 45164863.00 uJpkg_socket_0, 1124082.00 uJdram_socket_0, 38667320.00 uJcore_socket_0, 0.00 uJuncore_socket_0, 0.00 uJpsys_socket_0, 71.00 degCCpu_socket_0
WorkloadWarmup   3: 274016 op, 1007332124.00 ns, 3.6762 us/op, 45387701.00 uJpkg_socket_0, 1129819.00 uJdram_socket_0, 38844749.00 uJcore_socket_0, 0.00 uJuncore_socket_0, 0.00 uJpsys_socket_0, 71.50 degCCpu_socket_0
WorkloadWarmup   4: 274016 op, 1002314178.00 ns, 3.6579 us/op, 45154303.00 uJpkg_socket_0, 1122556.00 uJdram_socket_0, 38683251.00 uJcore_socket_0, 0.00 uJuncore_socket_0, 0.00 uJpsys_socket_0, 72.00 degCCpu_socket_0
WorkloadWarmup   5: 274016 op, 999511441.00 ns, 3.6476 us/op, 44982307.00 uJpkg_socket_0, 1120542.00 uJdram_socket_0, 38504052.00 uJcore_socket_0, 0.00 uJuncore_socket_0, 0.00 uJpsys_socket_0, 71.00 degCCpu_socket_0
WorkloadWarmup   6: 274016 op, 998811224.00 ns, 3.6451 us/op, 44961738.00 uJpkg_socket_0, 1118588.00 uJdram_socket_0, 38495385.00 uJcore_socket_0, 0.00 uJuncore_socket_0, 0.00 uJpsys_socket_0, 72.50 degCCpu_socket_0
WorkloadWarmup   7: 274016 op, 998763758.00 ns, 3.6449 us/op, 44954963.00 uJpkg_socket_0, 1118649.00 uJdram_socket_0, 38489342.00 uJcore_socket_0, 0.00 uJuncore_socket_0, 0.00 uJpsys_socket_0, 72.50 degCCpu_socket_0
WorkloadWarmup   8: 274016 op, 999088844.00 ns, 3.6461 us/op, 45028144.00 uJpkg_socket_0, 1119260.00 uJdram_socket_0, 38568444.00 uJcore_socket_0, 0.00 uJuncore_socket_0, 0.00 uJpsys_socket_0, 72.00 degCCpu_socket_0
WorkloadWarmup   9: 274016 op, 998840489.00 ns, 3.6452 us/op, 45008247.00 uJpkg_socket_0, 1119443.00 uJdram_socket_0, 38543420.00 uJcore_socket_0, 0.00 uJuncore_socket_0, 0.00 uJpsys_socket_0, 71.50 degCCpu_socket_0

// BeforeActualRun
WorkloadActual   1: 274016 op, 1002356293.00 ns, 3.6580 us/op, 45356879.00 uJpkg_socket_0, 1127988.00 uJdram_socket_0, 38845360.00 uJcore_socket_0, 0.00 uJuncore_socket_0, 0.00 uJpsys_socket_0, 71.50 degCCpu_socket_0
WorkloadActual   2: 274016 op, 1003645592.00 ns, 3.6627 us/op, 45322699.00 uJpkg_socket_0, 1126279.00 uJdram_socket_0, 38822227.00 uJcore_socket_0, 0.00 uJuncore_socket_0, 0.00 uJpsys_socket_0, 71.50 degCCpu_socket_0
WorkloadActual   3: 274016 op, 1001635023.00 ns, 3.6554 us/op, 45201545.00 uJpkg_socket_0, 1123716.00 uJdram_socket_0, 38706627.00 uJcore_socket_0, 0.00 uJuncore_socket_0, 0.00 uJpsys_socket_0, 71.00 degCCpu_socket_0
WorkloadActual   4: 274016 op, 1005444033.00 ns, 3.6693 us/op, 45294256.00 uJpkg_socket_0, 1127682.00 uJdram_socket_0, 38771995.00 uJcore_socket_0, 0.00 uJuncore_socket_0, 0.00 uJpsys_socket_0, 72.50 degCCpu_socket_0
WorkloadActual   5: 274016 op, 1001717426.00 ns, 3.6557 us/op, 45135321.00 uJpkg_socket_0, 1123105.00 uJdram_socket_0, 38638024.00 uJcore_socket_0, 0.00 uJuncore_socket_0, 0.00 uJpsys_socket_0, 71.50 degCCpu_socket_0
WorkloadActual   6: 274016 op, 1003874236.00 ns, 3.6636 us/op, 45284674.00 uJpkg_socket_0, 1126767.00 uJdram_socket_0, 38741600.00 uJcore_socket_0, 0.00 uJuncore_socket_0, 0.00 uJpsys_socket_0, 72.00 degCCpu_socket_0
WorkloadActual   7: 274016 op, 1001614039.00 ns, 3.6553 us/op, 45562505.00 uJpkg_socket_0, 1125241.00 uJdram_socket_0, 39071860.00 uJcore_socket_0, 0.00 uJuncore_socket_0, 0.00 uJpsys_socket_0, 72.00 degCCpu_socket_0
WorkloadActual   8: 274016 op, 1004897813.00 ns, 3.6673 us/op, 45283270.00 uJpkg_socket_0, 1126462.00 uJdram_socket_0, 38779076.00 uJcore_socket_0, 0.00 uJuncore_socket_0, 0.00 uJpsys_socket_0, 72.00 degCCpu_socket_0
WorkloadActual   9: 274016 op, 1001567520.00 ns, 3.6551 us/op, 45118598.00 uJpkg_socket_0, 1123044.00 uJdram_socket_0, 38665062.00 uJcore_socket_0, 0.00 uJuncore_socket_0, 0.00 uJpsys_socket_0, 72.50 degCCpu_socket_0
WorkloadActual  10: 274016 op, 1006422149.00 ns, 3.6729 us/op, 45452459.00 uJpkg_socket_0, 1128415.00 uJdram_socket_0, 38918663.00 uJcore_socket_0, 0.00 uJuncore_socket_0, 0.00 uJpsys_socket_0, 72.00 degCCpu_socket_0
WorkloadActual  11: 274016 op, 1009597390.00 ns, 3.6844 us/op, 45594488.00 uJpkg_socket_0, 1131955.00 uJdram_socket_0, 39051109.00 uJcore_socket_0, 0.00 uJuncore_socket_0, 0.00 uJpsys_socket_0, 73.00 degCCpu_socket_0
WorkloadActual  12: 274016 op, 1004776779.00 ns, 3.6669 us/op, 45304633.00 uJpkg_socket_0, 1126157.00 uJdram_socket_0, 38793052.00 uJcore_socket_0, 0.00 uJuncore_socket_0, 0.00 uJpsys_socket_0, 72.50 degCCpu_socket_0
WorkloadActual  13: 274016 op, 1010813354.00 ns, 3.6889 us/op, 45568609.00 uJpkg_socket_0, 1132993.00 uJdram_socket_0, 39026023.00 uJcore_socket_0, 0.00 uJuncore_socket_0, 0.00 uJpsys_socket_0, 72.50 degCCpu_socket_0
WorkloadActual  14: 274016 op, 1000569345.00 ns, 3.6515 us/op, 45185126.00 uJpkg_socket_0, 1122312.00 uJdram_socket_0, 38692894.00 uJcore_socket_0, 0.00 uJuncore_socket_0, 0.00 uJpsys_socket_0, 72.00 degCCpu_socket_0
WorkloadActual  15: 274016 op, 1006939667.00 ns, 3.6747 us/op, 45428900.00 uJpkg_socket_0, 1128476.00 uJdram_socket_0, 38916404.00 uJcore_socket_0, 0.00 uJuncore_socket_0, 0.00 uJpsys_socket_0, 72.50 degCCpu_socket_0

// AfterActualRun
WorkloadResult   1: 274016 op, 1001571264.00 ns, 3.6552 us/op, 45356879.00 uJpkg_socket_0, 1127988.00 uJdram_socket_0, 38845360.00 uJcore_socket_0, 0.00 uJuncore_socket_0, 0.00 uJpsys_socket_0, 71.50 degCCpu_socket_0
WorkloadResult   2: 274016 op, 1002860563.00 ns, 3.6599 us/op, 45322699.00 uJpkg_socket_0, 1126279.00 uJdram_socket_0, 38822227.00 uJcore_socket_0, 0.00 uJuncore_socket_0, 0.00 uJpsys_socket_0, 71.50 degCCpu_socket_0
WorkloadResult   3: 274016 op, 1000849994.00 ns, 3.6525 us/op, 45201545.00 uJpkg_socket_0, 1123716.00 uJdram_socket_0, 38706627.00 uJcore_socket_0, 0.00 uJuncore_socket_0, 0.00 uJpsys_socket_0, 71.00 degCCpu_socket_0
WorkloadResult   4: 274016 op, 1004659004.00 ns, 3.6664 us/op, 45294256.00 uJpkg_socket_0, 1127682.00 uJdram_socket_0, 38771995.00 uJcore_socket_0, 0.00 uJuncore_socket_0, 0.00 uJpsys_socket_0, 72.50 degCCpu_socket_0
WorkloadResult   5: 274016 op, 1000932397.00 ns, 3.6528 us/op, 45135321.00 uJpkg_socket_0, 1123105.00 uJdram_socket_0, 38638024.00 uJcore_socket_0, 0.00 uJuncore_socket_0, 0.00 uJpsys_socket_0, 71.50 degCCpu_socket_0
WorkloadResult   6: 274016 op, 1003089207.00 ns, 3.6607 us/op, 45284674.00 uJpkg_socket_0, 1126767.00 uJdram_socket_0, 38741600.00 uJcore_socket_0, 0.00 uJuncore_socket_0, 0.00 uJpsys_socket_0, 72.00 degCCpu_socket_0
WorkloadResult   7: 274016 op, 1000829010.00 ns, 3.6524 us/op, 45562505.00 uJpkg_socket_0, 1125241.00 uJdram_socket_0, 39071860.00 uJcore_socket_0, 0.00 uJuncore_socket_0, 0.00 uJpsys_socket_0, 72.00 degCCpu_socket_0
WorkloadResult   8: 274016 op, 1004112784.00 ns, 3.6644 us/op, 45283270.00 uJpkg_socket_0, 1126462.00 uJdram_socket_0, 38779076.00 uJcore_socket_0, 0.00 uJuncore_socket_0, 0.00 uJpsys_socket_0, 72.00 degCCpu_socket_0
WorkloadResult   9: 274016 op, 1000782491.00 ns, 3.6523 us/op, 45118598.00 uJpkg_socket_0, 1123044.00 uJdram_socket_0, 38665062.00 uJcore_socket_0, 0.00 uJuncore_socket_0, 0.00 uJpsys_socket_0, 72.50 degCCpu_socket_0
WorkloadResult  10: 274016 op, 1005637120.00 ns, 3.6700 us/op, 45452459.00 uJpkg_socket_0, 1128415.00 uJdram_socket_0, 38918663.00 uJcore_socket_0, 0.00 uJuncore_socket_0, 0.00 uJpsys_socket_0, 72.00 degCCpu_socket_0
WorkloadResult  11: 274016 op, 1008812361.00 ns, 3.6816 us/op, 45594488.00 uJpkg_socket_0, 1131955.00 uJdram_socket_0, 39051109.00 uJcore_socket_0, 0.00 uJuncore_socket_0, 0.00 uJpsys_socket_0, 73.00 degCCpu_socket_0
WorkloadResult  12: 274016 op, 1003991750.00 ns, 3.6640 us/op, 45304633.00 uJpkg_socket_0, 1126157.00 uJdram_socket_0, 38793052.00 uJcore_socket_0, 0.00 uJuncore_socket_0, 0.00 uJpsys_socket_0, 72.50 degCCpu_socket_0
WorkloadResult  13: 274016 op, 1010028325.00 ns, 3.6860 us/op, 45568609.00 uJpkg_socket_0, 1132993.00 uJdram_socket_0, 39026023.00 uJcore_socket_0, 0.00 uJuncore_socket_0, 0.00 uJpsys_socket_0, 72.50 degCCpu_socket_0
WorkloadResult  14: 274016 op, 999784316.00 ns, 3.6486 us/op, 45185126.00 uJpkg_socket_0, 1122312.00 uJdram_socket_0, 38692894.00 uJcore_socket_0, 0.00 uJuncore_socket_0, 0.00 uJpsys_socket_0, 72.00 degCCpu_socket_0
WorkloadResult  15: 274016 op, 1006154638.00 ns, 3.6719 us/op, 45428900.00 uJpkg_socket_0, 1128476.00 uJdram_socket_0, 38916404.00 uJcore_socket_0, 0.00 uJuncore_socket_0, 0.00 uJpsys_socket_0, 72.50 degCCpu_socket_0

// AfterAll
// Benchmark Process 1058993 has exited with code 0.

Mean = 3.663 μs, StdErr = 0.003 μs (0.08%), N = 15, StdDev = 0.011 μs
Min = 3.649 μs, Q1 = 3.653 μs, Median = 3.661 μs, Q3 = 3.668 μs, Max = 3.686 μs
IQR = 0.016 μs, LowerFence = 3.629 μs, UpperFence = 3.692 μs
ConfidenceInterval = [3.651 μs; 3.674 μs] (CI 99.9%), Margin = 0.012 μs (0.33% of Mean)
Skewness = 0.66, Kurtosis = 2.27, MValue = 2

// ** Remained 4 (40.0 %) benchmark(s) to run. Estimated finish 2026-05-27 14:04 (0h 2m from now) **
// **************************
// Benchmark: SmokeBenchByte.STJSrcGen_Ser: Energy(OutlierMode=DontRemove, IterationTime=1s)
// *** Execute ***
// Launch: 1 / 1
// Execute: dotnet JsonBench-Energy-1.dll --anonymousPipes 123 124 --benchmarkName JsonBench.Benchmarks.SmokeBenchByte.STJSrcGen_Ser --job Energy --benchmarkId 6 in /home/test/json-energy-bench/JsonBench/bin/Release/net10.0/JsonBench-Energy-1/bin/Release/net10.0
// BeforeAnythingElse

// Benchmark Process Environment Information:
// BenchmarkDotNet v0.15.5-develop (2026-05-27)
// Runtime=.NET 10.0.8 (10.0.8, 10.0.826.23019), X64 RyuJIT x86-64-v3
// GC=Concurrent Workstation
// HardwareIntrinsics=AVX2+BMI1+BMI2+F16C+FMA+LZCNT+MOVBE,AVX,SSE3+SSSE3+SSE4.1+SSE4.2+POPCNT,X86Base+SSE+SSE2,AES+PCLMUL VectorSize=256
// Job: Energy(OutlierMode=DontRemove, IterationTime=1s)

Couldn't find Core RAPL device for socket 0: RAPLCantFindUncoreDevice
OverheadJitting  1: 1 op, 198170.00 ns, 198.1700 us/op, 32471.00 uJpkg_socket_0, 2319.00 uJdram_socket_0, 41626.00 uJcore_socket_0, 0.00 uJuncore_socket_0, 0.00 uJpsys_socket_0, 56.00 degCCpu_socket_0
WorkloadJitting  1: 1 op, 8834177.00 ns, 8.8342 ms/op, 312011.00 uJpkg_socket_0, 10681.00 uJdram_socket_0, 251709.00 uJcore_socket_0, 0.00 uJuncore_socket_0, 0.00 uJpsys_socket_0, 57.50 degCCpu_socket_0

Couldn't find Core RAPL device for socket 0: RAPLCantFindUncoreDevice
OverheadJitting  2: 16 op, 481156.00 ns, 30.0723 us/op, 33996.00 uJpkg_socket_0, 1282.00 uJdram_socket_0, 17761.00 uJcore_socket_0, 0.00 uJuncore_socket_0, 0.00 uJpsys_socket_0, 56.00 degCCpu_socket_0
WorkloadJitting  2: 16 op, 647469.00 ns, 40.4668 us/op, 37049.00 uJpkg_socket_0, 1221.00 uJdram_socket_0, 22644.00 uJcore_socket_0, 0.00 uJuncore_socket_0, 0.00 uJpsys_socket_0, 56.50 degCCpu_socket_0

WorkloadPilot    1: 16 op, 139004.00 ns, 8.6878 us/op, 34363.00 uJpkg_socket_0, 1160.00 uJdram_socket_0, 5860.00 uJcore_socket_0, 0.00 uJuncore_socket_0, 0.00 uJpsys_socket_0, 56.00 degCCpu_socket_0
WorkloadPilot    2: 115120 op, 508677681.00 ns, 4.4187 us/op, 23906738.00 uJpkg_socket_0, 580565.00 uJdram_socket_0, 20610299.00 uJcore_socket_0, 0.00 uJuncore_socket_0, 0.00 uJpsys_socket_0, 65.50 degCCpu_socket_0
WorkloadPilot    3: 226320 op, 580955896.00 ns, 2.5670 us/op, 26181269.00 uJpkg_socket_0, 653624.00 uJdram_socket_0, 22426700.00 uJcore_socket_0, 0.00 uJuncore_socket_0, 0.00 uJpsys_socket_0, 72.50 degCCpu_socket_0
WorkloadPilot    4: 389568 op, 998684737.00 ns, 2.5636 us/op, 45281684.00 uJpkg_socket_0, 1124021.00 uJdram_socket_0, 38811546.00 uJcore_socket_0, 0.00 uJuncore_socket_0, 0.00 uJpsys_socket_0, 73.00 degCCpu_socket_0
WorkloadPilot    5: 390096 op, 999879586.00 ns, 2.5632 us/op, 45174872.00 uJpkg_socket_0, 1124570.00 uJdram_socket_0, 38703759.00 uJcore_socket_0, 0.00 uJuncore_socket_0, 0.00 uJpsys_socket_0, 71.50 degCCpu_socket_0
WorkloadPilot    6: 390144 op, 998925095.00 ns, 2.5604 us/op, 46154789.00 uJpkg_socket_0, 1129941.00 uJdram_socket_0, 39657919.00 uJcore_socket_0, 0.00 uJuncore_socket_0, 0.00 uJpsys_socket_0, 71.50 degCCpu_socket_0
WorkloadPilot    7: 390576 op, 999994570.00 ns, 2.5603 us/op, 45395575.00 uJpkg_socket_0, 1125668.00 uJdram_socket_0, 38929649.00 uJcore_socket_0, 0.00 uJuncore_socket_0, 0.00 uJpsys_socket_0, 73.00 degCCpu_socket_0
WorkloadPilot    8: 390592 op, 1000050586.00 ns, 2.5603 us/op, 45369879.00 uJpkg_socket_0, 1126523.00 uJdram_socket_0, 38856468.00 uJcore_socket_0, 0.00 uJuncore_socket_0, 0.00 uJpsys_socket_0, 72.50 degCCpu_socket_0
WorkloadPilot    9: 390576 op, 999544133.00 ns, 2.5592 us/op, 45105110.00 uJpkg_socket_0, 1123166.00 uJdram_socket_0, 38665368.00 uJcore_socket_0, 0.00 uJuncore_socket_0, 0.00 uJpsys_socket_0, 73.00 degCCpu_socket_0
WorkloadPilot   10: 390768 op, 1000568443.00 ns, 2.5605 us/op, 45934575.00 uJpkg_socket_0, 1129514.00 uJdram_socket_0, 39460409.00 uJcore_socket_0, 0.00 uJuncore_socket_0, 0.00 uJpsys_socket_0, 72.50 degCCpu_socket_0
WorkloadPilot   11: 390560 op, 1000073596.00 ns, 2.5606 us/op, 45289862.00 uJpkg_socket_0, 1124447.00 uJdram_socket_0, 38823020.00 uJcore_socket_0, 0.00 uJuncore_socket_0, 0.00 uJpsys_socket_0, 72.50 degCCpu_socket_0

OverheadWarmup   1: 390560 op, 1153004.00 ns, 2.9522 ns/op, 50781.00 uJpkg_socket_0, 1343.00 uJdram_socket_0, 61584.00 uJcore_socket_0, 0.00 uJuncore_socket_0, 0.00 uJpsys_socket_0, 70.00 degCCpu_socket_0
OverheadWarmup   2: 390560 op, 1119543.00 ns, 2.8665 ns/op, 87463.00 uJpkg_socket_0, 2502.00 uJdram_socket_0, 46997.00 uJcore_socket_0, 0.00 uJuncore_socket_0, 0.00 uJpsys_socket_0, 68.00 degCCpu_socket_0
OverheadWarmup   3: 390560 op, 1119488.00 ns, 2.8664 ns/op, 43823.00 uJpkg_socket_0, 1220.00 uJdram_socket_0, 43151.00 uJcore_socket_0, 0.00 uJuncore_socket_0, 0.00 uJpsys_socket_0, 67.00 degCCpu_socket_0
OverheadWarmup   4: 390560 op, 1139589.00 ns, 2.9178 ns/op, 45105.00 uJpkg_socket_0, 1099.00 uJdram_socket_0, 43213.00 uJcore_socket_0, 0.00 uJuncore_socket_0, 0.00 uJpsys_socket_0, 68.00 degCCpu_socket_0
OverheadWarmup   5: 390560 op, 1117360.00 ns, 2.8609 ns/op, 83862.00 uJpkg_socket_0, 2442.00 uJdram_socket_0, 44250.00 uJcore_socket_0, 0.00 uJuncore_socket_0, 0.00 uJpsys_socket_0, 66.50 degCCpu_socket_0
OverheadWarmup   6: 390560 op, 1121454.00 ns, 2.8714 ns/op, 82459.00 uJpkg_socket_0, 2258.00 uJdram_socket_0, 49987.00 uJcore_socket_0, 0.00 uJuncore_socket_0, 0.00 uJpsys_socket_0, 66.50 degCCpu_socket_0
OverheadWarmup   7: 390560 op, 1150187.00 ns, 2.9450 ns/op, 46448.00 uJpkg_socket_0, 1220.00 uJdram_socket_0, 46509.00 uJcore_socket_0, 0.00 uJuncore_socket_0, 0.00 uJpsys_socket_0, 66.00 degCCpu_socket_0
OverheadWarmup   8: 390560 op, 1120707.00 ns, 2.8695 ns/op, 40039.00 uJpkg_socket_0, 1099.00 uJdram_socket_0, 44067.00 uJcore_socket_0, 0.00 uJuncore_socket_0, 0.00 uJpsys_socket_0, 67.50 degCCpu_socket_0

OverheadActual   1: 390560 op, 1119588.00 ns, 2.8666 ns/op, 81725.00 uJpkg_socket_0, 2319.00 uJdram_socket_0, 46264.00 uJcore_socket_0, 0.00 uJuncore_socket_0, 0.00 uJpsys_socket_0, 63.50 degCCpu_socket_0
OverheadActual   2: 390560 op, 1121815.00 ns, 2.8723 ns/op, 38086.00 uJpkg_socket_0, 1037.00 uJdram_socket_0, 42725.00 uJcore_socket_0, 0.00 uJuncore_socket_0, 0.00 uJpsys_socket_0, 65.00 degCCpu_socket_0
OverheadActual   3: 390560 op, 1120775.00 ns, 2.8697 ns/op, 79651.00 uJpkg_socket_0, 2197.00 uJdram_socket_0, 42724.00 uJcore_socket_0, 0.00 uJuncore_socket_0, 0.00 uJpsys_socket_0, 63.50 degCCpu_socket_0
OverheadActual   4: 390560 op, 1118362.00 ns, 2.8635 ns/op, 44128.00 uJpkg_socket_0, 1159.00 uJdram_socket_0, 47668.00 uJcore_socket_0, 0.00 uJuncore_socket_0, 0.00 uJpsys_socket_0, 63.50 degCCpu_socket_0
OverheadActual   5: 390560 op, 1118371.00 ns, 2.8635 ns/op, 46508.00 uJpkg_socket_0, 1160.00 uJdram_socket_0, 43029.00 uJcore_socket_0, 0.00 uJuncore_socket_0, 0.00 uJpsys_socket_0, 64.50 degCCpu_socket_0
OverheadActual   6: 390560 op, 1120092.00 ns, 2.8679 ns/op, 38818.00 uJpkg_socket_0, 1099.00 uJdram_socket_0, 40161.00 uJcore_socket_0, 0.00 uJuncore_socket_0, 0.00 uJpsys_socket_0, 66.00 degCCpu_socket_0
OverheadActual   7: 390560 op, 1119521.00 ns, 2.8665 ns/op, 41809.00 uJpkg_socket_0, 1098.00 uJdram_socket_0, 46631.00 uJcore_socket_0, 0.00 uJuncore_socket_0, 0.00 uJpsys_socket_0, 66.00 degCCpu_socket_0
OverheadActual   8: 390560 op, 1119843.00 ns, 2.8673 ns/op, 42908.00 uJpkg_socket_0, 1098.00 uJdram_socket_0, 50354.00 uJcore_socket_0, 0.00 uJuncore_socket_0, 0.00 uJpsys_socket_0, 65.50 degCCpu_socket_0
OverheadActual   9: 390560 op, 1119902.00 ns, 2.8674 ns/op, 83313.00 uJpkg_socket_0, 2258.00 uJdram_socket_0, 49377.00 uJcore_socket_0, 0.00 uJuncore_socket_0, 0.00 uJpsys_socket_0, 65.00 degCCpu_socket_0
OverheadActual  10: 390560 op, 1122094.00 ns, 2.8730 ns/op, 43091.00 uJpkg_socket_0, 1160.00 uJdram_socket_0, 44983.00 uJcore_socket_0, 0.00 uJuncore_socket_0, 0.00 uJpsys_socket_0, 65.00 degCCpu_socket_0
OverheadActual  11: 390560 op, 1122740.00 ns, 2.8747 ns/op, 40039.00 uJpkg_socket_0, 1099.00 uJdram_socket_0, 41443.00 uJcore_socket_0, 0.00 uJuncore_socket_0, 0.00 uJpsys_socket_0, 65.50 degCCpu_socket_0
OverheadActual  12: 390560 op, 1120244.00 ns, 2.8683 ns/op, 39917.00 uJpkg_socket_0, 1098.00 uJdram_socket_0, 44677.00 uJcore_socket_0, 0.00 uJuncore_socket_0, 0.00 uJpsys_socket_0, 64.00 degCCpu_socket_0
OverheadActual  13: 390560 op, 1118620.00 ns, 2.8641 ns/op, 84106.00 uJpkg_socket_0, 2197.00 uJdram_socket_0, 47669.00 uJcore_socket_0, 0.00 uJuncore_socket_0, 0.00 uJpsys_socket_0, 64.50 degCCpu_socket_0
OverheadActual  14: 390560 op, 1119663.00 ns, 2.8668 ns/op, 44494.00 uJpkg_socket_0, 1159.00 uJdram_socket_0, 44128.00 uJcore_socket_0, 0.00 uJuncore_socket_0, 0.00 uJpsys_socket_0, 64.50 degCCpu_socket_0
OverheadActual  15: 390560 op, 1117104.00 ns, 2.8603 ns/op, 46081.00 uJpkg_socket_0, 1099.00 uJdram_socket_0, 44068.00 uJcore_socket_0, 0.00 uJuncore_socket_0, 0.00 uJpsys_socket_0, 65.00 degCCpu_socket_0

WorkloadWarmup   1: 390560 op, 1007717553.00 ns, 2.5802 us/op, 46190677.00 uJpkg_socket_0, 1136533.00 uJdram_socket_0, 39667867.00 uJcore_socket_0, 0.00 uJuncore_socket_0, 0.00 uJpsys_socket_0, 68.50 degCCpu_socket_0
WorkloadWarmup   2: 390560 op, 1007449783.00 ns, 2.5795 us/op, 45412482.00 uJpkg_socket_0, 1132871.00 uJdram_socket_0, 38876853.00 uJcore_socket_0, 0.00 uJuncore_socket_0, 0.00 uJpsys_socket_0, 72.00 degCCpu_socket_0
WorkloadWarmup   3: 390560 op, 1004489996.00 ns, 2.5719 us/op, 45400030.00 uJpkg_socket_0, 1127073.00 uJdram_socket_0, 38882103.00 uJcore_socket_0, 0.00 uJuncore_socket_0, 0.00 uJpsys_socket_0, 73.50 degCCpu_socket_0
WorkloadWarmup   4: 390560 op, 999799630.00 ns, 2.5599 us/op, 45146491.00 uJpkg_socket_0, 1122678.00 uJdram_socket_0, 38672630.00 uJcore_socket_0, 0.00 uJuncore_socket_0, 0.00 uJpsys_socket_0, 72.50 degCCpu_socket_0
WorkloadWarmup   5: 390560 op, 999396360.00 ns, 2.5589 us/op, 45142890.00 uJpkg_socket_0, 1121030.00 uJdram_socket_0, 38698814.00 uJcore_socket_0, 0.00 uJuncore_socket_0, 0.00 uJpsys_socket_0, 73.00 degCCpu_socket_0
WorkloadWarmup   6: 390560 op, 999350171.00 ns, 2.5588 us/op, 45162421.00 uJpkg_socket_0, 1122129.00 uJdram_socket_0, 38672265.00 uJcore_socket_0, 0.00 uJuncore_socket_0, 0.00 uJpsys_socket_0, 72.50 degCCpu_socket_0
WorkloadWarmup   7: 390560 op, 999442505.00 ns, 2.5590 us/op, 45172369.00 uJpkg_socket_0, 1122006.00 uJdram_socket_0, 38687523.00 uJcore_socket_0, 0.00 uJuncore_socket_0, 0.00 uJpsys_socket_0, 73.50 degCCpu_socket_0
WorkloadWarmup   8: 390560 op, 999642204.00 ns, 2.5595 us/op, 45164557.00 uJpkg_socket_0, 1122617.00 uJdram_socket_0, 38686852.00 uJcore_socket_0, 0.00 uJuncore_socket_0, 0.00 uJpsys_socket_0, 72.50 degCCpu_socket_0
WorkloadWarmup   9: 390560 op, 999543612.00 ns, 2.5593 us/op, 45113410.00 uJpkg_socket_0, 1121335.00 uJdram_socket_0, 38671227.00 uJcore_socket_0, 0.00 uJuncore_socket_0, 0.00 uJpsys_socket_0, 73.00 degCCpu_socket_0
WorkloadWarmup  10: 390560 op, 999319499.00 ns, 2.5587 us/op, 45213751.00 uJpkg_socket_0, 1122129.00 uJdram_socket_0, 38726341.00 uJcore_socket_0, 0.00 uJuncore_socket_0, 0.00 uJpsys_socket_0, 72.50 degCCpu_socket_0
WorkloadWarmup  11: 390560 op, 999890591.00 ns, 2.5601 us/op, 45182990.00 uJpkg_socket_0, 1122983.00 uJdram_socket_0, 38705711.00 uJcore_socket_0, 0.00 uJuncore_socket_0, 0.00 uJpsys_socket_0, 74.00 degCCpu_socket_0
WorkloadWarmup  12: 390560 op, 999532927.00 ns, 2.5592 us/op, 45188544.00 uJpkg_socket_0, 1122372.00 uJdram_socket_0, 38707054.00 uJcore_socket_0, 0.00 uJuncore_socket_0, 0.00 uJpsys_socket_0, 72.00 degCCpu_socket_0

// BeforeActualRun
WorkloadActual   1: 390560 op, 1000985862.00 ns, 2.5630 us/op, 45274909.00 uJpkg_socket_0, 1125547.00 uJdram_socket_0, 38799645.00 uJcore_socket_0, 0.00 uJuncore_socket_0, 0.00 uJpsys_socket_0, 72.00 degCCpu_socket_0
WorkloadActual   2: 390560 op, 1002816416.00 ns, 2.5676 us/op, 45285468.00 uJpkg_socket_0, 1149472.00 uJdram_socket_0, 38790490.00 uJcore_socket_0, 0.00 uJuncore_socket_0, 0.00 uJpsys_socket_0, 72.50 degCCpu_socket_0
WorkloadActual   3: 390560 op, 1002248642.00 ns, 2.5662 us/op, 45235236.00 uJpkg_socket_0, 1145200.00 uJdram_socket_0, 38759972.00 uJcore_socket_0, 0.00 uJuncore_socket_0, 0.00 uJpsys_socket_0, 73.00 degCCpu_socket_0
WorkloadActual   4: 390560 op, 1003228039.00 ns, 2.5687 us/op, 45572698.00 uJpkg_socket_0, 1153561.00 uJdram_socket_0, 39049643.00 uJcore_socket_0, 0.00 uJuncore_socket_0, 0.00 uJpsys_socket_0, 72.00 degCCpu_socket_0
WorkloadActual   5: 390560 op, 1002460932.00 ns, 2.5667 us/op, 45276678.00 uJpkg_socket_0, 1148068.00 uJdram_socket_0, 38766930.00 uJcore_socket_0, 0.00 uJuncore_socket_0, 0.00 uJpsys_socket_0, 71.50 degCCpu_socket_0
WorkloadActual   6: 390560 op, 1002320237.00 ns, 2.5664 us/op, 45240362.00 uJpkg_socket_0, 1146848.00 uJdram_socket_0, 38768822.00 uJcore_socket_0, 0.00 uJuncore_socket_0, 0.00 uJpsys_socket_0, 73.50 degCCpu_socket_0
WorkloadActual   7: 390560 op, 1002546335.00 ns, 2.5669 us/op, 45312018.00 uJpkg_socket_0, 1146298.00 uJdram_socket_0, 38810265.00 uJcore_socket_0, 0.00 uJuncore_socket_0, 0.00 uJpsys_socket_0, 72.50 degCCpu_socket_0
WorkloadActual   8: 390560 op, 1002937334.00 ns, 2.5679 us/op, 45285284.00 uJpkg_socket_0, 1150876.00 uJdram_socket_0, 38750816.00 uJcore_socket_0, 0.00 uJuncore_socket_0, 0.00 uJpsys_socket_0, 72.00 degCCpu_socket_0
WorkloadActual   9: 390560 op, 1002693722.00 ns, 2.5673 us/op, 45312811.00 uJpkg_socket_0, 1147946.00 uJdram_socket_0, 38810142.00 uJcore_socket_0, 0.00 uJuncore_socket_0, 0.00 uJpsys_socket_0, 73.00 degCCpu_socket_0
WorkloadActual  10: 390560 op, 1002428041.00 ns, 2.5666 us/op, 45255439.00 uJpkg_socket_0, 1145566.00 uJdram_socket_0, 38788658.00 uJcore_socket_0, 0.00 uJuncore_socket_0, 0.00 uJpsys_socket_0, 73.00 degCCpu_socket_0
WorkloadActual  11: 390560 op, 1002685393.00 ns, 2.5673 us/op, 45256170.00 uJpkg_socket_0, 1147825.00 uJdram_socket_0, 38796409.00 uJcore_socket_0, 0.00 uJuncore_socket_0, 0.00 uJpsys_socket_0, 72.50 degCCpu_socket_0
WorkloadActual  12: 390560 op, 1001578633.00 ns, 2.5645 us/op, 45276251.00 uJpkg_socket_0, 1147641.00 uJdram_socket_0, 38775963.00 uJcore_socket_0, 0.00 uJuncore_socket_0, 0.00 uJpsys_socket_0, 72.50 degCCpu_socket_0
WorkloadActual  13: 390560 op, 1001760341.00 ns, 2.5649 us/op, 45270514.00 uJpkg_socket_0, 1147885.00 uJdram_socket_0, 38774559.00 uJcore_socket_0, 0.00 uJuncore_socket_0, 0.00 uJpsys_socket_0, 72.00 degCCpu_socket_0
WorkloadActual  14: 390560 op, 1001071263.00 ns, 2.5632 us/op, 45185126.00 uJpkg_socket_0, 1145383.00 uJdram_socket_0, 38672020.00 uJcore_socket_0, 0.00 uJuncore_socket_0, 0.00 uJpsys_socket_0, 72.00 degCCpu_socket_0
WorkloadActual  15: 390560 op, 1001137376.00 ns, 2.5633 us/op, 45167121.00 uJpkg_socket_0, 1143918.00 uJdram_socket_0, 38696740.00 uJcore_socket_0, 0.00 uJuncore_socket_0, 0.00 uJpsys_socket_0, 72.00 degCCpu_socket_0

// AfterActualRun
WorkloadResult   1: 390560 op, 999866019.00 ns, 2.5601 us/op, 45274909.00 uJpkg_socket_0, 1125547.00 uJdram_socket_0, 38799645.00 uJcore_socket_0, 0.00 uJuncore_socket_0, 0.00 uJpsys_socket_0, 72.00 degCCpu_socket_0
WorkloadResult   2: 390560 op, 1001696573.00 ns, 2.5648 us/op, 45285468.00 uJpkg_socket_0, 1149472.00 uJdram_socket_0, 38790490.00 uJcore_socket_0, 0.00 uJuncore_socket_0, 0.00 uJpsys_socket_0, 72.50 degCCpu_socket_0
WorkloadResult   3: 390560 op, 1001128799.00 ns, 2.5633 us/op, 45235236.00 uJpkg_socket_0, 1145200.00 uJdram_socket_0, 38759972.00 uJcore_socket_0, 0.00 uJuncore_socket_0, 0.00 uJpsys_socket_0, 73.00 degCCpu_socket_0
WorkloadResult   4: 390560 op, 1002108196.00 ns, 2.5658 us/op, 45572698.00 uJpkg_socket_0, 1153561.00 uJdram_socket_0, 39049643.00 uJcore_socket_0, 0.00 uJuncore_socket_0, 0.00 uJpsys_socket_0, 72.00 degCCpu_socket_0
WorkloadResult   5: 390560 op, 1001341089.00 ns, 2.5639 us/op, 45276678.00 uJpkg_socket_0, 1148068.00 uJdram_socket_0, 38766930.00 uJcore_socket_0, 0.00 uJuncore_socket_0, 0.00 uJpsys_socket_0, 71.50 degCCpu_socket_0
WorkloadResult   6: 390560 op, 1001200394.00 ns, 2.5635 us/op, 45240362.00 uJpkg_socket_0, 1146848.00 uJdram_socket_0, 38768822.00 uJcore_socket_0, 0.00 uJuncore_socket_0, 0.00 uJpsys_socket_0, 73.50 degCCpu_socket_0
WorkloadResult   7: 390560 op, 1001426492.00 ns, 2.5641 us/op, 45312018.00 uJpkg_socket_0, 1146298.00 uJdram_socket_0, 38810265.00 uJcore_socket_0, 0.00 uJuncore_socket_0, 0.00 uJpsys_socket_0, 72.50 degCCpu_socket_0
WorkloadResult   8: 390560 op, 1001817491.00 ns, 2.5651 us/op, 45285284.00 uJpkg_socket_0, 1150876.00 uJdram_socket_0, 38750816.00 uJcore_socket_0, 0.00 uJuncore_socket_0, 0.00 uJpsys_socket_0, 72.00 degCCpu_socket_0
WorkloadResult   9: 390560 op, 1001573879.00 ns, 2.5645 us/op, 45312811.00 uJpkg_socket_0, 1147946.00 uJdram_socket_0, 38810142.00 uJcore_socket_0, 0.00 uJuncore_socket_0, 0.00 uJpsys_socket_0, 73.00 degCCpu_socket_0
WorkloadResult  10: 390560 op, 1001308198.00 ns, 2.5638 us/op, 45255439.00 uJpkg_socket_0, 1145566.00 uJdram_socket_0, 38788658.00 uJcore_socket_0, 0.00 uJuncore_socket_0, 0.00 uJpsys_socket_0, 73.00 degCCpu_socket_0
WorkloadResult  11: 390560 op, 1001565550.00 ns, 2.5644 us/op, 45256170.00 uJpkg_socket_0, 1147825.00 uJdram_socket_0, 38796409.00 uJcore_socket_0, 0.00 uJuncore_socket_0, 0.00 uJpsys_socket_0, 72.50 degCCpu_socket_0
WorkloadResult  12: 390560 op, 1000458790.00 ns, 2.5616 us/op, 45276251.00 uJpkg_socket_0, 1147641.00 uJdram_socket_0, 38775963.00 uJcore_socket_0, 0.00 uJuncore_socket_0, 0.00 uJpsys_socket_0, 72.50 degCCpu_socket_0
WorkloadResult  13: 390560 op, 1000640498.00 ns, 2.5621 us/op, 45270514.00 uJpkg_socket_0, 1147885.00 uJdram_socket_0, 38774559.00 uJcore_socket_0, 0.00 uJuncore_socket_0, 0.00 uJpsys_socket_0, 72.00 degCCpu_socket_0
WorkloadResult  14: 390560 op, 999951420.00 ns, 2.5603 us/op, 45185126.00 uJpkg_socket_0, 1145383.00 uJdram_socket_0, 38672020.00 uJcore_socket_0, 0.00 uJuncore_socket_0, 0.00 uJpsys_socket_0, 72.00 degCCpu_socket_0
WorkloadResult  15: 390560 op, 1000017533.00 ns, 2.5605 us/op, 45167121.00 uJpkg_socket_0, 1143918.00 uJdram_socket_0, 38696740.00 uJcore_socket_0, 0.00 uJuncore_socket_0, 0.00 uJpsys_socket_0, 72.00 degCCpu_socket_0

// AfterAll
// Benchmark Process 1059007 has exited with code 0.

Mean = 2.563 μs, StdErr = 0.000 μs (0.02%), N = 15, StdDev = 0.002 μs
Min = 2.560 μs, Q1 = 2.562 μs, Median = 2.564 μs, Q3 = 2.564 μs, Max = 2.566 μs
IQR = 0.003 μs, LowerFence = 2.558 μs, UpperFence = 2.568 μs
ConfidenceInterval = [2.561 μs; 2.565 μs] (CI 99.9%), Margin = 0.002 μs (0.08% of Mean)
Skewness = -0.47, Kurtosis = 1.75, MValue = 2

// ** Remained 3 (30.0 %) benchmark(s) to run. Estimated finish 2026-05-27 14:04 (0h 1m from now) **
// **************************
// Benchmark: SmokeBenchByte.Newtonsoft_Ser: Energy(OutlierMode=DontRemove, IterationTime=1s)
// *** Execute ***
// Launch: 1 / 1
// Execute: dotnet JsonBench-Energy-1.dll --anonymousPipes 123 124 --benchmarkName JsonBench.Benchmarks.SmokeBenchByte.Newtonsoft_Ser --job Energy --benchmarkId 7 in /home/test/json-energy-bench/JsonBench/bin/Release/net10.0/JsonBench-Energy-1/bin/Release/net10.0
// BeforeAnythingElse

// Benchmark Process Environment Information:
// BenchmarkDotNet v0.15.5-develop (2026-05-27)
// Runtime=.NET 10.0.8 (10.0.8, 10.0.826.23019), X64 RyuJIT x86-64-v3
// GC=Concurrent Workstation
// HardwareIntrinsics=AVX2+BMI1+BMI2+F16C+FMA+LZCNT+MOVBE,AVX,SSE3+SSSE3+SSE4.1+SSE4.2+POPCNT,X86Base+SSE+SSE2,AES+PCLMUL VectorSize=256
// Job: Energy(OutlierMode=DontRemove, IterationTime=1s)

Couldn't find Core RAPL device for socket 0: RAPLCantFindUncoreDevice
OverheadJitting  1: 1 op, 194421.00 ns, 194.4210 us/op, 33325.00 uJpkg_socket_0, 2319.00 uJdram_socket_0, 39368.00 uJcore_socket_0, 0.00 uJuncore_socket_0, 0.00 uJpsys_socket_0, 57.00 degCCpu_socket_0
WorkloadJitting  1: 1 op, 43011408.00 ns, 43.0114 ms/op, 1643428.00 uJpkg_socket_0, 49621.00 uJdram_socket_0, 1370174.00 uJcore_socket_0, 0.00 uJuncore_socket_0, 0.00 uJpsys_socket_0, 58.50 degCCpu_socket_0

Couldn't find Core RAPL device for socket 0: RAPLCantFindUncoreDevice
OverheadJitting  2: 16 op, 458828.00 ns, 28.6768 us/op, 42175.00 uJpkg_socket_0, 1221.00 uJdram_socket_0, 21912.00 uJcore_socket_0, 0.00 uJuncore_socket_0, 0.00 uJpsys_socket_0, 59.00 degCCpu_socket_0
WorkloadJitting  2: 16 op, 1310492.00 ns, 81.9058 us/op, 39063.00 uJpkg_socket_0, 1160.00 uJdram_socket_0, 50110.00 uJcore_socket_0, 0.00 uJuncore_socket_0, 0.00 uJpsys_socket_0, 60.50 degCCpu_socket_0

WorkloadPilot    1: 16 op, 738974.00 ns, 46.1859 us/op, 40039.00 uJpkg_socket_0, 1098.00 uJdram_socket_0, 31616.00 uJcore_socket_0, 0.00 uJuncore_socket_0, 0.00 uJpsys_socket_0, 60.00 degCCpu_socket_0
WorkloadPilot    2: 21664 op, 487879023.00 ns, 22.5203 us/op, 22725344.00 uJpkg_socket_0, 557555.00 uJdram_socket_0, 19571117.00 uJcore_socket_0, 0.00 uJuncore_socket_0, 0.00 uJpsys_socket_0, 65.50 degCCpu_socket_0
WorkloadPilot    3: 44416 op, 375665073.00 ns, 8.4579 us/op, 16300495.00 uJpkg_socket_0, 422790.00 uJdram_socket_0, 13864162.00 uJcore_socket_0, 0.00 uJuncore_socket_0, 0.00 uJpsys_socket_0, 70.00 degCCpu_socket_0
WorkloadPilot    4: 118240 op, 1000194015.00 ns, 8.4590 us/op, 43579417.00 uJpkg_socket_0, 1128720.00 uJdram_socket_0, 37120144.00 uJcore_socket_0, 0.00 uJuncore_socket_0, 0.00 uJpsys_socket_0, 70.00 degCCpu_socket_0
WorkloadPilot    5: 118224 op, 997913766.00 ns, 8.4409 us/op, 43122753.00 uJpkg_socket_0, 1121640.00 uJdram_socket_0, 36623624.00 uJcore_socket_0, 0.00 uJuncore_socket_0, 0.00 uJpsys_socket_0, 69.50 degCCpu_socket_0
WorkloadPilot    6: 118480 op, 1000913359.00 ns, 8.4480 us/op, 44110727.00 uJpkg_socket_0, 1134580.00 uJdram_socket_0, 37642725.00 uJcore_socket_0, 0.00 uJuncore_socket_0, 0.00 uJpsys_socket_0, 70.00 degCCpu_socket_0
WorkloadPilot    7: 118384 op, 999356077.00 ns, 8.4416 us/op, 43064343.00 uJpkg_socket_0, 1122068.00 uJdram_socket_0, 36612822.00 uJcore_socket_0, 0.00 uJuncore_socket_0, 0.00 uJpsys_socket_0, 69.00 degCCpu_socket_0
WorkloadPilot    8: 118464 op, 1000267216.00 ns, 8.4436 us/op, 43168102.00 uJpkg_socket_0, 1125242.00 uJdram_socket_0, 36659391.00 uJcore_socket_0, 0.00 uJuncore_socket_0, 0.00 uJpsys_socket_0, 69.50 degCCpu_socket_0

OverheadWarmup   1: 118464 op, 371544.00 ns, 3.1363 ns/op, 41626.00 uJpkg_socket_0, 0.00 uJdram_socket_0, 17395.00 uJcore_socket_0, 0.00 uJuncore_socket_0, 0.00 uJpsys_socket_0, 67.00 degCCpu_socket_0
OverheadWarmup   2: 118464 op, 368317.00 ns, 3.1091 ns/op, 45227.00 uJpkg_socket_0, 1282.00 uJdram_socket_0, 20142.00 uJcore_socket_0, 0.00 uJuncore_socket_0, 0.00 uJpsys_socket_0, 66.00 degCCpu_socket_0
OverheadWarmup   3: 118464 op, 361818.00 ns, 3.0542 ns/op, 0.00 uJpkg_socket_0, 0.00 uJdram_socket_0, 16662.00 uJcore_socket_0, 0.00 uJuncore_socket_0, 0.00 uJpsys_socket_0, 65.50 degCCpu_socket_0
OverheadWarmup   4: 118464 op, 367187.00 ns, 3.0996 ns/op, 41748.00 uJpkg_socket_0, 1160.00 uJdram_socket_0, 19043.00 uJcore_socket_0, 0.00 uJuncore_socket_0, 0.00 uJpsys_socket_0, 65.00 degCCpu_socket_0
OverheadWarmup   5: 118464 op, 363072.00 ns, 3.0648 ns/op, 40406.00 uJpkg_socket_0, 1159.00 uJdram_socket_0, 17456.00 uJcore_socket_0, 0.00 uJuncore_socket_0, 0.00 uJpsys_socket_0, 64.00 degCCpu_socket_0
OverheadWarmup   6: 118464 op, 369473.00 ns, 3.1189 ns/op, 44921.00 uJpkg_socket_0, 1221.00 uJdram_socket_0, 18799.00 uJcore_socket_0, 0.00 uJuncore_socket_0, 0.00 uJpsys_socket_0, 65.00 degCCpu_socket_0
OverheadWarmup   7: 118464 op, 362713.00 ns, 3.0618 ns/op, 0.00 uJpkg_socket_0, 0.00 uJdram_socket_0, 16723.00 uJcore_socket_0, 0.00 uJuncore_socket_0, 0.00 uJpsys_socket_0, 64.50 degCCpu_socket_0

OverheadActual   1: 118464 op, 370027.00 ns, 3.1235 ns/op, 40466.00 uJpkg_socket_0, 1282.00 uJdram_socket_0, 17579.00 uJcore_socket_0, 0.00 uJuncore_socket_0, 0.00 uJpsys_socket_0, 64.00 degCCpu_socket_0
OverheadActual   2: 118464 op, 364497.00 ns, 3.0769 ns/op, 38025.00 uJpkg_socket_0, 1099.00 uJdram_socket_0, 17151.00 uJcore_socket_0, 0.00 uJuncore_socket_0, 0.00 uJpsys_socket_0, 63.00 degCCpu_socket_0
OverheadActual   3: 118464 op, 365308.00 ns, 3.0837 ns/op, 0.00 uJpkg_socket_0, 0.00 uJdram_socket_0, 15015.00 uJcore_socket_0, 0.00 uJuncore_socket_0, 0.00 uJpsys_socket_0, 63.00 degCCpu_socket_0
OverheadActual   4: 118464 op, 363759.00 ns, 3.0706 ns/op, 44068.00 uJpkg_socket_0, 1159.00 uJdram_socket_0, 15625.00 uJcore_socket_0, 0.00 uJuncore_socket_0, 0.00 uJpsys_socket_0, 64.00 degCCpu_socket_0
OverheadActual   5: 118464 op, 367887.00 ns, 3.1055 ns/op, 44067.00 uJpkg_socket_0, 1099.00 uJdram_socket_0, 17761.00 uJcore_socket_0, 0.00 uJuncore_socket_0, 0.00 uJpsys_socket_0, 64.00 degCCpu_socket_0
OverheadActual   6: 118464 op, 364069.00 ns, 3.0732 ns/op, 0.00 uJpkg_socket_0, 1098.00 uJdram_socket_0, 17822.00 uJcore_socket_0, 0.00 uJuncore_socket_0, 0.00 uJpsys_socket_0, 64.50 degCCpu_socket_0
OverheadActual   7: 118464 op, 372212.00 ns, 3.1420 ns/op, 42907.00 uJpkg_socket_0, 1160.00 uJdram_socket_0, 15930.00 uJcore_socket_0, 0.00 uJuncore_socket_0, 0.00 uJpsys_socket_0, 64.00 degCCpu_socket_0
OverheadActual   8: 118464 op, 367534.00 ns, 3.1025 ns/op, 0.00 uJpkg_socket_0, 0.00 uJdram_socket_0, 16968.00 uJcore_socket_0, 0.00 uJuncore_socket_0, 0.00 uJpsys_socket_0, 65.00 degCCpu_socket_0
OverheadActual   9: 118464 op, 362194.00 ns, 3.0574 ns/op, 0.00 uJpkg_socket_0, 0.00 uJdram_socket_0, 12940.00 uJcore_socket_0, 0.00 uJuncore_socket_0, 0.00 uJpsys_socket_0, 65.00 degCCpu_socket_0
OverheadActual  10: 118464 op, 363956.00 ns, 3.0723 ns/op, 43640.00 uJpkg_socket_0, 1098.00 uJdram_socket_0, 16296.00 uJcore_socket_0, 0.00 uJuncore_socket_0, 0.00 uJpsys_socket_0, 65.00 degCCpu_socket_0
OverheadActual  11: 118464 op, 371856.00 ns, 3.1390 ns/op, 0.00 uJpkg_socket_0, 0.00 uJdram_socket_0, 17029.00 uJcore_socket_0, 0.00 uJuncore_socket_0, 0.00 uJpsys_socket_0, 64.50 degCCpu_socket_0
OverheadActual  12: 118464 op, 360437.00 ns, 3.0426 ns/op, 0.00 uJpkg_socket_0, 0.00 uJdram_socket_0, 17273.00 uJcore_socket_0, 0.00 uJuncore_socket_0, 0.00 uJpsys_socket_0, 64.50 degCCpu_socket_0
OverheadActual  13: 118464 op, 367549.00 ns, 3.1026 ns/op, 41931.00 uJpkg_socket_0, 1099.00 uJdram_socket_0, 16113.00 uJcore_socket_0, 0.00 uJuncore_socket_0, 0.00 uJpsys_socket_0, 65.00 degCCpu_socket_0
OverheadActual  14: 118464 op, 370593.00 ns, 3.1283 ns/op, 0.00 uJpkg_socket_0, 0.00 uJdram_socket_0, 16540.00 uJcore_socket_0, 0.00 uJuncore_socket_0, 0.00 uJpsys_socket_0, 64.50 degCCpu_socket_0
OverheadActual  15: 118464 op, 362325.00 ns, 3.0585 ns/op, 40893.00 uJpkg_socket_0, 1160.00 uJdram_socket_0, 14527.00 uJcore_socket_0, 0.00 uJuncore_socket_0, 0.00 uJpsys_socket_0, 65.00 degCCpu_socket_0

WorkloadWarmup   1: 118464 op, 1004691434.00 ns, 8.4810 us/op, 44469552.00 uJpkg_socket_0, 1143673.00 uJdram_socket_0, 37971827.00 uJcore_socket_0, 0.00 uJuncore_socket_0, 0.00 uJpsys_socket_0, 68.00 degCCpu_socket_0
WorkloadWarmup   2: 118464 op, 1002960154.00 ns, 8.4664 us/op, 43429271.00 uJpkg_socket_0, 1127683.00 uJdram_socket_0, 36937039.00 uJcore_socket_0, 0.00 uJuncore_socket_0, 0.00 uJpsys_socket_0, 68.00 degCCpu_socket_0
WorkloadWarmup   3: 118464 op, 999857599.00 ns, 8.4402 us/op, 43073193.00 uJpkg_socket_0, 1120786.00 uJdram_socket_0, 36598112.00 uJcore_socket_0, 0.00 uJuncore_socket_0, 0.00 uJpsys_socket_0, 70.50 degCCpu_socket_0
WorkloadWarmup   4: 118464 op, 1000630778.00 ns, 8.4467 us/op, 43321911.00 uJpkg_socket_0, 1129208.00 uJdram_socket_0, 36834134.00 uJcore_socket_0, 0.00 uJuncore_socket_0, 0.00 uJpsys_socket_0, 71.00 degCCpu_socket_0
WorkloadWarmup   5: 118464 op, 999608930.00 ns, 8.4381 us/op, 43094982.00 uJpkg_socket_0, 1121335.00 uJdram_socket_0, 36612577.00 uJcore_socket_0, 0.00 uJuncore_socket_0, 0.00 uJpsys_socket_0, 70.50 degCCpu_socket_0
WorkloadWarmup   6: 118464 op, 999625034.00 ns, 8.4382 us/op, 43054944.00 uJpkg_socket_0, 1120725.00 uJdram_socket_0, 36617948.00 uJcore_socket_0, 0.00 uJuncore_socket_0, 0.00 uJpsys_socket_0, 70.50 degCCpu_socket_0
WorkloadWarmup   7: 118464 op, 1000633380.00 ns, 8.4467 us/op, 43065442.00 uJpkg_socket_0, 1128354.00 uJdram_socket_0, 36619963.00 uJcore_socket_0, 0.00 uJuncore_socket_0, 0.00 uJpsys_socket_0, 70.00 degCCpu_socket_0
WorkloadWarmup   8: 118464 op, 999614963.00 ns, 8.4381 us/op, 42853650.00 uJpkg_socket_0, 1121640.00 uJdram_socket_0, 36371916.00 uJcore_socket_0, 0.00 uJuncore_socket_0, 0.00 uJpsys_socket_0, 69.50 degCCpu_socket_0

// BeforeActualRun
WorkloadActual   1: 118464 op, 1001703247.00 ns, 8.4558 us/op, 43153576.00 uJpkg_socket_0, 1130368.00 uJdram_socket_0, 36658781.00 uJcore_socket_0, 0.00 uJuncore_socket_0, 0.00 uJpsys_socket_0, 68.50 degCCpu_socket_0
WorkloadActual   2: 118464 op, 1002723605.00 ns, 8.4644 us/op, 43500316.00 uJpkg_socket_0, 1161374.00 uJdram_socket_0, 37000638.00 uJcore_socket_0, 0.00 uJuncore_socket_0, 0.00 uJpsys_socket_0, 70.00 degCCpu_socket_0
WorkloadActual   3: 118464 op, 1002771216.00 ns, 8.4648 us/op, 43096692.00 uJpkg_socket_0, 1157834.00 uJdram_socket_0, 36596830.00 uJcore_socket_0, 0.00 uJuncore_socket_0, 0.00 uJpsys_socket_0, 70.00 degCCpu_socket_0
WorkloadActual   4: 118464 op, 1003877354.00 ns, 8.4741 us/op, 43016980.00 uJpkg_socket_0, 1167966.00 uJdram_socket_0, 36513701.00 uJcore_socket_0, 0.00 uJuncore_socket_0, 0.00 uJpsys_socket_0, 70.00 degCCpu_socket_0
WorkloadActual   5: 118464 op, 1000559040.00 ns, 8.4461 us/op, 43082898.00 uJpkg_socket_0, 1130429.00 uJdram_socket_0, 36591337.00 uJcore_socket_0, 0.00 uJuncore_socket_0, 0.00 uJpsys_socket_0, 69.00 degCCpu_socket_0
WorkloadActual   6: 118464 op, 999489739.00 ns, 8.4371 us/op, 42729200.00 uJpkg_socket_0, 1121335.00 uJdram_socket_0, 36242705.00 uJcore_socket_0, 0.00 uJuncore_socket_0, 0.00 uJpsys_socket_0, 69.50 degCCpu_socket_0
WorkloadActual   7: 118464 op, 1000649531.00 ns, 8.4469 us/op, 42832959.00 uJpkg_socket_0, 1122922.00 uJdram_socket_0, 36349516.00 uJcore_socket_0, 0.00 uJuncore_socket_0, 0.00 uJpsys_socket_0, 69.50 degCCpu_socket_0
WorkloadActual   8: 118464 op, 1000824251.00 ns, 8.4483 us/op, 43148327.00 uJpkg_socket_0, 1132688.00 uJdram_socket_0, 36668546.00 uJcore_socket_0, 0.00 uJuncore_socket_0, 0.00 uJpsys_socket_0, 69.50 degCCpu_socket_0
WorkloadActual   9: 118464 op, 999666050.00 ns, 8.4386 us/op, 43197277.00 uJpkg_socket_0, 1121151.00 uJdram_socket_0, 36712492.00 uJcore_socket_0, 0.00 uJuncore_socket_0, 0.00 uJpsys_socket_0, 69.50 degCCpu_socket_0
WorkloadActual  10: 118464 op, 999803110.00 ns, 8.4397 us/op, 43012402.00 uJpkg_socket_0, 1121396.00 uJdram_socket_0, 36537382.00 uJcore_socket_0, 0.00 uJuncore_socket_0, 0.00 uJpsys_socket_0, 70.00 degCCpu_socket_0
WorkloadActual  11: 118464 op, 1000495396.00 ns, 8.4456 us/op, 43244091.00 uJpkg_socket_0, 1129697.00 uJdram_socket_0, 36752409.00 uJcore_socket_0, 0.00 uJuncore_socket_0, 0.00 uJpsys_socket_0, 70.50 degCCpu_socket_0
WorkloadActual  12: 118464 op, 999660261.00 ns, 8.4385 us/op, 43021008.00 uJpkg_socket_0, 1120847.00 uJdram_socket_0, 36535917.00 uJcore_socket_0, 0.00 uJuncore_socket_0, 0.00 uJpsys_socket_0, 70.00 degCCpu_socket_0
WorkloadActual  13: 118464 op, 999716693.00 ns, 8.4390 us/op, 43077466.00 uJpkg_socket_0, 1121519.00 uJdram_socket_0, 36598295.00 uJcore_socket_0, 0.00 uJuncore_socket_0, 0.00 uJpsys_socket_0, 70.00 degCCpu_socket_0
WorkloadActual  14: 118464 op, 1000341082.00 ns, 8.4443 us/op, 42963879.00 uJpkg_socket_0, 1128171.00 uJdram_socket_0, 36506193.00 uJcore_socket_0, 0.00 uJuncore_socket_0, 0.00 uJpsys_socket_0, 70.00 degCCpu_socket_0
WorkloadActual  15: 118464 op, 999578446.00 ns, 8.4378 us/op, 42902417.00 uJpkg_socket_0, 1119565.00 uJdram_socket_0, 36461455.00 uJcore_socket_0, 0.00 uJuncore_socket_0, 0.00 uJpsys_socket_0, 70.00 degCCpu_socket_0

// AfterActualRun
WorkloadResult   1: 118464 op, 1001337939.00 ns, 8.4527 us/op, 43153576.00 uJpkg_socket_0, 1130368.00 uJdram_socket_0, 36658781.00 uJcore_socket_0, 0.00 uJuncore_socket_0, 0.00 uJpsys_socket_0, 68.50 degCCpu_socket_0
WorkloadResult   2: 118464 op, 1002358297.00 ns, 8.4613 us/op, 43500316.00 uJpkg_socket_0, 1161374.00 uJdram_socket_0, 37000638.00 uJcore_socket_0, 0.00 uJuncore_socket_0, 0.00 uJpsys_socket_0, 70.00 degCCpu_socket_0
WorkloadResult   3: 118464 op, 1002405908.00 ns, 8.4617 us/op, 43096692.00 uJpkg_socket_0, 1157834.00 uJdram_socket_0, 36596830.00 uJcore_socket_0, 0.00 uJuncore_socket_0, 0.00 uJpsys_socket_0, 70.00 degCCpu_socket_0
WorkloadResult   4: 118464 op, 1003512046.00 ns, 8.4710 us/op, 43016980.00 uJpkg_socket_0, 1167966.00 uJdram_socket_0, 36513701.00 uJcore_socket_0, 0.00 uJuncore_socket_0, 0.00 uJpsys_socket_0, 70.00 degCCpu_socket_0
WorkloadResult   5: 118464 op, 1000193732.00 ns, 8.4430 us/op, 43082898.00 uJpkg_socket_0, 1130429.00 uJdram_socket_0, 36591337.00 uJcore_socket_0, 0.00 uJuncore_socket_0, 0.00 uJpsys_socket_0, 69.00 degCCpu_socket_0
WorkloadResult   6: 118464 op, 999124431.00 ns, 8.4340 us/op, 42729200.00 uJpkg_socket_0, 1121335.00 uJdram_socket_0, 36242705.00 uJcore_socket_0, 0.00 uJuncore_socket_0, 0.00 uJpsys_socket_0, 69.50 degCCpu_socket_0
WorkloadResult   7: 118464 op, 1000284223.00 ns, 8.4438 us/op, 42832959.00 uJpkg_socket_0, 1122922.00 uJdram_socket_0, 36349516.00 uJcore_socket_0, 0.00 uJuncore_socket_0, 0.00 uJpsys_socket_0, 69.50 degCCpu_socket_0
WorkloadResult   8: 118464 op, 1000458943.00 ns, 8.4453 us/op, 43148327.00 uJpkg_socket_0, 1132688.00 uJdram_socket_0, 36668546.00 uJcore_socket_0, 0.00 uJuncore_socket_0, 0.00 uJpsys_socket_0, 69.50 degCCpu_socket_0
WorkloadResult   9: 118464 op, 999300742.00 ns, 8.4355 us/op, 43197277.00 uJpkg_socket_0, 1121151.00 uJdram_socket_0, 36712492.00 uJcore_socket_0, 0.00 uJuncore_socket_0, 0.00 uJpsys_socket_0, 69.50 degCCpu_socket_0
WorkloadResult  10: 118464 op, 999437802.00 ns, 8.4366 us/op, 43012402.00 uJpkg_socket_0, 1121396.00 uJdram_socket_0, 36537382.00 uJcore_socket_0, 0.00 uJuncore_socket_0, 0.00 uJpsys_socket_0, 70.00 degCCpu_socket_0
WorkloadResult  11: 118464 op, 1000130088.00 ns, 8.4425 us/op, 43244091.00 uJpkg_socket_0, 1129697.00 uJdram_socket_0, 36752409.00 uJcore_socket_0, 0.00 uJuncore_socket_0, 0.00 uJpsys_socket_0, 70.50 degCCpu_socket_0
WorkloadResult  12: 118464 op, 999294953.00 ns, 8.4354 us/op, 43021008.00 uJpkg_socket_0, 1120847.00 uJdram_socket_0, 36535917.00 uJcore_socket_0, 0.00 uJuncore_socket_0, 0.00 uJpsys_socket_0, 70.00 degCCpu_socket_0
WorkloadResult  13: 118464 op, 999351385.00 ns, 8.4359 us/op, 43077466.00 uJpkg_socket_0, 1121519.00 uJdram_socket_0, 36598295.00 uJcore_socket_0, 0.00 uJuncore_socket_0, 0.00 uJpsys_socket_0, 70.00 degCCpu_socket_0
WorkloadResult  14: 118464 op, 999975774.00 ns, 8.4412 us/op, 42963879.00 uJpkg_socket_0, 1128171.00 uJdram_socket_0, 36506193.00 uJcore_socket_0, 0.00 uJuncore_socket_0, 0.00 uJpsys_socket_0, 70.00 degCCpu_socket_0
WorkloadResult  15: 118464 op, 999213138.00 ns, 8.4347 us/op, 42902417.00 uJpkg_socket_0, 1119565.00 uJdram_socket_0, 36461455.00 uJcore_socket_0, 0.00 uJuncore_socket_0, 0.00 uJpsys_socket_0, 70.00 degCCpu_socket_0

// AfterAll
// Benchmark Process 1059021 has exited with code 0.

Mean = 8.445 μs, StdErr = 0.003 μs (0.04%), N = 15, StdDev = 0.012 μs
Min = 8.434 μs, Q1 = 8.436 μs, Median = 8.442 μs, Q3 = 8.449 μs, Max = 8.471 μs
IQR = 0.013 μs, LowerFence = 8.416 μs, UpperFence = 8.469 μs
ConfidenceInterval = [8.433 μs; 8.457 μs] (CI 99.9%), Margin = 0.012 μs (0.15% of Mean)
Skewness = 0.94, Kurtosis = 2.5, MValue = 2

// ** Remained 2 (20.0 %) benchmark(s) to run. Estimated finish 2026-05-27 14:04 (0h 1m from now) **
// **************************
// Benchmark: SmokeBenchByte.SpanJson_Ser: Energy(OutlierMode=DontRemove, IterationTime=1s)
// *** Execute ***
// Launch: 1 / 1
// Execute: dotnet JsonBench-Energy-1.dll --anonymousPipes 123 124 --benchmarkName JsonBench.Benchmarks.SmokeBenchByte.SpanJson_Ser --job Energy --benchmarkId 8 in /home/test/json-energy-bench/JsonBench/bin/Release/net10.0/JsonBench-Energy-1/bin/Release/net10.0
// BeforeAnythingElse

// Benchmark Process Environment Information:
// BenchmarkDotNet v0.15.5-develop (2026-05-27)
// Runtime=.NET 10.0.8 (10.0.8, 10.0.826.23019), X64 RyuJIT x86-64-v3
// GC=Concurrent Workstation
// HardwareIntrinsics=AVX2+BMI1+BMI2+F16C+FMA+LZCNT+MOVBE,AVX,SSE3+SSSE3+SSE4.1+SSE4.2+POPCNT,X86Base+SSE+SSE2,AES+PCLMUL VectorSize=256
// Job: Energy(OutlierMode=DontRemove, IterationTime=1s)

Couldn't find Core RAPL device for socket 0: RAPLCantFindUncoreDevice
OverheadJitting  1: 1 op, 206362.00 ns, 206.3620 us/op, 64330.00 uJpkg_socket_0, 2319.00 uJdram_socket_0, 39490.00 uJcore_socket_0, 0.00 uJuncore_socket_0, 0.00 uJpsys_socket_0, 55.00 degCCpu_socket_0
WorkloadJitting  1: 1 op, 55372269.00 ns, 55.3723 ms/op, 2112726.00 uJpkg_socket_0, 65307.00 uJdram_socket_0, 1742916.00 uJcore_socket_0, 0.00 uJuncore_socket_0, 0.00 uJpsys_socket_0, 57.50 degCCpu_socket_0

Couldn't find Core RAPL device for socket 0: RAPLCantFindUncoreDevice
OverheadJitting  2: 16 op, 493293.00 ns, 30.8308 us/op, 54443.00 uJpkg_socket_0, 1404.00 uJdram_socket_0, 32226.00 uJcore_socket_0, 0.00 uJuncore_socket_0, 0.00 uJpsys_socket_0, 58.00 degCCpu_socket_0
WorkloadJitting  2: 16 op, 1057692.00 ns, 66.1058 us/op, 54077.00 uJpkg_socket_0, 1282.00 uJdram_socket_0, 59814.00 uJcore_socket_0, 0.00 uJuncore_socket_0, 0.00 uJpsys_socket_0, 58.00 degCCpu_socket_0

WorkloadPilot    1: 16 op, 454736.00 ns, 28.4210 us/op, 40283.00 uJpkg_socket_0, 1160.00 uJdram_socket_0, 20752.00 uJcore_socket_0, 0.00 uJuncore_socket_0, 0.00 uJpsys_socket_0, 59.00 degCCpu_socket_0
WorkloadPilot    2: 35200 op, 343055534.00 ns, 9.7459 us/op, 15008934.00 uJpkg_socket_0, 388671.00 uJdram_socket_0, 12802152.00 uJcore_socket_0, 0.00 uJuncore_socket_0, 0.00 uJpsys_socket_0, 64.00 degCCpu_socket_0
WorkloadPilot    3: 102608 op, 520690830.00 ns, 5.0746 us/op, 21458258.00 uJpkg_socket_0, 588439.00 uJdram_socket_0, 18121902.00 uJcore_socket_0, 0.00 uJuncore_socket_0, 0.00 uJpsys_socket_0, 66.00 degCCpu_socket_0
WorkloadPilot    4: 197072 op, 992052863.00 ns, 5.0340 us/op, 40898760.00 uJpkg_socket_0, 1113827.00 uJdram_socket_0, 34489658.00 uJcore_socket_0, 0.00 uJuncore_socket_0, 0.00 uJpsys_socket_0, 66.00 degCCpu_socket_0
WorkloadPilot    5: 198656 op, 996704374.00 ns, 5.0172 us/op, 40918779.00 uJpkg_socket_0, 1117368.00 uJdram_socket_0, 34454196.00 uJcore_socket_0, 0.00 uJuncore_socket_0, 0.00 uJpsys_socket_0, 67.00 degCCpu_socket_0
WorkloadPilot    6: 199328 op, 996802703.00 ns, 5.0008 us/op, 41852005.00 uJpkg_socket_0, 1123533.00 uJdram_socket_0, 35403657.00 uJcore_socket_0, 0.00 uJuncore_socket_0, 0.00 uJpsys_socket_0, 67.00 degCCpu_socket_0
WorkloadPilot    7: 199968 op, 1002537566.00 ns, 5.0135 us/op, 41374101.00 uJpkg_socket_0, 1127194.00 uJdram_socket_0, 34872286.00 uJcore_socket_0, 0.00 uJuncore_socket_0, 0.00 uJpsys_socket_0, 66.00 degCCpu_socket_0
WorkloadPilot    8: 199472 op, 999622791.00 ns, 5.0113 us/op, 41308732.00 uJpkg_socket_0, 1122739.00 uJdram_socket_0, 34825716.00 uJcore_socket_0, 0.00 uJuncore_socket_0, 0.00 uJpsys_socket_0, 66.50 degCCpu_socket_0
WorkloadPilot    9: 199552 op, 997369653.00 ns, 4.9980 us/op, 40978777.00 uJpkg_socket_0, 1118772.00 uJdram_socket_0, 34504734.00 uJcore_socket_0, 0.00 uJuncore_socket_0, 0.00 uJpsys_socket_0, 67.00 degCCpu_socket_0
WorkloadPilot   10: 200080 op, 998950174.00 ns, 4.9928 us/op, 41718399.00 uJpkg_socket_0, 1126096.00 uJdram_socket_0, 35226289.00 uJcore_socket_0, 0.00 uJuncore_socket_0, 0.00 uJpsys_socket_0, 66.50 degCCpu_socket_0
WorkloadPilot   11: 200304 op, 1001617390.00 ns, 5.0005 us/op, 41140336.00 uJpkg_socket_0, 1123106.00 uJdram_socket_0, 34645846.00 uJcore_socket_0, 0.00 uJuncore_socket_0, 0.00 uJpsys_socket_0, 67.50 degCCpu_socket_0
WorkloadPilot   12: 199984 op, 999985512.00 ns, 5.0003 us/op, 41121842.00 uJpkg_socket_0, 1122312.00 uJdram_socket_0, 34649082.00 uJcore_socket_0, 0.00 uJuncore_socket_0, 0.00 uJpsys_socket_0, 66.00 degCCpu_socket_0
WorkloadPilot   13: 200000 op, 993965447.00 ns, 4.9698 us/op, 40750140.00 uJpkg_socket_0, 1115720.00 uJdram_socket_0, 34319370.00 uJcore_socket_0, 0.00 uJuncore_socket_0, 0.00 uJpsys_socket_0, 67.50 degCCpu_socket_0
WorkloadPilot   14: 201216 op, 1006253994.00 ns, 5.0009 us/op, 41208818.00 uJpkg_socket_0, 1127011.00 uJdram_socket_0, 34711032.00 uJcore_socket_0, 0.00 uJuncore_socket_0, 0.00 uJpsys_socket_0, 68.00 degCCpu_socket_0

OverheadWarmup   1: 201216 op, 577821.00 ns, 2.8716 ns/op, 40832.00 uJpkg_socket_0, 1160.00 uJdram_socket_0, 27832.00 uJcore_socket_0, 0.00 uJuncore_socket_0, 0.00 uJpsys_socket_0, 65.00 degCCpu_socket_0
OverheadWarmup   2: 201216 op, 648843.00 ns, 3.2246 ns/op, 41077.00 uJpkg_socket_0, 1221.00 uJdram_socket_0, 26856.00 uJcore_socket_0, 0.00 uJuncore_socket_0, 0.00 uJpsys_socket_0, 64.00 degCCpu_socket_0
OverheadWarmup   3: 201216 op, 578509.00 ns, 2.8751 ns/op, 41504.00 uJpkg_socket_0, 1220.00 uJdram_socket_0, 23193.00 uJcore_socket_0, 0.00 uJuncore_socket_0, 0.00 uJpsys_socket_0, 63.00 degCCpu_socket_0
OverheadWarmup   4: 201216 op, 605730.00 ns, 3.0103 ns/op, 42297.00 uJpkg_socket_0, 1160.00 uJdram_socket_0, 27893.00 uJcore_socket_0, 0.00 uJuncore_socket_0, 0.00 uJpsys_socket_0, 62.50 degCCpu_socket_0
OverheadWarmup   5: 201216 op, 575331.00 ns, 2.8593 ns/op, 0.00 uJpkg_socket_0, 1098.00 uJdram_socket_0, 24780.00 uJcore_socket_0, 0.00 uJuncore_socket_0, 0.00 uJpsys_socket_0, 62.00 degCCpu_socket_0

OverheadActual   1: 201216 op, 574539.00 ns, 2.8553 ns/op, 39856.00 uJpkg_socket_0, 1159.00 uJdram_socket_0, 22827.00 uJcore_socket_0, 0.00 uJuncore_socket_0, 0.00 uJpsys_socket_0, 61.00 degCCpu_socket_0
OverheadActual   2: 201216 op, 610195.00 ns, 3.0325 ns/op, 40161.00 uJpkg_socket_0, 1159.00 uJdram_socket_0, 26367.00 uJcore_socket_0, 0.00 uJuncore_socket_0, 0.00 uJpsys_socket_0, 60.50 degCCpu_socket_0
OverheadActual   3: 201216 op, 573670.00 ns, 2.8510 ns/op, 39673.00 uJpkg_socket_0, 1159.00 uJdram_socket_0, 23987.00 uJcore_socket_0, 0.00 uJuncore_socket_0, 0.00 uJpsys_socket_0, 60.50 degCCpu_socket_0
OverheadActual   4: 201216 op, 571147.00 ns, 2.8385 ns/op, 0.00 uJpkg_socket_0, 0.00 uJdram_socket_0, 24353.00 uJcore_socket_0, 0.00 uJuncore_socket_0, 0.00 uJpsys_socket_0, 61.50 degCCpu_socket_0
OverheadActual   5: 201216 op, 606146.00 ns, 3.0124 ns/op, 42297.00 uJpkg_socket_0, 1159.00 uJdram_socket_0, 25146.00 uJcore_socket_0, 0.00 uJuncore_socket_0, 0.00 uJpsys_socket_0, 61.00 degCCpu_socket_0
OverheadActual   6: 201216 op, 576073.00 ns, 2.8630 ns/op, 42907.00 uJpkg_socket_0, 1160.00 uJdram_socket_0, 27405.00 uJcore_socket_0, 0.00 uJuncore_socket_0, 0.00 uJpsys_socket_0, 62.00 degCCpu_socket_0
OverheadActual   7: 201216 op, 572340.00 ns, 2.8444 ns/op, 0.00 uJpkg_socket_0, 0.00 uJdram_socket_0, 22644.00 uJcore_socket_0, 0.00 uJuncore_socket_0, 0.00 uJpsys_socket_0, 61.50 degCCpu_socket_0
OverheadActual   8: 201216 op, 572518.00 ns, 2.8453 ns/op, 43213.00 uJpkg_socket_0, 1159.00 uJdram_socket_0, 25696.00 uJcore_socket_0, 0.00 uJuncore_socket_0, 0.00 uJpsys_socket_0, 62.00 degCCpu_socket_0
OverheadActual   9: 201216 op, 575171.00 ns, 2.8585 ns/op, 43274.00 uJpkg_socket_0, 1099.00 uJdram_socket_0, 27527.00 uJcore_socket_0, 0.00 uJuncore_socket_0, 0.00 uJpsys_socket_0, 62.00 degCCpu_socket_0
OverheadActual  10: 201216 op, 604952.00 ns, 3.0065 ns/op, 42908.00 uJpkg_socket_0, 1099.00 uJdram_socket_0, 26001.00 uJcore_socket_0, 0.00 uJuncore_socket_0, 0.00 uJpsys_socket_0, 62.00 degCCpu_socket_0
OverheadActual  11: 201216 op, 571788.00 ns, 2.8417 ns/op, 0.00 uJpkg_socket_0, 0.00 uJdram_socket_0, 22888.00 uJcore_socket_0, 0.00 uJuncore_socket_0, 0.00 uJpsys_socket_0, 63.00 degCCpu_socket_0
OverheadActual  12: 201216 op, 573400.00 ns, 2.8497 ns/op, 42908.00 uJpkg_socket_0, 1160.00 uJdram_socket_0, 25329.00 uJcore_socket_0, 0.00 uJuncore_socket_0, 0.00 uJpsys_socket_0, 62.00 degCCpu_socket_0
OverheadActual  13: 201216 op, 573986.00 ns, 2.8526 ns/op, 41199.00 uJpkg_socket_0, 1098.00 uJdram_socket_0, 26001.00 uJcore_socket_0, 0.00 uJuncore_socket_0, 0.00 uJpsys_socket_0, 61.50 degCCpu_socket_0
OverheadActual  14: 201216 op, 571913.00 ns, 2.8423 ns/op, 0.00 uJpkg_socket_0, 0.00 uJdram_socket_0, 22034.00 uJcore_socket_0, 0.00 uJuncore_socket_0, 0.00 uJpsys_socket_0, 62.00 degCCpu_socket_0
OverheadActual  15: 201216 op, 574515.00 ns, 2.8552 ns/op, 43701.00 uJpkg_socket_0, 1160.00 uJdram_socket_0, 25573.00 uJcore_socket_0, 0.00 uJuncore_socket_0, 0.00 uJpsys_socket_0, 62.00 degCCpu_socket_0

WorkloadWarmup   1: 201216 op, 1026101567.00 ns, 5.0995 us/op, 42812574.00 uJpkg_socket_0, 1155759.00 uJdram_socket_0, 36188323.00 uJcore_socket_0, 0.00 uJuncore_socket_0, 0.00 uJpsys_socket_0, 64.50 degCCpu_socket_0
WorkloadWarmup   2: 201216 op, 1002283503.00 ns, 4.9811 us/op, 41106035.00 uJpkg_socket_0, 1122495.00 uJdram_socket_0, 34633456.00 uJcore_socket_0, 0.00 uJuncore_socket_0, 0.00 uJpsys_socket_0, 66.00 degCCpu_socket_0
WorkloadWarmup   3: 201216 op, 1004702951.00 ns, 4.9932 us/op, 41166337.00 uJpkg_socket_0, 1127317.00 uJdram_socket_0, 34659519.00 uJcore_socket_0, 0.00 uJuncore_socket_0, 0.00 uJpsys_socket_0, 66.50 degCCpu_socket_0
WorkloadWarmup   4: 201216 op, 1002029399.00 ns, 4.9799 us/op, 41072039.00 uJpkg_socket_0, 1123105.00 uJdram_socket_0, 34550876.00 uJcore_socket_0, 0.00 uJuncore_socket_0, 0.00 uJpsys_socket_0, 67.00 degCCpu_socket_0
WorkloadWarmup   5: 201216 op, 1012468577.00 ns, 5.0317 us/op, 41410905.00 uJpkg_socket_0, 1134580.00 uJdram_socket_0, 34885836.00 uJcore_socket_0, 0.00 uJuncore_socket_0, 0.00 uJpsys_socket_0, 67.00 degCCpu_socket_0
WorkloadWarmup   6: 201216 op, 997972458.00 ns, 4.9597 us/op, 40877581.00 uJpkg_socket_0, 1117123.00 uJdram_socket_0, 34425266.00 uJcore_socket_0, 0.00 uJuncore_socket_0, 0.00 uJpsys_socket_0, 67.00 degCCpu_socket_0

// BeforeActualRun
WorkloadActual   1: 201216 op, 1013138441.00 ns, 5.0351 us/op, 41500077.00 uJpkg_socket_0, 1136838.00 uJdram_socket_0, 34914339.00 uJcore_socket_0, 0.00 uJuncore_socket_0, 0.00 uJpsys_socket_0, 65.50 degCCpu_socket_0
WorkloadActual   2: 201216 op, 1012132591.00 ns, 5.0301 us/op, 41415421.00 uJpkg_socket_0, 1146420.00 uJdram_socket_0, 34875765.00 uJcore_socket_0, 0.00 uJuncore_socket_0, 0.00 uJpsys_socket_0, 67.00 degCCpu_socket_0
WorkloadActual   3: 201216 op, 1017991833.00 ns, 5.0592 us/op, 41700760.00 uJpkg_socket_0, 1154477.00 uJdram_socket_0, 35071931.00 uJcore_socket_0, 0.00 uJuncore_socket_0, 0.00 uJpsys_socket_0, 66.00 degCCpu_socket_0
WorkloadActual   4: 201216 op, 1008626512.00 ns, 5.0127 us/op, 41367875.00 uJpkg_socket_0, 1146787.00 uJdram_socket_0, 34823703.00 uJcore_socket_0, 0.00 uJuncore_socket_0, 0.00 uJpsys_socket_0, 67.50 degCCpu_socket_0
WorkloadActual   5: 201216 op, 1007919044.00 ns, 5.0091 us/op, 41288347.00 uJpkg_socket_0, 1142636.00 uJdram_socket_0, 34757846.00 uJcore_socket_0, 0.00 uJuncore_socket_0, 0.00 uJpsys_socket_0, 67.50 degCCpu_socket_0
WorkloadActual   6: 201216 op, 1007052513.00 ns, 5.0048 us/op, 41215043.00 uJpkg_socket_0, 1141232.00 uJdram_socket_0, 34701998.00 uJcore_socket_0, 0.00 uJuncore_socket_0, 0.00 uJpsys_socket_0, 66.50 degCCpu_socket_0
WorkloadActual   7: 201216 op, 1012382202.00 ns, 5.0313 us/op, 41407609.00 uJpkg_socket_0, 1146237.00 uJdram_socket_0, 34871675.00 uJcore_socket_0, 0.00 uJuncore_socket_0, 0.00 uJpsys_socket_0, 66.50 degCCpu_socket_0
WorkloadActual   8: 201216 op, 1008504876.00 ns, 5.0121 us/op, 41308854.00 uJpkg_socket_0, 1143002.00 uJdram_socket_0, 34762118.00 uJcore_socket_0, 0.00 uJuncore_socket_0, 0.00 uJpsys_socket_0, 67.00 degCCpu_socket_0
WorkloadActual   9: 201216 op, 1010046708.00 ns, 5.0197 us/op, 41395707.00 uJpkg_socket_0, 1145322.00 uJdram_socket_0, 34818087.00 uJcore_socket_0, 0.00 uJuncore_socket_0, 0.00 uJpsys_socket_0, 67.00 degCCpu_socket_0
WorkloadActual  10: 201216 op, 1012622442.00 ns, 5.0325 us/op, 41729263.00 uJpkg_socket_0, 1152951.00 uJdram_socket_0, 35160860.00 uJcore_socket_0, 0.00 uJuncore_socket_0, 0.00 uJpsys_socket_0, 67.00 degCCpu_socket_0
WorkloadActual  11: 201216 op, 1009909563.00 ns, 5.0190 us/op, 41365983.00 uJpkg_socket_0, 1144528.00 uJdram_socket_0, 34827486.00 uJcore_socket_0, 0.00 uJuncore_socket_0, 0.00 uJpsys_socket_0, 66.00 degCCpu_socket_0
WorkloadActual  12: 201216 op, 1013890022.00 ns, 5.0388 us/op, 41536881.00 uJpkg_socket_0, 1150937.00 uJdram_socket_0, 34927645.00 uJcore_socket_0, 0.00 uJuncore_socket_0, 0.00 uJpsys_socket_0, 67.00 degCCpu_socket_0
WorkloadActual  13: 201216 op, 1010390357.00 ns, 5.0214 us/op, 41361406.00 uJpkg_socket_0, 1144406.00 uJdram_socket_0, 34839632.00 uJcore_socket_0, 0.00 uJuncore_socket_0, 0.00 uJpsys_socket_0, 67.00 degCCpu_socket_0
WorkloadActual  14: 201216 op, 1004444391.00 ns, 4.9919 us/op, 41123918.00 uJpkg_socket_0, 1140805.00 uJdram_socket_0, 34643283.00 uJcore_socket_0, 0.00 uJuncore_socket_0, 0.00 uJpsys_socket_0, 67.00 degCCpu_socket_0
WorkloadActual  15: 201216 op, 1009580699.00 ns, 5.0174 us/op, 41365373.00 uJpkg_socket_0, 1145016.00 uJdram_socket_0, 34813571.00 uJcore_socket_0, 0.00 uJuncore_socket_0, 0.00 uJpsys_socket_0, 67.50 degCCpu_socket_0

// AfterActualRun
WorkloadResult   1: 201216 op, 1012564455.00 ns, 5.0322 us/op, 41500077.00 uJpkg_socket_0, 1136838.00 uJdram_socket_0, 34914339.00 uJcore_socket_0, 0.00 uJuncore_socket_0, 0.00 uJpsys_socket_0, 65.50 degCCpu_socket_0
WorkloadResult   2: 201216 op, 1011558605.00 ns, 5.0272 us/op, 41415421.00 uJpkg_socket_0, 1146420.00 uJdram_socket_0, 34875765.00 uJcore_socket_0, 0.00 uJuncore_socket_0, 0.00 uJpsys_socket_0, 67.00 degCCpu_socket_0
WorkloadResult   3: 201216 op, 1017417847.00 ns, 5.0563 us/op, 41700760.00 uJpkg_socket_0, 1154477.00 uJdram_socket_0, 35071931.00 uJcore_socket_0, 0.00 uJuncore_socket_0, 0.00 uJpsys_socket_0, 66.00 degCCpu_socket_0
WorkloadResult   4: 201216 op, 1008052526.00 ns, 5.0098 us/op, 41367875.00 uJpkg_socket_0, 1146787.00 uJdram_socket_0, 34823703.00 uJcore_socket_0, 0.00 uJuncore_socket_0, 0.00 uJpsys_socket_0, 67.50 degCCpu_socket_0
WorkloadResult   5: 201216 op, 1007345058.00 ns, 5.0063 us/op, 41288347.00 uJpkg_socket_0, 1142636.00 uJdram_socket_0, 34757846.00 uJcore_socket_0, 0.00 uJuncore_socket_0, 0.00 uJpsys_socket_0, 67.50 degCCpu_socket_0
WorkloadResult   6: 201216 op, 1006478527.00 ns, 5.0020 us/op, 41215043.00 uJpkg_socket_0, 1141232.00 uJdram_socket_0, 34701998.00 uJcore_socket_0, 0.00 uJuncore_socket_0, 0.00 uJpsys_socket_0, 66.50 degCCpu_socket_0
WorkloadResult   7: 201216 op, 1011808216.00 ns, 5.0285 us/op, 41407609.00 uJpkg_socket_0, 1146237.00 uJdram_socket_0, 34871675.00 uJcore_socket_0, 0.00 uJuncore_socket_0, 0.00 uJpsys_socket_0, 66.50 degCCpu_socket_0
WorkloadResult   8: 201216 op, 1007930890.00 ns, 5.0092 us/op, 41308854.00 uJpkg_socket_0, 1143002.00 uJdram_socket_0, 34762118.00 uJcore_socket_0, 0.00 uJuncore_socket_0, 0.00 uJpsys_socket_0, 67.00 degCCpu_socket_0
WorkloadResult   9: 201216 op, 1009472722.00 ns, 5.0169 us/op, 41395707.00 uJpkg_socket_0, 1145322.00 uJdram_socket_0, 34818087.00 uJcore_socket_0, 0.00 uJuncore_socket_0, 0.00 uJpsys_socket_0, 67.00 degCCpu_socket_0
WorkloadResult  10: 201216 op, 1012048456.00 ns, 5.0297 us/op, 41729263.00 uJpkg_socket_0, 1152951.00 uJdram_socket_0, 35160860.00 uJcore_socket_0, 0.00 uJuncore_socket_0, 0.00 uJpsys_socket_0, 67.00 degCCpu_socket_0
WorkloadResult  11: 201216 op, 1009335577.00 ns, 5.0162 us/op, 41365983.00 uJpkg_socket_0, 1144528.00 uJdram_socket_0, 34827486.00 uJcore_socket_0, 0.00 uJuncore_socket_0, 0.00 uJpsys_socket_0, 66.00 degCCpu_socket_0
WorkloadResult  12: 201216 op, 1013316036.00 ns, 5.0360 us/op, 41536881.00 uJpkg_socket_0, 1150937.00 uJdram_socket_0, 34927645.00 uJcore_socket_0, 0.00 uJuncore_socket_0, 0.00 uJpsys_socket_0, 67.00 degCCpu_socket_0
WorkloadResult  13: 201216 op, 1009816371.00 ns, 5.0186 us/op, 41361406.00 uJpkg_socket_0, 1144406.00 uJdram_socket_0, 34839632.00 uJcore_socket_0, 0.00 uJuncore_socket_0, 0.00 uJpsys_socket_0, 67.00 degCCpu_socket_0
WorkloadResult  14: 201216 op, 1003870405.00 ns, 4.9890 us/op, 41123918.00 uJpkg_socket_0, 1140805.00 uJdram_socket_0, 34643283.00 uJcore_socket_0, 0.00 uJuncore_socket_0, 0.00 uJpsys_socket_0, 67.00 degCCpu_socket_0
WorkloadResult  15: 201216 op, 1009006713.00 ns, 5.0145 us/op, 41365373.00 uJpkg_socket_0, 1145016.00 uJdram_socket_0, 34813571.00 uJcore_socket_0, 0.00 uJuncore_socket_0, 0.00 uJpsys_socket_0, 67.50 degCCpu_socket_0

// AfterAll
// Benchmark Process 1059036 has exited with code 0.

Mean = 5.019 μs, StdErr = 0.004 μs (0.08%), N = 15, StdDev = 0.016 μs
Min = 4.989 μs, Q1 = 5.010 μs, Median = 5.017 μs, Q3 = 5.029 μs, Max = 5.056 μs
IQR = 0.020 μs, LowerFence = 4.980 μs, UpperFence = 5.058 μs
ConfidenceInterval = [5.002 μs; 5.037 μs] (CI 99.9%), Margin = 0.017 μs (0.35% of Mean)
Skewness = 0.32, Kurtosis = 2.86, MValue = 2

// ** Remained 1 (10.0 %) benchmark(s) to run. Estimated finish 2026-05-27 14:04 (0h 0m from now) **
// **************************
// Benchmark: SmokeBenchByte.Utf8Json_Ser: Energy(OutlierMode=DontRemove, IterationTime=1s)
// *** Execute ***
// Launch: 1 / 1
// Execute: dotnet JsonBench-Energy-1.dll --anonymousPipes 123 124 --benchmarkName JsonBench.Benchmarks.SmokeBenchByte.Utf8Json_Ser --job Energy --benchmarkId 9 in /home/test/json-energy-bench/JsonBench/bin/Release/net10.0/JsonBench-Energy-1/bin/Release/net10.0
// BeforeAnythingElse

// Benchmark Process Environment Information:
// BenchmarkDotNet v0.15.5-develop (2026-05-27)
// Runtime=.NET 10.0.8 (10.0.8, 10.0.826.23019), X64 RyuJIT x86-64-v3
// GC=Concurrent Workstation
// HardwareIntrinsics=AVX2+BMI1+BMI2+F16C+FMA+LZCNT+MOVBE,AVX,SSE3+SSSE3+SSE4.1+SSE4.2+POPCNT,X86Base+SSE+SSE2,AES+PCLMUL VectorSize=256
// Job: Energy(OutlierMode=DontRemove, IterationTime=1s)

Couldn't find Core RAPL device for socket 0: RAPLCantFindUncoreDevice
OverheadJitting  1: 1 op, 194931.00 ns, 194.9310 us/op, 30151.00 uJpkg_socket_0, 2258.00 uJdram_socket_0, 43396.00 uJcore_socket_0, 0.00 uJuncore_socket_0, 0.00 uJpsys_socket_0, 55.50 degCCpu_socket_0
WorkloadJitting  1: 1 op, 60974435.00 ns, 60.9744 ms/op, 2248285.00 uJpkg_socket_0, 71899.00 uJdram_socket_0, 1826777.00 uJcore_socket_0, 0.00 uJuncore_socket_0, 0.00 uJpsys_socket_0, 57.50 degCCpu_socket_0

Couldn't find Core RAPL device for socket 0: RAPLCantFindUncoreDevice
OverheadJitting  2: 16 op, 460082.00 ns, 28.7551 us/op, 54993.00 uJpkg_socket_0, 1404.00 uJdram_socket_0, 31311.00 uJcore_socket_0, 0.00 uJuncore_socket_0, 0.00 uJpsys_socket_0, 57.00 degCCpu_socket_0
WorkloadJitting  2: 16 op, 1030967.00 ns, 64.4354 us/op, 50781.00 uJpkg_socket_0, 1220.00 uJdram_socket_0, 55542.00 uJcore_socket_0, 0.00 uJuncore_socket_0, 0.00 uJpsys_socket_0, 58.00 degCCpu_socket_0

WorkloadPilot    1: 16 op, 522395.00 ns, 32.6497 us/op, 55664.00 uJpkg_socket_0, 0.00 uJdram_socket_0, 35767.00 uJcore_socket_0, 0.00 uJuncore_socket_0, 0.00 uJpsys_socket_0, 58.00 degCCpu_socket_0
WorkloadPilot    2: 30640 op, 321169739.00 ns, 10.4820 us/op, 14289637.00 uJpkg_socket_0, 368346.00 uJdram_socket_0, 12173308.00 uJcore_socket_0, 0.00 uJuncore_socket_0, 0.00 uJpsys_socket_0, 63.00 degCCpu_socket_0
WorkloadPilot    3: 95408 op, 472302261.00 ns, 4.9503 us/op, 19379528.00 uJpkg_socket_0, 531249.00 uJdram_socket_0, 16339314.00 uJcore_socket_0, 0.00 uJuncore_socket_0, 0.00 uJpsys_socket_0, 67.00 degCCpu_socket_0
WorkloadPilot    4: 202016 op, 990452929.00 ns, 4.9028 us/op, 40915484.00 uJpkg_socket_0, 1114805.00 uJdram_socket_0, 34484348.00 uJcore_socket_0, 0.00 uJuncore_socket_0, 0.00 uJpsys_socket_0, 67.50 degCCpu_socket_0
WorkloadPilot    5: 203968 op, 993929842.00 ns, 4.8730 us/op, 40814287.00 uJpkg_socket_0, 1118101.00 uJdram_socket_0, 34385654.00 uJcore_socket_0, 0.00 uJuncore_socket_0, 0.00 uJpsys_socket_0, 67.50 degCCpu_socket_0
WorkloadPilot    6: 205216 op, 1003105551.00 ns, 4.8880 us/op, 42182876.00 uJpkg_socket_0, 1131406.00 uJdram_socket_0, 35663361.00 uJcore_socket_0, 0.00 uJuncore_socket_0, 0.00 uJpsys_socket_0, 66.50 degCCpu_socket_0
WorkloadPilot    7: 204592 op, 1001547976.00 ns, 4.8953 us/op, 41240556.00 uJpkg_socket_0, 1128415.00 uJdram_socket_0, 34741305.00 uJcore_socket_0, 0.00 uJuncore_socket_0, 0.00 uJpsys_socket_0, 66.00 degCCpu_socket_0
WorkloadPilot    8: 204288 op, 1003228441.00 ns, 4.9109 us/op, 41347001.00 uJpkg_socket_0, 1127622.00 uJdram_socket_0, 34822177.00 uJcore_socket_0, 0.00 uJuncore_socket_0, 0.00 uJpsys_socket_0, 66.50 degCCpu_socket_0

OverheadWarmup   1: 204288 op, 591502.00 ns, 2.8954 ns/op, 0.00 uJpkg_socket_0, 0.00 uJdram_socket_0, 26306.00 uJcore_socket_0, 0.00 uJuncore_socket_0, 0.00 uJpsys_socket_0, 64.50 degCCpu_socket_0
OverheadWarmup   2: 204288 op, 591115.00 ns, 2.8935 ns/op, 41748.00 uJpkg_socket_0, 1159.00 uJdram_socket_0, 25757.00 uJcore_socket_0, 0.00 uJuncore_socket_0, 0.00 uJpsys_socket_0, 63.50 degCCpu_socket_0
OverheadWarmup   3: 204288 op, 589531.00 ns, 2.8858 ns/op, 38574.00 uJpkg_socket_0, 1099.00 uJdram_socket_0, 22705.00 uJcore_socket_0, 0.00 uJuncore_socket_0, 0.00 uJpsys_socket_0, 63.00 degCCpu_socket_0
OverheadWarmup   4: 204288 op, 589827.00 ns, 2.8872 ns/op, 0.00 uJpkg_socket_0, 0.00 uJdram_socket_0, 23681.00 uJcore_socket_0, 0.00 uJuncore_socket_0, 0.00 uJpsys_socket_0, 62.50 degCCpu_socket_0
OverheadWarmup   5: 204288 op, 589665.00 ns, 2.8864 ns/op, 0.00 uJpkg_socket_0, 1098.00 uJdram_socket_0, 26672.00 uJcore_socket_0, 0.00 uJuncore_socket_0, 0.00 uJpsys_socket_0, 63.00 degCCpu_socket_0
OverheadWarmup   6: 204288 op, 591777.00 ns, 2.8968 ns/op, 0.00 uJpkg_socket_0, 0.00 uJdram_socket_0, 28992.00 uJcore_socket_0, 0.00 uJuncore_socket_0, 0.00 uJpsys_socket_0, 62.50 degCCpu_socket_0
OverheadWarmup   7: 204288 op, 623406.00 ns, 3.0516 ns/op, 40466.00 uJpkg_socket_0, 0.00 uJdram_socket_0, 28321.00 uJcore_socket_0, 0.00 uJuncore_socket_0, 0.00 uJpsys_socket_0, 62.50 degCCpu_socket_0
OverheadWarmup   8: 204288 op, 624126.00 ns, 3.0551 ns/op, 41077.00 uJpkg_socket_0, 1099.00 uJdram_socket_0, 31677.00 uJcore_socket_0, 0.00 uJuncore_socket_0, 0.00 uJpsys_socket_0, 62.00 degCCpu_socket_0
OverheadWarmup   9: 204288 op, 618247.00 ns, 3.0264 ns/op, 38635.00 uJpkg_socket_0, 1099.00 uJdram_socket_0, 25208.00 uJcore_socket_0, 0.00 uJuncore_socket_0, 0.00 uJpsys_socket_0, 62.50 degCCpu_socket_0

OverheadActual   1: 204288 op, 590553.00 ns, 2.8908 ns/op, 0.00 uJpkg_socket_0, 0.00 uJdram_socket_0, 24414.00 uJcore_socket_0, 0.00 uJuncore_socket_0, 0.00 uJpsys_socket_0, 61.00 degCCpu_socket_0
OverheadActual   2: 204288 op, 617942.00 ns, 3.0249 ns/op, 44556.00 uJpkg_socket_0, 1160.00 uJdram_socket_0, 27832.00 uJcore_socket_0, 0.00 uJuncore_socket_0, 0.00 uJpsys_socket_0, 60.50 degCCpu_socket_0
OverheadActual   3: 204288 op, 584354.00 ns, 2.8604 ns/op, 39307.00 uJpkg_socket_0, 1099.00 uJdram_socket_0, 24963.00 uJcore_socket_0, 0.00 uJuncore_socket_0, 0.00 uJpsys_socket_0, 60.50 degCCpu_socket_0
OverheadActual   4: 204288 op, 586437.00 ns, 2.8706 ns/op, 42846.00 uJpkg_socket_0, 1099.00 uJdram_socket_0, 26489.00 uJcore_socket_0, 0.00 uJuncore_socket_0, 0.00 uJpsys_socket_0, 60.50 degCCpu_socket_0
OverheadActual   5: 204288 op, 617716.00 ns, 3.0238 ns/op, 39917.00 uJpkg_socket_0, 1098.00 uJdram_socket_0, 23926.00 uJcore_socket_0, 0.00 uJuncore_socket_0, 0.00 uJpsys_socket_0, 61.50 degCCpu_socket_0
OverheadActual   6: 204288 op, 624227.00 ns, 3.0556 ns/op, 0.00 uJpkg_socket_0, 0.00 uJdram_socket_0, 27039.00 uJcore_socket_0, 0.00 uJuncore_socket_0, 0.00 uJpsys_socket_0, 61.00 degCCpu_socket_0
OverheadActual   7: 204288 op, 619597.00 ns, 3.0330 ns/op, 0.00 uJpkg_socket_0, 0.00 uJdram_socket_0, 25879.00 uJcore_socket_0, 0.00 uJuncore_socket_0, 0.00 uJpsys_socket_0, 61.50 degCCpu_socket_0
OverheadActual   8: 204288 op, 587751.00 ns, 2.8771 ns/op, 0.00 uJpkg_socket_0, 0.00 uJdram_socket_0, 27100.00 uJcore_socket_0, 0.00 uJuncore_socket_0, 0.00 uJpsys_socket_0, 60.50 degCCpu_socket_0
OverheadActual   9: 204288 op, 587066.00 ns, 2.8737 ns/op, 42603.00 uJpkg_socket_0, 1221.00 uJdram_socket_0, 26489.00 uJcore_socket_0, 0.00 uJuncore_socket_0, 0.00 uJpsys_socket_0, 61.00 degCCpu_socket_0
OverheadActual  10: 204288 op, 618605.00 ns, 3.0281 ns/op, 43457.00 uJpkg_socket_0, 1160.00 uJdram_socket_0, 27283.00 uJcore_socket_0, 0.00 uJuncore_socket_0, 0.00 uJpsys_socket_0, 61.50 degCCpu_socket_0
OverheadActual  11: 204288 op, 583316.00 ns, 2.8554 ns/op, 40588.00 uJpkg_socket_0, 1098.00 uJdram_socket_0, 26184.00 uJcore_socket_0, 0.00 uJuncore_socket_0, 0.00 uJpsys_socket_0, 60.00 degCCpu_socket_0
OverheadActual  12: 204288 op, 586406.00 ns, 2.8705 ns/op, 43212.00 uJpkg_socket_0, 1160.00 uJdram_socket_0, 26428.00 uJcore_socket_0, 0.00 uJuncore_socket_0, 0.00 uJpsys_socket_0, 61.00 degCCpu_socket_0
OverheadActual  13: 204288 op, 585238.00 ns, 2.8648 ns/op, 38391.00 uJpkg_socket_0, 1099.00 uJdram_socket_0, 24476.00 uJcore_socket_0, 0.00 uJuncore_socket_0, 0.00 uJpsys_socket_0, 61.50 degCCpu_socket_0
OverheadActual  14: 204288 op, 591264.00 ns, 2.8943 ns/op, 39001.00 uJpkg_socket_0, 1037.00 uJdram_socket_0, 26306.00 uJcore_socket_0, 0.00 uJuncore_socket_0, 0.00 uJpsys_socket_0, 61.00 degCCpu_socket_0
OverheadActual  15: 204288 op, 589691.00 ns, 2.8866 ns/op, 0.00 uJpkg_socket_0, 0.00 uJdram_socket_0, 28564.00 uJcore_socket_0, 0.00 uJuncore_socket_0, 0.00 uJpsys_socket_0, 61.00 degCCpu_socket_0

WorkloadWarmup   1: 204288 op, 994469745.00 ns, 4.8680 us/op, 42223891.00 uJpkg_socket_0, 1122800.00 uJdram_socket_0, 35785247.00 uJcore_socket_0, 0.00 uJuncore_socket_0, 0.00 uJpsys_socket_0, 64.50 degCCpu_socket_0
WorkloadWarmup   2: 204288 op, 1000702872.00 ns, 4.8985 us/op, 41059038.00 uJpkg_socket_0, 1123227.00 uJdram_socket_0, 34575962.00 uJcore_socket_0, 0.00 uJuncore_socket_0, 0.00 uJpsys_socket_0, 66.50 degCCpu_socket_0
WorkloadWarmup   3: 204288 op, 996766109.00 ns, 4.8792 us/op, 40929034.00 uJpkg_socket_0, 1116269.00 uJdram_socket_0, 34474155.00 uJcore_socket_0, 0.00 uJuncore_socket_0, 0.00 uJpsys_socket_0, 67.50 degCCpu_socket_0
WorkloadWarmup   4: 204288 op, 997487948.00 ns, 4.8828 us/op, 40876543.00 uJpkg_socket_0, 1115415.00 uJdram_socket_0, 34444431.00 uJcore_socket_0, 0.00 uJuncore_socket_0, 0.00 uJpsys_socket_0, 68.00 degCCpu_socket_0
WorkloadWarmup   5: 204288 op, 1000531044.00 ns, 4.8976 us/op, 41008989.00 uJpkg_socket_0, 1118833.00 uJdram_socket_0, 34561618.00 uJcore_socket_0, 0.00 uJuncore_socket_0, 0.00 uJpsys_socket_0, 67.50 degCCpu_socket_0
WorkloadWarmup   6: 204288 op, 997289151.00 ns, 4.8818 us/op, 40860613.00 uJpkg_socket_0, 1115293.00 uJdram_socket_0, 34426365.00 uJcore_socket_0, 0.00 uJuncore_socket_0, 0.00 uJpsys_socket_0, 67.50 degCCpu_socket_0

// BeforeActualRun
WorkloadActual   1: 204288 op, 1003696205.00 ns, 4.9131 us/op, 41210283.00 uJpkg_socket_0, 1129025.00 uJdram_socket_0, 34707980.00 uJcore_socket_0, 0.00 uJuncore_socket_0, 0.00 uJpsys_socket_0, 67.00 degCCpu_socket_0
WorkloadActual   2: 204288 op, 1004051453.00 ns, 4.9149 us/op, 41176531.00 uJpkg_socket_0, 1138913.00 uJdram_socket_0, 34679233.00 uJcore_socket_0, 0.00 uJuncore_socket_0, 0.00 uJpsys_socket_0, 68.00 degCCpu_socket_0
WorkloadActual   3: 204288 op, 1003991606.00 ns, 4.9146 us/op, 41229204.00 uJpkg_socket_0, 1141232.00 uJdram_socket_0, 34690036.00 uJcore_socket_0, 0.00 uJuncore_socket_0, 0.00 uJpsys_socket_0, 67.50 degCCpu_socket_0
WorkloadActual   4: 204288 op, 1000144516.00 ns, 4.8958 us/op, 41175737.00 uJpkg_socket_0, 1133847.00 uJdram_socket_0, 34707125.00 uJcore_socket_0, 0.00 uJuncore_socket_0, 0.00 uJpsys_socket_0, 68.00 degCCpu_socket_0
WorkloadActual   5: 204288 op, 999127737.00 ns, 4.8908 us/op, 41091081.00 uJpkg_socket_0, 1132443.00 uJdram_socket_0, 34629184.00 uJcore_socket_0, 0.00 uJuncore_socket_0, 0.00 uJpsys_socket_0, 67.00 degCCpu_socket_0
WorkloadActual   6: 204288 op, 997256250.00 ns, 4.8816 us/op, 40953142.00 uJpkg_socket_0, 1130552.00 uJdram_socket_0, 34466404.00 uJcore_socket_0, 0.00 uJuncore_socket_0, 0.00 uJpsys_socket_0, 67.50 degCCpu_socket_0
WorkloadActual   7: 204288 op, 1003215492.00 ns, 4.9108 us/op, 41209062.00 uJpkg_socket_0, 1136289.00 uJdram_socket_0, 34683383.00 uJcore_socket_0, 0.00 uJuncore_socket_0, 0.00 uJpsys_socket_0, 67.50 degCCpu_socket_0
WorkloadActual   8: 204288 op, 1001396158.00 ns, 4.9019 us/op, 41048235.00 uJpkg_socket_0, 1134579.00 uJdram_socket_0, 34585666.00 uJcore_socket_0, 0.00 uJuncore_socket_0, 0.00 uJpsys_socket_0, 68.00 degCCpu_socket_0
WorkloadActual   9: 204288 op, 1000291127.00 ns, 4.8965 us/op, 41065874.00 uJpkg_socket_0, 1132200.00 uJdram_socket_0, 34603183.00 uJcore_socket_0, 0.00 uJuncore_socket_0, 0.00 uJpsys_socket_0, 67.50 degCCpu_socket_0
WorkloadActual  10: 204288 op, 999720532.00 ns, 4.8937 us/op, 41325334.00 uJpkg_socket_0, 1134519.00 uJdram_socket_0, 34849093.00 uJcore_socket_0, 0.00 uJuncore_socket_0, 0.00 uJpsys_socket_0, 67.50 degCCpu_socket_0
WorkloadActual  11: 204288 op, 1002309279.00 ns, 4.9064 us/op, 41191545.00 uJpkg_socket_0, 1135434.00 uJdram_socket_0, 34680880.00 uJcore_socket_0, 0.00 uJuncore_socket_0, 0.00 uJpsys_socket_0, 67.00 degCCpu_socket_0
WorkloadActual  12: 204288 op, 997289661.00 ns, 4.8818 us/op, 40914690.00 uJpkg_socket_0, 1131589.00 uJdram_socket_0, 34469150.00 uJcore_socket_0, 0.00 uJuncore_socket_0, 0.00 uJpsys_socket_0, 68.00 degCCpu_socket_0
WorkloadActual  13: 204288 op, 995345913.00 ns, 4.8723 us/op, 40833636.00 uJpkg_socket_0, 1127195.00 uJdram_socket_0, 34408908.00 uJcore_socket_0, 0.00 uJuncore_socket_0, 0.00 uJpsys_socket_0, 67.50 degCCpu_socket_0
WorkloadActual  14: 204288 op, 993204978.00 ns, 4.8618 us/op, 40726763.00 uJpkg_socket_0, 1124386.00 uJdram_socket_0, 34311008.00 uJcore_socket_0, 0.00 uJuncore_socket_0, 0.00 uJpsys_socket_0, 67.50 degCCpu_socket_0
WorkloadActual  15: 204288 op, 1001945765.00 ns, 4.9046 us/op, 41074663.00 uJpkg_socket_0, 1134030.00 uJdram_socket_0, 34587924.00 uJcore_socket_0, 0.00 uJuncore_socket_0, 0.00 uJpsys_socket_0, 67.50 degCCpu_socket_0

// AfterActualRun
WorkloadResult   1: 204288 op, 1003106514.00 ns, 4.9103 us/op, 41210283.00 uJpkg_socket_0, 1129025.00 uJdram_socket_0, 34707980.00 uJcore_socket_0, 0.00 uJuncore_socket_0, 0.00 uJpsys_socket_0, 67.00 degCCpu_socket_0
WorkloadResult   2: 204288 op, 1003461762.00 ns, 4.9120 us/op, 41176531.00 uJpkg_socket_0, 1138913.00 uJdram_socket_0, 34679233.00 uJcore_socket_0, 0.00 uJuncore_socket_0, 0.00 uJpsys_socket_0, 68.00 degCCpu_socket_0
WorkloadResult   3: 204288 op, 1003401915.00 ns, 4.9117 us/op, 41229204.00 uJpkg_socket_0, 1141232.00 uJdram_socket_0, 34690036.00 uJcore_socket_0, 0.00 uJuncore_socket_0, 0.00 uJpsys_socket_0, 67.50 degCCpu_socket_0
WorkloadResult   4: 204288 op, 999554825.00 ns, 4.8929 us/op, 41175737.00 uJpkg_socket_0, 1133847.00 uJdram_socket_0, 34707125.00 uJcore_socket_0, 0.00 uJuncore_socket_0, 0.00 uJpsys_socket_0, 68.00 degCCpu_socket_0
WorkloadResult   5: 204288 op, 998538046.00 ns, 4.8879 us/op, 41091081.00 uJpkg_socket_0, 1132443.00 uJdram_socket_0, 34629184.00 uJcore_socket_0, 0.00 uJuncore_socket_0, 0.00 uJpsys_socket_0, 67.00 degCCpu_socket_0
WorkloadResult   6: 204288 op, 996666559.00 ns, 4.8787 us/op, 40953142.00 uJpkg_socket_0, 1130552.00 uJdram_socket_0, 34466404.00 uJcore_socket_0, 0.00 uJuncore_socket_0, 0.00 uJpsys_socket_0, 67.50 degCCpu_socket_0
WorkloadResult   7: 204288 op, 1002625801.00 ns, 4.9079 us/op, 41209062.00 uJpkg_socket_0, 1136289.00 uJdram_socket_0, 34683383.00 uJcore_socket_0, 0.00 uJuncore_socket_0, 0.00 uJpsys_socket_0, 67.50 degCCpu_socket_0
WorkloadResult   8: 204288 op, 1000806467.00 ns, 4.8990 us/op, 41048235.00 uJpkg_socket_0, 1134579.00 uJdram_socket_0, 34585666.00 uJcore_socket_0, 0.00 uJuncore_socket_0, 0.00 uJpsys_socket_0, 68.00 degCCpu_socket_0
WorkloadResult   9: 204288 op, 999701436.00 ns, 4.8936 us/op, 41065874.00 uJpkg_socket_0, 1132200.00 uJdram_socket_0, 34603183.00 uJcore_socket_0, 0.00 uJuncore_socket_0, 0.00 uJpsys_socket_0, 67.50 degCCpu_socket_0
WorkloadResult  10: 204288 op, 999130841.00 ns, 4.8908 us/op, 41325334.00 uJpkg_socket_0, 1134519.00 uJdram_socket_0, 34849093.00 uJcore_socket_0, 0.00 uJuncore_socket_0, 0.00 uJpsys_socket_0, 67.50 degCCpu_socket_0
WorkloadResult  11: 204288 op, 1001719588.00 ns, 4.9035 us/op, 41191545.00 uJpkg_socket_0, 1135434.00 uJdram_socket_0, 34680880.00 uJcore_socket_0, 0.00 uJuncore_socket_0, 0.00 uJpsys_socket_0, 67.00 degCCpu_socket_0
WorkloadResult  12: 204288 op, 996699970.00 ns, 4.8789 us/op, 40914690.00 uJpkg_socket_0, 1131589.00 uJdram_socket_0, 34469150.00 uJcore_socket_0, 0.00 uJuncore_socket_0, 0.00 uJpsys_socket_0, 68.00 degCCpu_socket_0
WorkloadResult  13: 204288 op, 994756222.00 ns, 4.8694 us/op, 40833636.00 uJpkg_socket_0, 1127195.00 uJdram_socket_0, 34408908.00 uJcore_socket_0, 0.00 uJuncore_socket_0, 0.00 uJpsys_socket_0, 67.50 degCCpu_socket_0
WorkloadResult  14: 204288 op, 992615287.00 ns, 4.8589 us/op, 40726763.00 uJpkg_socket_0, 1124386.00 uJdram_socket_0, 34311008.00 uJcore_socket_0, 0.00 uJuncore_socket_0, 0.00 uJpsys_socket_0, 67.50 degCCpu_socket_0
WorkloadResult  15: 204288 op, 1001356074.00 ns, 4.9017 us/op, 41074663.00 uJpkg_socket_0, 1134030.00 uJdram_socket_0, 34587924.00 uJcore_socket_0, 0.00 uJuncore_socket_0, 0.00 uJpsys_socket_0, 67.50 degCCpu_socket_0

// AfterAll
// Benchmark Process 1059050 has exited with code 0.

Mean = 4.893 μs, StdErr = 0.004 μs (0.08%), N = 15, StdDev = 0.016 μs
Min = 4.859 μs, Q1 = 4.883 μs, Median = 4.894 μs, Q3 = 4.906 μs, Max = 4.912 μs
IQR = 0.022 μs, LowerFence = 4.850 μs, UpperFence = 4.939 μs
ConfidenceInterval = [4.876 μs; 4.910 μs] (CI 99.9%), Margin = 0.017 μs (0.35% of Mean)
Skewness = -0.59, Kurtosis = 2.19, MValue = 2

// ** Remained 0 (0.0 %) benchmark(s) to run. Estimated finish 2026-05-27 14:04 (0h 0m from now) **
// ***** BenchmarkRunner: Finish  *****

// * Export *
  BenchmarkArtifacts/results/JsonBench.Benchmarks.SmokeBenchByte-report.csv
  BenchmarkArtifacts/results/JsonBench.Benchmarks.SmokeBenchByte-report-github.md
  BenchmarkArtifacts/results/JsonBench.Benchmarks.SmokeBenchByte-report.html
  BenchmarkArtifacts/results/JsonBench.Benchmarks.SmokeBenchByte-measurements.csv

// * Detailed results *
SmokeBenchByte.SpanJson_Deser: Energy(OutlierMode=DontRemove, IterationTime=1s)
Runtime = .NET 10.0.8 (10.0.8, 10.0.826.23019), X64 RyuJIT x86-64-v3; GC = Concurrent Workstation
Mean = 5.266 μs, StdErr = 0.001 μs (0.02%), N = 15, StdDev = 0.004 μs
Min = 5.262 μs, Q1 = 5.264 μs, Median = 5.265 μs, Q3 = 5.268 μs, Max = 5.275 μs
IQR = 0.005 μs, LowerFence = 5.257 μs, UpperFence = 5.275 μs
ConfidenceInterval = [5.262 μs; 5.270 μs] (CI 99.9%), Margin = 0.004 μs (0.07% of Mean)
Skewness = 0.98, Kurtosis = 2.65, MValue = 2
-------------------- Histogram --------------------
[5.260 μs ; 5.277 μs) | @@@@@@@@@@@@@@@
---------------------------------------------------

SmokeBenchByte.STJSrcGen_Deser: Energy(OutlierMode=DontRemove, IterationTime=1s)
Runtime = .NET 10.0.8 (10.0.8, 10.0.826.23019), X64 RyuJIT x86-64-v3; GC = Concurrent Workstation
Mean = 7.012 μs, StdErr = 0.002 μs (0.03%), N = 15, StdDev = 0.007 μs
Min = 7.005 μs, Q1 = 7.008 μs, Median = 7.009 μs, Q3 = 7.013 μs, Max = 7.029 μs
IQR = 0.005 μs, LowerFence = 7.000 μs, UpperFence = 7.021 μs
ConfidenceInterval = [7.004 μs; 7.020 μs] (CI 99.9%), Margin = 0.008 μs (0.11% of Mean)
Skewness = 1.37, Kurtosis = 3.53, MValue = 2
-------------------- Histogram --------------------
[7.002 μs ; 7.033 μs) | @@@@@@@@@@@@@@@
---------------------------------------------------

SmokeBenchByte.STJRefGen_Deser: Energy(OutlierMode=DontRemove, IterationTime=1s)
Runtime = .NET 10.0.8 (10.0.8, 10.0.826.23019), X64 RyuJIT x86-64-v3; GC = Concurrent Workstation
Mean = 7.232 μs, StdErr = 0.002 μs (0.03%), N = 15, StdDev = 0.009 μs
Min = 7.213 μs, Q1 = 7.228 μs, Median = 7.233 μs, Q3 = 7.235 μs, Max = 7.250 μs
IQR = 0.007 μs, LowerFence = 7.217 μs, UpperFence = 7.246 μs
ConfidenceInterval = [7.222 μs; 7.241 μs] (CI 99.9%), Margin = 0.009 μs (0.13% of Mean)
Skewness = -0.24, Kurtosis = 2.78, MValue = 2
-------------------- Histogram --------------------
[7.209 μs ; 7.254 μs) | @@@@@@@@@@@@@@@
---------------------------------------------------

SmokeBenchByte.Utf8Json_Deser: Energy(OutlierMode=DontRemove, IterationTime=1s)
Runtime = .NET 10.0.8 (10.0.8, 10.0.826.23019), X64 RyuJIT x86-64-v3; GC = Concurrent Workstation
Mean = 7.702 μs, StdErr = 0.002 μs (0.03%), N = 15, StdDev = 0.008 μs
Min = 7.691 μs, Q1 = 7.697 μs, Median = 7.699 μs, Q3 = 7.703 μs, Max = 7.717 μs
IQR = 0.006 μs, LowerFence = 7.688 μs, UpperFence = 7.712 μs
ConfidenceInterval = [7.693 μs; 7.711 μs] (CI 99.9%), Margin = 0.009 μs (0.12% of Mean)
Skewness = 0.82, Kurtosis = 2.29, MValue = 2
-------------------- Histogram --------------------
[7.686 μs ; 7.722 μs) | @@@@@@@@@@@@@@@
---------------------------------------------------

SmokeBenchByte.Newtonsoft_Deser: Energy(OutlierMode=DontRemove, IterationTime=1s)
Runtime = .NET 10.0.8 (10.0.8, 10.0.826.23019), X64 RyuJIT x86-64-v3; GC = Concurrent Workstation
Mean = 13.296 μs, StdErr = 0.006 μs (0.05%), N = 15, StdDev = 0.024 μs
Min = 13.245 μs, Q1 = 13.277 μs, Median = 13.299 μs, Q3 = 13.312 μs, Max = 13.331 μs
IQR = 0.035 μs, LowerFence = 13.224 μs, UpperFence = 13.364 μs
ConfidenceInterval = [13.270 μs; 13.322 μs] (CI 99.9%), Margin = 0.026 μs (0.19% of Mean)
Skewness = -0.31, Kurtosis = 2.12, MValue = 2
-------------------- Histogram --------------------
[13.232 μs ; 13.344 μs) | @@@@@@@@@@@@@@@
---------------------------------------------------

SmokeBenchByte.STJSrcGen_Ser: Energy(OutlierMode=DontRemove, IterationTime=1s)
Runtime = .NET 10.0.8 (10.0.8, 10.0.826.23019), X64 RyuJIT x86-64-v3; GC = Concurrent Workstation
Mean = 2.563 μs, StdErr = 0.000 μs (0.02%), N = 15, StdDev = 0.002 μs
Min = 2.560 μs, Q1 = 2.562 μs, Median = 2.564 μs, Q3 = 2.564 μs, Max = 2.566 μs
IQR = 0.003 μs, LowerFence = 2.558 μs, UpperFence = 2.568 μs
ConfidenceInterval = [2.561 μs; 2.565 μs] (CI 99.9%), Margin = 0.002 μs (0.08% of Mean)
Skewness = -0.47, Kurtosis = 1.75, MValue = 2
-------------------- Histogram --------------------
[2.559 μs ; 2.567 μs) | @@@@@@@@@@@@@@@
---------------------------------------------------

SmokeBenchByte.STJRefGen_Ser: Energy(OutlierMode=DontRemove, IterationTime=1s)
Runtime = .NET 10.0.8 (10.0.8, 10.0.826.23019), X64 RyuJIT x86-64-v3; GC = Concurrent Workstation
Mean = 3.663 μs, StdErr = 0.003 μs (0.08%), N = 15, StdDev = 0.011 μs
Min = 3.649 μs, Q1 = 3.653 μs, Median = 3.661 μs, Q3 = 3.668 μs, Max = 3.686 μs
IQR = 0.016 μs, LowerFence = 3.629 μs, UpperFence = 3.692 μs
ConfidenceInterval = [3.651 μs; 3.674 μs] (CI 99.9%), Margin = 0.012 μs (0.33% of Mean)
Skewness = 0.66, Kurtosis = 2.27, MValue = 2
-------------------- Histogram --------------------
[3.643 μs ; 3.692 μs) | @@@@@@@@@@@@@@@
---------------------------------------------------

SmokeBenchByte.Utf8Json_Ser: Energy(OutlierMode=DontRemove, IterationTime=1s)
Runtime = .NET 10.0.8 (10.0.8, 10.0.826.23019), X64 RyuJIT x86-64-v3; GC = Concurrent Workstation
Mean = 4.893 μs, StdErr = 0.004 μs (0.08%), N = 15, StdDev = 0.016 μs
Min = 4.859 μs, Q1 = 4.883 μs, Median = 4.894 μs, Q3 = 4.906 μs, Max = 4.912 μs
IQR = 0.022 μs, LowerFence = 4.850 μs, UpperFence = 4.939 μs
ConfidenceInterval = [4.876 μs; 4.910 μs] (CI 99.9%), Margin = 0.017 μs (0.35% of Mean)
Skewness = -0.59, Kurtosis = 2.19, MValue = 2
-------------------- Histogram --------------------
[4.850 μs ; 4.921 μs) | @@@@@@@@@@@@@@@
---------------------------------------------------

SmokeBenchByte.SpanJson_Ser: Energy(OutlierMode=DontRemove, IterationTime=1s)
Runtime = .NET 10.0.8 (10.0.8, 10.0.826.23019), X64 RyuJIT x86-64-v3; GC = Concurrent Workstation
Mean = 5.019 μs, StdErr = 0.004 μs (0.08%), N = 15, StdDev = 0.016 μs
Min = 4.989 μs, Q1 = 5.010 μs, Median = 5.017 μs, Q3 = 5.029 μs, Max = 5.056 μs
IQR = 0.020 μs, LowerFence = 4.980 μs, UpperFence = 5.058 μs
ConfidenceInterval = [5.002 μs; 5.037 μs] (CI 99.9%), Margin = 0.017 μs (0.35% of Mean)
Skewness = 0.32, Kurtosis = 2.86, MValue = 2
-------------------- Histogram --------------------
[4.980 μs ; 5.065 μs) | @@@@@@@@@@@@@@@
---------------------------------------------------

SmokeBenchByte.Newtonsoft_Ser: Energy(OutlierMode=DontRemove, IterationTime=1s)
Runtime = .NET 10.0.8 (10.0.8, 10.0.826.23019), X64 RyuJIT x86-64-v3; GC = Concurrent Workstation
Mean = 8.445 μs, StdErr = 0.003 μs (0.04%), N = 15, StdDev = 0.012 μs
Min = 8.434 μs, Q1 = 8.436 μs, Median = 8.442 μs, Q3 = 8.449 μs, Max = 8.471 μs
IQR = 0.013 μs, LowerFence = 8.416 μs, UpperFence = 8.469 μs
ConfidenceInterval = [8.433 μs; 8.457 μs] (CI 99.9%), Margin = 0.012 μs (0.15% of Mean)
Skewness = 0.94, Kurtosis = 2.5, MValue = 2
-------------------- Histogram --------------------
[8.428 μs ; 8.477 μs) | @@@@@@@@@@@@@@@
---------------------------------------------------

// * Summary *

BenchmarkDotNet v0.15.5-develop (2026-05-27), Linux Ubuntu 24.04.4 LTS (Noble Numbat)
Intel Core i9-9900K CPU 3.60GHz (Max: 0.80GHz) (Coffee Lake), 1 CPU, 16 logical and 8 physical cores
.NET SDK 10.0.108
  [Host] : .NET 10.0.8 (10.0.8, 10.0.826.23019), X64 RyuJIT x86-64-v3
  Energy : .NET 10.0.8 (10.0.8, 10.0.826.23019), X64 RyuJIT x86-64-v3

Job=Energy  OutlierMode=DontRemove  IterationTime=1s  

| Method           | Mean      | Error     | StdDev    | Operations | Iterations | PkgE0 (uJ/op) | StdDev0 (uJ/op) | CV0 (%) | PkgE0 (uJ/iter) | DRAM E0 (uJ/op) | DRAM E0 (uJ/iter) | Core E0 (uJ/op) | Core E0 (uJ/iter) | Avg Temp0 (degC) |
|----------------- |----------:|----------:|----------:|-----------:|-----------:|--------------:|----------------:|--------:|----------------:|----------------:|------------------:|----------------:|------------------:|-----------------:|
| SpanJson_Deser   |  5.266 μs | 0.0039 μs | 0.0036 μs |    190,320 |      15.00 |     222.83 uj |         0.60 uj |    0.27 |  42409303.13 uj |         6.01 uj |     1144760.33 uj |       188.70 uj |    35913510.67 uj |            67.93 |
| STJSrcGen_Deser  |  7.012 μs | 0.0076 μs | 0.0071 μs |    142,560 |      15.00 |     305.29 uj |         1.17 uj |    0.38 |  43521971.00 uj |         7.86 uj |     1120973.07 uj |       259.84 uj |    37043207.53 uj |            71.00 |
| STJRefGen_Deser  |  7.232 μs | 0.0095 μs | 0.0088 μs |    138,336 |      15.00 |     316.03 uj |         0.74 uj |    0.24 |  43718564.87 uj |         8.14 uj |     1126144.40 uj |       269.22 uj |    37243036.13 uj |            70.73 |
| Utf8Json_Deser   |  7.702 μs | 0.0089 μs | 0.0084 μs |    130,112 |      15.00 |     337.23 uj |         0.76 uj |    0.23 |  43877133.67 uj |         8.75 uj |     1138339.53 uj |       287.35 uj |    37388311.60 uj |            69.90 |
| Newtonsoft_Deser | 13.296 μs | 0.0257 μs | 0.0240 μs |     75,472 |      15.00 |     565.20 uj |         1.80 uj |    0.32 |  42657027.93 uj |        15.01 uj |     1133139.33 uj |       479.14 uj |    36161451.20 uj |            69.70 |
|                  |           |           |           |            |            |               |                 |         |                 |                 |                   |                 |                   |                  |
| STJSrcGen_Ser    |  2.563 μs | 0.0020 μs | 0.0018 μs |    390,560 |      15.00 |     115.94 uj |         0.23 uj |    0.20 |  45280405.67 uj |         2.93 uj |     1146135.60 uj |        99.31 uj |    38787404.93 uj |            72.40 |
| STJRefGen_Ser    |  3.663 μs | 0.0119 μs | 0.0111 μs |    274,016 |      15.00 |     165.46 uj |         0.56 uj |    0.34 |  45339597.47 uj |         4.11 uj |     1126706.13 uj |       141.70 uj |    38829331.73 uj |            72.07 |
| Utf8Json_Ser     |  4.893 μs | 0.0172 μs | 0.0160 μs |    204,288 |      15.00 |     201.10 uj |         0.80 uj |    0.40 |  41081718.67 uj |         5.55 uj |     1133082.20 uj |       169.39 uj |    34603943.80 uj |            67.53 |
| SpanJson_Ser     |  5.019 μs | 0.0174 μs | 0.0162 μs |    201,216 |      15.00 |     205.78 uj |         0.80 uj |    0.39 |  41405501.13 uj |         5.69 uj |     1145439.60 uj |       173.22 uj |    34853995.93 uj |            66.80 |
| Newtonsoft_Ser   |  8.445 μs | 0.0123 μs | 0.0116 μs |    118,464 |      15.00 |     363.53 uj |         1.54 uj |    0.42 |  43065299.20 uj |         9.56 uj |     1132484.13 uj |       308.80 uj |    36581746.47 uj |            69.73 |

// * Hints *
Outliers
  SmokeBenchByte.STJSrcGen_Deser: Energy -> 2 outliers were detected (7.03 μs, 7.03 μs)
  SmokeBenchByte.STJRefGen_Deser: Energy -> 2 outliers were detected (7.22 μs, 7.25 μs)
  SmokeBenchByte.Utf8Json_Deser: Energy  -> 3 outliers were detected (7.72 μs..7.72 μs)
  SmokeBenchByte.Newtonsoft_Ser: Energy  -> 1 outlier  was  detected (8.47 μs)

// * Legends *
  Mean              : Arithmetic mean of all measurements
  Error             : Half of 99.9% confidence interval
  StdDev            : Standard deviation of all measurements
  Operations        : Actual invocations per measured iteration (from measurements)
  Iterations        : Number of target iterations
  PkgE0 (uJ/op)     : Average CPU package energy consumed per operation (uJ) on socket 0.
  StdDev0 (uJ/op)   : Standard deviation of package energy per operation (uJ/op) on socket 0.
  CV0 (%)           : Coefficient of variation of package energy per operation (%) on socket 0.
  PkgE0 (uJ/iter)   : Average CPU package energy consumed per benchmark iteration (uJ) on socket 0.
  DRAM E0 (uJ/op)   : Average DRAM energy consumed per operation (uJ) on socket 0.
  DRAM E0 (uJ/iter) : Average DRAM energy consumed per benchmark iteration (uJ) on socket 0.
  Core E0 (uJ/op)   : Average CPU core energy consumed per operation (uJ) on socket 0.
  Core E0 (uJ/iter) : Average CPU core energy consumed per benchmark iteration (uJ) on socket 0.
  Avg Temp0 (degC)  : Average CPU temperature per benchmark iteration (Celsius degrees) on socket 0.
  1 μs              : 1 Microsecond (0.000001 sec)

// * Diagnostic Output - EnergyDiagnoser *


// ***** BenchmarkRunner: End *****
Run time: 00:05:23 (323.68 sec), executed benchmarks: 10

Global total time: 00:05:29 (329.21 sec), executed benchmarks: 10
// * Artifacts cleanup *
Artifacts cleanup is finished
