// Validating benchmarks:
// ***** BenchmarkRunner: Start   *****
// ***** Found 10 benchmark(s) in total *****
// ***** Building 1 exe(s) in Parallel: Start   *****
// start dotnet  restore --nodeReuse:false /p:UseSharedCompilation=false /p:Deterministic=true /p:Optimize=true /p:ArtifactsPath="/home/test/json-energy-bench/JsonBench/bin/Release/net10.0/JsonBench-Energy-1/" /p:OutDir="/home/test/json-energy-bench/JsonBench/bin/Release/net10.0/JsonBench-Energy-1/bin/Release/net10.0/" /p:OutputPath="/home/test/json-energy-bench/JsonBench/bin/Release/net10.0/JsonBench-Energy-1/bin/Release/net10.0/" /p:PublishDir="/home/test/json-energy-bench/JsonBench/bin/Release/net10.0/JsonBench-Energy-1/publish/" in /home/test/json-energy-bench/JsonBench/bin/Release/net10.0/JsonBench-Energy-1
// command took 1.27 sec and exited with 0
// start dotnet  build -c Release --no-restore --nodeReuse:false /p:UseSharedCompilation=false /p:Deterministic=true /p:Optimize=true /p:ArtifactsPath="/home/test/json-energy-bench/JsonBench/bin/Release/net10.0/JsonBench-Energy-1/" /p:OutDir="/home/test/json-energy-bench/JsonBench/bin/Release/net10.0/JsonBench-Energy-1/bin/Release/net10.0/" /p:OutputPath="/home/test/json-energy-bench/JsonBench/bin/Release/net10.0/JsonBench-Energy-1/bin/Release/net10.0/" /p:PublishDir="/home/test/json-energy-bench/JsonBench/bin/Release/net10.0/JsonBench-Energy-1/publish/" --output "/home/test/json-energy-bench/JsonBench/bin/Release/net10.0/JsonBench-Energy-1/bin/Release/net10.0/" in /home/test/json-energy-bench/JsonBench/bin/Release/net10.0/JsonBench-Energy-1
// command took 4.2 sec and exited with 0
// ***** Done, took 00:00:05 (5.53 sec)   *****
// Found 10 benchmarks:
//   SmokeBenchByte.STJRefGen_Deser: Energy(OutlierMode=DontRemove, IterationTime=1s)
//   SmokeBenchByte.STJSrcGen_Deser: Energy(OutlierMode=DontRemove, IterationTime=1s)
//   SmokeBenchByte.Newtonsoft_Deser: Energy(OutlierMode=DontRemove, IterationTime=1s)
//   SmokeBenchByte.SpanJson_Deser: Energy(OutlierMode=DontRemove, IterationTime=1s)
//   SmokeBenchByte.Utf8Json_Deser: Energy(OutlierMode=DontRemove, IterationTime=1s)
//   SmokeBenchByte.STJRefGen_Ser: Energy(OutlierMode=DontRemove, IterationTime=1s)
//   SmokeBenchByte.STJSrcGen_Ser: Energy(OutlierMode=DontRemove, IterationTime=1s)
//   SmokeBenchByte.Newtonsoft_Ser: Energy(OutlierMode=DontRemove, IterationTime=1s)
//   SmokeBenchByte.SpanJson_Ser: Energy(OutlierMode=DontRemove, IterationTime=1s)
//   SmokeBenchByte.Utf8Json_Ser: Energy(OutlierMode=DontRemove, IterationTime=1s)

// **************************
// Benchmark: SmokeBenchByte.STJRefGen_Deser: Energy(OutlierMode=DontRemove, IterationTime=1s)
// *** Execute ***
// Launch: 1 / 1
// Execute: dotnet JsonBench-Energy-1.dll --anonymousPipes 158 159 --benchmarkName JsonBench.Benchmarks.SmokeBenchByte.STJRefGen_Deser --job Energy --benchmarkId 0 in /home/test/json-energy-bench/JsonBench/bin/Release/net10.0/JsonBench-Energy-1/bin/Release/net10.0
// BeforeAnythingElse

// Benchmark Process Environment Information:
// BenchmarkDotNet v0.15.5-develop (2026-05-15)
// Runtime=.NET 10.0.7 (10.0.7, 10.0.726.21808), X64 RyuJIT x86-64-v3
// GC=Concurrent Workstation
// HardwareIntrinsics=AVX2+BMI1+BMI2+F16C+FMA+LZCNT+MOVBE,AVX,SSE3+SSSE3+SSE4.1+SSE4.2+POPCNT,X86Base+SSE+SSE2,AES+PCLMUL VectorSize=256
// Job: Energy(OutlierMode=DontRemove, IterationTime=1s)

OverheadJitting  1: 1 op, 184011.00 ns, 184.0110 us/op
WorkloadJitting  1: 1 op, 257942.00 ns, 257.9420 us/op

OverheadJitting  2: 16 op, 474341.00 ns, 29.6463 us/op
WorkloadJitting  2: 16 op, 925328.00 ns, 57.8330 us/op

WorkloadPilot    1: 16 op, 346123.00 ns, 21.6327 us/op
WorkloadPilot    2: 46240 op, 659275879.00 ns, 14.2577 us/op
WorkloadPilot    3: 70144 op, 651137102.00 ns, 9.2829 us/op
WorkloadPilot    4: 107728 op, 849068504.00 ns, 7.8816 us/op
WorkloadPilot    5: 126880 op, 1190568697.00 ns, 9.3834 us/op
WorkloadPilot    6: 106576 op, 993887326.00 ns, 9.3256 us/op
WorkloadPilot    7: 107232 op, 997819633.00 ns, 9.3052 us/op
WorkloadPilot    8: 107472 op, 896010895.00 ns, 8.3372 us/op
WorkloadPilot    9: 119952 op, 908830453.00 ns, 7.5766 us/op
WorkloadPilot   10: 132000 op, 999290688.00 ns, 7.5704 us/op
WorkloadPilot   11: 132096 op, 1033527233.00 ns, 7.8241 us/op
WorkloadPilot   12: 127824 op, 975027840.00 ns, 7.6279 us/op
WorkloadPilot   13: 131104 op, 1115676824.00 ns, 8.5099 us/op

OverheadWarmup   1: 131104 op, 473136.00 ns, 3.6089 ns/op
OverheadWarmup   2: 131104 op, 547921.00 ns, 4.1793 ns/op
OverheadWarmup   3: 131104 op, 679860.00 ns, 5.1857 ns/op
OverheadWarmup   4: 131104 op, 671180.00 ns, 5.1194 ns/op
OverheadWarmup   5: 131104 op, 1220813.00 ns, 9.3118 ns/op
OverheadWarmup   6: 131104 op, 1307519.00 ns, 9.9731 ns/op
OverheadWarmup   7: 131104 op, 1201271.00 ns, 9.1627 ns/op

OverheadActual   1: 131104 op, 1254203.00 ns, 9.5665 ns/op
OverheadActual   2: 131104 op, 456999.00 ns, 3.4858 ns/op
OverheadActual   3: 131104 op, 679116.00 ns, 5.1800 ns/op
OverheadActual   4: 131104 op, 527551.00 ns, 4.0239 ns/op
OverheadActual   5: 131104 op, 455287.00 ns, 3.4727 ns/op
OverheadActual   6: 131104 op, 489691.00 ns, 3.7351 ns/op
OverheadActual   7: 131104 op, 529895.00 ns, 4.0418 ns/op
OverheadActual   8: 131104 op, 486136.00 ns, 3.7080 ns/op
OverheadActual   9: 131104 op, 479746.00 ns, 3.6593 ns/op
OverheadActual  10: 131104 op, 1619403.00 ns, 12.3520 ns/op
OverheadActual  11: 131104 op, 456120.00 ns, 3.4791 ns/op
OverheadActual  12: 131104 op, 456442.00 ns, 3.4815 ns/op
OverheadActual  13: 131104 op, 456459.00 ns, 3.4817 ns/op
OverheadActual  14: 131104 op, 473315.00 ns, 3.6102 ns/op
OverheadActual  15: 131104 op, 537543.00 ns, 4.1001 ns/op
OverheadActual  16: 131104 op, 468938.00 ns, 3.5768 ns/op
OverheadActual  17: 131104 op, 492417.00 ns, 3.7559 ns/op
OverheadActual  18: 131104 op, 548816.00 ns, 4.1861 ns/op
OverheadActual  19: 131104 op, 533445.00 ns, 4.0689 ns/op
OverheadActual  20: 131104 op, 641323.00 ns, 4.8917 ns/op

WorkloadWarmup   1: 131104 op, 1118716197.00 ns, 8.5330 us/op
WorkloadWarmup   2: 131104 op, 995059613.00 ns, 7.5898 us/op
WorkloadWarmup   3: 131104 op, 993904035.00 ns, 7.5810 us/op
WorkloadWarmup   4: 131104 op, 992595088.00 ns, 7.5711 us/op
WorkloadWarmup   5: 131104 op, 1081573080.00 ns, 8.2497 us/op
WorkloadWarmup   6: 131104 op, 1030026365.00 ns, 7.8566 us/op
WorkloadWarmup   7: 131104 op, 998789148.00 ns, 7.6183 us/op
WorkloadWarmup   8: 131104 op, 995964676.00 ns, 7.5968 us/op
WorkloadWarmup   9: 131104 op, 990156849.00 ns, 7.5525 us/op
WorkloadWarmup  10: 131104 op, 1124464237.00 ns, 8.5769 us/op
WorkloadWarmup  11: 131104 op, 1133661375.00 ns, 8.6470 us/op
WorkloadWarmup  12: 131104 op, 993223142.00 ns, 7.5758 us/op

// BeforeActualRun
WorkloadActual   1: 131104 op, 1002678091.00 ns, 7.6480 us/op
WorkloadActual   2: 131104 op, 1002649703.00 ns, 7.6477 us/op
WorkloadActual   3: 131104 op, 1003685543.00 ns, 7.6556 us/op
WorkloadActual   4: 131104 op, 1107409900.00 ns, 8.4468 us/op
WorkloadActual   5: 131104 op, 1008849482.00 ns, 7.6950 us/op
WorkloadActual   6: 131104 op, 1008820290.00 ns, 7.6948 us/op
WorkloadActual   7: 131104 op, 1004885615.00 ns, 7.6648 us/op
WorkloadActual   8: 131104 op, 1184441587.00 ns, 9.0344 us/op
WorkloadActual   9: 131104 op, 1110629877.00 ns, 8.4714 us/op
WorkloadActual  10: 131104 op, 1025513236.00 ns, 7.8221 us/op
WorkloadActual  11: 131104 op, 1030348515.00 ns, 7.8590 us/op
WorkloadActual  12: 131104 op, 993383690.00 ns, 7.5771 us/op
WorkloadActual  13: 131104 op, 992857160.00 ns, 7.5731 us/op
WorkloadActual  14: 131104 op, 1101183990.00 ns, 8.3993 us/op
WorkloadActual  15: 131104 op, 1008042007.00 ns, 7.6889 us/op
WorkloadActual  16: 131104 op, 1006004974.00 ns, 7.6733 us/op
WorkloadActual  17: 131104 op, 1014879553.00 ns, 7.7410 us/op
WorkloadActual  18: 131104 op, 1215053225.00 ns, 9.2679 us/op
WorkloadActual  19: 131104 op, 1111819347.00 ns, 8.4804 us/op
WorkloadActual  20: 131104 op, 1004602151.00 ns, 7.6626 us/op
WorkloadActual  21: 131104 op, 1028690782.00 ns, 7.8464 us/op
WorkloadActual  22: 131104 op, 997151768.00 ns, 7.6058 us/op
WorkloadActual  23: 131104 op, 995923017.00 ns, 7.5964 us/op
WorkloadActual  24: 131104 op, 1112328144.00 ns, 8.4843 us/op
WorkloadActual  25: 131104 op, 1030508088.00 ns, 7.8602 us/op
WorkloadActual  26: 131104 op, 993231911.00 ns, 7.5759 us/op
WorkloadActual  27: 131104 op, 1032012428.00 ns, 7.8717 us/op
WorkloadActual  28: 131104 op, 995668041.00 ns, 7.5945 us/op
WorkloadActual  29: 131104 op, 1103001334.00 ns, 8.4132 us/op
WorkloadActual  30: 131104 op, 989769457.00 ns, 7.5495 us/op
WorkloadActual  31: 131104 op, 991594539.00 ns, 7.5634 us/op
WorkloadActual  32: 131104 op, 987090754.00 ns, 7.5291 us/op
WorkloadActual  33: 131104 op, 994868007.00 ns, 7.5884 us/op
WorkloadActual  34: 131104 op, 1058182139.00 ns, 8.0713 us/op
WorkloadActual  35: 131104 op, 1035556642.00 ns, 7.8987 us/op
WorkloadActual  36: 131104 op, 989852957.00 ns, 7.5501 us/op
WorkloadActual  37: 131104 op, 1071175167.00 ns, 8.1704 us/op
WorkloadActual  38: 131104 op, 1026153056.00 ns, 7.8270 us/op
WorkloadActual  39: 131104 op, 994559430.00 ns, 7.5860 us/op
WorkloadActual  40: 131104 op, 1096492123.00 ns, 8.3635 us/op
WorkloadActual  41: 131104 op, 998559966.00 ns, 7.6165 us/op
WorkloadActual  42: 131104 op, 988385229.00 ns, 7.5389 us/op
WorkloadActual  43: 131104 op, 990288749.00 ns, 7.5535 us/op
WorkloadActual  44: 131104 op, 991884787.00 ns, 7.5656 us/op
WorkloadActual  45: 131104 op, 1122638497.00 ns, 8.5630 us/op
WorkloadActual  46: 131104 op, 1004093381.00 ns, 7.6588 us/op
WorkloadActual  47: 131104 op, 1069912900.00 ns, 8.1608 us/op
WorkloadActual  48: 131104 op, 994209289.00 ns, 7.5834 us/op
WorkloadActual  49: 131104 op, 990663359.00 ns, 7.5563 us/op
WorkloadActual  50: 131104 op, 1129736625.00 ns, 8.6171 us/op
WorkloadActual  51: 131104 op, 989868931.00 ns, 7.5503 us/op
WorkloadActual  52: 131104 op, 1003011071.00 ns, 7.6505 us/op
WorkloadActual  53: 131104 op, 1003593999.00 ns, 7.6549 us/op
WorkloadActual  54: 131104 op, 1013152149.00 ns, 7.7279 us/op
WorkloadActual  55: 131104 op, 1105917582.00 ns, 8.4354 us/op
WorkloadActual  56: 131104 op, 1052606435.00 ns, 8.0288 us/op
WorkloadActual  57: 131104 op, 1029749053.00 ns, 7.8544 us/op
WorkloadActual  58: 131104 op, 992908838.00 ns, 7.5734 us/op
WorkloadActual  59: 131104 op, 996029620.00 ns, 7.5972 us/op
WorkloadActual  60: 131104 op, 1113304208.00 ns, 8.4918 us/op
WorkloadActual  61: 131104 op, 1008859534.00 ns, 7.6951 us/op
WorkloadActual  62: 131104 op, 997766869.00 ns, 7.6105 us/op
WorkloadActual  63: 131104 op, 997521984.00 ns, 7.6086 us/op
WorkloadActual  64: 131104 op, 992304305.00 ns, 7.5688 us/op
WorkloadActual  65: 131104 op, 1026201215.00 ns, 7.8274 us/op
WorkloadActual  66: 131104 op, 1131966951.00 ns, 8.6341 us/op
WorkloadActual  67: 131104 op, 992424555.00 ns, 7.5698 us/op
WorkloadActual  68: 131104 op, 988992971.00 ns, 7.5436 us/op
WorkloadActual  69: 131104 op, 995725442.00 ns, 7.5949 us/op
WorkloadActual  70: 131104 op, 1000514928.00 ns, 7.6315 us/op
WorkloadActual  71: 131104 op, 1099934207.00 ns, 8.3898 us/op
WorkloadActual  72: 131104 op, 1034747306.00 ns, 7.8926 us/op
WorkloadActual  73: 131104 op, 998228555.00 ns, 7.6140 us/op
WorkloadActual  74: 131104 op, 1002006929.00 ns, 7.6428 us/op
WorkloadActual  75: 131104 op, 1003218849.00 ns, 7.6521 us/op

// AfterActualRun
WorkloadResult   1: 131104 op, 1002187037.00 ns, 7.6442 us/op
WorkloadResult   2: 131104 op, 1002158649.00 ns, 7.6440 us/op
WorkloadResult   3: 131104 op, 1003194489.00 ns, 7.6519 us/op
WorkloadResult   4: 131104 op, 1106918846.00 ns, 8.4431 us/op
WorkloadResult   5: 131104 op, 1008358428.00 ns, 7.6913 us/op
WorkloadResult   6: 131104 op, 1008329236.00 ns, 7.6911 us/op
WorkloadResult   7: 131104 op, 1004394561.00 ns, 7.6611 us/op
WorkloadResult   8: 131104 op, 1183950533.00 ns, 9.0306 us/op
WorkloadResult   9: 131104 op, 1110138823.00 ns, 8.4676 us/op
WorkloadResult  10: 131104 op, 1025022182.00 ns, 7.8184 us/op
WorkloadResult  11: 131104 op, 1029857461.00 ns, 7.8553 us/op
WorkloadResult  12: 131104 op, 992892636.00 ns, 7.5733 us/op
WorkloadResult  13: 131104 op, 992366106.00 ns, 7.5693 us/op
WorkloadResult  14: 131104 op, 1100692936.00 ns, 8.3956 us/op
WorkloadResult  15: 131104 op, 1007550953.00 ns, 7.6851 us/op
WorkloadResult  16: 131104 op, 1005513920.00 ns, 7.6696 us/op
WorkloadResult  17: 131104 op, 1014388499.00 ns, 7.7373 us/op
WorkloadResult  18: 131104 op, 1214562171.00 ns, 9.2641 us/op
WorkloadResult  19: 131104 op, 1111328293.00 ns, 8.4767 us/op
WorkloadResult  20: 131104 op, 1004111097.00 ns, 7.6589 us/op
WorkloadResult  21: 131104 op, 1028199728.00 ns, 7.8426 us/op
WorkloadResult  22: 131104 op, 996660714.00 ns, 7.6021 us/op
WorkloadResult  23: 131104 op, 995431963.00 ns, 7.5927 us/op
WorkloadResult  24: 131104 op, 1111837090.00 ns, 8.4806 us/op
WorkloadResult  25: 131104 op, 1030017034.00 ns, 7.8565 us/op
WorkloadResult  26: 131104 op, 992740857.00 ns, 7.5722 us/op
WorkloadResult  27: 131104 op, 1031521374.00 ns, 7.8680 us/op
WorkloadResult  28: 131104 op, 995176987.00 ns, 7.5907 us/op
WorkloadResult  29: 131104 op, 1102510280.00 ns, 8.4094 us/op
WorkloadResult  30: 131104 op, 989278403.00 ns, 7.5458 us/op
WorkloadResult  31: 131104 op, 991103485.00 ns, 7.5597 us/op
WorkloadResult  32: 131104 op, 986599700.00 ns, 7.5253 us/op
WorkloadResult  33: 131104 op, 994376953.00 ns, 7.5846 us/op
WorkloadResult  34: 131104 op, 1057691085.00 ns, 8.0676 us/op
WorkloadResult  35: 131104 op, 1035065588.00 ns, 7.8950 us/op
WorkloadResult  36: 131104 op, 989361903.00 ns, 7.5464 us/op
WorkloadResult  37: 131104 op, 1070684113.00 ns, 8.1667 us/op
WorkloadResult  38: 131104 op, 1025662002.00 ns, 7.8233 us/op
WorkloadResult  39: 131104 op, 994068376.00 ns, 7.5823 us/op
WorkloadResult  40: 131104 op, 1096001069.00 ns, 8.3598 us/op
WorkloadResult  41: 131104 op, 998068912.00 ns, 7.6128 us/op
WorkloadResult  42: 131104 op, 987894175.00 ns, 7.5352 us/op
WorkloadResult  43: 131104 op, 989797695.00 ns, 7.5497 us/op
WorkloadResult  44: 131104 op, 991393733.00 ns, 7.5619 us/op
WorkloadResult  45: 131104 op, 1122147443.00 ns, 8.5592 us/op
WorkloadResult  46: 131104 op, 1003602327.00 ns, 7.6550 us/op
WorkloadResult  47: 131104 op, 1069421846.00 ns, 8.1570 us/op
WorkloadResult  48: 131104 op, 993718235.00 ns, 7.5796 us/op
WorkloadResult  49: 131104 op, 990172305.00 ns, 7.5526 us/op
WorkloadResult  50: 131104 op, 1129245571.00 ns, 8.6134 us/op
WorkloadResult  51: 131104 op, 989377877.00 ns, 7.5465 us/op
WorkloadResult  52: 131104 op, 1002520017.00 ns, 7.6468 us/op
WorkloadResult  53: 131104 op, 1003102945.00 ns, 7.6512 us/op
WorkloadResult  54: 131104 op, 1012661095.00 ns, 7.7241 us/op
WorkloadResult  55: 131104 op, 1105426528.00 ns, 8.4317 us/op
WorkloadResult  56: 131104 op, 1052115381.00 ns, 8.0250 us/op
WorkloadResult  57: 131104 op, 1029257999.00 ns, 7.8507 us/op
WorkloadResult  58: 131104 op, 992417784.00 ns, 7.5697 us/op
WorkloadResult  59: 131104 op, 995538566.00 ns, 7.5935 us/op
WorkloadResult  60: 131104 op, 1112813154.00 ns, 8.4880 us/op
WorkloadResult  61: 131104 op, 1008368480.00 ns, 7.6914 us/op
WorkloadResult  62: 131104 op, 997275815.00 ns, 7.6068 us/op
WorkloadResult  63: 131104 op, 997030930.00 ns, 7.6049 us/op
WorkloadResult  64: 131104 op, 991813251.00 ns, 7.5651 us/op
WorkloadResult  65: 131104 op, 1025710161.00 ns, 7.8236 us/op
WorkloadResult  66: 131104 op, 1131475897.00 ns, 8.6304 us/op
WorkloadResult  67: 131104 op, 991933501.00 ns, 7.5660 us/op
WorkloadResult  68: 131104 op, 988501917.00 ns, 7.5398 us/op
WorkloadResult  69: 131104 op, 995234388.00 ns, 7.5912 us/op
WorkloadResult  70: 131104 op, 1000023874.00 ns, 7.6277 us/op
WorkloadResult  71: 131104 op, 1099443153.00 ns, 8.3860 us/op
WorkloadResult  72: 131104 op, 1034256252.00 ns, 7.8888 us/op
WorkloadResult  73: 131104 op, 997737501.00 ns, 7.6103 us/op
WorkloadResult  74: 131104 op, 1001515875.00 ns, 7.6391 us/op
WorkloadResult  75: 131104 op, 1002727795.00 ns, 7.6483 us/op

// AfterAll
// Benchmark Process 886484 has exited with code 0.

Mean = 7.859 μs, StdErr = 0.046 μs (0.58%), N = 75, StdDev = 0.395 μs
Min = 7.525 μs, Q1 = 7.588 μs, Median = 7.659 μs, Q3 = 7.960 μs, Max = 9.264 μs
IQR = 0.372 μs, LowerFence = 7.029 μs, UpperFence = 8.519 μs
ConfidenceInterval = [7.702 μs; 8.015 μs] (CI 99.9%), Margin = 0.156 μs (1.99% of Mean)
Skewness = 1.47, Kurtosis = 4.4, MValue = 2.36

// ** Remained 9 (90.0 %) benchmark(s) to run. Estimated finish 2026-05-15 18:41 (0h 17m from now) **
// **************************
// Benchmark: SmokeBenchByte.STJSrcGen_Deser: Energy(OutlierMode=DontRemove, IterationTime=1s)
// *** Execute ***
// Launch: 1 / 1
// Execute: dotnet JsonBench-Energy-1.dll --anonymousPipes 162 163 --benchmarkName JsonBench.Benchmarks.SmokeBenchByte.STJSrcGen_Deser --job Energy --benchmarkId 1 in /home/test/json-energy-bench/JsonBench/bin/Release/net10.0/JsonBench-Energy-1/bin/Release/net10.0
// BeforeAnythingElse

// Benchmark Process Environment Information:
// BenchmarkDotNet v0.15.5-develop (2026-05-15)
// Runtime=.NET 10.0.7 (10.0.7, 10.0.726.21808), X64 RyuJIT x86-64-v3
// GC=Concurrent Workstation
// HardwareIntrinsics=AVX2+BMI1+BMI2+F16C+FMA+LZCNT+MOVBE,AVX,SSE3+SSSE3+SSE4.1+SSE4.2+POPCNT,X86Base+SSE+SSE2,AES+PCLMUL VectorSize=256
// Job: Energy(OutlierMode=DontRemove, IterationTime=1s)

OverheadJitting  1: 1 op, 187523.00 ns, 187.5230 us/op
WorkloadJitting  1: 1 op, 8450726.00 ns, 8.4507 ms/op

OverheadJitting  2: 16 op, 499966.00 ns, 31.2479 us/op
WorkloadJitting  2: 16 op, 866007.00 ns, 54.1254 us/op

WorkloadPilot    1: 16 op, 340104.00 ns, 21.2565 us/op
WorkloadPilot    2: 47056 op, 651241951.00 ns, 13.8397 us/op
WorkloadPilot    3: 72256 op, 643815278.00 ns, 8.9102 us/op
WorkloadPilot    4: 112240 op, 909450766.00 ns, 8.1027 us/op
WorkloadPilot    5: 123424 op, 1179283902.00 ns, 9.5547 us/op
WorkloadPilot    6: 104672 op, 994078801.00 ns, 9.4971 us/op
WorkloadPilot    7: 105296 op, 999612462.00 ns, 9.4934 us/op
WorkloadPilot    8: 105344 op, 846763670.00 ns, 8.0381 us/op
WorkloadPilot    9: 124416 op, 941693639.00 ns, 7.5689 us/op
WorkloadPilot   10: 132128 op, 1012498691.00 ns, 7.6630 us/op
WorkloadPilot   11: 130512 op, 979751701.00 ns, 7.5070 us/op
WorkloadPilot   12: 133216 op, 986324130.00 ns, 7.4039 us/op
WorkloadPilot   13: 135072 op, 1137664540.00 ns, 8.4227 us/op

OverheadWarmup   1: 135072 op, 531517.00 ns, 3.9351 ns/op
OverheadWarmup   2: 135072 op, 519144.00 ns, 3.8435 ns/op
OverheadWarmup   3: 135072 op, 1367481.00 ns, 10.1241 ns/op
OverheadWarmup   4: 135072 op, 1746619.00 ns, 12.9310 ns/op
OverheadWarmup   5: 135072 op, 1118254.00 ns, 8.2789 ns/op
OverheadWarmup   6: 135072 op, 689966.00 ns, 5.1081 ns/op
OverheadWarmup   7: 135072 op, 1640783.00 ns, 12.1475 ns/op
OverheadWarmup   8: 135072 op, 1868917.00 ns, 13.8365 ns/op
OverheadWarmup   9: 135072 op, 502837.00 ns, 3.7227 ns/op

OverheadActual   1: 135072 op, 447200.00 ns, 3.3108 ns/op
OverheadActual   2: 135072 op, 1658409.00 ns, 12.2780 ns/op
OverheadActual   3: 135072 op, 442627.00 ns, 3.2770 ns/op
OverheadActual   4: 135072 op, 726219.00 ns, 5.3765 ns/op
OverheadActual   5: 135072 op, 702112.00 ns, 5.1981 ns/op
OverheadActual   6: 135072 op, 692752.00 ns, 5.1288 ns/op
OverheadActual   7: 135072 op, 694322.00 ns, 5.1404 ns/op
OverheadActual   8: 135072 op, 695500.00 ns, 5.1491 ns/op
OverheadActual   9: 135072 op, 686865.00 ns, 5.0852 ns/op
OverheadActual  10: 135072 op, 710566.00 ns, 5.2606 ns/op
OverheadActual  11: 135072 op, 766242.00 ns, 5.6728 ns/op
OverheadActual  12: 135072 op, 755217.00 ns, 5.5912 ns/op
OverheadActual  13: 135072 op, 765373.00 ns, 5.6664 ns/op
OverheadActual  14: 135072 op, 730526.00 ns, 5.4084 ns/op
OverheadActual  15: 135072 op, 721437.00 ns, 5.3411 ns/op
OverheadActual  16: 135072 op, 714481.00 ns, 5.2896 ns/op
OverheadActual  17: 135072 op, 695904.00 ns, 5.1521 ns/op
OverheadActual  18: 135072 op, 715742.00 ns, 5.2990 ns/op
OverheadActual  19: 135072 op, 711644.00 ns, 5.2686 ns/op
OverheadActual  20: 135072 op, 755430.00 ns, 5.5928 ns/op

WorkloadWarmup   1: 135072 op, 1208449531.00 ns, 8.9467 us/op
WorkloadWarmup   2: 135072 op, 1025612865.00 ns, 7.5931 us/op
WorkloadWarmup   3: 135072 op, 1023532716.00 ns, 7.5777 us/op
WorkloadWarmup   4: 135072 op, 1021375384.00 ns, 7.5617 us/op
WorkloadWarmup   5: 135072 op, 1129228114.00 ns, 8.3602 us/op
WorkloadWarmup   6: 135072 op, 1036498779.00 ns, 7.6737 us/op
WorkloadWarmup   7: 135072 op, 1031474726.00 ns, 7.6365 us/op
WorkloadWarmup   8: 135072 op, 1065666408.00 ns, 7.8896 us/op
WorkloadWarmup   9: 135072 op, 1016924505.00 ns, 7.5288 us/op

// BeforeActualRun
WorkloadActual   1: 135072 op, 1219515204.00 ns, 9.0286 us/op
WorkloadActual   2: 135072 op, 1033175426.00 ns, 7.6491 us/op
WorkloadActual   3: 135072 op, 1027642926.00 ns, 7.6081 us/op
WorkloadActual   4: 135072 op, 1030192994.00 ns, 7.6270 us/op
WorkloadActual   5: 135072 op, 1033192955.00 ns, 7.6492 us/op
WorkloadActual   6: 135072 op, 1169625989.00 ns, 8.6593 us/op
WorkloadActual   7: 135072 op, 1045156554.00 ns, 7.7378 us/op
WorkloadActual   8: 135072 op, 1036428852.00 ns, 7.6732 us/op
WorkloadActual   9: 135072 op, 1036178485.00 ns, 7.6713 us/op
WorkloadActual  10: 135072 op, 1082967276.00 ns, 8.0177 us/op
WorkloadActual  11: 135072 op, 1153330632.00 ns, 8.5386 us/op
WorkloadActual  12: 135072 op, 1033354688.00 ns, 7.6504 us/op
WorkloadActual  13: 135072 op, 1023381571.00 ns, 7.5766 us/op
WorkloadActual  14: 135072 op, 1022041346.00 ns, 7.5666 us/op
WorkloadActual  15: 135072 op, 1025357149.00 ns, 7.5912 us/op
WorkloadActual  16: 135072 op, 1145015632.00 ns, 8.4771 us/op
WorkloadActual  17: 135072 op, 1025015571.00 ns, 7.5887 us/op
WorkloadActual  18: 135072 op, 1024770230.00 ns, 7.5868 us/op
WorkloadActual  19: 135072 op, 1026345168.00 ns, 7.5985 us/op
WorkloadActual  20: 135072 op, 1153352767.00 ns, 8.5388 us/op
WorkloadActual  21: 135072 op, 1133423668.00 ns, 8.3913 us/op
WorkloadActual  22: 135072 op, 1048061499.00 ns, 7.7593 us/op
WorkloadActual  23: 135072 op, 1026894501.00 ns, 7.6026 us/op
WorkloadActual  24: 135072 op, 1021750363.00 ns, 7.5645 us/op
WorkloadActual  25: 135072 op, 1021255466.00 ns, 7.5608 us/op
WorkloadActual  26: 135072 op, 1132213945.00 ns, 8.3823 us/op
WorkloadActual  27: 135072 op, 1025663692.00 ns, 7.5935 us/op
WorkloadActual  28: 135072 op, 1017228977.00 ns, 7.5310 us/op
WorkloadActual  29: 135072 op, 1056255086.00 ns, 7.8199 us/op
WorkloadActual  30: 135072 op, 1036650228.00 ns, 7.6748 us/op
WorkloadActual  31: 135072 op, 1119607996.00 ns, 8.2890 us/op
WorkloadActual  32: 135072 op, 1028872660.00 ns, 7.6172 us/op
WorkloadActual  33: 135072 op, 1024465897.00 ns, 7.5846 us/op
WorkloadActual  34: 135072 op, 1027049008.00 ns, 7.6037 us/op
WorkloadActual  35: 135072 op, 1023776466.00 ns, 7.5795 us/op
WorkloadActual  36: 135072 op, 1111885186.00 ns, 8.2318 us/op
WorkloadActual  37: 135072 op, 1047491450.00 ns, 7.7551 us/op
WorkloadActual  38: 135072 op, 1043402756.00 ns, 7.7248 us/op
WorkloadActual  39: 135072 op, 1125997072.00 ns, 8.3363 us/op
WorkloadActual  40: 135072 op, 1027430593.00 ns, 7.6065 us/op
WorkloadActual  41: 135072 op, 1144704937.00 ns, 8.4748 us/op
WorkloadActual  42: 135072 op, 1029462777.00 ns, 7.6216 us/op
WorkloadActual  43: 135072 op, 1025984138.00 ns, 7.5958 us/op
WorkloadActual  44: 135072 op, 1018782616.00 ns, 7.5425 us/op
WorkloadActual  45: 135072 op, 1022927908.00 ns, 7.5732 us/op
WorkloadActual  46: 135072 op, 1104440402.00 ns, 8.1767 us/op
WorkloadActual  47: 135072 op, 1049243620.00 ns, 7.7680 us/op
WorkloadActual  48: 135072 op, 1128201398.00 ns, 8.3526 us/op
WorkloadActual  49: 135072 op, 1024307144.00 ns, 7.5834 us/op
WorkloadActual  50: 135072 op, 1024523041.00 ns, 7.5850 us/op
WorkloadActual  51: 135072 op, 1078269385.00 ns, 7.9829 us/op
WorkloadActual  52: 135072 op, 1092538822.00 ns, 8.0886 us/op
WorkloadActual  53: 135072 op, 1021250384.00 ns, 7.5608 us/op
WorkloadActual  54: 135072 op, 1019380540.00 ns, 7.5469 us/op
WorkloadActual  55: 135072 op, 1021708339.00 ns, 7.5642 us/op
WorkloadActual  56: 135072 op, 1019860951.00 ns, 7.5505 us/op
WorkloadActual  57: 135072 op, 1143069919.00 ns, 8.4627 us/op
WorkloadActual  58: 135072 op, 1069829992.00 ns, 7.9204 us/op
WorkloadActual  59: 135072 op, 1028150963.00 ns, 7.6119 us/op
WorkloadActual  60: 135072 op, 1022157909.00 ns, 7.5675 us/op
WorkloadActual  61: 135072 op, 1024275430.00 ns, 7.5832 us/op
WorkloadActual  62: 135072 op, 1127137044.00 ns, 8.3447 us/op
WorkloadActual  63: 135072 op, 1031268787.00 ns, 7.6350 us/op
WorkloadActual  64: 135072 op, 1027056296.00 ns, 7.6038 us/op
WorkloadActual  65: 135072 op, 1021663355.00 ns, 7.5638 us/op
WorkloadActual  66: 135072 op, 1027456524.00 ns, 7.6067 us/op

// AfterActualRun
WorkloadResult   1: 135072 op, 1218802141.50 ns, 9.0234 us/op
WorkloadResult   2: 135072 op, 1032462363.50 ns, 7.6438 us/op
WorkloadResult   3: 135072 op, 1026929863.50 ns, 7.6028 us/op
WorkloadResult   4: 135072 op, 1029479931.50 ns, 7.6217 us/op
WorkloadResult   5: 135072 op, 1032479892.50 ns, 7.6439 us/op
WorkloadResult   6: 135072 op, 1168912926.50 ns, 8.6540 us/op
WorkloadResult   7: 135072 op, 1044443491.50 ns, 7.7325 us/op
WorkloadResult   8: 135072 op, 1035715789.50 ns, 7.6679 us/op
WorkloadResult   9: 135072 op, 1035465422.50 ns, 7.6660 us/op
WorkloadResult  10: 135072 op, 1082254213.50 ns, 8.0124 us/op
WorkloadResult  11: 135072 op, 1152617569.50 ns, 8.5334 us/op
WorkloadResult  12: 135072 op, 1032641625.50 ns, 7.6451 us/op
WorkloadResult  13: 135072 op, 1022668508.50 ns, 7.5713 us/op
WorkloadResult  14: 135072 op, 1021328283.50 ns, 7.5614 us/op
WorkloadResult  15: 135072 op, 1024644086.50 ns, 7.5859 us/op
WorkloadResult  16: 135072 op, 1144302569.50 ns, 8.4718 us/op
WorkloadResult  17: 135072 op, 1024302508.50 ns, 7.5834 us/op
WorkloadResult  18: 135072 op, 1024057167.50 ns, 7.5816 us/op
WorkloadResult  19: 135072 op, 1025632105.50 ns, 7.5932 us/op
WorkloadResult  20: 135072 op, 1152639704.50 ns, 8.5335 us/op
WorkloadResult  21: 135072 op, 1132710605.50 ns, 8.3860 us/op
WorkloadResult  22: 135072 op, 1047348436.50 ns, 7.7540 us/op
WorkloadResult  23: 135072 op, 1026181438.50 ns, 7.5973 us/op
WorkloadResult  24: 135072 op, 1021037300.50 ns, 7.5592 us/op
WorkloadResult  25: 135072 op, 1020542403.50 ns, 7.5555 us/op
WorkloadResult  26: 135072 op, 1131500882.50 ns, 8.3770 us/op
WorkloadResult  27: 135072 op, 1024950629.50 ns, 7.5882 us/op
WorkloadResult  28: 135072 op, 1016515914.50 ns, 7.5257 us/op
WorkloadResult  29: 135072 op, 1055542023.50 ns, 7.8147 us/op
WorkloadResult  30: 135072 op, 1035937165.50 ns, 7.6695 us/op
WorkloadResult  31: 135072 op, 1118894933.50 ns, 8.2837 us/op
WorkloadResult  32: 135072 op, 1028159597.50 ns, 7.6119 us/op
WorkloadResult  33: 135072 op, 1023752834.50 ns, 7.5793 us/op
WorkloadResult  34: 135072 op, 1026335945.50 ns, 7.5984 us/op
WorkloadResult  35: 135072 op, 1023063403.50 ns, 7.5742 us/op
WorkloadResult  36: 135072 op, 1111172123.50 ns, 8.2265 us/op
WorkloadResult  37: 135072 op, 1046778387.50 ns, 7.7498 us/op
WorkloadResult  38: 135072 op, 1042689693.50 ns, 7.7195 us/op
WorkloadResult  39: 135072 op, 1125284009.50 ns, 8.3310 us/op
WorkloadResult  40: 135072 op, 1026717530.50 ns, 7.6013 us/op
WorkloadResult  41: 135072 op, 1143991874.50 ns, 8.4695 us/op
WorkloadResult  42: 135072 op, 1028749714.50 ns, 7.6163 us/op
WorkloadResult  43: 135072 op, 1025271075.50 ns, 7.5906 us/op
WorkloadResult  44: 135072 op, 1018069553.50 ns, 7.5372 us/op
WorkloadResult  45: 135072 op, 1022214845.50 ns, 7.5679 us/op
WorkloadResult  46: 135072 op, 1103727339.50 ns, 8.1714 us/op
WorkloadResult  47: 135072 op, 1048530557.50 ns, 7.7628 us/op
WorkloadResult  48: 135072 op, 1127488335.50 ns, 8.3473 us/op
WorkloadResult  49: 135072 op, 1023594081.50 ns, 7.5781 us/op
WorkloadResult  50: 135072 op, 1023809978.50 ns, 7.5797 us/op
WorkloadResult  51: 135072 op, 1077556322.50 ns, 7.9776 us/op
WorkloadResult  52: 135072 op, 1091825759.50 ns, 8.0833 us/op
WorkloadResult  53: 135072 op, 1020537321.50 ns, 7.5555 us/op
WorkloadResult  54: 135072 op, 1018667477.50 ns, 7.5417 us/op
WorkloadResult  55: 135072 op, 1020995276.50 ns, 7.5589 us/op
WorkloadResult  56: 135072 op, 1019147888.50 ns, 7.5452 us/op
WorkloadResult  57: 135072 op, 1142356856.50 ns, 8.4574 us/op
WorkloadResult  58: 135072 op, 1069116929.50 ns, 7.9152 us/op
WorkloadResult  59: 135072 op, 1027437900.50 ns, 7.6066 us/op
WorkloadResult  60: 135072 op, 1021444846.50 ns, 7.5622 us/op
WorkloadResult  61: 135072 op, 1023562367.50 ns, 7.5779 us/op
WorkloadResult  62: 135072 op, 1126423981.50 ns, 8.3394 us/op
WorkloadResult  63: 135072 op, 1030555724.50 ns, 7.6297 us/op
WorkloadResult  64: 135072 op, 1026343233.50 ns, 7.5985 us/op
WorkloadResult  65: 135072 op, 1020950292.50 ns, 7.5586 us/op
WorkloadResult  66: 135072 op, 1026743461.50 ns, 7.6015 us/op

// AfterAll
// Benchmark Process 887246 has exited with code 0.

Mean = 7.824 μs, StdErr = 0.045 μs (0.58%), N = 66, StdDev = 0.366 μs
Min = 7.526 μs, Q1 = 7.579 μs, Median = 7.619 μs, Q3 = 8.004 μs, Max = 9.023 μs
IQR = 0.424 μs, LowerFence = 6.943 μs, UpperFence = 8.640 μs
ConfidenceInterval = [7.668 μs; 7.979 μs] (CI 99.9%), Margin = 0.155 μs (1.99% of Mean)
Skewness = 1.31, Kurtosis = 3.53, MValue = 2.42

// ** Remained 8 (80.0 %) benchmark(s) to run. Estimated finish 2026-05-15 18:40 (0h 14m from now) **
// **************************
// Benchmark: SmokeBenchByte.Newtonsoft_Deser: Energy(OutlierMode=DontRemove, IterationTime=1s)
// *** Execute ***
// Launch: 1 / 1
// Execute: dotnet JsonBench-Energy-1.dll --anonymousPipes 121 122 --benchmarkName JsonBench.Benchmarks.SmokeBenchByte.Newtonsoft_Deser --job Energy --benchmarkId 2 in /home/test/json-energy-bench/JsonBench/bin/Release/net10.0/JsonBench-Energy-1/bin/Release/net10.0
// BeforeAnythingElse

// Benchmark Process Environment Information:
// BenchmarkDotNet v0.15.5-develop (2026-05-15)
// Runtime=.NET 10.0.7 (10.0.7, 10.0.726.21808), X64 RyuJIT x86-64-v3
// GC=Concurrent Workstation
// HardwareIntrinsics=AVX2+BMI1+BMI2+F16C+FMA+LZCNT+MOVBE,AVX,SSE3+SSSE3+SSE4.1+SSE4.2+POPCNT,X86Base+SSE+SSE2,AES+PCLMUL VectorSize=256
// Job: Energy(OutlierMode=DontRemove, IterationTime=1s)

OverheadJitting  1: 1 op, 187291.00 ns, 187.2910 us/op
WorkloadJitting  1: 1 op, 47082883.00 ns, 47.0829 ms/op

OverheadJitting  2: 16 op, 488212.00 ns, 30.5133 us/op
WorkloadJitting  2: 16 op, 1899114.00 ns, 118.6946 us/op

WorkloadPilot    1: 16 op, 1307172.00 ns, 81.6983 us/op
WorkloadPilot    2: 12240 op, 496773132.00 ns, 40.5860 us/op
WorkloadPilot    3: 24640 op, 345424350.00 ns, 14.0188 us/op
WorkloadPilot    4: 71344 op, 1096803672.00 ns, 15.3735 us/op
WorkloadPilot    5: 65056 op, 1090823694.00 ns, 16.7675 us/op
WorkloadPilot    6: 59648 op, 1038976712.00 ns, 17.4185 us/op

OverheadWarmup   1: 59648 op, 208871.00 ns, 3.5017 ns/op
OverheadWarmup   2: 59648 op, 208472.00 ns, 3.4950 ns/op
OverheadWarmup   3: 59648 op, 209419.00 ns, 3.5109 ns/op
OverheadWarmup   4: 59648 op, 283265.00 ns, 4.7489 ns/op
OverheadWarmup   5: 59648 op, 208133.00 ns, 3.4894 ns/op
OverheadWarmup   6: 59648 op, 207831.00 ns, 3.4843 ns/op
OverheadWarmup   7: 59648 op, 289646.00 ns, 4.8559 ns/op
OverheadWarmup   8: 59648 op, 427478.00 ns, 7.1667 ns/op
OverheadWarmup   9: 59648 op, 208577.00 ns, 3.4968 ns/op

OverheadActual   1: 59648 op, 210003.00 ns, 3.5207 ns/op
OverheadActual   2: 59648 op, 209138.00 ns, 3.5062 ns/op
OverheadActual   3: 59648 op, 209075.00 ns, 3.5051 ns/op
OverheadActual   4: 59648 op, 208799.00 ns, 3.5005 ns/op
OverheadActual   5: 59648 op, 222010.00 ns, 3.7220 ns/op
OverheadActual   6: 59648 op, 210129.00 ns, 3.5228 ns/op
OverheadActual   7: 59648 op, 208769.00 ns, 3.5000 ns/op
OverheadActual   8: 59648 op, 208398.00 ns, 3.4938 ns/op
OverheadActual   9: 59648 op, 208100.00 ns, 3.4888 ns/op
OverheadActual  10: 59648 op, 1298111.00 ns, 21.7629 ns/op
OverheadActual  11: 59648 op, 965552.00 ns, 16.1875 ns/op
OverheadActual  12: 59648 op, 215424.00 ns, 3.6116 ns/op
OverheadActual  13: 59648 op, 209315.00 ns, 3.5092 ns/op
OverheadActual  14: 59648 op, 208872.00 ns, 3.5017 ns/op
OverheadActual  15: 59648 op, 249046.00 ns, 4.1753 ns/op
OverheadActual  16: 59648 op, 209499.00 ns, 3.5123 ns/op
OverheadActual  17: 59648 op, 216532.00 ns, 3.6302 ns/op
OverheadActual  18: 59648 op, 215646.00 ns, 3.6153 ns/op
OverheadActual  19: 59648 op, 237099.00 ns, 3.9750 ns/op
OverheadActual  20: 59648 op, 208886.00 ns, 3.5020 ns/op

WorkloadWarmup   1: 59648 op, 1061109308.00 ns, 17.7895 us/op
WorkloadWarmup   2: 59648 op, 942561900.00 ns, 15.8021 us/op
WorkloadWarmup   3: 59648 op, 841200179.00 ns, 14.1027 us/op
WorkloadWarmup   4: 59648 op, 848356539.00 ns, 14.2227 us/op
WorkloadWarmup   5: 59648 op, 840257662.00 ns, 14.0869 us/op
WorkloadWarmup   6: 59648 op, 824245407.00 ns, 13.8185 us/op
WorkloadWarmup   7: 59648 op, 824726337.00 ns, 13.8266 us/op
WorkloadWarmup   8: 59648 op, 914077240.00 ns, 15.3245 us/op
WorkloadWarmup   9: 59648 op, 997816966.00 ns, 16.7284 us/op
WorkloadWarmup  10: 59648 op, 824653747.00 ns, 13.8253 us/op

// BeforeActualRun
WorkloadActual   1: 59648 op, 823983608.00 ns, 13.8141 us/op
WorkloadActual   2: 59648 op, 829983736.00 ns, 13.9147 us/op
WorkloadActual   3: 59648 op, 828238954.00 ns, 13.8854 us/op
WorkloadActual   4: 59648 op, 843885809.00 ns, 14.1478 us/op
WorkloadActual   5: 59648 op, 927708998.00 ns, 15.5531 us/op
WorkloadActual   6: 59648 op, 830053583.00 ns, 13.9159 us/op
WorkloadActual   7: 59648 op, 832529138.00 ns, 13.9574 us/op
WorkloadActual   8: 59648 op, 827146840.00 ns, 13.8671 us/op
WorkloadActual   9: 59648 op, 828967707.00 ns, 13.8977 us/op
WorkloadActual  10: 59648 op, 884132834.00 ns, 14.8225 us/op
WorkloadActual  11: 59648 op, 948386711.00 ns, 15.8997 us/op
WorkloadActual  12: 59648 op, 828683232.00 ns, 13.8929 us/op
WorkloadActual  13: 59648 op, 833028559.00 ns, 13.9657 us/op
WorkloadActual  14: 59648 op, 827263840.00 ns, 13.8691 us/op
WorkloadActual  15: 59648 op, 830271480.00 ns, 13.9195 us/op
WorkloadActual  16: 59648 op, 839587743.00 ns, 14.0757 us/op
WorkloadActual  17: 59648 op, 963914352.00 ns, 16.1600 us/op
WorkloadActual  18: 59648 op, 834038008.00 ns, 13.9827 us/op
WorkloadActual  19: 59648 op, 832388523.00 ns, 13.9550 us/op
WorkloadActual  20: 59648 op, 836057309.00 ns, 14.0165 us/op
WorkloadActual  21: 59648 op, 828589486.00 ns, 13.8913 us/op
WorkloadActual  22: 59648 op, 866306041.00 ns, 14.5236 us/op
WorkloadActual  23: 59648 op, 957323620.00 ns, 16.0496 us/op
WorkloadActual  24: 59648 op, 855082611.00 ns, 14.3355 us/op
WorkloadActual  25: 59648 op, 828447002.00 ns, 13.8889 us/op
WorkloadActual  26: 59648 op, 825566445.00 ns, 13.8406 us/op
WorkloadActual  27: 59648 op, 829393602.00 ns, 13.9048 us/op
WorkloadActual  28: 59648 op, 828222227.00 ns, 13.8852 us/op
WorkloadActual  29: 59648 op, 877432956.00 ns, 14.7102 us/op
WorkloadActual  30: 59648 op, 869543385.00 ns, 14.5779 us/op
WorkloadActual  31: 59648 op, 824263480.00 ns, 13.8188 us/op
WorkloadActual  32: 59648 op, 824383885.00 ns, 13.8208 us/op
WorkloadActual  33: 59648 op, 829841721.00 ns, 13.9123 us/op
WorkloadActual  34: 59648 op, 936987532.00 ns, 15.7086 us/op
WorkloadActual  35: 59648 op, 840654586.00 ns, 14.0936 us/op
WorkloadActual  36: 59648 op, 940850879.00 ns, 15.7734 us/op
WorkloadActual  37: 59648 op, 824411872.00 ns, 13.8213 us/op
WorkloadActual  38: 59648 op, 828821744.00 ns, 13.8952 us/op
WorkloadActual  39: 59648 op, 822187444.00 ns, 13.7840 us/op
WorkloadActual  40: 59648 op, 830830633.00 ns, 13.9289 us/op
WorkloadActual  41: 59648 op, 831678145.00 ns, 13.9431 us/op
WorkloadActual  42: 59648 op, 937366401.00 ns, 15.7150 us/op
WorkloadActual  43: 59648 op, 818949706.00 ns, 13.7297 us/op
WorkloadActual  44: 59648 op, 820700478.00 ns, 13.7591 us/op
WorkloadActual  45: 59648 op, 846255315.00 ns, 14.1875 us/op
WorkloadActual  46: 59648 op, 838662104.00 ns, 14.0602 us/op
WorkloadActual  47: 59648 op, 833912634.00 ns, 13.9806 us/op
WorkloadActual  48: 59648 op, 943601454.00 ns, 15.8195 us/op
WorkloadActual  49: 59648 op, 834521724.00 ns, 13.9908 us/op
WorkloadActual  50: 59648 op, 827778815.00 ns, 13.8777 us/op
WorkloadActual  51: 59648 op, 824033877.00 ns, 13.8149 us/op
WorkloadActual  52: 59648 op, 826698970.00 ns, 13.8596 us/op
WorkloadActual  53: 59648 op, 828692952.00 ns, 13.8931 us/op
WorkloadActual  54: 59648 op, 906431050.00 ns, 15.1963 us/op
WorkloadActual  55: 59648 op, 860959600.00 ns, 14.4340 us/op
WorkloadActual  56: 59648 op, 826502852.00 ns, 13.8563 us/op
WorkloadActual  57: 59648 op, 898384304.00 ns, 15.0614 us/op
WorkloadActual  58: 59648 op, 860019692.00 ns, 14.4182 us/op
WorkloadActual  59: 59648 op, 801031714.00 ns, 13.4293 us/op
WorkloadActual  60: 59648 op, 806189544.00 ns, 13.5158 us/op
WorkloadActual  61: 59648 op, 974060655.00 ns, 16.3301 us/op
WorkloadActual  62: 59648 op, 821244646.00 ns, 13.7682 us/op
WorkloadActual  63: 59648 op, 821432043.00 ns, 13.7713 us/op
WorkloadActual  64: 59648 op, 819224704.00 ns, 13.7343 us/op
WorkloadActual  65: 59648 op, 821437743.00 ns, 13.7714 us/op
WorkloadActual  66: 59648 op, 819177490.00 ns, 13.7335 us/op
WorkloadActual  67: 59648 op, 939640621.00 ns, 15.7531 us/op
WorkloadActual  68: 59648 op, 823379820.00 ns, 13.8040 us/op
WorkloadActual  69: 59648 op, 898312642.00 ns, 15.0602 us/op
WorkloadActual  70: 59648 op, 837392563.00 ns, 14.0389 us/op
WorkloadActual  71: 59648 op, 831368364.00 ns, 13.9379 us/op
WorkloadActual  72: 59648 op, 821780175.00 ns, 13.7772 us/op
WorkloadActual  73: 59648 op, 950981483.00 ns, 15.9432 us/op
WorkloadActual  74: 59648 op, 825789611.00 ns, 13.8444 us/op
WorkloadActual  75: 59648 op, 827542733.00 ns, 13.8738 us/op
WorkloadActual  76: 59648 op, 827451553.00 ns, 13.8722 us/op
WorkloadActual  77: 59648 op, 856889429.00 ns, 14.3658 us/op
WorkloadActual  78: 59648 op, 826262360.00 ns, 13.8523 us/op

// AfterActualRun
WorkloadResult   1: 59648 op, 823773857.00 ns, 13.8106 us/op
WorkloadResult   2: 59648 op, 829773985.00 ns, 13.9112 us/op
WorkloadResult   3: 59648 op, 828029203.00 ns, 13.8819 us/op
WorkloadResult   4: 59648 op, 843676058.00 ns, 14.1442 us/op
WorkloadResult   5: 59648 op, 927499247.00 ns, 15.5495 us/op
WorkloadResult   6: 59648 op, 829843832.00 ns, 13.9123 us/op
WorkloadResult   7: 59648 op, 832319387.00 ns, 13.9539 us/op
WorkloadResult   8: 59648 op, 826937089.00 ns, 13.8636 us/op
WorkloadResult   9: 59648 op, 828757956.00 ns, 13.8941 us/op
WorkloadResult  10: 59648 op, 883923083.00 ns, 14.8190 us/op
WorkloadResult  11: 59648 op, 948176960.00 ns, 15.8962 us/op
WorkloadResult  12: 59648 op, 828473481.00 ns, 13.8894 us/op
WorkloadResult  13: 59648 op, 832818808.00 ns, 13.9622 us/op
WorkloadResult  14: 59648 op, 827054089.00 ns, 13.8656 us/op
WorkloadResult  15: 59648 op, 830061729.00 ns, 13.9160 us/op
WorkloadResult  16: 59648 op, 839377992.00 ns, 14.0722 us/op
WorkloadResult  17: 59648 op, 963704601.00 ns, 16.1565 us/op
WorkloadResult  18: 59648 op, 833828257.00 ns, 13.9791 us/op
WorkloadResult  19: 59648 op, 832178772.00 ns, 13.9515 us/op
WorkloadResult  20: 59648 op, 835847558.00 ns, 14.0130 us/op
WorkloadResult  21: 59648 op, 828379735.00 ns, 13.8878 us/op
WorkloadResult  22: 59648 op, 866096290.00 ns, 14.5201 us/op
WorkloadResult  23: 59648 op, 957113869.00 ns, 16.0460 us/op
WorkloadResult  24: 59648 op, 854872860.00 ns, 14.3320 us/op
WorkloadResult  25: 59648 op, 828237251.00 ns, 13.8854 us/op
WorkloadResult  26: 59648 op, 825356694.00 ns, 13.8371 us/op
WorkloadResult  27: 59648 op, 829183851.00 ns, 13.9013 us/op
WorkloadResult  28: 59648 op, 828012476.00 ns, 13.8816 us/op
WorkloadResult  29: 59648 op, 877223205.00 ns, 14.7067 us/op
WorkloadResult  30: 59648 op, 869333634.00 ns, 14.5744 us/op
WorkloadResult  31: 59648 op, 824053729.00 ns, 13.8153 us/op
WorkloadResult  32: 59648 op, 824174134.00 ns, 13.8173 us/op
WorkloadResult  33: 59648 op, 829631970.00 ns, 13.9088 us/op
WorkloadResult  34: 59648 op, 936777781.00 ns, 15.7051 us/op
WorkloadResult  35: 59648 op, 840444835.00 ns, 14.0901 us/op
WorkloadResult  36: 59648 op, 940641128.00 ns, 15.7699 us/op
WorkloadResult  37: 59648 op, 824202121.00 ns, 13.8178 us/op
WorkloadResult  38: 59648 op, 828611993.00 ns, 13.8917 us/op
WorkloadResult  39: 59648 op, 821977693.00 ns, 13.7805 us/op
WorkloadResult  40: 59648 op, 830620882.00 ns, 13.9254 us/op
WorkloadResult  41: 59648 op, 831468394.00 ns, 13.9396 us/op
WorkloadResult  42: 59648 op, 937156650.00 ns, 15.7115 us/op
WorkloadResult  43: 59648 op, 818739955.00 ns, 13.7262 us/op
WorkloadResult  44: 59648 op, 820490727.00 ns, 13.7555 us/op
WorkloadResult  45: 59648 op, 846045564.00 ns, 14.1840 us/op
WorkloadResult  46: 59648 op, 838452353.00 ns, 14.0567 us/op
WorkloadResult  47: 59648 op, 833702883.00 ns, 13.9770 us/op
WorkloadResult  48: 59648 op, 943391703.00 ns, 15.8160 us/op
WorkloadResult  49: 59648 op, 834311973.00 ns, 13.9873 us/op
WorkloadResult  50: 59648 op, 827569064.00 ns, 13.8742 us/op
WorkloadResult  51: 59648 op, 823824126.00 ns, 13.8114 us/op
WorkloadResult  52: 59648 op, 826489219.00 ns, 13.8561 us/op
WorkloadResult  53: 59648 op, 828483201.00 ns, 13.8895 us/op
WorkloadResult  54: 59648 op, 906221299.00 ns, 15.1928 us/op
WorkloadResult  55: 59648 op, 860749849.00 ns, 14.4305 us/op
WorkloadResult  56: 59648 op, 826293101.00 ns, 13.8528 us/op
WorkloadResult  57: 59648 op, 898174553.00 ns, 15.0579 us/op
WorkloadResult  58: 59648 op, 859809941.00 ns, 14.4147 us/op
WorkloadResult  59: 59648 op, 800821963.00 ns, 13.4258 us/op
WorkloadResult  60: 59648 op, 805979793.00 ns, 13.5123 us/op
WorkloadResult  61: 59648 op, 973850904.00 ns, 16.3266 us/op
WorkloadResult  62: 59648 op, 821034895.00 ns, 13.7647 us/op
WorkloadResult  63: 59648 op, 821222292.00 ns, 13.7678 us/op
WorkloadResult  64: 59648 op, 819014953.00 ns, 13.7308 us/op
WorkloadResult  65: 59648 op, 821227992.00 ns, 13.7679 us/op
WorkloadResult  66: 59648 op, 818967739.00 ns, 13.7300 us/op
WorkloadResult  67: 59648 op, 939430870.00 ns, 15.7496 us/op
WorkloadResult  68: 59648 op, 823170069.00 ns, 13.8005 us/op
WorkloadResult  69: 59648 op, 898102891.00 ns, 15.0567 us/op
WorkloadResult  70: 59648 op, 837182812.00 ns, 14.0354 us/op
WorkloadResult  71: 59648 op, 831158613.00 ns, 13.9344 us/op
WorkloadResult  72: 59648 op, 821570424.00 ns, 13.7736 us/op
WorkloadResult  73: 59648 op, 950771732.00 ns, 15.9397 us/op
WorkloadResult  74: 59648 op, 825579860.00 ns, 13.8409 us/op
WorkloadResult  75: 59648 op, 827332982.00 ns, 13.8703 us/op
WorkloadResult  76: 59648 op, 827241802.00 ns, 13.8687 us/op
WorkloadResult  77: 59648 op, 856679678.00 ns, 14.3623 us/op
WorkloadResult  78: 59648 op, 826052609.00 ns, 13.8488 us/op

// AfterAll
// Benchmark Process 887998 has exited with code 0.

Mean = 14.271 μs, StdErr = 0.083 μs (0.58%), N = 78, StdDev = 0.733 μs
Min = 13.426 μs, Q1 = 13.850 μs, Median = 13.914 μs, Q3 = 14.402 μs, Max = 16.327 μs
IQR = 0.552 μs, LowerFence = 13.022 μs, UpperFence = 15.229 μs
ConfidenceInterval = [13.988 μs; 14.555 μs] (CI 99.9%), Margin = 0.284 μs (1.99% of Mean)
Skewness = 1.49, Kurtosis = 3.81, MValue = 2

// ** Remained 7 (70.0 %) benchmark(s) to run. Estimated finish 2026-05-15 18:39 (0h 12m from now) **
// **************************
// Benchmark: SmokeBenchByte.SpanJson_Deser: Energy(OutlierMode=DontRemove, IterationTime=1s)
// *** Execute ***
// Launch: 1 / 1
// Execute: dotnet JsonBench-Energy-1.dll --anonymousPipes 121 122 --benchmarkName JsonBench.Benchmarks.SmokeBenchByte.SpanJson_Deser --job Energy --benchmarkId 3 in /home/test/json-energy-bench/JsonBench/bin/Release/net10.0/JsonBench-Energy-1/bin/Release/net10.0
// BeforeAnythingElse

// Benchmark Process Environment Information:
// BenchmarkDotNet v0.15.5-develop (2026-05-15)
// Runtime=.NET 10.0.7 (10.0.7, 10.0.726.21808), X64 RyuJIT x86-64-v3
// GC=Concurrent Workstation
// HardwareIntrinsics=AVX2+BMI1+BMI2+F16C+FMA+LZCNT+MOVBE,AVX,SSE3+SSSE3+SSE4.1+SSE4.2+POPCNT,X86Base+SSE+SSE2,AES+PCLMUL VectorSize=256
// Job: Energy(OutlierMode=DontRemove, IterationTime=1s)

OverheadJitting  1: 1 op, 191988.00 ns, 191.9880 us/op
WorkloadJitting  1: 1 op, 60186437.00 ns, 60.1864 ms/op

OverheadJitting  2: 16 op, 511209.00 ns, 31.9506 us/op
WorkloadJitting  2: 16 op, 885606.00 ns, 55.3504 us/op

WorkloadPilot    1: 16 op, 323315.00 ns, 20.2072 us/op
WorkloadPilot    2: 49488 op, 521765253.00 ns, 10.5433 us/op
WorkloadPilot    3: 94848 op, 630204260.00 ns, 6.6444 us/op
WorkloadPilot    4: 150512 op, 869456483.00 ns, 5.7767 us/op
WorkloadPilot    5: 173120 op, 1158952431.00 ns, 6.6945 us/op
WorkloadPilot    6: 149376 op, 1040067162.00 ns, 6.9627 us/op
WorkloadPilot    7: 143632 op, 980114634.00 ns, 6.8238 us/op
WorkloadPilot    8: 146560 op, 913988609.00 ns, 6.2363 us/op
WorkloadPilot    9: 160352 op, 886367525.00 ns, 5.5276 us/op
WorkloadPilot   10: 180912 op, 1001303672.00 ns, 5.5348 us/op

OverheadWarmup   1: 180912 op, 620613.00 ns, 3.4305 ns/op
OverheadWarmup   2: 180912 op, 617012.00 ns, 3.4106 ns/op
OverheadWarmup   3: 180912 op, 581097.00 ns, 3.2120 ns/op
OverheadWarmup   4: 180912 op, 622678.00 ns, 3.4419 ns/op
OverheadWarmup   5: 180912 op, 621369.00 ns, 3.4346 ns/op
OverheadWarmup   6: 180912 op, 574342.00 ns, 3.1747 ns/op
OverheadWarmup   7: 180912 op, 624463.00 ns, 3.4518 ns/op
OverheadWarmup   8: 180912 op, 581302.00 ns, 3.2132 ns/op

OverheadActual   1: 180912 op, 624985.00 ns, 3.4546 ns/op
OverheadActual   2: 180912 op, 591511.00 ns, 3.2696 ns/op
OverheadActual   3: 180912 op, 582171.00 ns, 3.2180 ns/op
OverheadActual   4: 180912 op, 580639.00 ns, 3.2095 ns/op
OverheadActual   5: 180912 op, 625955.00 ns, 3.4600 ns/op
OverheadActual   6: 180912 op, 581035.00 ns, 3.2117 ns/op
OverheadActual   7: 180912 op, 618418.00 ns, 3.4183 ns/op
OverheadActual   8: 180912 op, 581085.00 ns, 3.2120 ns/op
OverheadActual   9: 180912 op, 619697.00 ns, 3.4254 ns/op
OverheadActual  10: 180912 op, 577759.00 ns, 3.1936 ns/op
OverheadActual  11: 180912 op, 622969.00 ns, 3.4435 ns/op
OverheadActual  12: 180912 op, 658395.00 ns, 3.6393 ns/op
OverheadActual  13: 180912 op, 581926.00 ns, 3.2166 ns/op
OverheadActual  14: 180912 op, 632505.00 ns, 3.4962 ns/op
OverheadActual  15: 180912 op, 580774.00 ns, 3.2103 ns/op

WorkloadWarmup   1: 180912 op, 1007417296.00 ns, 5.5685 us/op
WorkloadWarmup   2: 180912 op, 1030217925.00 ns, 5.6946 us/op
WorkloadWarmup   3: 180912 op, 1132599406.00 ns, 6.2605 us/op
WorkloadWarmup   4: 180912 op, 1120078041.00 ns, 6.1913 us/op
WorkloadWarmup   5: 180912 op, 999436470.00 ns, 5.5244 us/op
WorkloadWarmup   6: 180912 op, 1001112450.00 ns, 5.5337 us/op
WorkloadWarmup   7: 180912 op, 994832868.00 ns, 5.4990 us/op

// BeforeActualRun
WorkloadActual   1: 180912 op, 1062729783.00 ns, 5.8743 us/op
WorkloadActual   2: 180912 op, 1060540898.00 ns, 5.8622 us/op
WorkloadActual   3: 180912 op, 1014063350.00 ns, 5.6053 us/op
WorkloadActual   4: 180912 op, 1005870241.00 ns, 5.5600 us/op
WorkloadActual   5: 180912 op, 1002787244.00 ns, 5.5430 us/op
WorkloadActual   6: 180912 op, 1156976000.00 ns, 6.3952 us/op
WorkloadActual   7: 180912 op, 1085356630.00 ns, 5.9994 us/op
WorkloadActual   8: 180912 op, 1006394291.00 ns, 5.5629 us/op
WorkloadActual   9: 180912 op, 1011087225.00 ns, 5.5888 us/op
WorkloadActual  10: 180912 op, 1003167069.00 ns, 5.5451 us/op
WorkloadActual  11: 180912 op, 1028551695.00 ns, 5.6854 us/op
WorkloadActual  12: 180912 op, 1101438324.00 ns, 6.0883 us/op
WorkloadActual  13: 180912 op, 1001637563.00 ns, 5.5366 us/op
WorkloadActual  14: 180912 op, 999755498.00 ns, 5.5262 us/op
WorkloadActual  15: 180912 op, 1008990414.00 ns, 5.5772 us/op
WorkloadActual  16: 180912 op, 1164176749.00 ns, 6.4350 us/op
WorkloadActual  17: 180912 op, 1141707792.00 ns, 6.3108 us/op
WorkloadActual  18: 180912 op, 994321053.00 ns, 5.4962 us/op
WorkloadActual  19: 180912 op, 1001041913.00 ns, 5.5333 us/op
WorkloadActual  20: 180912 op, 997372123.00 ns, 5.5130 us/op
WorkloadActual  21: 180912 op, 1002665624.00 ns, 5.5423 us/op
WorkloadActual  22: 180912 op, 1096256311.00 ns, 6.0596 us/op
WorkloadActual  23: 180912 op, 1002204132.00 ns, 5.5397 us/op
WorkloadActual  24: 180912 op, 999621573.00 ns, 5.5255 us/op
WorkloadActual  25: 180912 op, 1039164855.00 ns, 5.7440 us/op
WorkloadActual  26: 180912 op, 1158419090.00 ns, 6.4032 us/op
WorkloadActual  27: 180912 op, 1146095497.00 ns, 6.3351 us/op
WorkloadActual  28: 180912 op, 1011251027.00 ns, 5.5897 us/op
WorkloadActual  29: 180912 op, 999295882.00 ns, 5.5237 us/op
WorkloadActual  30: 180912 op, 1002276057.00 ns, 5.5401 us/op
WorkloadActual  31: 180912 op, 1001509734.00 ns, 5.5359 us/op
WorkloadActual  32: 180912 op, 1088282498.00 ns, 6.0155 us/op
WorkloadActual  33: 180912 op, 1002147221.00 ns, 5.5394 us/op
WorkloadActual  34: 180912 op, 994706564.00 ns, 5.4983 us/op
WorkloadActual  35: 180912 op, 1029541571.00 ns, 5.6908 us/op
WorkloadActual  36: 180912 op, 1002738739.00 ns, 5.5427 us/op
WorkloadActual  37: 180912 op, 1128279995.00 ns, 6.2366 us/op
WorkloadActual  38: 180912 op, 999931476.00 ns, 5.5272 us/op
WorkloadActual  39: 180912 op, 1005256820.00 ns, 5.5566 us/op
WorkloadActual  40: 180912 op, 1001828625.00 ns, 5.5377 us/op
WorkloadActual  41: 180912 op, 1001828735.00 ns, 5.5377 us/op
WorkloadActual  42: 180912 op, 1082432758.00 ns, 5.9832 us/op
WorkloadActual  43: 180912 op, 1018461761.00 ns, 5.6296 us/op
WorkloadActual  44: 180912 op, 1006881220.00 ns, 5.5656 us/op
WorkloadActual  45: 180912 op, 1103029033.00 ns, 6.0970 us/op
WorkloadActual  46: 180912 op, 996923546.00 ns, 5.5105 us/op
WorkloadActual  47: 180912 op, 1022027333.00 ns, 5.6493 us/op
WorkloadActual  48: 180912 op, 1086830946.00 ns, 6.0075 us/op
WorkloadActual  49: 180912 op, 1007568974.00 ns, 5.5694 us/op
WorkloadActual  50: 180912 op, 1008864608.00 ns, 5.5765 us/op
WorkloadActual  51: 180912 op, 1006816888.00 ns, 5.5652 us/op
WorkloadActual  52: 180912 op, 995609640.00 ns, 5.5033 us/op
WorkloadActual  53: 180912 op, 1122072626.00 ns, 6.2023 us/op
WorkloadActual  54: 180912 op, 1012323293.00 ns, 5.5957 us/op
WorkloadActual  55: 180912 op, 1016093069.00 ns, 5.6165 us/op
WorkloadActual  56: 180912 op, 995598231.00 ns, 5.5032 us/op
WorkloadActual  57: 180912 op, 998775505.00 ns, 5.5208 us/op
WorkloadActual  58: 180912 op, 1087301105.00 ns, 6.0101 us/op
WorkloadActual  59: 180912 op, 994485103.00 ns, 5.4971 us/op
WorkloadActual  60: 180912 op, 1004446491.00 ns, 5.5521 us/op
WorkloadActual  61: 180912 op, 1008258344.00 ns, 5.5732 us/op
WorkloadActual  62: 180912 op, 1004769930.00 ns, 5.5539 us/op
WorkloadActual  63: 180912 op, 1111432713.00 ns, 6.1435 us/op
WorkloadActual  64: 180912 op, 1028253336.00 ns, 5.6837 us/op
WorkloadActual  65: 180912 op, 1012167427.00 ns, 5.5948 us/op
WorkloadActual  66: 180912 op, 1003278825.00 ns, 5.5457 us/op
WorkloadActual  67: 180912 op, 1006195490.00 ns, 5.5618 us/op
WorkloadActual  68: 180912 op, 1117729115.00 ns, 6.1783 us/op
WorkloadActual  69: 180912 op, 1012970637.00 ns, 5.5992 us/op
WorkloadActual  70: 180912 op, 1006857559.00 ns, 5.5655 us/op

// AfterActualRun
WorkloadResult   1: 180912 op, 1062138272.00 ns, 5.8710 us/op
WorkloadResult   2: 180912 op, 1059949387.00 ns, 5.8589 us/op
WorkloadResult   3: 180912 op, 1013471839.00 ns, 5.6020 us/op
WorkloadResult   4: 180912 op, 1005278730.00 ns, 5.5567 us/op
WorkloadResult   5: 180912 op, 1002195733.00 ns, 5.5397 us/op
WorkloadResult   6: 180912 op, 1156384489.00 ns, 6.3920 us/op
WorkloadResult   7: 180912 op, 1084765119.00 ns, 5.9961 us/op
WorkloadResult   8: 180912 op, 1005802780.00 ns, 5.5596 us/op
WorkloadResult   9: 180912 op, 1010495714.00 ns, 5.5856 us/op
WorkloadResult  10: 180912 op, 1002575558.00 ns, 5.5418 us/op
WorkloadResult  11: 180912 op, 1027960184.00 ns, 5.6821 us/op
WorkloadResult  12: 180912 op, 1100846813.00 ns, 6.0850 us/op
WorkloadResult  13: 180912 op, 1001046052.00 ns, 5.5333 us/op
WorkloadResult  14: 180912 op, 999163987.00 ns, 5.5229 us/op
WorkloadResult  15: 180912 op, 1008398903.00 ns, 5.5740 us/op
WorkloadResult  16: 180912 op, 1163585238.00 ns, 6.4318 us/op
WorkloadResult  17: 180912 op, 1141116281.00 ns, 6.3076 us/op
WorkloadResult  18: 180912 op, 993729542.00 ns, 5.4929 us/op
WorkloadResult  19: 180912 op, 1000450402.00 ns, 5.5300 us/op
WorkloadResult  20: 180912 op, 996780612.00 ns, 5.5098 us/op
WorkloadResult  21: 180912 op, 1002074113.00 ns, 5.5390 us/op
WorkloadResult  22: 180912 op, 1095664800.00 ns, 6.0563 us/op
WorkloadResult  23: 180912 op, 1001612621.00 ns, 5.5365 us/op
WorkloadResult  24: 180912 op, 999030062.00 ns, 5.5222 us/op
WorkloadResult  25: 180912 op, 1038573344.00 ns, 5.7408 us/op
WorkloadResult  26: 180912 op, 1157827579.00 ns, 6.3999 us/op
WorkloadResult  27: 180912 op, 1145503986.00 ns, 6.3318 us/op
WorkloadResult  28: 180912 op, 1010659516.00 ns, 5.5865 us/op
WorkloadResult  29: 180912 op, 998704371.00 ns, 5.5204 us/op
WorkloadResult  30: 180912 op, 1001684546.00 ns, 5.5369 us/op
WorkloadResult  31: 180912 op, 1000918223.00 ns, 5.5326 us/op
WorkloadResult  32: 180912 op, 1087690987.00 ns, 6.0123 us/op
WorkloadResult  33: 180912 op, 1001555710.00 ns, 5.5361 us/op
WorkloadResult  34: 180912 op, 994115053.00 ns, 5.4950 us/op
WorkloadResult  35: 180912 op, 1028950060.00 ns, 5.6876 us/op
WorkloadResult  36: 180912 op, 1002147228.00 ns, 5.5394 us/op
WorkloadResult  37: 180912 op, 1127688484.00 ns, 6.2334 us/op
WorkloadResult  38: 180912 op, 999339965.00 ns, 5.5239 us/op
WorkloadResult  39: 180912 op, 1004665309.00 ns, 5.5533 us/op
WorkloadResult  40: 180912 op, 1001237114.00 ns, 5.5344 us/op
WorkloadResult  41: 180912 op, 1001237224.00 ns, 5.5344 us/op
WorkloadResult  42: 180912 op, 1081841247.00 ns, 5.9799 us/op
WorkloadResult  43: 180912 op, 1017870250.00 ns, 5.6263 us/op
WorkloadResult  44: 180912 op, 1006289709.00 ns, 5.5623 us/op
WorkloadResult  45: 180912 op, 1102437522.00 ns, 6.0938 us/op
WorkloadResult  46: 180912 op, 996332035.00 ns, 5.5073 us/op
WorkloadResult  47: 180912 op, 1021435822.00 ns, 5.6460 us/op
WorkloadResult  48: 180912 op, 1086239435.00 ns, 6.0042 us/op
WorkloadResult  49: 180912 op, 1006977463.00 ns, 5.5661 us/op
WorkloadResult  50: 180912 op, 1008273097.00 ns, 5.5733 us/op
WorkloadResult  51: 180912 op, 1006225377.00 ns, 5.5620 us/op
WorkloadResult  52: 180912 op, 995018129.00 ns, 5.5000 us/op
WorkloadResult  53: 180912 op, 1121481115.00 ns, 6.1990 us/op
WorkloadResult  54: 180912 op, 1011731782.00 ns, 5.5924 us/op
WorkloadResult  55: 180912 op, 1015501558.00 ns, 5.6132 us/op
WorkloadResult  56: 180912 op, 995006720.00 ns, 5.4999 us/op
WorkloadResult  57: 180912 op, 998183994.00 ns, 5.5175 us/op
WorkloadResult  58: 180912 op, 1086709594.00 ns, 6.0068 us/op
WorkloadResult  59: 180912 op, 993893592.00 ns, 5.4938 us/op
WorkloadResult  60: 180912 op, 1003854980.00 ns, 5.5489 us/op
WorkloadResult  61: 180912 op, 1007666833.00 ns, 5.5699 us/op
WorkloadResult  62: 180912 op, 1004178419.00 ns, 5.5506 us/op
WorkloadResult  63: 180912 op, 1110841202.00 ns, 6.1402 us/op
WorkloadResult  64: 180912 op, 1027661825.00 ns, 5.6805 us/op
WorkloadResult  65: 180912 op, 1011575916.00 ns, 5.5915 us/op
WorkloadResult  66: 180912 op, 1002687314.00 ns, 5.5424 us/op
WorkloadResult  67: 180912 op, 1005603979.00 ns, 5.5585 us/op
WorkloadResult  68: 180912 op, 1117137604.00 ns, 6.1750 us/op
WorkloadResult  69: 180912 op, 1012379126.00 ns, 5.5960 us/op
WorkloadResult  70: 180912 op, 1006266048.00 ns, 5.5622 us/op

// AfterAll
// Benchmark Process 888746 has exited with code 0.

Mean = 5.717 μs, StdErr = 0.033 μs (0.58%), N = 70, StdDev = 0.276 μs
Min = 5.493 μs, Q1 = 5.536 μs, Median = 5.568 μs, Q3 = 5.868 μs, Max = 6.432 μs
IQR = 0.332 μs, LowerFence = 5.039 μs, UpperFence = 6.366 μs
ConfidenceInterval = [5.603 μs; 5.830 μs] (CI 99.9%), Margin = 0.114 μs (1.99% of Mean)
Skewness = 1.26, Kurtosis = 3.15, MValue = 2.39

// ** Remained 6 (60.0 %) benchmark(s) to run. Estimated finish 2026-05-15 18:39 (0h 10m from now) **
// **************************
// Benchmark: SmokeBenchByte.Utf8Json_Deser: Energy(OutlierMode=DontRemove, IterationTime=1s)
// *** Execute ***
// Launch: 1 / 1
// Execute: dotnet JsonBench-Energy-1.dll --anonymousPipes 121 122 --benchmarkName JsonBench.Benchmarks.SmokeBenchByte.Utf8Json_Deser --job Energy --benchmarkId 4 in /home/test/json-energy-bench/JsonBench/bin/Release/net10.0/JsonBench-Energy-1/bin/Release/net10.0
// BeforeAnythingElse

// Benchmark Process Environment Information:
// BenchmarkDotNet v0.15.5-develop (2026-05-15)
// Runtime=.NET 10.0.7 (10.0.7, 10.0.726.21808), X64 RyuJIT x86-64-v3
// GC=Concurrent Workstation
// HardwareIntrinsics=AVX2+BMI1+BMI2+F16C+FMA+LZCNT+MOVBE,AVX,SSE3+SSSE3+SSE4.1+SSE4.2+POPCNT,X86Base+SSE+SSE2,AES+PCLMUL VectorSize=256
// Job: Energy(OutlierMode=DontRemove, IterationTime=1s)

OverheadJitting  1: 1 op, 181999.00 ns, 181.9990 us/op
WorkloadJitting  1: 1 op, 65741613.00 ns, 65.7416 ms/op

OverheadJitting  2: 16 op, 481092.00 ns, 30.0683 us/op
WorkloadJitting  2: 16 op, 1385202.00 ns, 86.5751 us/op

WorkloadPilot    1: 16 op, 842667.00 ns, 52.6667 us/op
WorkloadPilot    2: 18992 op, 456593611.00 ns, 24.0414 us/op
WorkloadPilot    3: 41600 op, 352663862.00 ns, 8.4775 us/op
WorkloadPilot    4: 117968 op, 1146796786.00 ns, 9.7213 us/op
WorkloadPilot    5: 102880 op, 1036962347.00 ns, 10.0793 us/op
WorkloadPilot    6: 99216 op, 1054507676.00 ns, 10.6284 us/op

OverheadWarmup   1: 99216 op, 632016.00 ns, 6.3701 ns/op
OverheadWarmup   2: 99216 op, 345070.00 ns, 3.4780 ns/op
OverheadWarmup   3: 99216 op, 474593.00 ns, 4.7834 ns/op
OverheadWarmup   4: 99216 op, 357722.00 ns, 3.6055 ns/op
OverheadWarmup   5: 99216 op, 501291.00 ns, 5.0525 ns/op
OverheadWarmup   6: 99216 op, 355139.00 ns, 3.5795 ns/op

OverheadActual   1: 99216 op, 344880.00 ns, 3.4761 ns/op
OverheadActual   2: 99216 op, 345049.00 ns, 3.4778 ns/op
OverheadActual   3: 99216 op, 354835.00 ns, 3.5764 ns/op
OverheadActual   4: 99216 op, 462654.00 ns, 4.6631 ns/op
OverheadActual   5: 99216 op, 350429.00 ns, 3.5320 ns/op
OverheadActual   6: 99216 op, 364406.00 ns, 3.6729 ns/op
OverheadActual   7: 99216 op, 1557999.00 ns, 15.7031 ns/op
OverheadActual   8: 99216 op, 526977.00 ns, 5.3114 ns/op
OverheadActual   9: 99216 op, 344158.00 ns, 3.4688 ns/op
OverheadActual  10: 99216 op, 377853.00 ns, 3.8084 ns/op
OverheadActual  11: 99216 op, 342878.00 ns, 3.4559 ns/op
OverheadActual  12: 99216 op, 347132.00 ns, 3.4988 ns/op
OverheadActual  13: 99216 op, 497525.00 ns, 5.0146 ns/op
OverheadActual  14: 99216 op, 344513.00 ns, 3.4724 ns/op
OverheadActual  15: 99216 op, 351198.00 ns, 3.5397 ns/op
OverheadActual  16: 99216 op, 344385.00 ns, 3.4711 ns/op
OverheadActual  17: 99216 op, 554449.00 ns, 5.5883 ns/op
OverheadActual  18: 99216 op, 344440.00 ns, 3.4716 ns/op
OverheadActual  19: 99216 op, 554793.00 ns, 5.5918 ns/op
OverheadActual  20: 99216 op, 344433.00 ns, 3.4715 ns/op

WorkloadWarmup   1: 99216 op, 1031713546.00 ns, 10.3987 us/op
WorkloadWarmup   2: 99216 op, 973024308.00 ns, 9.8071 us/op
WorkloadWarmup   3: 99216 op, 846365344.00 ns, 8.5305 us/op
WorkloadWarmup   4: 99216 op, 848319373.00 ns, 8.5502 us/op
WorkloadWarmup   5: 99216 op, 847424071.00 ns, 8.5412 us/op
WorkloadWarmup   6: 99216 op, 847002468.00 ns, 8.5370 us/op
WorkloadWarmup   7: 99216 op, 840970499.00 ns, 8.4762 us/op
WorkloadWarmup   8: 99216 op, 967813787.00 ns, 9.7546 us/op
WorkloadWarmup   9: 99216 op, 945908167.00 ns, 9.5338 us/op

// BeforeActualRun
WorkloadActual   1: 99216 op, 850707658.00 ns, 8.5743 us/op
WorkloadActual   2: 99216 op, 847674497.00 ns, 8.5437 us/op
WorkloadActual   3: 99216 op, 858534401.00 ns, 8.6532 us/op
WorkloadActual   4: 99216 op, 856682977.00 ns, 8.6345 us/op
WorkloadActual   5: 99216 op, 983920095.00 ns, 9.9169 us/op
WorkloadActual   6: 99216 op, 861073554.00 ns, 8.6788 us/op
WorkloadActual   7: 99216 op, 855666321.00 ns, 8.6243 us/op
WorkloadActual   8: 99216 op, 854608966.00 ns, 8.6136 us/op
WorkloadActual   9: 99216 op, 855901286.00 ns, 8.6266 us/op
WorkloadActual  10: 99216 op, 859365355.00 ns, 8.6616 us/op
WorkloadActual  11: 99216 op, 1006791366.00 ns, 10.1475 us/op
WorkloadActual  12: 99216 op, 853325372.00 ns, 8.6007 us/op
WorkloadActual  13: 99216 op, 861418017.00 ns, 8.6822 us/op
WorkloadActual  14: 99216 op, 873855801.00 ns, 8.8076 us/op
WorkloadActual  15: 99216 op, 847170241.00 ns, 8.5386 us/op
WorkloadActual  16: 99216 op, 852211022.00 ns, 8.5895 us/op
WorkloadActual  17: 99216 op, 946924608.00 ns, 9.5441 us/op
WorkloadActual  18: 99216 op, 878914004.00 ns, 8.8586 us/op
WorkloadActual  19: 99216 op, 852828043.00 ns, 8.5957 us/op
WorkloadActual  20: 99216 op, 850776667.00 ns, 8.5750 us/op
WorkloadActual  21: 99216 op, 851047929.00 ns, 8.5777 us/op
WorkloadActual  22: 99216 op, 924698613.00 ns, 9.3201 us/op
WorkloadActual  23: 99216 op, 936536304.00 ns, 9.4394 us/op
WorkloadActual  24: 99216 op, 886239897.00 ns, 8.9324 us/op
WorkloadActual  25: 99216 op, 854903477.00 ns, 8.6166 us/op
WorkloadActual  26: 99216 op, 851810829.00 ns, 8.5854 us/op
WorkloadActual  27: 99216 op, 877410579.00 ns, 8.8434 us/op
WorkloadActual  28: 99216 op, 849377486.00 ns, 8.5609 us/op
WorkloadActual  29: 99216 op, 884094272.00 ns, 8.9108 us/op
WorkloadActual  30: 99216 op, 927166537.00 ns, 9.3449 us/op
WorkloadActual  31: 99216 op, 844323900.00 ns, 8.5100 us/op
WorkloadActual  32: 99216 op, 848531518.00 ns, 8.5524 us/op
WorkloadActual  33: 99216 op, 858543305.00 ns, 8.6533 us/op
WorkloadActual  34: 99216 op, 1090134033.00 ns, 10.9875 us/op
WorkloadActual  35: 99216 op, 950718490.00 ns, 9.5823 us/op
WorkloadActual  36: 99216 op, 860229792.00 ns, 8.6703 us/op
WorkloadActual  37: 99216 op, 849844684.00 ns, 8.5656 us/op
WorkloadActual  38: 99216 op, 852126924.00 ns, 8.5886 us/op
WorkloadActual  39: 99216 op, 847163038.00 ns, 8.5386 us/op
WorkloadActual  40: 99216 op, 873031373.00 ns, 8.7993 us/op
WorkloadActual  41: 99216 op, 938768645.00 ns, 9.4619 us/op
WorkloadActual  42: 99216 op, 872714398.00 ns, 8.7961 us/op
WorkloadActual  43: 99216 op, 852968263.00 ns, 8.5971 us/op
WorkloadActual  44: 99216 op, 849246712.00 ns, 8.5596 us/op
WorkloadActual  45: 99216 op, 882586077.00 ns, 8.8956 us/op
WorkloadActual  46: 99216 op, 850714434.00 ns, 8.5744 us/op
WorkloadActual  47: 99216 op, 892649212.00 ns, 8.9970 us/op
WorkloadActual  48: 99216 op, 900928809.00 ns, 9.0805 us/op
WorkloadActual  49: 99216 op, 845587639.00 ns, 8.5227 us/op
WorkloadActual  50: 99216 op, 862311294.00 ns, 8.6913 us/op
WorkloadActual  51: 99216 op, 850607765.00 ns, 8.5733 us/op
WorkloadActual  52: 99216 op, 867074562.00 ns, 8.7393 us/op
WorkloadActual  53: 99216 op, 850529703.00 ns, 8.5725 us/op
WorkloadActual  54: 99216 op, 950059752.00 ns, 9.5757 us/op
WorkloadActual  55: 99216 op, 847735961.00 ns, 8.5443 us/op
WorkloadActual  56: 99216 op, 903802230.00 ns, 9.1094 us/op
WorkloadActual  57: 99216 op, 856607919.00 ns, 8.6338 us/op
WorkloadActual  58: 99216 op, 852824254.00 ns, 8.5956 us/op
WorkloadActual  59: 99216 op, 848660687.00 ns, 8.5537 us/op
WorkloadActual  60: 99216 op, 943537165.00 ns, 9.5099 us/op
WorkloadActual  61: 99216 op, 846493320.00 ns, 8.5318 us/op
WorkloadActual  62: 99216 op, 849637055.00 ns, 8.5635 us/op
WorkloadActual  63: 99216 op, 849142353.00 ns, 8.5585 us/op
WorkloadActual  64: 99216 op, 848808194.00 ns, 8.5552 us/op
WorkloadActual  65: 99216 op, 851230389.00 ns, 8.5796 us/op
WorkloadActual  66: 99216 op, 941126224.00 ns, 9.4856 us/op
WorkloadActual  67: 99216 op, 850424994.00 ns, 8.5715 us/op
WorkloadActual  68: 99216 op, 971206273.00 ns, 9.7888 us/op
WorkloadActual  69: 99216 op, 847429457.00 ns, 8.5413 us/op
WorkloadActual  70: 99216 op, 846445475.00 ns, 8.5313 us/op
WorkloadActual  71: 99216 op, 853875162.00 ns, 8.6062 us/op
WorkloadActual  72: 99216 op, 942009502.00 ns, 9.4945 us/op
WorkloadActual  73: 99216 op, 847739185.00 ns, 8.5444 us/op
WorkloadActual  74: 99216 op, 849834722.00 ns, 8.5655 us/op
WorkloadActual  75: 99216 op, 879991330.00 ns, 8.8694 us/op
WorkloadActual  76: 99216 op, 849459137.00 ns, 8.5617 us/op
WorkloadActual  77: 99216 op, 847766834.00 ns, 8.5447 us/op
WorkloadActual  78: 99216 op, 936653445.00 ns, 9.4405 us/op
WorkloadActual  79: 99216 op, 927395330.00 ns, 9.3472 us/op
WorkloadActual  80: 99216 op, 858508148.00 ns, 8.6529 us/op

// AfterActualRun
WorkloadResult   1: 99216 op, 850356844.50 ns, 8.5708 us/op
WorkloadResult   2: 99216 op, 847323683.50 ns, 8.5402 us/op
WorkloadResult   3: 99216 op, 858183587.50 ns, 8.6496 us/op
WorkloadResult   4: 99216 op, 856332163.50 ns, 8.6310 us/op
WorkloadResult   5: 99216 op, 983569281.50 ns, 9.9134 us/op
WorkloadResult   6: 99216 op, 860722740.50 ns, 8.6752 us/op
WorkloadResult   7: 99216 op, 855315507.50 ns, 8.6207 us/op
WorkloadResult   8: 99216 op, 854258152.50 ns, 8.6101 us/op
WorkloadResult   9: 99216 op, 855550472.50 ns, 8.6231 us/op
WorkloadResult  10: 99216 op, 859014541.50 ns, 8.6580 us/op
WorkloadResult  11: 99216 op, 1006440552.50 ns, 10.1439 us/op
WorkloadResult  12: 99216 op, 852974558.50 ns, 8.5971 us/op
WorkloadResult  13: 99216 op, 861067203.50 ns, 8.6787 us/op
WorkloadResult  14: 99216 op, 873504987.50 ns, 8.8041 us/op
WorkloadResult  15: 99216 op, 846819427.50 ns, 8.5351 us/op
WorkloadResult  16: 99216 op, 851860208.50 ns, 8.5859 us/op
WorkloadResult  17: 99216 op, 946573794.50 ns, 9.5405 us/op
WorkloadResult  18: 99216 op, 878563190.50 ns, 8.8551 us/op
WorkloadResult  19: 99216 op, 852477229.50 ns, 8.5921 us/op
WorkloadResult  20: 99216 op, 850425853.50 ns, 8.5715 us/op
WorkloadResult  21: 99216 op, 850697115.50 ns, 8.5742 us/op
WorkloadResult  22: 99216 op, 924347799.50 ns, 9.3165 us/op
WorkloadResult  23: 99216 op, 936185490.50 ns, 9.4358 us/op
WorkloadResult  24: 99216 op, 885889083.50 ns, 8.9289 us/op
WorkloadResult  25: 99216 op, 854552663.50 ns, 8.6131 us/op
WorkloadResult  26: 99216 op, 851460015.50 ns, 8.5819 us/op
WorkloadResult  27: 99216 op, 877059765.50 ns, 8.8399 us/op
WorkloadResult  28: 99216 op, 849026672.50 ns, 8.5574 us/op
WorkloadResult  29: 99216 op, 883743458.50 ns, 8.9073 us/op
WorkloadResult  30: 99216 op, 926815723.50 ns, 9.3414 us/op
WorkloadResult  31: 99216 op, 843973086.50 ns, 8.5064 us/op
WorkloadResult  32: 99216 op, 848180704.50 ns, 8.5488 us/op
WorkloadResult  33: 99216 op, 858192491.50 ns, 8.6497 us/op
WorkloadResult  34: 99216 op, 1089783219.50 ns, 10.9839 us/op
WorkloadResult  35: 99216 op, 950367676.50 ns, 9.5788 us/op
WorkloadResult  36: 99216 op, 859878978.50 ns, 8.6667 us/op
WorkloadResult  37: 99216 op, 849493870.50 ns, 8.5621 us/op
WorkloadResult  38: 99216 op, 851776110.50 ns, 8.5851 us/op
WorkloadResult  39: 99216 op, 846812224.50 ns, 8.5350 us/op
WorkloadResult  40: 99216 op, 872680559.50 ns, 8.7958 us/op
WorkloadResult  41: 99216 op, 938417831.50 ns, 9.4583 us/op
WorkloadResult  42: 99216 op, 872363584.50 ns, 8.7926 us/op
WorkloadResult  43: 99216 op, 852617449.50 ns, 8.5935 us/op
WorkloadResult  44: 99216 op, 848895898.50 ns, 8.5560 us/op
WorkloadResult  45: 99216 op, 882235263.50 ns, 8.8921 us/op
WorkloadResult  46: 99216 op, 850363620.50 ns, 8.5708 us/op
WorkloadResult  47: 99216 op, 892298398.50 ns, 8.9935 us/op
WorkloadResult  48: 99216 op, 900577995.50 ns, 9.0769 us/op
WorkloadResult  49: 99216 op, 845236825.50 ns, 8.5192 us/op
WorkloadResult  50: 99216 op, 861960480.50 ns, 8.6877 us/op
WorkloadResult  51: 99216 op, 850256951.50 ns, 8.5698 us/op
WorkloadResult  52: 99216 op, 866723748.50 ns, 8.7357 us/op
WorkloadResult  53: 99216 op, 850178889.50 ns, 8.5690 us/op
WorkloadResult  54: 99216 op, 949708938.50 ns, 9.5721 us/op
WorkloadResult  55: 99216 op, 847385147.50 ns, 8.5408 us/op
WorkloadResult  56: 99216 op, 903451416.50 ns, 9.1059 us/op
WorkloadResult  57: 99216 op, 856257105.50 ns, 8.6302 us/op
WorkloadResult  58: 99216 op, 852473440.50 ns, 8.5921 us/op
WorkloadResult  59: 99216 op, 848309873.50 ns, 8.5501 us/op
WorkloadResult  60: 99216 op, 943186351.50 ns, 9.5064 us/op
WorkloadResult  61: 99216 op, 846142506.50 ns, 8.5283 us/op
WorkloadResult  62: 99216 op, 849286241.50 ns, 8.5600 us/op
WorkloadResult  63: 99216 op, 848791539.50 ns, 8.5550 us/op
WorkloadResult  64: 99216 op, 848457380.50 ns, 8.5516 us/op
WorkloadResult  65: 99216 op, 850879575.50 ns, 8.5760 us/op
WorkloadResult  66: 99216 op, 940775410.50 ns, 9.4821 us/op
WorkloadResult  67: 99216 op, 850074180.50 ns, 8.5679 us/op
WorkloadResult  68: 99216 op, 970855459.50 ns, 9.7853 us/op
WorkloadResult  69: 99216 op, 847078643.50 ns, 8.5377 us/op
WorkloadResult  70: 99216 op, 846094661.50 ns, 8.5278 us/op
WorkloadResult  71: 99216 op, 853524348.50 ns, 8.6027 us/op
WorkloadResult  72: 99216 op, 941658688.50 ns, 9.4910 us/op
WorkloadResult  73: 99216 op, 847388371.50 ns, 8.5408 us/op
WorkloadResult  74: 99216 op, 849483908.50 ns, 8.5620 us/op
WorkloadResult  75: 99216 op, 879640516.50 ns, 8.8659 us/op
WorkloadResult  76: 99216 op, 849108323.50 ns, 8.5582 us/op
WorkloadResult  77: 99216 op, 847416020.50 ns, 8.5411 us/op
WorkloadResult  78: 99216 op, 936302631.50 ns, 9.4370 us/op
WorkloadResult  79: 99216 op, 927044516.50 ns, 9.3437 us/op
WorkloadResult  80: 99216 op, 858157334.50 ns, 8.6494 us/op

// AfterAll
// Benchmark Process 889501 has exited with code 0.

Mean = 8.846 μs, StdErr = 0.051 μs (0.58%), N = 80, StdDev = 0.459 μs
Min = 8.506 μs, Q1 = 8.562 μs, Median = 8.622 μs, Q3 = 8.913 μs, Max = 10.984 μs
IQR = 0.351 μs, LowerFence = 8.036 μs, UpperFence = 9.439 μs
ConfidenceInterval = [8.671 μs; 9.022 μs] (CI 99.9%), Margin = 0.175 μs (1.98% of Mean)
Skewness = 2.06, Kurtosis = 7.86, MValue = 2.08

// ** Remained 5 (50.0 %) benchmark(s) to run. Estimated finish 2026-05-15 18:38 (0h 8m from now) **
// **************************
// Benchmark: SmokeBenchByte.STJRefGen_Ser: Energy(OutlierMode=DontRemove, IterationTime=1s)
// *** Execute ***
// Launch: 1 / 1
// Execute: dotnet JsonBench-Energy-1.dll --anonymousPipes 121 122 --benchmarkName JsonBench.Benchmarks.SmokeBenchByte.STJRefGen_Ser --job Energy --benchmarkId 5 in /home/test/json-energy-bench/JsonBench/bin/Release/net10.0/JsonBench-Energy-1/bin/Release/net10.0
// BeforeAnythingElse

// Benchmark Process Environment Information:
// BenchmarkDotNet v0.15.5-develop (2026-05-15)
// Runtime=.NET 10.0.7 (10.0.7, 10.0.726.21808), X64 RyuJIT x86-64-v3
// GC=Concurrent Workstation
// HardwareIntrinsics=AVX2+BMI1+BMI2+F16C+FMA+LZCNT+MOVBE,AVX,SSE3+SSSE3+SSE4.1+SSE4.2+POPCNT,X86Base+SSE+SSE2,AES+PCLMUL VectorSize=256
// Job: Energy(OutlierMode=DontRemove, IterationTime=1s)

OverheadJitting  1: 1 op, 192666.00 ns, 192.6660 us/op
WorkloadJitting  1: 1 op, 2933396.00 ns, 2.9334 ms/op

OverheadJitting  2: 16 op, 499764.00 ns, 31.2353 us/op
WorkloadJitting  2: 16 op, 754278.00 ns, 47.1424 us/op

WorkloadPilot    1: 16 op, 224715.00 ns, 14.0447 us/op
WorkloadPilot    2: 71216 op, 611377627.00 ns, 8.5848 us/op
WorkloadPilot    3: 116496 op, 511030578.00 ns, 4.3867 us/op
WorkloadPilot    4: 227968 op, 938077196.00 ns, 4.1150 us/op
WorkloadPilot    5: 243024 op, 1183111078.00 ns, 4.8683 us/op
WorkloadPilot    6: 205424 op, 1021468400.00 ns, 4.9725 us/op
WorkloadPilot    7: 201120 op, 1002728944.00 ns, 4.9857 us/op

OverheadWarmup   1: 201120 op, 2490498.00 ns, 12.3831 ns/op
OverheadWarmup   2: 201120 op, 2863532.00 ns, 14.2379 ns/op
OverheadWarmup   3: 201120 op, 2253987.00 ns, 11.2072 ns/op
OverheadWarmup   4: 201120 op, 2975790.00 ns, 14.7961 ns/op
OverheadWarmup   5: 201120 op, 3227291.00 ns, 16.0466 ns/op
OverheadWarmup   6: 201120 op, 3292939.00 ns, 16.3730 ns/op
OverheadWarmup   7: 201120 op, 3302430.00 ns, 16.4202 ns/op
OverheadWarmup   8: 201120 op, 781359.00 ns, 3.8850 ns/op

OverheadActual   1: 201120 op, 709483.00 ns, 3.5277 ns/op
OverheadActual   2: 201120 op, 708617.00 ns, 3.5234 ns/op
OverheadActual   3: 201120 op, 900137.00 ns, 4.4756 ns/op
OverheadActual   4: 201120 op, 1238015.00 ns, 6.1556 ns/op
OverheadActual   5: 201120 op, 1263576.00 ns, 6.2827 ns/op
OverheadActual   6: 201120 op, 1283362.00 ns, 6.3811 ns/op
OverheadActual   7: 201120 op, 1276450.00 ns, 6.3467 ns/op
OverheadActual   8: 201120 op, 1276975.00 ns, 6.3493 ns/op
OverheadActual   9: 201120 op, 1266310.00 ns, 6.2963 ns/op
OverheadActual  10: 201120 op, 1279800.00 ns, 6.3634 ns/op
OverheadActual  11: 201120 op, 1251989.00 ns, 6.2251 ns/op
OverheadActual  12: 201120 op, 2100857.00 ns, 10.4458 ns/op
OverheadActual  13: 201120 op, 708235.00 ns, 3.5215 ns/op
OverheadActual  14: 201120 op, 1870267.00 ns, 9.2993 ns/op
OverheadActual  15: 201120 op, 709338.00 ns, 3.5269 ns/op
OverheadActual  16: 201120 op, 1806733.00 ns, 8.9834 ns/op
OverheadActual  17: 201120 op, 708906.00 ns, 3.5248 ns/op
OverheadActual  18: 201120 op, 1800945.00 ns, 8.9546 ns/op
OverheadActual  19: 201120 op, 713181.00 ns, 3.5460 ns/op
OverheadActual  20: 201120 op, 1797707.00 ns, 8.9385 ns/op

WorkloadWarmup   1: 201120 op, 833307245.00 ns, 4.1433 us/op
WorkloadWarmup   2: 201120 op, 794650106.00 ns, 3.9511 us/op
WorkloadWarmup   3: 201120 op, 789788646.00 ns, 3.9270 us/op
WorkloadWarmup   4: 201120 op, 787260312.00 ns, 3.9144 us/op
WorkloadWarmup   5: 201120 op, 789384215.00 ns, 3.9249 us/op
WorkloadWarmup   6: 201120 op, 787056034.00 ns, 3.9134 us/op
WorkloadWarmup   7: 201120 op, 790353646.00 ns, 3.9298 us/op
WorkloadWarmup   8: 201120 op, 976592150.00 ns, 4.8558 us/op
WorkloadWarmup   9: 201120 op, 865864852.00 ns, 4.3052 us/op

// BeforeActualRun
WorkloadActual   1: 201120 op, 787915454.00 ns, 3.9176 us/op
WorkloadActual   2: 201120 op, 793944112.00 ns, 3.9476 us/op
WorkloadActual   3: 201120 op, 789113889.00 ns, 3.9236 us/op
WorkloadActual   4: 201120 op, 785088218.00 ns, 3.9036 us/op
WorkloadActual   5: 201120 op, 896006472.00 ns, 4.4551 us/op
WorkloadActual   6: 201120 op, 788821848.00 ns, 3.9221 us/op
WorkloadActual   7: 201120 op, 809855262.00 ns, 4.0267 us/op
WorkloadActual   8: 201120 op, 797464354.00 ns, 3.9651 us/op
WorkloadActual   9: 201120 op, 795379459.00 ns, 3.9548 us/op
WorkloadActual  10: 201120 op, 793583691.00 ns, 3.9458 us/op
WorkloadActual  11: 201120 op, 907251364.00 ns, 4.5110 us/op
WorkloadActual  12: 201120 op, 910615960.00 ns, 4.5277 us/op
WorkloadActual  13: 201120 op, 820115485.00 ns, 4.0777 us/op
WorkloadActual  14: 201120 op, 785727043.00 ns, 3.9068 us/op
WorkloadActual  15: 201120 op, 784252002.00 ns, 3.8994 us/op
WorkloadActual  16: 201120 op, 792763318.00 ns, 3.9417 us/op
WorkloadActual  17: 201120 op, 791955676.00 ns, 3.9377 us/op
WorkloadActual  18: 201120 op, 919246783.00 ns, 4.5706 us/op
WorkloadActual  19: 201120 op, 813399459.00 ns, 4.0443 us/op
WorkloadActual  20: 201120 op, 778866511.00 ns, 3.8726 us/op
WorkloadActual  21: 201120 op, 787237510.00 ns, 3.9143 us/op
WorkloadActual  22: 201120 op, 790495119.00 ns, 3.9305 us/op
WorkloadActual  23: 201120 op, 816274124.00 ns, 4.0586 us/op
WorkloadActual  24: 201120 op, 998192582.00 ns, 4.9632 us/op
WorkloadActual  25: 201120 op, 788879267.00 ns, 3.9224 us/op
WorkloadActual  26: 201120 op, 787436322.00 ns, 3.9153 us/op
WorkloadActual  27: 201120 op, 787487139.00 ns, 3.9155 us/op
WorkloadActual  28: 201120 op, 792610370.00 ns, 3.9410 us/op
WorkloadActual  29: 201120 op, 793555322.00 ns, 3.9457 us/op
WorkloadActual  30: 201120 op, 795227132.00 ns, 3.9540 us/op
WorkloadActual  31: 201120 op, 892364546.00 ns, 4.4370 us/op
WorkloadActual  32: 201120 op, 795589317.00 ns, 3.9558 us/op
WorkloadActual  33: 201120 op, 795737904.00 ns, 3.9565 us/op
WorkloadActual  34: 201120 op, 794919349.00 ns, 3.9525 us/op
WorkloadActual  35: 201120 op, 862192125.00 ns, 4.2870 us/op
WorkloadActual  36: 201120 op, 844236677.00 ns, 4.1977 us/op
WorkloadActual  37: 201120 op, 901547162.00 ns, 4.4826 us/op
WorkloadActual  38: 201120 op, 808020001.00 ns, 4.0176 us/op
WorkloadActual  39: 201120 op, 801459228.00 ns, 3.9850 us/op
WorkloadActual  40: 201120 op, 797110211.00 ns, 3.9634 us/op
WorkloadActual  41: 201120 op, 805619807.00 ns, 4.0057 us/op
WorkloadActual  42: 201120 op, 795355868.00 ns, 3.9546 us/op
WorkloadActual  43: 201120 op, 793259495.00 ns, 3.9442 us/op
WorkloadActual  44: 201120 op, 891983224.00 ns, 4.4351 us/op
WorkloadActual  45: 201120 op, 788020134.00 ns, 3.9182 us/op
WorkloadActual  46: 201120 op, 785675011.00 ns, 3.9065 us/op
WorkloadActual  47: 201120 op, 812205384.00 ns, 4.0384 us/op
WorkloadActual  48: 201120 op, 808888417.00 ns, 4.0219 us/op
WorkloadActual  49: 201120 op, 787837525.00 ns, 3.9173 us/op
WorkloadActual  50: 201120 op, 889755371.00 ns, 4.4240 us/op
WorkloadActual  51: 201120 op, 811020750.00 ns, 4.0325 us/op
WorkloadActual  52: 201120 op, 786156352.00 ns, 3.9089 us/op
WorkloadActual  53: 201120 op, 790951680.00 ns, 3.9327 us/op
WorkloadActual  54: 201120 op, 791842664.00 ns, 3.9372 us/op
WorkloadActual  55: 201120 op, 786482010.00 ns, 3.9105 us/op
WorkloadActual  56: 201120 op, 785309783.00 ns, 3.9047 us/op
WorkloadActual  57: 201120 op, 917510742.00 ns, 4.5620 us/op
WorkloadActual  58: 201120 op, 797496975.00 ns, 3.9653 us/op
WorkloadActual  59: 201120 op, 789559390.00 ns, 3.9258 us/op
WorkloadActual  60: 201120 op, 890586903.00 ns, 4.4281 us/op
WorkloadActual  61: 201120 op, 801228267.00 ns, 3.9838 us/op
WorkloadActual  62: 201120 op, 791650649.00 ns, 3.9362 us/op
WorkloadActual  63: 201120 op, 891312908.00 ns, 4.4317 us/op
WorkloadActual  64: 201120 op, 790071811.00 ns, 3.9284 us/op
WorkloadActual  65: 201120 op, 821530620.00 ns, 4.0848 us/op
WorkloadActual  66: 201120 op, 795865928.00 ns, 3.9572 us/op
WorkloadActual  67: 201120 op, 793014515.00 ns, 3.9430 us/op
WorkloadActual  68: 201120 op, 788267657.00 ns, 3.9194 us/op
WorkloadActual  69: 201120 op, 785412416.00 ns, 3.9052 us/op
WorkloadActual  70: 201120 op, 888607068.00 ns, 4.4183 us/op
WorkloadActual  71: 201120 op, 784273537.00 ns, 3.8995 us/op
WorkloadActual  72: 201120 op, 814309700.00 ns, 4.0489 us/op
WorkloadActual  73: 201120 op, 864889628.00 ns, 4.3004 us/op
WorkloadActual  74: 201120 op, 789715247.00 ns, 3.9266 us/op
WorkloadActual  75: 201120 op, 790336212.00 ns, 3.9297 us/op
WorkloadActual  76: 201120 op, 866029101.00 ns, 4.3060 us/op
WorkloadActual  77: 201120 op, 814654805.00 ns, 4.0506 us/op
WorkloadActual  78: 201120 op, 793448803.00 ns, 3.9452 us/op
WorkloadActual  79: 201120 op, 783523328.00 ns, 3.8958 us/op
WorkloadActual  80: 201120 op, 778616151.00 ns, 3.8714 us/op
WorkloadActual  81: 201120 op, 796382598.00 ns, 3.9597 us/op
WorkloadActual  82: 201120 op, 788244263.00 ns, 3.9193 us/op
WorkloadActual  83: 201120 op, 881883540.00 ns, 4.3849 us/op
WorkloadActual  84: 201120 op, 796985360.00 ns, 3.9627 us/op
WorkloadActual  85: 201120 op, 809240922.00 ns, 4.0237 us/op
WorkloadActual  86: 201120 op, 786042148.00 ns, 3.9083 us/op
WorkloadActual  87: 201120 op, 787664245.00 ns, 3.9164 us/op

// AfterActualRun
WorkloadResult   1: 201120 op, 786650511.00 ns, 3.9113 us/op
WorkloadResult   2: 201120 op, 792679169.00 ns, 3.9413 us/op
WorkloadResult   3: 201120 op, 787848946.00 ns, 3.9173 us/op
WorkloadResult   4: 201120 op, 783823275.00 ns, 3.8973 us/op
WorkloadResult   5: 201120 op, 894741529.00 ns, 4.4488 us/op
WorkloadResult   6: 201120 op, 787556905.00 ns, 3.9159 us/op
WorkloadResult   7: 201120 op, 808590319.00 ns, 4.0204 us/op
WorkloadResult   8: 201120 op, 796199411.00 ns, 3.9588 us/op
WorkloadResult   9: 201120 op, 794114516.00 ns, 3.9485 us/op
WorkloadResult  10: 201120 op, 792318748.00 ns, 3.9395 us/op
WorkloadResult  11: 201120 op, 905986421.00 ns, 4.5047 us/op
WorkloadResult  12: 201120 op, 909351017.00 ns, 4.5214 us/op
WorkloadResult  13: 201120 op, 818850542.00 ns, 4.0715 us/op
WorkloadResult  14: 201120 op, 784462100.00 ns, 3.9005 us/op
WorkloadResult  15: 201120 op, 782987059.00 ns, 3.8931 us/op
WorkloadResult  16: 201120 op, 791498375.00 ns, 3.9355 us/op
WorkloadResult  17: 201120 op, 790690733.00 ns, 3.9314 us/op
WorkloadResult  18: 201120 op, 917981840.00 ns, 4.5643 us/op
WorkloadResult  19: 201120 op, 812134516.00 ns, 4.0381 us/op
WorkloadResult  20: 201120 op, 777601568.00 ns, 3.8664 us/op
WorkloadResult  21: 201120 op, 785972567.00 ns, 3.9080 us/op
WorkloadResult  22: 201120 op, 789230176.00 ns, 3.9242 us/op
WorkloadResult  23: 201120 op, 815009181.00 ns, 4.0524 us/op
WorkloadResult  24: 201120 op, 996927639.00 ns, 4.9569 us/op
WorkloadResult  25: 201120 op, 787614324.00 ns, 3.9161 us/op
WorkloadResult  26: 201120 op, 786171379.00 ns, 3.9090 us/op
WorkloadResult  27: 201120 op, 786222196.00 ns, 3.9092 us/op
WorkloadResult  28: 201120 op, 791345427.00 ns, 3.9347 us/op
WorkloadResult  29: 201120 op, 792290379.00 ns, 3.9394 us/op
WorkloadResult  30: 201120 op, 793962189.00 ns, 3.9477 us/op
WorkloadResult  31: 201120 op, 891099603.00 ns, 4.4307 us/op
WorkloadResult  32: 201120 op, 794324374.00 ns, 3.9495 us/op
WorkloadResult  33: 201120 op, 794472961.00 ns, 3.9502 us/op
WorkloadResult  34: 201120 op, 793654406.00 ns, 3.9462 us/op
WorkloadResult  35: 201120 op, 860927182.00 ns, 4.2807 us/op
WorkloadResult  36: 201120 op, 842971734.00 ns, 4.1914 us/op
WorkloadResult  37: 201120 op, 900282219.00 ns, 4.4763 us/op
WorkloadResult  38: 201120 op, 806755058.00 ns, 4.0113 us/op
WorkloadResult  39: 201120 op, 800194285.00 ns, 3.9787 us/op
WorkloadResult  40: 201120 op, 795845268.00 ns, 3.9571 us/op
WorkloadResult  41: 201120 op, 804354864.00 ns, 3.9994 us/op
WorkloadResult  42: 201120 op, 794090925.00 ns, 3.9483 us/op
WorkloadResult  43: 201120 op, 791994552.00 ns, 3.9379 us/op
WorkloadResult  44: 201120 op, 890718281.00 ns, 4.4288 us/op
WorkloadResult  45: 201120 op, 786755191.00 ns, 3.9119 us/op
WorkloadResult  46: 201120 op, 784410068.00 ns, 3.9002 us/op
WorkloadResult  47: 201120 op, 810940441.00 ns, 4.0321 us/op
WorkloadResult  48: 201120 op, 807623474.00 ns, 4.0156 us/op
WorkloadResult  49: 201120 op, 786572582.00 ns, 3.9110 us/op
WorkloadResult  50: 201120 op, 888490428.00 ns, 4.4177 us/op
WorkloadResult  51: 201120 op, 809755807.00 ns, 4.0262 us/op
WorkloadResult  52: 201120 op, 784891409.00 ns, 3.9026 us/op
WorkloadResult  53: 201120 op, 789686737.00 ns, 3.9264 us/op
WorkloadResult  54: 201120 op, 790577721.00 ns, 3.9309 us/op
WorkloadResult  55: 201120 op, 785217067.00 ns, 3.9042 us/op
WorkloadResult  56: 201120 op, 784044840.00 ns, 3.8984 us/op
WorkloadResult  57: 201120 op, 916245799.00 ns, 4.5557 us/op
WorkloadResult  58: 201120 op, 796232032.00 ns, 3.9590 us/op
WorkloadResult  59: 201120 op, 788294447.00 ns, 3.9195 us/op
WorkloadResult  60: 201120 op, 889321960.00 ns, 4.4218 us/op
WorkloadResult  61: 201120 op, 799963324.00 ns, 3.9775 us/op
WorkloadResult  62: 201120 op, 790385706.00 ns, 3.9299 us/op
WorkloadResult  63: 201120 op, 890047965.00 ns, 4.4255 us/op
WorkloadResult  64: 201120 op, 788806868.00 ns, 3.9221 us/op
WorkloadResult  65: 201120 op, 820265677.00 ns, 4.0785 us/op
WorkloadResult  66: 201120 op, 794600985.00 ns, 3.9509 us/op
WorkloadResult  67: 201120 op, 791749572.00 ns, 3.9367 us/op
WorkloadResult  68: 201120 op, 787002714.00 ns, 3.9131 us/op
WorkloadResult  69: 201120 op, 784147473.00 ns, 3.8989 us/op
WorkloadResult  70: 201120 op, 887342125.00 ns, 4.4120 us/op
WorkloadResult  71: 201120 op, 783008594.00 ns, 3.8932 us/op
WorkloadResult  72: 201120 op, 813044757.00 ns, 4.0426 us/op
WorkloadResult  73: 201120 op, 863624685.00 ns, 4.2941 us/op
WorkloadResult  74: 201120 op, 788450304.00 ns, 3.9203 us/op
WorkloadResult  75: 201120 op, 789071269.00 ns, 3.9234 us/op
WorkloadResult  76: 201120 op, 864764158.00 ns, 4.2997 us/op
WorkloadResult  77: 201120 op, 813389862.00 ns, 4.0443 us/op
WorkloadResult  78: 201120 op, 792183860.00 ns, 3.9389 us/op
WorkloadResult  79: 201120 op, 782258385.00 ns, 3.8895 us/op
WorkloadResult  80: 201120 op, 777351208.00 ns, 3.8651 us/op
WorkloadResult  81: 201120 op, 795117655.00 ns, 3.9534 us/op
WorkloadResult  82: 201120 op, 786979320.00 ns, 3.9130 us/op
WorkloadResult  83: 201120 op, 880618597.00 ns, 4.3786 us/op
WorkloadResult  84: 201120 op, 795720417.00 ns, 3.9564 us/op
WorkloadResult  85: 201120 op, 807975979.00 ns, 4.0174 us/op
WorkloadResult  86: 201120 op, 784777205.00 ns, 3.9020 us/op
WorkloadResult  87: 201120 op, 786399302.00 ns, 3.9101 us/op

// AfterAll
// Benchmark Process 890267 has exited with code 0.

Mean = 4.049 μs, StdErr = 0.024 μs (0.58%), N = 87, StdDev = 0.220 μs
Min = 3.865 μs, Q1 = 3.914 μs, Median = 3.948 μs, Q3 = 4.043 μs, Max = 4.957 μs
IQR = 0.129 μs, LowerFence = 3.721 μs, UpperFence = 4.237 μs
ConfidenceInterval = [3.968 μs; 4.129 μs] (CI 99.9%), Margin = 0.080 μs (1.99% of Mean)
Skewness = 1.76, Kurtosis = 5.5, MValue = 2

// ** Remained 4 (40.0 %) benchmark(s) to run. Estimated finish 2026-05-15 18:38 (0h 6m from now) **
// **************************
// Benchmark: SmokeBenchByte.STJSrcGen_Ser: Energy(OutlierMode=DontRemove, IterationTime=1s)
// *** Execute ***
// Launch: 1 / 1
// Execute: dotnet JsonBench-Energy-1.dll --anonymousPipes 121 122 --benchmarkName JsonBench.Benchmarks.SmokeBenchByte.STJSrcGen_Ser --job Energy --benchmarkId 6 in /home/test/json-energy-bench/JsonBench/bin/Release/net10.0/JsonBench-Energy-1/bin/Release/net10.0
// BeforeAnythingElse

// Benchmark Process Environment Information:
// BenchmarkDotNet v0.15.5-develop (2026-05-15)
// Runtime=.NET 10.0.7 (10.0.7, 10.0.726.21808), X64 RyuJIT x86-64-v3
// GC=Concurrent Workstation
// HardwareIntrinsics=AVX2+BMI1+BMI2+F16C+FMA+LZCNT+MOVBE,AVX,SSE3+SSSE3+SSE4.1+SSE4.2+POPCNT,X86Base+SSE+SSE2,AES+PCLMUL VectorSize=256
// Job: Energy(OutlierMode=DontRemove, IterationTime=1s)

OverheadJitting  1: 1 op, 184292.00 ns, 184.2920 us/op
WorkloadJitting  1: 1 op, 8948582.00 ns, 8.9486 ms/op

OverheadJitting  2: 16 op, 506848.00 ns, 31.6780 us/op
WorkloadJitting  2: 16 op, 690666.00 ns, 43.1666 us/op

WorkloadPilot    1: 16 op, 160922.00 ns, 10.0576 us/op
WorkloadPilot    2: 99440 op, 495416097.00 ns, 4.9821 us/op
WorkloadPilot    3: 200720 op, 593770561.00 ns, 2.9582 us/op
WorkloadPilot    4: 338048 op, 970823646.00 ns, 2.8719 us/op
WorkloadPilot    5: 348208 op, 1166000753.00 ns, 3.3486 us/op
WorkloadPilot    6: 298640 op, 1065025402.00 ns, 3.5663 us/op
WorkloadPilot    7: 280416 op, 957810917.00 ns, 3.4157 us/op
WorkloadPilot    8: 292768 op, 846889651.00 ns, 2.8927 us/op
WorkloadPilot    9: 345712 op, 934186503.00 ns, 2.7022 us/op
WorkloadPilot   10: 370080 op, 1004308444.00 ns, 2.7138 us/op

OverheadWarmup   1: 370080 op, 1228668.00 ns, 3.3200 ns/op
OverheadWarmup   2: 370080 op, 1228566.00 ns, 3.3197 ns/op
OverheadWarmup   3: 370080 op, 1229810.00 ns, 3.3231 ns/op
OverheadWarmup   4: 370080 op, 1225101.00 ns, 3.3104 ns/op
OverheadWarmup   5: 370080 op, 1224575.00 ns, 3.3089 ns/op
OverheadWarmup   6: 370080 op, 1287289.00 ns, 3.4784 ns/op
OverheadWarmup   7: 370080 op, 1267876.00 ns, 3.4260 ns/op

OverheadActual   1: 370080 op, 1247266.00 ns, 3.3703 ns/op
OverheadActual   2: 370080 op, 1196646.00 ns, 3.2335 ns/op
OverheadActual   3: 370080 op, 1233677.00 ns, 3.3335 ns/op
OverheadActual   4: 370080 op, 1197472.00 ns, 3.2357 ns/op
OverheadActual   5: 370080 op, 1223242.00 ns, 3.3053 ns/op
OverheadActual   6: 370080 op, 1227198.00 ns, 3.3160 ns/op
OverheadActual   7: 370080 op, 1340034.00 ns, 3.6209 ns/op
OverheadActual   8: 370080 op, 1188483.00 ns, 3.2114 ns/op
OverheadActual   9: 370080 op, 1233333.00 ns, 3.3326 ns/op
OverheadActual  10: 370080 op, 1192511.00 ns, 3.2223 ns/op
OverheadActual  11: 370080 op, 1235566.00 ns, 3.3386 ns/op
OverheadActual  12: 370080 op, 1211658.00 ns, 3.2740 ns/op
OverheadActual  13: 370080 op, 1239346.00 ns, 3.3489 ns/op
OverheadActual  14: 370080 op, 1224036.00 ns, 3.3075 ns/op
OverheadActual  15: 370080 op, 1229249.00 ns, 3.3216 ns/op

WorkloadWarmup   1: 370080 op, 984640723.00 ns, 2.6606 us/op
WorkloadWarmup   2: 370080 op, 1009853517.00 ns, 2.7287 us/op
WorkloadWarmup   3: 370080 op, 1099766293.00 ns, 2.9717 us/op
WorkloadWarmup   4: 370080 op, 1160678953.00 ns, 3.1363 us/op
WorkloadWarmup   5: 370080 op, 1062429382.00 ns, 2.8708 us/op
WorkloadWarmup   6: 370080 op, 1010378804.00 ns, 2.7302 us/op
WorkloadWarmup   7: 370080 op, 995297253.00 ns, 2.6894 us/op
WorkloadWarmup   8: 370080 op, 1126688476.00 ns, 3.0444 us/op
WorkloadWarmup   9: 370080 op, 1040248202.00 ns, 2.8109 us/op

// BeforeActualRun
WorkloadActual   1: 370080 op, 1010610926.00 ns, 2.7308 us/op
WorkloadActual   2: 370080 op, 1016132177.00 ns, 2.7457 us/op
WorkloadActual   3: 370080 op, 1007260816.00 ns, 2.7217 us/op
WorkloadActual   4: 370080 op, 1106402941.00 ns, 2.9896 us/op
WorkloadActual   5: 370080 op, 1125930377.00 ns, 3.0424 us/op
WorkloadActual   6: 370080 op, 1016687308.00 ns, 2.7472 us/op
WorkloadActual   7: 370080 op, 1037181435.00 ns, 2.8026 us/op
WorkloadActual   8: 370080 op, 1022139456.00 ns, 2.7619 us/op
WorkloadActual   9: 370080 op, 1022636330.00 ns, 2.7633 us/op
WorkloadActual  10: 370080 op, 1143057335.00 ns, 3.0887 us/op
WorkloadActual  11: 370080 op, 1027424366.00 ns, 2.7762 us/op
WorkloadActual  12: 370080 op, 1010654199.00 ns, 2.7309 us/op
WorkloadActual  13: 370080 op, 1031386202.00 ns, 2.7869 us/op
WorkloadActual  14: 370080 op, 1073039922.00 ns, 2.8995 us/op
WorkloadActual  15: 370080 op, 1181459152.00 ns, 3.1924 us/op
WorkloadActual  16: 370080 op, 1009723256.00 ns, 2.7284 us/op
WorkloadActual  17: 370080 op, 1006435123.00 ns, 2.7195 us/op
WorkloadActual  18: 370080 op, 995688168.00 ns, 2.6905 us/op
WorkloadActual  19: 370080 op, 1003241850.00 ns, 2.7109 us/op
WorkloadActual  20: 370080 op, 1107825904.00 ns, 2.9935 us/op
WorkloadActual  21: 370080 op, 1022363500.00 ns, 2.7625 us/op
WorkloadActual  22: 370080 op, 1000406961.00 ns, 2.7032 us/op
WorkloadActual  23: 370080 op, 1100159972.00 ns, 2.9728 us/op
WorkloadActual  24: 370080 op, 1145066123.00 ns, 3.0941 us/op
WorkloadActual  25: 370080 op, 1122090736.00 ns, 3.0320 us/op
WorkloadActual  26: 370080 op, 998777592.00 ns, 2.6988 us/op
WorkloadActual  27: 370080 op, 996041379.00 ns, 2.6914 us/op
WorkloadActual  28: 370080 op, 1000226224.00 ns, 2.7027 us/op
WorkloadActual  29: 370080 op, 1006252442.00 ns, 2.7190 us/op
WorkloadActual  30: 370080 op, 1110060259.00 ns, 2.9995 us/op
WorkloadActual  31: 370080 op, 997722253.00 ns, 2.6960 us/op
WorkloadActual  32: 370080 op, 995589957.00 ns, 2.6902 us/op
WorkloadActual  33: 370080 op, 1089588568.00 ns, 2.9442 us/op
WorkloadActual  34: 370080 op, 1000390291.00 ns, 2.7032 us/op
WorkloadActual  35: 370080 op, 1188866199.00 ns, 3.2125 us/op
WorkloadActual  36: 370080 op, 1005062555.00 ns, 2.7158 us/op
WorkloadActual  37: 370080 op, 1002717973.00 ns, 2.7095 us/op
WorkloadActual  38: 370080 op, 1037675586.00 ns, 2.8039 us/op
WorkloadActual  39: 370080 op, 999096982.00 ns, 2.6997 us/op
WorkloadActual  40: 370080 op, 1102519912.00 ns, 2.9791 us/op
WorkloadActual  41: 370080 op, 1002916858.00 ns, 2.7100 us/op
WorkloadActual  42: 370080 op, 1016065660.00 ns, 2.7455 us/op
WorkloadActual  43: 370080 op, 1008537847.00 ns, 2.7252 us/op
WorkloadActual  44: 370080 op, 996678661.00 ns, 2.6931 us/op
WorkloadActual  45: 370080 op, 1097460733.00 ns, 2.9655 us/op
WorkloadActual  46: 370080 op, 1019407478.00 ns, 2.7546 us/op
WorkloadActual  47: 370080 op, 996150895.00 ns, 2.6917 us/op
WorkloadActual  48: 370080 op, 995396757.00 ns, 2.6897 us/op
WorkloadActual  49: 370080 op, 1006626355.00 ns, 2.7200 us/op
WorkloadActual  50: 370080 op, 1011554682.00 ns, 2.7333 us/op
WorkloadActual  51: 370080 op, 1130420147.00 ns, 3.0545 us/op
WorkloadActual  52: 370080 op, 1138740798.00 ns, 3.0770 us/op
WorkloadActual  53: 370080 op, 1009154096.00 ns, 2.7269 us/op
WorkloadActual  54: 370080 op, 1005436726.00 ns, 2.7168 us/op
WorkloadActual  55: 370080 op, 1004683532.00 ns, 2.7148 us/op
WorkloadActual  56: 370080 op, 1112735403.00 ns, 3.0067 us/op
WorkloadActual  57: 370080 op, 1004683991.00 ns, 2.7148 us/op
WorkloadActual  58: 370080 op, 998015800.00 ns, 2.6968 us/op
WorkloadActual  59: 370080 op, 999885363.00 ns, 2.7018 us/op
WorkloadActual  60: 370080 op, 1001050986.00 ns, 2.7050 us/op
WorkloadActual  61: 370080 op, 1099225744.00 ns, 2.9702 us/op
WorkloadActual  62: 370080 op, 1136546124.00 ns, 3.0711 us/op
WorkloadActual  63: 370080 op, 1011046114.00 ns, 2.7320 us/op
WorkloadActual  64: 370080 op, 999835500.00 ns, 2.7017 us/op
WorkloadActual  65: 370080 op, 1004096985.00 ns, 2.7132 us/op
WorkloadActual  66: 370080 op, 1118784109.00 ns, 3.0231 us/op
WorkloadActual  67: 370080 op, 1011880897.00 ns, 2.7342 us/op
WorkloadActual  68: 370080 op, 1010347502.00 ns, 2.7301 us/op
WorkloadActual  69: 370080 op, 1006149094.00 ns, 2.7187 us/op
WorkloadActual  70: 370080 op, 1000596537.00 ns, 2.7037 us/op
WorkloadActual  71: 370080 op, 1130716715.00 ns, 3.0553 us/op
WorkloadActual  72: 370080 op, 1023214082.00 ns, 2.7648 us/op
WorkloadActual  73: 370080 op, 1003690832.00 ns, 2.7121 us/op
WorkloadActual  74: 370080 op, 999539116.00 ns, 2.7009 us/op
WorkloadActual  75: 370080 op, 1024744839.00 ns, 2.7690 us/op
WorkloadActual  76: 370080 op, 1131053503.00 ns, 3.0562 us/op
WorkloadActual  77: 370080 op, 1044019532.00 ns, 2.8211 us/op
WorkloadActual  78: 370080 op, 1013389744.00 ns, 2.7383 us/op
WorkloadActual  79: 370080 op, 1009442977.00 ns, 2.7276 us/op

// AfterActualRun
WorkloadResult   1: 370080 op, 1009383728.00 ns, 2.7275 us/op
WorkloadResult   2: 370080 op, 1014904979.00 ns, 2.7424 us/op
WorkloadResult   3: 370080 op, 1006033618.00 ns, 2.7184 us/op
WorkloadResult   4: 370080 op, 1105175743.00 ns, 2.9863 us/op
WorkloadResult   5: 370080 op, 1124703179.00 ns, 3.0391 us/op
WorkloadResult   6: 370080 op, 1015460110.00 ns, 2.7439 us/op
WorkloadResult   7: 370080 op, 1035954237.00 ns, 2.7993 us/op
WorkloadResult   8: 370080 op, 1020912258.00 ns, 2.7586 us/op
WorkloadResult   9: 370080 op, 1021409132.00 ns, 2.7600 us/op
WorkloadResult  10: 370080 op, 1141830137.00 ns, 3.0854 us/op
WorkloadResult  11: 370080 op, 1026197168.00 ns, 2.7729 us/op
WorkloadResult  12: 370080 op, 1009427001.00 ns, 2.7276 us/op
WorkloadResult  13: 370080 op, 1030159004.00 ns, 2.7836 us/op
WorkloadResult  14: 370080 op, 1071812724.00 ns, 2.8962 us/op
WorkloadResult  15: 370080 op, 1180231954.00 ns, 3.1891 us/op
WorkloadResult  16: 370080 op, 1008496058.00 ns, 2.7251 us/op
WorkloadResult  17: 370080 op, 1005207925.00 ns, 2.7162 us/op
WorkloadResult  18: 370080 op, 994460970.00 ns, 2.6872 us/op
WorkloadResult  19: 370080 op, 1002014652.00 ns, 2.7076 us/op
WorkloadResult  20: 370080 op, 1106598706.00 ns, 2.9902 us/op
WorkloadResult  21: 370080 op, 1021136302.00 ns, 2.7592 us/op
WorkloadResult  22: 370080 op, 999179763.00 ns, 2.6999 us/op
WorkloadResult  23: 370080 op, 1098932774.00 ns, 2.9694 us/op
WorkloadResult  24: 370080 op, 1143838925.00 ns, 3.0908 us/op
WorkloadResult  25: 370080 op, 1120863538.00 ns, 3.0287 us/op
WorkloadResult  26: 370080 op, 997550394.00 ns, 2.6955 us/op
WorkloadResult  27: 370080 op, 994814181.00 ns, 2.6881 us/op
WorkloadResult  28: 370080 op, 998999026.00 ns, 2.6994 us/op
WorkloadResult  29: 370080 op, 1005025244.00 ns, 2.7157 us/op
WorkloadResult  30: 370080 op, 1108833061.00 ns, 2.9962 us/op
WorkloadResult  31: 370080 op, 996495055.00 ns, 2.6926 us/op
WorkloadResult  32: 370080 op, 994362759.00 ns, 2.6869 us/op
WorkloadResult  33: 370080 op, 1088361370.00 ns, 2.9409 us/op
WorkloadResult  34: 370080 op, 999163093.00 ns, 2.6999 us/op
WorkloadResult  35: 370080 op, 1187639001.00 ns, 3.2091 us/op
WorkloadResult  36: 370080 op, 1003835357.00 ns, 2.7125 us/op
WorkloadResult  37: 370080 op, 1001490775.00 ns, 2.7061 us/op
WorkloadResult  38: 370080 op, 1036448388.00 ns, 2.8006 us/op
WorkloadResult  39: 370080 op, 997869784.00 ns, 2.6964 us/op
WorkloadResult  40: 370080 op, 1101292714.00 ns, 2.9758 us/op
WorkloadResult  41: 370080 op, 1001689660.00 ns, 2.7067 us/op
WorkloadResult  42: 370080 op, 1014838462.00 ns, 2.7422 us/op
WorkloadResult  43: 370080 op, 1007310649.00 ns, 2.7219 us/op
WorkloadResult  44: 370080 op, 995451463.00 ns, 2.6898 us/op
WorkloadResult  45: 370080 op, 1096233535.00 ns, 2.9622 us/op
WorkloadResult  46: 370080 op, 1018180280.00 ns, 2.7512 us/op
WorkloadResult  47: 370080 op, 994923697.00 ns, 2.6884 us/op
WorkloadResult  48: 370080 op, 994169559.00 ns, 2.6864 us/op
WorkloadResult  49: 370080 op, 1005399157.00 ns, 2.7167 us/op
WorkloadResult  50: 370080 op, 1010327484.00 ns, 2.7300 us/op
WorkloadResult  51: 370080 op, 1129192949.00 ns, 3.0512 us/op
WorkloadResult  52: 370080 op, 1137513600.00 ns, 3.0737 us/op
WorkloadResult  53: 370080 op, 1007926898.00 ns, 2.7235 us/op
WorkloadResult  54: 370080 op, 1004209528.00 ns, 2.7135 us/op
WorkloadResult  55: 370080 op, 1003456334.00 ns, 2.7115 us/op
WorkloadResult  56: 370080 op, 1111508205.00 ns, 3.0034 us/op
WorkloadResult  57: 370080 op, 1003456793.00 ns, 2.7115 us/op
WorkloadResult  58: 370080 op, 996788602.00 ns, 2.6934 us/op
WorkloadResult  59: 370080 op, 998658165.00 ns, 2.6985 us/op
WorkloadResult  60: 370080 op, 999823788.00 ns, 2.7016 us/op
WorkloadResult  61: 370080 op, 1097998546.00 ns, 2.9669 us/op
WorkloadResult  62: 370080 op, 1135318926.00 ns, 3.0678 us/op
WorkloadResult  63: 370080 op, 1009818916.00 ns, 2.7287 us/op
WorkloadResult  64: 370080 op, 998608302.00 ns, 2.6984 us/op
WorkloadResult  65: 370080 op, 1002869787.00 ns, 2.7099 us/op
WorkloadResult  66: 370080 op, 1117556911.00 ns, 3.0198 us/op
WorkloadResult  67: 370080 op, 1010653699.00 ns, 2.7309 us/op
WorkloadResult  68: 370080 op, 1009120304.00 ns, 2.7268 us/op
WorkloadResult  69: 370080 op, 1004921896.00 ns, 2.7154 us/op
WorkloadResult  70: 370080 op, 999369339.00 ns, 2.7004 us/op
WorkloadResult  71: 370080 op, 1129489517.00 ns, 3.0520 us/op
WorkloadResult  72: 370080 op, 1021986884.00 ns, 2.7615 us/op
WorkloadResult  73: 370080 op, 1002463634.00 ns, 2.7088 us/op
WorkloadResult  74: 370080 op, 998311918.00 ns, 2.6976 us/op
WorkloadResult  75: 370080 op, 1023517641.00 ns, 2.7657 us/op
WorkloadResult  76: 370080 op, 1129826305.00 ns, 3.0529 us/op
WorkloadResult  77: 370080 op, 1042792334.00 ns, 2.8177 us/op
WorkloadResult  78: 370080 op, 1012162546.00 ns, 2.7350 us/op
WorkloadResult  79: 370080 op, 1008215779.00 ns, 2.7243 us/op

// AfterAll
// Benchmark Process 891015 has exited with code 0.

Mean = 2.809 μs, StdErr = 0.016 μs (0.58%), N = 79, StdDev = 0.146 μs
Min = 2.686 μs, Q1 = 2.707 μs, Median = 2.729 μs, Q3 = 2.952 μs, Max = 3.209 μs
IQR = 0.244 μs, LowerFence = 2.341 μs, UpperFence = 3.318 μs
ConfidenceInterval = [2.753 μs; 2.865 μs] (CI 99.9%), Margin = 0.056 μs (2.00% of Mean)
Skewness = 1.12, Kurtosis = 2.77, MValue = 2.63

// ** Remained 3 (30.0 %) benchmark(s) to run. Estimated finish 2026-05-15 18:38 (0h 5m from now) **
// **************************
// Benchmark: SmokeBenchByte.Newtonsoft_Ser: Energy(OutlierMode=DontRemove, IterationTime=1s)
// *** Execute ***
// Launch: 1 / 1
// Execute: dotnet JsonBench-Energy-1.dll --anonymousPipes 121 122 --benchmarkName JsonBench.Benchmarks.SmokeBenchByte.Newtonsoft_Ser --job Energy --benchmarkId 7 in /home/test/json-energy-bench/JsonBench/bin/Release/net10.0/JsonBench-Energy-1/bin/Release/net10.0
// BeforeAnythingElse

// Benchmark Process Environment Information:
// BenchmarkDotNet v0.15.5-develop (2026-05-15)
// Runtime=.NET 10.0.7 (10.0.7, 10.0.726.21808), X64 RyuJIT x86-64-v3
// GC=Concurrent Workstation
// HardwareIntrinsics=AVX2+BMI1+BMI2+F16C+FMA+LZCNT+MOVBE,AVX,SSE3+SSSE3+SSE4.1+SSE4.2+POPCNT,X86Base+SSE+SSE2,AES+PCLMUL VectorSize=256
// Job: Energy(OutlierMode=DontRemove, IterationTime=1s)

OverheadJitting  1: 1 op, 184667.00 ns, 184.6670 us/op
WorkloadJitting  1: 1 op, 44801707.00 ns, 44.8017 ms/op

OverheadJitting  2: 16 op, 477662.00 ns, 29.8539 us/op
WorkloadJitting  2: 16 op, 1430766.00 ns, 89.4229 us/op

WorkloadPilot    1: 16 op, 828969.00 ns, 51.8106 us/op
WorkloadPilot    2: 19312 op, 503128734.00 ns, 26.0526 us/op
WorkloadPilot    3: 38384 op, 351978577.00 ns, 9.1699 us/op
WorkloadPilot    4: 109056 op, 1107274904.00 ns, 10.1533 us/op
WorkloadPilot    5: 98496 op, 1059760640.00 ns, 10.7594 us/op
WorkloadPilot    6: 92944 op, 1052260081.00 ns, 11.3214 us/op

OverheadWarmup   1: 92944 op, 322997.00 ns, 3.4752 ns/op
OverheadWarmup   2: 92944 op, 532499.00 ns, 5.7292 ns/op
OverheadWarmup   3: 92944 op, 1802358.00 ns, 19.3919 ns/op
OverheadWarmup   4: 92944 op, 322894.00 ns, 3.4741 ns/op
OverheadWarmup   5: 92944 op, 516140.00 ns, 5.5532 ns/op
OverheadWarmup   6: 92944 op, 322800.00 ns, 3.4731 ns/op

OverheadActual   1: 92944 op, 323148.00 ns, 3.4768 ns/op
OverheadActual   2: 92944 op, 331475.00 ns, 3.5664 ns/op
OverheadActual   3: 92944 op, 323198.00 ns, 3.4773 ns/op
OverheadActual   4: 92944 op, 322846.00 ns, 3.4736 ns/op
OverheadActual   5: 92944 op, 619194.00 ns, 6.6620 ns/op
OverheadActual   6: 92944 op, 322634.00 ns, 3.4713 ns/op
OverheadActual   7: 92944 op, 368264.00 ns, 3.9622 ns/op
OverheadActual   8: 92944 op, 608408.00 ns, 6.5460 ns/op
OverheadActual   9: 92944 op, 611250.00 ns, 6.5765 ns/op
OverheadActual  10: 92944 op, 610174.00 ns, 6.5650 ns/op
OverheadActual  11: 92944 op, 607466.00 ns, 6.5358 ns/op
OverheadActual  12: 92944 op, 575406.00 ns, 6.1909 ns/op
OverheadActual  13: 92944 op, 418075.00 ns, 4.4981 ns/op
OverheadActual  14: 92944 op, 480391.00 ns, 5.1686 ns/op
OverheadActual  15: 92944 op, 567211.00 ns, 6.1027 ns/op
OverheadActual  16: 92944 op, 574722.00 ns, 6.1835 ns/op
OverheadActual  17: 92944 op, 568633.00 ns, 6.1180 ns/op
OverheadActual  18: 92944 op, 580046.00 ns, 6.2408 ns/op
OverheadActual  19: 92944 op, 583271.00 ns, 6.2755 ns/op
OverheadActual  20: 92944 op, 631606.00 ns, 6.7956 ns/op

WorkloadWarmup   1: 92944 op, 1098776013.00 ns, 11.8219 us/op
WorkloadWarmup   2: 92944 op, 900033399.00 ns, 9.6836 us/op
WorkloadWarmup   3: 92944 op, 843685430.00 ns, 9.0774 us/op
WorkloadWarmup   4: 92944 op, 840717646.00 ns, 9.0454 us/op
WorkloadWarmup   5: 92944 op, 840799765.00 ns, 9.0463 us/op
WorkloadWarmup   6: 92944 op, 835593753.00 ns, 8.9903 us/op
WorkloadWarmup   7: 92944 op, 836505626.00 ns, 9.0001 us/op
WorkloadWarmup   8: 92944 op, 1030969019.00 ns, 11.0924 us/op
WorkloadWarmup   9: 92944 op, 933748845.00 ns, 10.0464 us/op

// BeforeActualRun
WorkloadActual   1: 92944 op, 840276836.00 ns, 9.0407 us/op
WorkloadActual   2: 92944 op, 848312314.00 ns, 9.1271 us/op
WorkloadActual   3: 92944 op, 869952322.00 ns, 9.3600 us/op
WorkloadActual   4: 92944 op, 834335016.00 ns, 8.9767 us/op
WorkloadActual   5: 92944 op, 972814733.00 ns, 10.4667 us/op
WorkloadActual   6: 92944 op, 844481243.00 ns, 9.0859 us/op
WorkloadActual   7: 92944 op, 849558365.00 ns, 9.1405 us/op
WorkloadActual   8: 92944 op, 874990604.00 ns, 9.4142 us/op
WorkloadActual   9: 92944 op, 841669634.00 ns, 9.0557 us/op
WorkloadActual  10: 92944 op, 876601440.00 ns, 9.4315 us/op
WorkloadActual  11: 92944 op, 1082833120.00 ns, 11.6504 us/op
WorkloadActual  12: 92944 op, 846578168.00 ns, 9.1085 us/op
WorkloadActual  13: 92944 op, 844665366.00 ns, 9.0879 us/op
WorkloadActual  14: 92944 op, 849062563.00 ns, 9.1352 us/op
WorkloadActual  15: 92944 op, 844965646.00 ns, 9.0911 us/op
WorkloadActual  16: 92944 op, 848368671.00 ns, 9.1277 us/op
WorkloadActual  17: 92944 op, 946551041.00 ns, 10.1841 us/op
WorkloadActual  18: 92944 op, 869193631.00 ns, 9.3518 us/op
WorkloadActual  19: 92944 op, 845832279.00 ns, 9.1005 us/op
WorkloadActual  20: 92944 op, 850629488.00 ns, 9.1521 us/op
WorkloadActual  21: 92944 op, 844652666.00 ns, 9.0878 us/op
WorkloadActual  22: 92944 op, 965158913.00 ns, 10.3843 us/op
WorkloadActual  23: 92944 op, 973907854.00 ns, 10.4784 us/op
WorkloadActual  24: 92944 op, 859445617.00 ns, 9.2469 us/op
WorkloadActual  25: 92944 op, 833587541.00 ns, 8.9687 us/op
WorkloadActual  26: 92944 op, 838146838.00 ns, 9.0178 us/op
WorkloadActual  27: 92944 op, 835184474.00 ns, 8.9859 us/op
WorkloadActual  28: 92944 op, 857922966.00 ns, 9.2305 us/op
WorkloadActual  29: 92944 op, 836582836.00 ns, 9.0009 us/op
WorkloadActual  30: 92944 op, 955312127.00 ns, 10.2784 us/op
WorkloadActual  31: 92944 op, 835541849.00 ns, 8.9897 us/op
WorkloadActual  32: 92944 op, 832915168.00 ns, 8.9615 us/op
WorkloadActual  33: 92944 op, 836638039.00 ns, 9.0015 us/op
WorkloadActual  34: 92944 op, 986629847.00 ns, 10.6153 us/op
WorkloadActual  35: 92944 op, 859303837.00 ns, 9.2454 us/op
WorkloadActual  36: 92944 op, 961930967.00 ns, 10.3496 us/op
WorkloadActual  37: 92944 op, 839465724.00 ns, 9.0320 us/op
WorkloadActual  38: 92944 op, 838604492.00 ns, 9.0227 us/op
WorkloadActual  39: 92944 op, 838085111.00 ns, 9.0171 us/op
WorkloadActual  40: 92944 op, 834597742.00 ns, 8.9796 us/op
WorkloadActual  41: 92944 op, 837509279.00 ns, 9.0109 us/op
WorkloadActual  42: 92944 op, 965800808.00 ns, 10.3912 us/op
WorkloadActual  43: 92944 op, 833324469.00 ns, 8.9659 us/op
WorkloadActual  44: 92944 op, 833807520.00 ns, 8.9711 us/op
WorkloadActual  45: 92944 op, 860823950.00 ns, 9.2617 us/op
WorkloadActual  46: 92944 op, 836847388.00 ns, 9.0038 us/op
WorkloadActual  47: 92944 op, 835639736.00 ns, 8.9908 us/op
WorkloadActual  48: 92944 op, 977998191.00 ns, 10.5224 us/op
WorkloadActual  49: 92944 op, 838384018.00 ns, 9.0203 us/op
WorkloadActual  50: 92944 op, 852111771.00 ns, 9.1680 us/op
WorkloadActual  51: 92944 op, 839100094.00 ns, 9.0280 us/op
WorkloadActual  52: 92944 op, 839518958.00 ns, 9.0325 us/op
WorkloadActual  53: 92944 op, 843030026.00 ns, 9.0703 us/op
WorkloadActual  54: 92944 op, 955627726.00 ns, 10.2818 us/op
WorkloadActual  55: 92944 op, 840646818.00 ns, 9.0447 us/op
WorkloadActual  56: 92944 op, 839178226.00 ns, 9.0289 us/op
WorkloadActual  57: 92944 op, 919727782.00 ns, 9.8955 us/op
WorkloadActual  58: 92944 op, 842259656.00 ns, 9.0620 us/op
WorkloadActual  59: 92944 op, 837767689.00 ns, 9.0137 us/op
WorkloadActual  60: 92944 op, 947995269.00 ns, 10.1996 us/op
WorkloadActual  61: 92944 op, 868851625.00 ns, 9.3481 us/op
WorkloadActual  62: 92944 op, 836380205.00 ns, 8.9988 us/op
WorkloadActual  63: 92944 op, 836890628.00 ns, 9.0042 us/op
WorkloadActual  64: 92944 op, 814776309.00 ns, 8.7663 us/op
WorkloadActual  65: 92944 op, 830064723.00 ns, 8.9308 us/op
WorkloadActual  66: 92944 op, 846533330.00 ns, 9.1080 us/op
WorkloadActual  67: 92944 op, 942978789.00 ns, 10.1457 us/op
WorkloadActual  68: 92944 op, 873656175.00 ns, 9.3998 us/op
WorkloadActual  69: 92944 op, 916846391.00 ns, 9.8645 us/op
WorkloadActual  70: 92944 op, 863656573.00 ns, 9.2922 us/op
WorkloadActual  71: 92944 op, 840517804.00 ns, 9.0433 us/op
WorkloadActual  72: 92944 op, 845319053.00 ns, 9.0949 us/op
WorkloadActual  73: 92944 op, 964891488.00 ns, 10.3814 us/op
WorkloadActual  74: 92944 op, 833318019.00 ns, 8.9658 us/op
WorkloadActual  75: 92944 op, 833526035.00 ns, 8.9680 us/op
WorkloadActual  76: 92944 op, 836035283.00 ns, 8.9950 us/op
WorkloadActual  77: 92944 op, 832373642.00 ns, 8.9556 us/op
WorkloadActual  78: 92944 op, 834794753.00 ns, 8.9817 us/op
WorkloadActual  79: 92944 op, 950877989.00 ns, 10.2307 us/op
WorkloadActual  80: 92944 op, 892066068.00 ns, 9.5979 us/op
WorkloadActual  81: 92944 op, 832758723.00 ns, 8.9598 us/op
WorkloadActual  82: 92944 op, 842150417.00 ns, 9.0608 us/op
WorkloadActual  83: 92944 op, 817431609.00 ns, 8.7949 us/op
WorkloadActual  84: 92944 op, 831130427.00 ns, 8.9423 us/op
WorkloadActual  85: 92944 op, 958724227.00 ns, 10.3151 us/op
WorkloadActual  86: 92944 op, 869145742.00 ns, 9.3513 us/op
WorkloadActual  87: 92944 op, 862794142.00 ns, 9.2829 us/op
WorkloadActual  88: 92944 op, 835285329.00 ns, 8.9870 us/op
WorkloadActual  89: 92944 op, 836125452.00 ns, 8.9960 us/op
WorkloadActual  90: 92944 op, 837863000.00 ns, 9.0147 us/op
WorkloadActual  91: 92944 op, 984136828.00 ns, 10.5885 us/op
WorkloadActual  92: 92944 op, 917499608.00 ns, 9.8715 us/op
WorkloadActual  93: 92944 op, 833802448.00 ns, 8.9710 us/op
WorkloadActual  94: 92944 op, 834535427.00 ns, 8.9789 us/op
WorkloadActual  95: 92944 op, 830880814.00 ns, 8.9396 us/op
WorkloadActual  96: 92944 op, 831276471.00 ns, 8.9438 us/op
WorkloadActual  97: 92944 op, 948169575.00 ns, 10.2015 us/op
WorkloadActual  98: 92944 op, 833744247.00 ns, 8.9704 us/op
WorkloadActual  99: 92944 op, 843734160.00 ns, 9.0779 us/op
WorkloadActual  100: 92944 op, 844615220.00 ns, 9.0874 us/op

// AfterActualRun
WorkloadResult   1: 92944 op, 839705158.50 ns, 9.0345 us/op
WorkloadResult   2: 92944 op, 847740636.50 ns, 9.1210 us/op
WorkloadResult   3: 92944 op, 869380644.50 ns, 9.3538 us/op
WorkloadResult   4: 92944 op, 833763338.50 ns, 8.9706 us/op
WorkloadResult   5: 92944 op, 972243055.50 ns, 10.4605 us/op
WorkloadResult   6: 92944 op, 843909565.50 ns, 9.0798 us/op
WorkloadResult   7: 92944 op, 848986687.50 ns, 9.1344 us/op
WorkloadResult   8: 92944 op, 874418926.50 ns, 9.4080 us/op
WorkloadResult   9: 92944 op, 841097956.50 ns, 9.0495 us/op
WorkloadResult  10: 92944 op, 876029762.50 ns, 9.4254 us/op
WorkloadResult  11: 92944 op, 1082261442.50 ns, 11.6442 us/op
WorkloadResult  12: 92944 op, 846006490.50 ns, 9.1023 us/op
WorkloadResult  13: 92944 op, 844093688.50 ns, 9.0817 us/op
WorkloadResult  14: 92944 op, 848490885.50 ns, 9.1291 us/op
WorkloadResult  15: 92944 op, 844393968.50 ns, 9.0850 us/op
WorkloadResult  16: 92944 op, 847796993.50 ns, 9.1216 us/op
WorkloadResult  17: 92944 op, 945979363.50 ns, 10.1779 us/op
WorkloadResult  18: 92944 op, 868621953.50 ns, 9.3456 us/op
WorkloadResult  19: 92944 op, 845260601.50 ns, 9.0943 us/op
WorkloadResult  20: 92944 op, 850057810.50 ns, 9.1459 us/op
WorkloadResult  21: 92944 op, 844080988.50 ns, 9.0816 us/op
WorkloadResult  22: 92944 op, 964587235.50 ns, 10.3782 us/op
WorkloadResult  23: 92944 op, 973336176.50 ns, 10.4723 us/op
WorkloadResult  24: 92944 op, 858873939.50 ns, 9.2408 us/op
WorkloadResult  25: 92944 op, 833015863.50 ns, 8.9626 us/op
WorkloadResult  26: 92944 op, 837575160.50 ns, 9.0116 us/op
WorkloadResult  27: 92944 op, 834612796.50 ns, 8.9797 us/op
WorkloadResult  28: 92944 op, 857351288.50 ns, 9.2244 us/op
WorkloadResult  29: 92944 op, 836011158.50 ns, 8.9948 us/op
WorkloadResult  30: 92944 op, 954740449.50 ns, 10.2722 us/op
WorkloadResult  31: 92944 op, 834970171.50 ns, 8.9836 us/op
WorkloadResult  32: 92944 op, 832343490.50 ns, 8.9553 us/op
WorkloadResult  33: 92944 op, 836066361.50 ns, 8.9954 us/op
WorkloadResult  34: 92944 op, 986058169.50 ns, 10.6092 us/op
WorkloadResult  35: 92944 op, 858732159.50 ns, 9.2392 us/op
WorkloadResult  36: 92944 op, 961359289.50 ns, 10.3434 us/op
WorkloadResult  37: 92944 op, 838894046.50 ns, 9.0258 us/op
WorkloadResult  38: 92944 op, 838032814.50 ns, 9.0165 us/op
WorkloadResult  39: 92944 op, 837513433.50 ns, 9.0109 us/op
WorkloadResult  40: 92944 op, 834026064.50 ns, 8.9734 us/op
WorkloadResult  41: 92944 op, 836937601.50 ns, 9.0048 us/op
WorkloadResult  42: 92944 op, 965229130.50 ns, 10.3851 us/op
WorkloadResult  43: 92944 op, 832752791.50 ns, 8.9597 us/op
WorkloadResult  44: 92944 op, 833235842.50 ns, 8.9649 us/op
WorkloadResult  45: 92944 op, 860252272.50 ns, 9.2556 us/op
WorkloadResult  46: 92944 op, 836275710.50 ns, 8.9976 us/op
WorkloadResult  47: 92944 op, 835068058.50 ns, 8.9846 us/op
WorkloadResult  48: 92944 op, 977426513.50 ns, 10.5163 us/op
WorkloadResult  49: 92944 op, 837812340.50 ns, 9.0142 us/op
WorkloadResult  50: 92944 op, 851540093.50 ns, 9.1619 us/op
WorkloadResult  51: 92944 op, 838528416.50 ns, 9.0219 us/op
WorkloadResult  52: 92944 op, 838947280.50 ns, 9.0264 us/op
WorkloadResult  53: 92944 op, 842458348.50 ns, 9.0641 us/op
WorkloadResult  54: 92944 op, 955056048.50 ns, 10.2756 us/op
WorkloadResult  55: 92944 op, 840075140.50 ns, 9.0385 us/op
WorkloadResult  56: 92944 op, 838606548.50 ns, 9.0227 us/op
WorkloadResult  57: 92944 op, 919156104.50 ns, 9.8894 us/op
WorkloadResult  58: 92944 op, 841687978.50 ns, 9.0559 us/op
WorkloadResult  59: 92944 op, 837196011.50 ns, 9.0075 us/op
WorkloadResult  60: 92944 op, 947423591.50 ns, 10.1935 us/op
WorkloadResult  61: 92944 op, 868279947.50 ns, 9.3420 us/op
WorkloadResult  62: 92944 op, 835808527.50 ns, 8.9926 us/op
WorkloadResult  63: 92944 op, 836318950.50 ns, 8.9981 us/op
WorkloadResult  64: 92944 op, 814204631.50 ns, 8.7602 us/op
WorkloadResult  65: 92944 op, 829493045.50 ns, 8.9247 us/op
WorkloadResult  66: 92944 op, 845961652.50 ns, 9.1018 us/op
WorkloadResult  67: 92944 op, 942407111.50 ns, 10.1395 us/op
WorkloadResult  68: 92944 op, 873084497.50 ns, 9.3937 us/op
WorkloadResult  69: 92944 op, 916274713.50 ns, 9.8584 us/op
WorkloadResult  70: 92944 op, 863084895.50 ns, 9.2861 us/op
WorkloadResult  71: 92944 op, 839946126.50 ns, 9.0371 us/op
WorkloadResult  72: 92944 op, 844747375.50 ns, 9.0888 us/op
WorkloadResult  73: 92944 op, 964319810.50 ns, 10.3753 us/op
WorkloadResult  74: 92944 op, 832746341.50 ns, 8.9597 us/op
WorkloadResult  75: 92944 op, 832954357.50 ns, 8.9619 us/op
WorkloadResult  76: 92944 op, 835463605.50 ns, 8.9889 us/op
WorkloadResult  77: 92944 op, 831801964.50 ns, 8.9495 us/op
WorkloadResult  78: 92944 op, 834223075.50 ns, 8.9755 us/op
WorkloadResult  79: 92944 op, 950306311.50 ns, 10.2245 us/op
WorkloadResult  80: 92944 op, 891494390.50 ns, 9.5917 us/op
WorkloadResult  81: 92944 op, 832187045.50 ns, 8.9536 us/op
WorkloadResult  82: 92944 op, 841578739.50 ns, 9.0547 us/op
WorkloadResult  83: 92944 op, 816859931.50 ns, 8.7887 us/op
WorkloadResult  84: 92944 op, 830558749.50 ns, 8.9361 us/op
WorkloadResult  85: 92944 op, 958152549.50 ns, 10.3089 us/op
WorkloadResult  86: 92944 op, 868574064.50 ns, 9.3451 us/op
WorkloadResult  87: 92944 op, 862222464.50 ns, 9.2768 us/op
WorkloadResult  88: 92944 op, 834713651.50 ns, 8.9808 us/op
WorkloadResult  89: 92944 op, 835553774.50 ns, 8.9899 us/op
WorkloadResult  90: 92944 op, 837291322.50 ns, 9.0086 us/op
WorkloadResult  91: 92944 op, 983565150.50 ns, 10.5823 us/op
WorkloadResult  92: 92944 op, 916927930.50 ns, 9.8654 us/op
WorkloadResult  93: 92944 op, 833230770.50 ns, 8.9649 us/op
WorkloadResult  94: 92944 op, 833963749.50 ns, 8.9728 us/op
WorkloadResult  95: 92944 op, 830309136.50 ns, 8.9334 us/op
WorkloadResult  96: 92944 op, 830704793.50 ns, 8.9377 us/op
WorkloadResult  97: 92944 op, 947597897.50 ns, 10.1954 us/op
WorkloadResult  98: 92944 op, 833172569.50 ns, 8.9642 us/op
WorkloadResult  99: 92944 op, 843162482.50 ns, 9.0717 us/op
WorkloadResult  100: 92944 op, 844043542.50 ns, 9.0812 us/op

// AfterAll
// Benchmark Process 891775 has exited with code 0.

Mean = 9.337 μs, StdErr = 0.056 μs (0.60%), N = 100, StdDev = 0.561 μs
Min = 8.760 μs, Q1 = 8.990 μs, Median = 9.076 μs, Q3 = 9.364 μs, Max = 11.644 μs
IQR = 0.374 μs, LowerFence = 8.428 μs, UpperFence = 9.925 μs
ConfidenceInterval = [9.147 μs; 9.528 μs] (CI 99.9%), Margin = 0.190 μs (2.04% of Mean)
Skewness = 1.63, Kurtosis = 4.98, MValue = 2.06

// ** Remained 2 (20.0 %) benchmark(s) to run. Estimated finish 2026-05-15 18:39 (0h 3m from now) **
// **************************
// Benchmark: SmokeBenchByte.SpanJson_Ser: Energy(OutlierMode=DontRemove, IterationTime=1s)
// *** Execute ***
// Launch: 1 / 1
// Execute: dotnet JsonBench-Energy-1.dll --anonymousPipes 121 122 --benchmarkName JsonBench.Benchmarks.SmokeBenchByte.SpanJson_Ser --job Energy --benchmarkId 8 in /home/test/json-energy-bench/JsonBench/bin/Release/net10.0/JsonBench-Energy-1/bin/Release/net10.0
// BeforeAnythingElse

// Benchmark Process Environment Information:
// BenchmarkDotNet v0.15.5-develop (2026-05-15)
// Runtime=.NET 10.0.7 (10.0.7, 10.0.726.21808), X64 RyuJIT x86-64-v3
// GC=Concurrent Workstation
// HardwareIntrinsics=AVX2+BMI1+BMI2+F16C+FMA+LZCNT+MOVBE,AVX,SSE3+SSSE3+SSE4.1+SSE4.2+POPCNT,X86Base+SSE+SSE2,AES+PCLMUL VectorSize=256
// Job: Energy(OutlierMode=DontRemove, IterationTime=1s)

OverheadJitting  1: 1 op, 185896.00 ns, 185.8960 us/op
WorkloadJitting  1: 1 op, 58150318.00 ns, 58.1503 ms/op

OverheadJitting  2: 16 op, 484846.00 ns, 30.3029 us/op
WorkloadJitting  2: 16 op, 1077398.00 ns, 67.3374 us/op

WorkloadPilot    1: 16 op, 457525.00 ns, 28.5953 us/op
WorkloadPilot    2: 34976 op, 267190666.00 ns, 7.6393 us/op
WorkloadPilot    3: 130912 op, 571603269.00 ns, 4.3663 us/op
WorkloadPilot    4: 229040 op, 1098653907.00 ns, 4.7968 us/op
WorkloadPilot    5: 208480 op, 1026986834.00 ns, 4.9261 us/op
WorkloadPilot    6: 203008 op, 1110027891.00 ns, 5.4679 us/op

OverheadWarmup   1: 203008 op, 711986.00 ns, 3.5072 ns/op
OverheadWarmup   2: 203008 op, 714503.00 ns, 3.5196 ns/op
OverheadWarmup   3: 203008 op, 854146.00 ns, 4.2074 ns/op
OverheadWarmup   4: 203008 op, 707909.00 ns, 3.4871 ns/op
OverheadWarmup   5: 203008 op, 847279.00 ns, 4.1736 ns/op
OverheadWarmup   6: 203008 op, 711859.00 ns, 3.5066 ns/op

OverheadActual   1: 203008 op, 707485.00 ns, 3.4850 ns/op
OverheadActual   2: 203008 op, 714492.00 ns, 3.5195 ns/op
OverheadActual   3: 203008 op, 707109.00 ns, 3.4832 ns/op
OverheadActual   4: 203008 op, 1043488.00 ns, 5.1401 ns/op
OverheadActual   5: 203008 op, 712200.00 ns, 3.5082 ns/op
OverheadActual   6: 203008 op, 708106.00 ns, 3.4881 ns/op
OverheadActual   7: 203008 op, 843727.00 ns, 4.1561 ns/op
OverheadActual   8: 203008 op, 713847.00 ns, 3.5163 ns/op
OverheadActual   9: 203008 op, 915258.00 ns, 4.5085 ns/op
OverheadActual  10: 203008 op, 713630.00 ns, 3.5153 ns/op
OverheadActual  11: 203008 op, 1039136.00 ns, 5.1187 ns/op
OverheadActual  12: 203008 op, 703604.00 ns, 3.4659 ns/op
OverheadActual  13: 203008 op, 1017684.00 ns, 5.0130 ns/op
OverheadActual  14: 203008 op, 711100.00 ns, 3.5028 ns/op
OverheadActual  15: 203008 op, 800754.00 ns, 3.9444 ns/op
OverheadActual  16: 203008 op, 732020.00 ns, 3.6059 ns/op
OverheadActual  17: 203008 op, 1579125.00 ns, 7.7786 ns/op
OverheadActual  18: 203008 op, 2151251.00 ns, 10.5969 ns/op
OverheadActual  19: 203008 op, 705927.00 ns, 3.4773 ns/op
OverheadActual  20: 203008 op, 1403300.00 ns, 6.9125 ns/op

WorkloadWarmup   1: 203008 op, 1089143336.00 ns, 5.3650 us/op
WorkloadWarmup   2: 203008 op, 952959159.00 ns, 4.6942 us/op
WorkloadWarmup   3: 203008 op, 890450148.00 ns, 4.3863 us/op
WorkloadWarmup   4: 203008 op, 881335844.00 ns, 4.3414 us/op
WorkloadWarmup   5: 203008 op, 884123557.00 ns, 4.3551 us/op
WorkloadWarmup   6: 203008 op, 886137705.00 ns, 4.3650 us/op
WorkloadWarmup   7: 203008 op, 899365944.00 ns, 4.4302 us/op
WorkloadWarmup   8: 203008 op, 1059295156.00 ns, 5.2180 us/op
WorkloadWarmup   9: 203008 op, 995441599.00 ns, 4.9035 us/op
WorkloadWarmup  10: 203008 op, 891519006.00 ns, 4.3915 us/op
WorkloadWarmup  11: 203008 op, 893195815.00 ns, 4.3998 us/op
WorkloadWarmup  12: 203008 op, 911060645.00 ns, 4.4878 us/op
WorkloadWarmup  13: 203008 op, 967110444.00 ns, 4.7639 us/op
WorkloadWarmup  14: 203008 op, 915526580.00 ns, 4.5098 us/op

// BeforeActualRun
WorkloadActual   1: 203008 op, 888462163.00 ns, 4.3765 us/op
WorkloadActual   2: 203008 op, 914549026.00 ns, 4.5050 us/op
WorkloadActual   3: 203008 op, 889663463.00 ns, 4.3824 us/op
WorkloadActual   4: 203008 op, 894279976.00 ns, 4.4051 us/op
WorkloadActual   5: 203008 op, 1041486954.00 ns, 5.1303 us/op
WorkloadActual   6: 203008 op, 901998392.00 ns, 4.4432 us/op
WorkloadActual   7: 203008 op, 882568713.00 ns, 4.3475 us/op
WorkloadActual   8: 203008 op, 892459027.00 ns, 4.3962 us/op
WorkloadActual   9: 203008 op, 888090057.00 ns, 4.3747 us/op
WorkloadActual  10: 203008 op, 888032047.00 ns, 4.3744 us/op
WorkloadActual  11: 203008 op, 948021871.00 ns, 4.6699 us/op
WorkloadActual  12: 203008 op, 887887697.00 ns, 4.3737 us/op
WorkloadActual  13: 203008 op, 899767961.00 ns, 4.4322 us/op
WorkloadActual  14: 203008 op, 886357854.00 ns, 4.3661 us/op
WorkloadActual  15: 203008 op, 891745648.00 ns, 4.3927 us/op
WorkloadActual  16: 203008 op, 960615841.00 ns, 4.7319 us/op
WorkloadActual  17: 203008 op, 984203134.00 ns, 4.8481 us/op
WorkloadActual  18: 203008 op, 891478654.00 ns, 4.3913 us/op
WorkloadActual  19: 203008 op, 894643942.00 ns, 4.4069 us/op
WorkloadActual  20: 203008 op, 887627846.00 ns, 4.3724 us/op
WorkloadActual  21: 203008 op, 895151942.00 ns, 4.4094 us/op
WorkloadActual  22: 203008 op, 883568898.00 ns, 4.3524 us/op
WorkloadActual  23: 203008 op, 981533176.00 ns, 4.8349 us/op
WorkloadActual  24: 203008 op, 890231235.00 ns, 4.3852 us/op
WorkloadActual  25: 203008 op, 883105925.00 ns, 4.3501 us/op
WorkloadActual  26: 203008 op, 880785804.00 ns, 4.3387 us/op
WorkloadActual  27: 203008 op, 980201980.00 ns, 4.8284 us/op
WorkloadActual  28: 203008 op, 892072201.00 ns, 4.3943 us/op
WorkloadActual  29: 203008 op, 972255109.00 ns, 4.7892 us/op
WorkloadActual  30: 203008 op, 889468257.00 ns, 4.3814 us/op
WorkloadActual  31: 203008 op, 895566113.00 ns, 4.4115 us/op
WorkloadActual  32: 203008 op, 887050261.00 ns, 4.3695 us/op
WorkloadActual  33: 203008 op, 894556923.00 ns, 4.4065 us/op
WorkloadActual  34: 203008 op, 906884900.00 ns, 4.4672 us/op
WorkloadActual  35: 203008 op, 934405733.00 ns, 4.6028 us/op
WorkloadActual  36: 203008 op, 882126237.00 ns, 4.3453 us/op
WorkloadActual  37: 203008 op, 888252713.00 ns, 4.3755 us/op
WorkloadActual  38: 203008 op, 943456205.00 ns, 4.6474 us/op
WorkloadActual  39: 203008 op, 892958093.00 ns, 4.3986 us/op
WorkloadActual  40: 203008 op, 1004575417.00 ns, 4.9485 us/op
WorkloadActual  41: 203008 op, 890349081.00 ns, 4.3858 us/op
WorkloadActual  42: 203008 op, 883172281.00 ns, 4.3504 us/op
WorkloadActual  43: 203008 op, 891853344.00 ns, 4.3932 us/op
WorkloadActual  44: 203008 op, 882669929.00 ns, 4.3480 us/op
WorkloadActual  45: 203008 op, 893233533.00 ns, 4.4000 us/op
WorkloadActual  46: 203008 op, 1006948662.00 ns, 4.9601 us/op
WorkloadActual  47: 203008 op, 890373291.00 ns, 4.3859 us/op
WorkloadActual  48: 203008 op, 891416389.00 ns, 4.3910 us/op
WorkloadActual  49: 203008 op, 915426685.00 ns, 4.5093 us/op
WorkloadActual  50: 203008 op, 874178170.00 ns, 4.3061 us/op
WorkloadActual  51: 203008 op, 890673310.00 ns, 4.3874 us/op
WorkloadActual  52: 203008 op, 997202102.00 ns, 4.9121 us/op
WorkloadActual  53: 203008 op, 889677024.00 ns, 4.3825 us/op
WorkloadActual  54: 203008 op, 896229859.00 ns, 4.4148 us/op
WorkloadActual  55: 203008 op, 891763393.00 ns, 4.3928 us/op
WorkloadActual  56: 203008 op, 871154286.00 ns, 4.2912 us/op
WorkloadActual  57: 203008 op, 883345815.00 ns, 4.3513 us/op
WorkloadActual  58: 203008 op, 966426174.00 ns, 4.7605 us/op
WorkloadActual  59: 203008 op, 890856859.00 ns, 4.3883 us/op

// AfterActualRun
WorkloadResult   1: 203008 op, 887738907.00 ns, 4.3729 us/op
WorkloadResult   2: 203008 op, 913825770.00 ns, 4.5014 us/op
WorkloadResult   3: 203008 op, 888940207.00 ns, 4.3788 us/op
WorkloadResult   4: 203008 op, 893556720.00 ns, 4.4016 us/op
WorkloadResult   5: 203008 op, 1040763698.00 ns, 5.1267 us/op
WorkloadResult   6: 203008 op, 901275136.00 ns, 4.4396 us/op
WorkloadResult   7: 203008 op, 881845457.00 ns, 4.3439 us/op
WorkloadResult   8: 203008 op, 891735771.00 ns, 4.3926 us/op
WorkloadResult   9: 203008 op, 887366801.00 ns, 4.3711 us/op
WorkloadResult  10: 203008 op, 887308791.00 ns, 4.3708 us/op
WorkloadResult  11: 203008 op, 947298615.00 ns, 4.6663 us/op
WorkloadResult  12: 203008 op, 887164441.00 ns, 4.3701 us/op
WorkloadResult  13: 203008 op, 899044705.00 ns, 4.4286 us/op
WorkloadResult  14: 203008 op, 885634598.00 ns, 4.3626 us/op
WorkloadResult  15: 203008 op, 891022392.00 ns, 4.3891 us/op
WorkloadResult  16: 203008 op, 959892585.00 ns, 4.7283 us/op
WorkloadResult  17: 203008 op, 983479878.00 ns, 4.8445 us/op
WorkloadResult  18: 203008 op, 890755398.00 ns, 4.3878 us/op
WorkloadResult  19: 203008 op, 893920686.00 ns, 4.4034 us/op
WorkloadResult  20: 203008 op, 886904590.00 ns, 4.3688 us/op
WorkloadResult  21: 203008 op, 894428686.00 ns, 4.4059 us/op
WorkloadResult  22: 203008 op, 882845642.00 ns, 4.3488 us/op
WorkloadResult  23: 203008 op, 980809920.00 ns, 4.8314 us/op
WorkloadResult  24: 203008 op, 889507979.00 ns, 4.3816 us/op
WorkloadResult  25: 203008 op, 882382669.00 ns, 4.3465 us/op
WorkloadResult  26: 203008 op, 880062548.00 ns, 4.3351 us/op
WorkloadResult  27: 203008 op, 979478724.00 ns, 4.8248 us/op
WorkloadResult  28: 203008 op, 891348945.00 ns, 4.3907 us/op
WorkloadResult  29: 203008 op, 971531853.00 ns, 4.7857 us/op
WorkloadResult  30: 203008 op, 888745001.00 ns, 4.3779 us/op
WorkloadResult  31: 203008 op, 894842857.00 ns, 4.4079 us/op
WorkloadResult  32: 203008 op, 886327005.00 ns, 4.3660 us/op
WorkloadResult  33: 203008 op, 893833667.00 ns, 4.4029 us/op
WorkloadResult  34: 203008 op, 906161644.00 ns, 4.4637 us/op
WorkloadResult  35: 203008 op, 933682477.00 ns, 4.5992 us/op
WorkloadResult  36: 203008 op, 881402981.00 ns, 4.3417 us/op
WorkloadResult  37: 203008 op, 887529457.00 ns, 4.3719 us/op
WorkloadResult  38: 203008 op, 942732949.00 ns, 4.6438 us/op
WorkloadResult  39: 203008 op, 892234837.00 ns, 4.3951 us/op
WorkloadResult  40: 203008 op, 1003852161.00 ns, 4.9449 us/op
WorkloadResult  41: 203008 op, 889625825.00 ns, 4.3822 us/op
WorkloadResult  42: 203008 op, 882449025.00 ns, 4.3469 us/op
WorkloadResult  43: 203008 op, 891130088.00 ns, 4.3896 us/op
WorkloadResult  44: 203008 op, 881946673.00 ns, 4.3444 us/op
WorkloadResult  45: 203008 op, 892510277.00 ns, 4.3964 us/op
WorkloadResult  46: 203008 op, 1006225406.00 ns, 4.9566 us/op
WorkloadResult  47: 203008 op, 889650035.00 ns, 4.3823 us/op
WorkloadResult  48: 203008 op, 890693133.00 ns, 4.3875 us/op
WorkloadResult  49: 203008 op, 914703429.00 ns, 4.5058 us/op
WorkloadResult  50: 203008 op, 873454914.00 ns, 4.3026 us/op
WorkloadResult  51: 203008 op, 889950054.00 ns, 4.3838 us/op
WorkloadResult  52: 203008 op, 996478846.00 ns, 4.9086 us/op
WorkloadResult  53: 203008 op, 888953768.00 ns, 4.3789 us/op
WorkloadResult  54: 203008 op, 895506603.00 ns, 4.4112 us/op
WorkloadResult  55: 203008 op, 891040137.00 ns, 4.3892 us/op
WorkloadResult  56: 203008 op, 870431030.00 ns, 4.2877 us/op
WorkloadResult  57: 203008 op, 882622559.00 ns, 4.3477 us/op
WorkloadResult  58: 203008 op, 965702918.00 ns, 4.7570 us/op
WorkloadResult  59: 203008 op, 890133603.00 ns, 4.3847 us/op

// AfterAll
// Benchmark Process 892533 has exited with code 0.

Mean = 4.479 μs, StdErr = 0.026 μs (0.57%), N = 59, StdDev = 0.196 μs
Min = 4.288 μs, Q1 = 4.371 μs, Median = 4.389 μs, Q3 = 4.483 μs, Max = 5.127 μs
IQR = 0.112 μs, LowerFence = 4.204 μs, UpperFence = 4.650 μs
ConfidenceInterval = [4.390 μs; 4.567 μs] (CI 99.9%), Margin = 0.088 μs (1.98% of Mean)
Skewness = 1.61, Kurtosis = 4.42, MValue = 2

// ** Remained 1 (10.0 %) benchmark(s) to run. Estimated finish 2026-05-15 18:38 (0h 1m from now) **
// **************************
// Benchmark: SmokeBenchByte.Utf8Json_Ser: Energy(OutlierMode=DontRemove, IterationTime=1s)
// *** Execute ***
// Launch: 1 / 1
// Execute: dotnet JsonBench-Energy-1.dll --anonymousPipes 121 122 --benchmarkName JsonBench.Benchmarks.SmokeBenchByte.Utf8Json_Ser --job Energy --benchmarkId 9 in /home/test/json-energy-bench/JsonBench/bin/Release/net10.0/JsonBench-Energy-1/bin/Release/net10.0
// BeforeAnythingElse

// Benchmark Process Environment Information:
// BenchmarkDotNet v0.15.5-develop (2026-05-15)
// Runtime=.NET 10.0.7 (10.0.7, 10.0.726.21808), X64 RyuJIT x86-64-v3
// GC=Concurrent Workstation
// HardwareIntrinsics=AVX2+BMI1+BMI2+F16C+FMA+LZCNT+MOVBE,AVX,SSE3+SSSE3+SSE4.1+SSE4.2+POPCNT,X86Base+SSE+SSE2,AES+PCLMUL VectorSize=256
// Job: Energy(OutlierMode=DontRemove, IterationTime=1s)

OverheadJitting  1: 1 op, 186841.00 ns, 186.8410 us/op
WorkloadJitting  1: 1 op, 66367455.00 ns, 66.3675 ms/op

OverheadJitting  2: 16 op, 503637.00 ns, 31.4773 us/op
WorkloadJitting  2: 16 op, 1086563.00 ns, 67.9102 us/op

WorkloadPilot    1: 16 op, 583252.00 ns, 36.4533 us/op
WorkloadPilot    2: 27440 op, 244144811.00 ns, 8.8974 us/op
WorkloadPilot    3: 112400 op, 570421298.00 ns, 5.0749 us/op
WorkloadPilot    4: 197056 op, 1128723731.00 ns, 5.7279 us/op
WorkloadPilot    5: 174592 op, 1064738267.00 ns, 6.0984 us/op
WorkloadPilot    6: 163984 op, 1032958496.00 ns, 6.2991 us/op

OverheadWarmup   1: 163984 op, 547106.00 ns, 3.3363 ns/op
OverheadWarmup   2: 163984 op, 885226.00 ns, 5.3982 ns/op
OverheadWarmup   3: 163984 op, 1767277.00 ns, 10.7771 ns/op
OverheadWarmup   4: 163984 op, 1976972.00 ns, 12.0559 ns/op
OverheadWarmup   5: 163984 op, 819822.00 ns, 4.9994 ns/op
OverheadWarmup   6: 163984 op, 547321.00 ns, 3.3376 ns/op
OverheadWarmup   7: 163984 op, 662430.00 ns, 4.0396 ns/op
OverheadWarmup   8: 163984 op, 543566.00 ns, 3.3148 ns/op

OverheadActual   1: 163984 op, 547132.00 ns, 3.3365 ns/op
OverheadActual   2: 163984 op, 538216.00 ns, 3.2821 ns/op
OverheadActual   3: 163984 op, 550965.00 ns, 3.3599 ns/op
OverheadActual   4: 163984 op, 537889.00 ns, 3.2801 ns/op
OverheadActual   5: 163984 op, 550940.00 ns, 3.3597 ns/op
OverheadActual   6: 163984 op, 783510.00 ns, 4.7780 ns/op
OverheadActual   7: 163984 op, 538021.00 ns, 3.2809 ns/op
OverheadActual   8: 163984 op, 544012.00 ns, 3.3175 ns/op
OverheadActual   9: 163984 op, 647090.00 ns, 3.9461 ns/op
OverheadActual  10: 163984 op, 543162.00 ns, 3.3123 ns/op
OverheadActual  11: 163984 op, 538170.00 ns, 3.2818 ns/op
OverheadActual  12: 163984 op, 550213.00 ns, 3.3553 ns/op
OverheadActual  13: 163984 op, 552378.00 ns, 3.3685 ns/op
OverheadActual  14: 163984 op, 536272.00 ns, 3.2703 ns/op
OverheadActual  15: 163984 op, 540055.00 ns, 3.2933 ns/op
OverheadActual  16: 163984 op, 570463.00 ns, 3.4788 ns/op
OverheadActual  17: 163984 op, 544744.00 ns, 3.3219 ns/op
OverheadActual  18: 163984 op, 546553.00 ns, 3.3330 ns/op
OverheadActual  19: 163984 op, 538380.00 ns, 3.2831 ns/op
OverheadActual  20: 163984 op, 673622.00 ns, 4.1079 ns/op

WorkloadWarmup   1: 163984 op, 1073593029.00 ns, 6.5469 us/op
WorkloadWarmup   2: 163984 op, 882677717.00 ns, 5.3827 us/op
WorkloadWarmup   3: 163984 op, 846441606.00 ns, 5.1617 us/op
WorkloadWarmup   4: 163984 op, 846992881.00 ns, 5.1651 us/op
WorkloadWarmup   5: 163984 op, 849866107.00 ns, 5.1826 us/op
WorkloadWarmup   6: 163984 op, 850467815.00 ns, 5.1863 us/op
WorkloadWarmup   7: 163984 op, 843424670.00 ns, 5.1433 us/op
WorkloadWarmup   8: 163984 op, 936380943.00 ns, 5.7102 us/op
WorkloadWarmup   9: 163984 op, 1006431554.00 ns, 6.1374 us/op
WorkloadWarmup  10: 163984 op, 849028940.00 ns, 5.1775 us/op

// BeforeActualRun
WorkloadActual   1: 163984 op, 847639825.00 ns, 5.1690 us/op
WorkloadActual   2: 163984 op, 899685021.00 ns, 5.4864 us/op
WorkloadActual   3: 163984 op, 838991263.00 ns, 5.1163 us/op
WorkloadActual   4: 163984 op, 957679296.00 ns, 5.8401 us/op
WorkloadActual   5: 163984 op, 850315426.00 ns, 5.1854 us/op
WorkloadActual   6: 163984 op, 852087429.00 ns, 5.1962 us/op
WorkloadActual   7: 163984 op, 856053384.00 ns, 5.2203 us/op
WorkloadActual   8: 163984 op, 850987144.00 ns, 5.1895 us/op
WorkloadActual   9: 163984 op, 850432652.00 ns, 5.1861 us/op
WorkloadActual  10: 163984 op, 1012334056.00 ns, 6.1734 us/op
WorkloadActual  11: 163984 op, 857524145.00 ns, 5.2293 us/op
WorkloadActual  12: 163984 op, 854016327.00 ns, 5.2079 us/op
WorkloadActual  13: 163984 op, 854520866.00 ns, 5.2110 us/op
WorkloadActual  14: 163984 op, 848713218.00 ns, 5.1756 us/op
WorkloadActual  15: 163984 op, 846905045.00 ns, 5.1646 us/op
WorkloadActual  16: 163984 op, 922266793.00 ns, 5.6241 us/op
WorkloadActual  17: 163984 op, 869345639.00 ns, 5.3014 us/op
WorkloadActual  18: 163984 op, 847040489.00 ns, 5.1654 us/op
WorkloadActual  19: 163984 op, 841629437.00 ns, 5.1324 us/op
WorkloadActual  20: 163984 op, 843268154.00 ns, 5.1424 us/op
WorkloadActual  21: 163984 op, 980556800.00 ns, 5.9796 us/op
WorkloadActual  22: 163984 op, 920495993.00 ns, 5.6133 us/op
WorkloadActual  23: 163984 op, 876747762.00 ns, 5.3465 us/op
WorkloadActual  24: 163984 op, 854586100.00 ns, 5.2114 us/op
WorkloadActual  25: 163984 op, 842776011.00 ns, 5.1394 us/op
WorkloadActual  26: 163984 op, 846733133.00 ns, 5.1635 us/op
WorkloadActual  27: 163984 op, 849160738.00 ns, 5.1783 us/op
WorkloadActual  28: 163984 op, 842001637.00 ns, 5.1347 us/op
WorkloadActual  29: 163984 op, 913135418.00 ns, 5.5684 us/op
WorkloadActual  30: 163984 op, 834346739.00 ns, 5.0880 us/op
WorkloadActual  31: 163984 op, 842764607.00 ns, 5.1393 us/op
WorkloadActual  32: 163984 op, 841851232.00 ns, 5.1337 us/op
WorkloadActual  33: 163984 op, 1000859874.00 ns, 6.1034 us/op
WorkloadActual  34: 163984 op, 855346454.00 ns, 5.2160 us/op
WorkloadActual  35: 163984 op, 963192455.00 ns, 5.8737 us/op
WorkloadActual  36: 163984 op, 852951066.00 ns, 5.2014 us/op
WorkloadActual  37: 163984 op, 849840805.00 ns, 5.1825 us/op
WorkloadActual  38: 163984 op, 846458114.00 ns, 5.1618 us/op
WorkloadActual  39: 163984 op, 846083526.00 ns, 5.1595 us/op
WorkloadActual  40: 163984 op, 842272089.00 ns, 5.1363 us/op
WorkloadActual  41: 163984 op, 950730293.00 ns, 5.7977 us/op
WorkloadActual  42: 163984 op, 850775060.00 ns, 5.1882 us/op
WorkloadActual  43: 163984 op, 849675127.00 ns, 5.1815 us/op
WorkloadActual  44: 163984 op, 878881613.00 ns, 5.3596 us/op
WorkloadActual  45: 163984 op, 847647451.00 ns, 5.1691 us/op
WorkloadActual  46: 163984 op, 844000069.00 ns, 5.1468 us/op
WorkloadActual  47: 163984 op, 927424888.00 ns, 5.6556 us/op
WorkloadActual  48: 163984 op, 862958118.00 ns, 5.2625 us/op
WorkloadActual  49: 163984 op, 856780324.00 ns, 5.2248 us/op
WorkloadActual  50: 163984 op, 847503973.00 ns, 5.1682 us/op
WorkloadActual  51: 163984 op, 845698149.00 ns, 5.1572 us/op
WorkloadActual  52: 163984 op, 851711461.00 ns, 5.1939 us/op
WorkloadActual  53: 163984 op, 961619062.00 ns, 5.8641 us/op
WorkloadActual  54: 163984 op, 841427758.00 ns, 5.1312 us/op
WorkloadActual  55: 163984 op, 850920510.00 ns, 5.1890 us/op
WorkloadActual  56: 163984 op, 916134020.00 ns, 5.5867 us/op
WorkloadActual  57: 163984 op, 849423009.00 ns, 5.1799 us/op
WorkloadActual  58: 163984 op, 835724510.00 ns, 5.0964 us/op
WorkloadActual  59: 163984 op, 978010119.00 ns, 5.9641 us/op
WorkloadActual  60: 163984 op, 850046220.00 ns, 5.1837 us/op
WorkloadActual  61: 163984 op, 842014354.00 ns, 5.1347 us/op
WorkloadActual  62: 163984 op, 848104125.00 ns, 5.1719 us/op
WorkloadActual  63: 163984 op, 841969504.00 ns, 5.1345 us/op
WorkloadActual  64: 163984 op, 842222437.00 ns, 5.1360 us/op
WorkloadActual  65: 163984 op, 922347758.00 ns, 5.6246 us/op
WorkloadActual  66: 163984 op, 854950364.00 ns, 5.2136 us/op
WorkloadActual  67: 163984 op, 939580009.00 ns, 5.7297 us/op
WorkloadActual  68: 163984 op, 894591749.00 ns, 5.4554 us/op
WorkloadActual  69: 163984 op, 845679750.00 ns, 5.1571 us/op
WorkloadActual  70: 163984 op, 844360954.00 ns, 5.1490 us/op
WorkloadActual  71: 163984 op, 945916749.00 ns, 5.7683 us/op
WorkloadActual  72: 163984 op, 846911062.00 ns, 5.1646 us/op
WorkloadActual  73: 163984 op, 837401382.00 ns, 5.1066 us/op
WorkloadActual  74: 163984 op, 838815809.00 ns, 5.1152 us/op
WorkloadActual  75: 163984 op, 833505990.00 ns, 5.0828 us/op
WorkloadActual  76: 163984 op, 836460818.00 ns, 5.1009 us/op
WorkloadActual  77: 163984 op, 922943869.00 ns, 5.6283 us/op
WorkloadActual  78: 163984 op, 860331392.00 ns, 5.2464 us/op

// AfterActualRun
WorkloadResult   1: 163984 op, 847094176.50 ns, 5.1657 us/op
WorkloadResult   2: 163984 op, 899139372.50 ns, 5.4831 us/op
WorkloadResult   3: 163984 op, 838445614.50 ns, 5.1130 us/op
WorkloadResult   4: 163984 op, 957133647.50 ns, 5.8368 us/op
WorkloadResult   5: 163984 op, 849769777.50 ns, 5.1820 us/op
WorkloadResult   6: 163984 op, 851541780.50 ns, 5.1928 us/op
WorkloadResult   7: 163984 op, 855507735.50 ns, 5.2170 us/op
WorkloadResult   8: 163984 op, 850441495.50 ns, 5.1861 us/op
WorkloadResult   9: 163984 op, 849887003.50 ns, 5.1827 us/op
WorkloadResult  10: 163984 op, 1011788407.50 ns, 6.1700 us/op
WorkloadResult  11: 163984 op, 856978496.50 ns, 5.2260 us/op
WorkloadResult  12: 163984 op, 853470678.50 ns, 5.2046 us/op
WorkloadResult  13: 163984 op, 853975217.50 ns, 5.2077 us/op
WorkloadResult  14: 163984 op, 848167569.50 ns, 5.1723 us/op
WorkloadResult  15: 163984 op, 846359396.50 ns, 5.1612 us/op
WorkloadResult  16: 163984 op, 921721144.50 ns, 5.6208 us/op
WorkloadResult  17: 163984 op, 868799990.50 ns, 5.2981 us/op
WorkloadResult  18: 163984 op, 846494840.50 ns, 5.1621 us/op
WorkloadResult  19: 163984 op, 841083788.50 ns, 5.1291 us/op
WorkloadResult  20: 163984 op, 842722505.50 ns, 5.1391 us/op
WorkloadResult  21: 163984 op, 980011151.50 ns, 5.9763 us/op
WorkloadResult  22: 163984 op, 919950344.50 ns, 5.6100 us/op
WorkloadResult  23: 163984 op, 876202113.50 ns, 5.3432 us/op
WorkloadResult  24: 163984 op, 854040451.50 ns, 5.2081 us/op
WorkloadResult  25: 163984 op, 842230362.50 ns, 5.1361 us/op
WorkloadResult  26: 163984 op, 846187484.50 ns, 5.1602 us/op
WorkloadResult  27: 163984 op, 848615089.50 ns, 5.1750 us/op
WorkloadResult  28: 163984 op, 841455988.50 ns, 5.1313 us/op
WorkloadResult  29: 163984 op, 912589769.50 ns, 5.5651 us/op
WorkloadResult  30: 163984 op, 833801090.50 ns, 5.0846 us/op
WorkloadResult  31: 163984 op, 842218958.50 ns, 5.1360 us/op
WorkloadResult  32: 163984 op, 841305583.50 ns, 5.1304 us/op
WorkloadResult  33: 163984 op, 1000314225.50 ns, 6.1001 us/op
WorkloadResult  34: 163984 op, 854800805.50 ns, 5.2127 us/op
WorkloadResult  35: 163984 op, 962646806.50 ns, 5.8704 us/op
WorkloadResult  36: 163984 op, 852405417.50 ns, 5.1981 us/op
WorkloadResult  37: 163984 op, 849295156.50 ns, 5.1791 us/op
WorkloadResult  38: 163984 op, 845912465.50 ns, 5.1585 us/op
WorkloadResult  39: 163984 op, 845537877.50 ns, 5.1562 us/op
WorkloadResult  40: 163984 op, 841726440.50 ns, 5.1330 us/op
WorkloadResult  41: 163984 op, 950184644.50 ns, 5.7944 us/op
WorkloadResult  42: 163984 op, 850229411.50 ns, 5.1848 us/op
WorkloadResult  43: 163984 op, 849129478.50 ns, 5.1781 us/op
WorkloadResult  44: 163984 op, 878335964.50 ns, 5.3562 us/op
WorkloadResult  45: 163984 op, 847101802.50 ns, 5.1658 us/op
WorkloadResult  46: 163984 op, 843454420.50 ns, 5.1435 us/op
WorkloadResult  47: 163984 op, 926879239.50 ns, 5.6523 us/op
WorkloadResult  48: 163984 op, 862412469.50 ns, 5.2591 us/op
WorkloadResult  49: 163984 op, 856234675.50 ns, 5.2215 us/op
WorkloadResult  50: 163984 op, 846958324.50 ns, 5.1649 us/op
WorkloadResult  51: 163984 op, 845152500.50 ns, 5.1539 us/op
WorkloadResult  52: 163984 op, 851165812.50 ns, 5.1905 us/op
WorkloadResult  53: 163984 op, 961073413.50 ns, 5.8608 us/op
WorkloadResult  54: 163984 op, 840882109.50 ns, 5.1278 us/op
WorkloadResult  55: 163984 op, 850374861.50 ns, 5.1857 us/op
WorkloadResult  56: 163984 op, 915588371.50 ns, 5.5834 us/op
WorkloadResult  57: 163984 op, 848877360.50 ns, 5.1766 us/op
WorkloadResult  58: 163984 op, 835178861.50 ns, 5.0931 us/op
WorkloadResult  59: 163984 op, 977464470.50 ns, 5.9607 us/op
WorkloadResult  60: 163984 op, 849500571.50 ns, 5.1804 us/op
WorkloadResult  61: 163984 op, 841468705.50 ns, 5.1314 us/op
WorkloadResult  62: 163984 op, 847558476.50 ns, 5.1685 us/op
WorkloadResult  63: 163984 op, 841423855.50 ns, 5.1311 us/op
WorkloadResult  64: 163984 op, 841676788.50 ns, 5.1327 us/op
WorkloadResult  65: 163984 op, 921802109.50 ns, 5.6213 us/op
WorkloadResult  66: 163984 op, 854404715.50 ns, 5.2103 us/op
WorkloadResult  67: 163984 op, 939034360.50 ns, 5.7264 us/op
WorkloadResult  68: 163984 op, 894046100.50 ns, 5.4520 us/op
WorkloadResult  69: 163984 op, 845134101.50 ns, 5.1538 us/op
WorkloadResult  70: 163984 op, 843815305.50 ns, 5.1457 us/op
WorkloadResult  71: 163984 op, 945371100.50 ns, 5.7650 us/op
WorkloadResult  72: 163984 op, 846365413.50 ns, 5.1613 us/op
WorkloadResult  73: 163984 op, 836855733.50 ns, 5.1033 us/op
WorkloadResult  74: 163984 op, 838270160.50 ns, 5.1119 us/op
WorkloadResult  75: 163984 op, 832960341.50 ns, 5.0795 us/op
WorkloadResult  76: 163984 op, 835915169.50 ns, 5.0975 us/op
WorkloadResult  77: 163984 op, 922398220.50 ns, 5.6249 us/op
WorkloadResult  78: 163984 op, 859785743.50 ns, 5.2431 us/op

// AfterAll
// Benchmark Process 893280 has exited with code 0.

Mean = 5.313 μs, StdErr = 0.031 μs (0.58%), N = 78, StdDev = 0.273 μs
Min = 5.080 μs, Q1 = 5.148 μs, Median = 5.182 μs, Q3 = 5.353 μs, Max = 6.170 μs
IQR = 0.205 μs, LowerFence = 4.840 μs, UpperFence = 5.661 μs
ConfidenceInterval = [5.207 μs; 5.419 μs] (CI 99.9%), Margin = 0.106 μs (1.99% of Mean)
Skewness = 1.52, Kurtosis = 4.12, MValue = 2.19

// ** Remained 0 (0.0 %) benchmark(s) to run. Estimated finish 2026-05-15 18:38 (0h 0m from now) **
// ***** BenchmarkRunner: Finish  *****

// * Export *
  BenchmarkArtifacts/results/JsonBench.Benchmarks.SmokeBenchByte-report.csv
  BenchmarkArtifacts/results/JsonBench.Benchmarks.SmokeBenchByte-report-github.md
  BenchmarkArtifacts/results/JsonBench.Benchmarks.SmokeBenchByte-report.html
  BenchmarkArtifacts/results/JsonBench.Benchmarks.SmokeBenchByte-measurements.csv

// * Detailed results *
SmokeBenchByte.SpanJson_Deser: Energy(OutlierMode=DontRemove, IterationTime=1s)
Runtime = .NET 10.0.7 (10.0.7, 10.0.726.21808), X64 RyuJIT x86-64-v3; GC = Concurrent Workstation
Mean = 5.717 μs, StdErr = 0.033 μs (0.58%), N = 70, StdDev = 0.276 μs
Min = 5.493 μs, Q1 = 5.536 μs, Median = 5.568 μs, Q3 = 5.868 μs, Max = 6.432 μs
IQR = 0.332 μs, LowerFence = 5.039 μs, UpperFence = 6.366 μs
ConfidenceInterval = [5.603 μs; 5.830 μs] (CI 99.9%), Margin = 0.114 μs (1.99% of Mean)
Skewness = 1.26, Kurtosis = 3.15, MValue = 2.39
-------------------- Histogram --------------------
[5.481 μs ; 5.657 μs) | @@@@@@@@@@@@@@@@@@@@@@@@@@@@@@@@@@@@@@@@@@@@@@@
[5.657 μs ; 5.799 μs) | @@@@
[5.799 μs ; 5.972 μs) | @@
[5.972 μs ; 6.148 μs) | @@@@@@@@@
[6.148 μs ; 6.282 μs) | @@@
[6.282 μs ; 6.458 μs) | @@@@@
---------------------------------------------------

SmokeBenchByte.STJSrcGen_Deser: Energy(OutlierMode=DontRemove, IterationTime=1s)
Runtime = .NET 10.0.7 (10.0.7, 10.0.726.21808), X64 RyuJIT x86-64-v3; GC = Concurrent Workstation
Mean = 7.824 μs, StdErr = 0.045 μs (0.58%), N = 66, StdDev = 0.366 μs
Min = 7.526 μs, Q1 = 7.579 μs, Median = 7.619 μs, Q3 = 8.004 μs, Max = 9.023 μs
IQR = 0.424 μs, LowerFence = 6.943 μs, UpperFence = 8.640 μs
ConfidenceInterval = [7.668 μs; 7.979 μs] (CI 99.9%), Margin = 0.155 μs (1.99% of Mean)
Skewness = 1.31, Kurtosis = 3.53, MValue = 2.42
-------------------- Histogram --------------------
[7.525 μs ; 7.763 μs) | @@@@@@@@@@@@@@@@@@@@@@@@@@@@@@@@@@@@@@@@@@@@@@
[7.763 μs ; 8.118 μs) | @@@@@
[8.118 μs ; 8.313 μs) | @@@
[8.313 μs ; 8.551 μs) | @@@@@@@@@@
[8.551 μs ; 8.904 μs) | @
[8.904 μs ; 9.142 μs) | @
---------------------------------------------------

SmokeBenchByte.STJRefGen_Deser: Energy(OutlierMode=DontRemove, IterationTime=1s)
Runtime = .NET 10.0.7 (10.0.7, 10.0.726.21808), X64 RyuJIT x86-64-v3; GC = Concurrent Workstation
Mean = 7.859 μs, StdErr = 0.046 μs (0.58%), N = 75, StdDev = 0.395 μs
Min = 7.525 μs, Q1 = 7.588 μs, Median = 7.659 μs, Q3 = 7.960 μs, Max = 9.264 μs
IQR = 0.372 μs, LowerFence = 7.029 μs, UpperFence = 8.519 μs
ConfidenceInterval = [7.702 μs; 8.015 μs] (CI 99.9%), Margin = 0.156 μs (1.99% of Mean)
Skewness = 1.47, Kurtosis = 4.4, MValue = 2.36
-------------------- Histogram --------------------
[7.508 μs ; 7.799 μs) | @@@@@@@@@@@@@@@@@@@@@@@@@@@@@@@@@@@@@@@@@@@@@@
[7.799 μs ; 8.045 μs) | @@@@@@@@@@@
[8.045 μs ; 8.385 μs) | @@@@
[8.385 μs ; 8.631 μs) | @@@@@@@@@@@@
[8.631 μs ; 8.877 μs) | 
[8.877 μs ; 9.270 μs) | @@
---------------------------------------------------

SmokeBenchByte.Utf8Json_Deser: Energy(OutlierMode=DontRemove, IterationTime=1s)
Runtime = .NET 10.0.7 (10.0.7, 10.0.726.21808), X64 RyuJIT x86-64-v3; GC = Concurrent Workstation
Mean = 8.846 μs, StdErr = 0.051 μs (0.58%), N = 80, StdDev = 0.459 μs
Min = 8.506 μs, Q1 = 8.562 μs, Median = 8.622 μs, Q3 = 8.913 μs, Max = 10.984 μs
IQR = 0.351 μs, LowerFence = 8.036 μs, UpperFence = 9.439 μs
ConfidenceInterval = [8.671 μs; 9.022 μs] (CI 99.9%), Margin = 0.175 μs (1.98% of Mean)
Skewness = 2.06, Kurtosis = 7.86, MValue = 2.08
-------------------- Histogram --------------------
[ 8.367 μs ;  8.806 μs) | @@@@@@@@@@@@@@@@@@@@@@@@@@@@@@@@@@@@@@@@@@@@@@@@@@@@@@@
[ 8.806 μs ;  9.113 μs) | @@@@@@@@@
[ 9.113 μs ;  9.308 μs) | 
[ 9.308 μs ;  9.588 μs) | @@@@@@@@@@@@
[ 9.588 μs ;  9.989 μs) | @@
[ 9.989 μs ; 10.284 μs) | @
[10.284 μs ; 10.564 μs) | 
[10.564 μs ; 10.844 μs) | 
[10.844 μs ; 11.124 μs) | @
---------------------------------------------------

SmokeBenchByte.Newtonsoft_Deser: Energy(OutlierMode=DontRemove, IterationTime=1s)
Runtime = .NET 10.0.7 (10.0.7, 10.0.726.21808), X64 RyuJIT x86-64-v3; GC = Concurrent Workstation
Mean = 14.271 μs, StdErr = 0.083 μs (0.58%), N = 78, StdDev = 0.733 μs
Min = 13.426 μs, Q1 = 13.850 μs, Median = 13.914 μs, Q3 = 14.402 μs, Max = 16.327 μs
IQR = 0.552 μs, LowerFence = 13.022 μs, UpperFence = 15.229 μs
ConfidenceInterval = [13.988 μs; 14.555 μs] (CI 99.9%), Margin = 0.284 μs (1.99% of Mean)
Skewness = 1.49, Kurtosis = 3.81, MValue = 2
-------------------- Histogram --------------------
[13.201 μs ; 13.710 μs) | @@
[13.710 μs ; 14.160 μs) | @@@@@@@@@@@@@@@@@@@@@@@@@@@@@@@@@@@@@@@@@@@@@@@@@@@@@
[14.160 μs ; 14.744 μs) | @@@@@@@@
[14.744 μs ; 15.231 μs) | @@@@
[15.231 μs ; 15.650 μs) | @
[15.650 μs ; 16.101 μs) | @@@@@@@@
[16.101 μs ; 16.552 μs) | @@
---------------------------------------------------

SmokeBenchByte.STJSrcGen_Ser: Energy(OutlierMode=DontRemove, IterationTime=1s)
Runtime = .NET 10.0.7 (10.0.7, 10.0.726.21808), X64 RyuJIT x86-64-v3; GC = Concurrent Workstation
Mean = 2.809 μs, StdErr = 0.016 μs (0.58%), N = 79, StdDev = 0.146 μs
Min = 2.686 μs, Q1 = 2.707 μs, Median = 2.729 μs, Q3 = 2.952 μs, Max = 3.209 μs
IQR = 0.244 μs, LowerFence = 2.341 μs, UpperFence = 3.318 μs
ConfidenceInterval = [2.753 μs; 2.865 μs] (CI 99.9%), Margin = 0.056 μs (2.00% of Mean)
Skewness = 1.12, Kurtosis = 2.77, MValue = 2.63
-------------------- Histogram --------------------
[2.685 μs ; 2.774 μs) | @@@@@@@@@@@@@@@@@@@@@@@@@@@@@@@@@@@@@@@@@@@@@@@@@@@@@
[2.774 μs ; 2.885 μs) | @@@@
[2.885 μs ; 2.965 μs) | @@@
[2.965 μs ; 3.054 μs) | @@@@@@@@@@@@@
[3.054 μs ; 3.155 μs) | @@@@
[3.155 μs ; 3.254 μs) | @@
---------------------------------------------------

SmokeBenchByte.STJRefGen_Ser: Energy(OutlierMode=DontRemove, IterationTime=1s)
Runtime = .NET 10.0.7 (10.0.7, 10.0.726.21808), X64 RyuJIT x86-64-v3; GC = Concurrent Workstation
Mean = 4.049 μs, StdErr = 0.024 μs (0.58%), N = 87, StdDev = 0.220 μs
Min = 3.865 μs, Q1 = 3.914 μs, Median = 3.948 μs, Q3 = 4.043 μs, Max = 4.957 μs
IQR = 0.129 μs, LowerFence = 3.721 μs, UpperFence = 4.237 μs
ConfidenceInterval = [3.968 μs; 4.129 μs] (CI 99.9%), Margin = 0.080 μs (1.99% of Mean)
Skewness = 1.76, Kurtosis = 5.5, MValue = 2
-------------------- Histogram --------------------
[3.800 μs ; 3.892 μs) | @@@
[3.892 μs ; 4.022 μs) | @@@@@@@@@@@@@@@@@@@@@@@@@@@@@@@@@@@@@@@@@@@@@@@@@@@@@@@@@@
[4.022 μs ; 4.118 μs) | @@@@@@@@
[4.118 μs ; 4.264 μs) | @
[4.264 μs ; 4.401 μs) | @@@@
[4.401 μs ; 4.532 μs) | @@@@@@@@@@
[4.532 μs ; 4.625 μs) | @@
[4.625 μs ; 4.756 μs) | 
[4.756 μs ; 4.892 μs) | 
[4.892 μs ; 5.022 μs) | @
---------------------------------------------------

SmokeBenchByte.SpanJson_Ser: Energy(OutlierMode=DontRemove, IterationTime=1s)
Runtime = .NET 10.0.7 (10.0.7, 10.0.726.21808), X64 RyuJIT x86-64-v3; GC = Concurrent Workstation
Mean = 4.479 μs, StdErr = 0.026 μs (0.57%), N = 59, StdDev = 0.196 μs
Min = 4.288 μs, Q1 = 4.371 μs, Median = 4.389 μs, Q3 = 4.483 μs, Max = 5.127 μs
IQR = 0.112 μs, LowerFence = 4.204 μs, UpperFence = 4.650 μs
ConfidenceInterval = [4.390 μs; 4.567 μs] (CI 99.9%), Margin = 0.088 μs (1.98% of Mean)
Skewness = 1.61, Kurtosis = 4.42, MValue = 2
-------------------- Histogram --------------------
[4.222 μs ; 4.333 μs) | @@
[4.333 μs ; 4.466 μs) | @@@@@@@@@@@@@@@@@@@@@@@@@@@@@@@@@@@@@@@@@@
[4.466 μs ; 4.567 μs) | @@
[4.567 μs ; 4.720 μs) | @@@
[4.720 μs ; 4.853 μs) | @@@@@@
[4.853 μs ; 4.999 μs) | @@@
[4.999 μs ; 5.193 μs) | @
---------------------------------------------------

SmokeBenchByte.Utf8Json_Ser: Energy(OutlierMode=DontRemove, IterationTime=1s)
Runtime = .NET 10.0.7 (10.0.7, 10.0.726.21808), X64 RyuJIT x86-64-v3; GC = Concurrent Workstation
Mean = 5.313 μs, StdErr = 0.031 μs (0.58%), N = 78, StdDev = 0.273 μs
Min = 5.080 μs, Q1 = 5.148 μs, Median = 5.182 μs, Q3 = 5.353 μs, Max = 6.170 μs
IQR = 0.205 μs, LowerFence = 4.840 μs, UpperFence = 5.661 μs
ConfidenceInterval = [5.207 μs; 5.419 μs] (CI 99.9%), Margin = 0.106 μs (1.99% of Mean)
Skewness = 1.52, Kurtosis = 4.12, MValue = 2.19
-------------------- Histogram --------------------
[5.078 μs ; 5.245 μs) | @@@@@@@@@@@@@@@@@@@@@@@@@@@@@@@@@@@@@@@@@@@@@@@@@@@@@@@
[5.245 μs ; 5.391 μs) | @@@@
[5.391 μs ; 5.562 μs) | @@
[5.562 μs ; 5.730 μs) | @@@@@@@@
[5.730 μs ; 5.901 μs) | @@@@@
[5.901 μs ; 6.114 μs) | @@@
[6.114 μs ; 6.254 μs) | @
---------------------------------------------------

SmokeBenchByte.Newtonsoft_Ser: Energy(OutlierMode=DontRemove, IterationTime=1s)
Runtime = .NET 10.0.7 (10.0.7, 10.0.726.21808), X64 RyuJIT x86-64-v3; GC = Concurrent Workstation
Mean = 9.337 μs, StdErr = 0.056 μs (0.60%), N = 100, StdDev = 0.561 μs
Min = 8.760 μs, Q1 = 8.990 μs, Median = 9.076 μs, Q3 = 9.364 μs, Max = 11.644 μs
IQR = 0.374 μs, LowerFence = 8.428 μs, UpperFence = 9.925 μs
ConfidenceInterval = [9.147 μs; 9.528 μs] (CI 99.9%), Margin = 0.190 μs (2.04% of Mean)
Skewness = 1.63, Kurtosis = 4.98, MValue = 2.06
-------------------- Histogram --------------------
[ 8.602 μs ;  8.924 μs) | @@
[ 8.924 μs ;  9.241 μs) | @@@@@@@@@@@@@@@@@@@@@@@@@@@@@@@@@@@@@@@@@@@@@@@@@@@@@@@@@@@@@@@@@@
[ 9.241 μs ;  9.499 μs) | @@@@@@@@@@
[ 9.499 μs ;  9.840 μs) | @
[ 9.840 μs ; 10.166 μs) | @@@@
[10.166 μs ; 10.484 μs) | @@@@@@@@@@@@@
[10.484 μs ; 10.721 μs) | @@@
[10.721 μs ; 11.039 μs) | 
[11.039 μs ; 11.486 μs) | 
[11.486 μs ; 11.803 μs) | @
---------------------------------------------------

// * Summary *

BenchmarkDotNet v0.15.5-develop (2026-05-15), Linux Ubuntu 24.04.4 LTS (Noble Numbat)
Intel Core i9-9900K CPU 3.60GHz (Max: 0.80GHz) (Coffee Lake), 1 CPU, 16 logical and 8 physical cores
.NET SDK 10.0.107
  [Host] : .NET 10.0.7 (10.0.7, 10.0.726.21808), X64 RyuJIT x86-64-v3
  Energy : .NET 10.0.7 (10.0.7, 10.0.726.21808), X64 RyuJIT x86-64-v3

Job=Energy  OutlierMode=DontRemove  IterationTime=1s  

| Method           | Mean      | Error     | StdDev    | Operations | Median    | Iterations | Metrion CPU Energy (uJ/op) | Metrion CPU Energy (uJ/iter) |
|----------------- |----------:|----------:|----------:|-----------:|----------:|-----------:|---------------------------:|-----------------------------:|
| SpanJson_Deser   |  5.717 μs | 0.1135 μs | 0.2763 μs |    180,912 |  5.568 μs |      70.00 |                     140.31 |                  25383834.43 |
| STJSrcGen_Deser  |  7.824 μs | 0.1555 μs | 0.3664 μs |    135,072 |  7.619 μs |      66.00 |                     197.95 |                  26738120.59 |
| STJRefGen_Deser  |  7.859 μs | 0.1565 μs | 0.3955 μs |    131,104 |  7.659 μs |      75.00 |                     192.59 |                  25248765.31 |
| Utf8Json_Deser   |  8.846 μs | 0.1755 μs | 0.4592 μs |     99,216 |  8.622 μs |      80.00 |                     214.32 |                  21263990.06 |
| Newtonsoft_Deser | 14.271 μs | 0.2840 μs | 0.7330 μs |     59,648 | 13.914 μs |      78.00 |                     357.56 |                  21327870.30 |
|                  |           |           |           |            |           |            |                            |                              |
| STJSrcGen_Ser    |  2.809 μs | 0.0561 μs | 0.1457 μs |    370,080 |  2.729 μs |      79.00 |                      71.76 |                  26556079.37 |
| STJRefGen_Ser    |  4.049 μs | 0.0805 μs | 0.2203 μs |    201,120 |  3.948 μs |      87.00 |                     101.83 |                  20480941.52 |
| SpanJson_Ser     |  4.479 μs | 0.0885 μs | 0.1961 μs |    203,008 |  4.389 μs |      59.00 |                     110.00 |                  22330374.81 |
| Utf8Json_Ser     |  5.313 μs | 0.1056 μs | 0.2727 μs |    163,984 |  5.182 μs |      78.00 |                     129.18 |                  21183328.45 |
| Newtonsoft_Ser   |  9.337 μs | 0.1903 μs | 0.5610 μs |     92,944 |  9.076 μs |     100.00 |                     230.04 |                  21380741.80 |

// * Hints *
Outliers
  SmokeBenchByte.SpanJson_Deser: Energy   -> 3 outliers were detected (6.40 μs..6.44 μs)
  SmokeBenchByte.STJSrcGen_Deser: Energy  -> 2 outliers were detected (8.66 μs, 9.03 μs)
  SmokeBenchByte.STJRefGen_Deser: Energy  -> 5 outliers were detected (8.56 μs..9.27 μs)
  SmokeBenchByte.Utf8Json_Deser: Energy   -> 11 outliers were detected (9.46 μs..10.99 μs)
  SmokeBenchByte.Newtonsoft_Deser: Energy -> 11 outliers were detected (15.55 μs..16.33 μs)
  SmokeBenchByte.STJRefGen_Ser: Energy    -> 17 outliers were detected (4.29 μs..4.96 μs)
  SmokeBenchByte.SpanJson_Ser: Energy     -> 11 outliers were detected (4.67 μs..5.13 μs)
  SmokeBenchByte.Utf8Json_Ser: Energy     -> 10 outliers were detected (5.73 μs..6.17 μs)
  SmokeBenchByte.Newtonsoft_Ser: Energy   -> 18 outliers were detected (10.15 μs..11.65 μs)

// * Legends *
  Mean                         : Arithmetic mean of all measurements
  Error                        : Half of 99.9% confidence interval
  StdDev                       : Standard deviation of all measurements
  Operations                   : Actual invocations per measured iteration (from measurements)
  Median                       : Value separating the higher half of all measurements (50th percentile)
  Iterations                   : Number of target iterations
  Metrion CPU Energy (uJ/op)   : Average CPU core energy consumed per benchmark operation (uJ), captured with Metrion.
  Metrion CPU Energy (uJ/iter) : Average CPU core energy consumed per benchmark iteration (uJ), captured with Metrion.
  1 μs                         : 1 Microsecond (0.000001 sec)

// * Diagnostic Output - MetrionEnergyProfiler *
Metrion measured the energy for a total of 10 benchmarks.
The database files for each benchmark were stored in the Artifacts folder. e.g: 
/home/test/json-energy-bench/BenchmarkArtifacts/metrion/JsonBench.Benchmarks.SmokeBenchByte.STJRefGen_Deser-20260515-182324.pid886484.db
The measurements details of Actual Stage for each benchmark:
BenchmarkMethod - StartTimestamp - EndTimestamp - TotalEnergyFromSummary - TotalEnergyFromRawMeasurements
STJRefGen_Deser: 2026-05-15T18:21:53.098619 - 2026-05-15T18:23:10.503978 - 1891.5777882173923 - 1893.657398323086
STJSrcGen_Deser: 2026-05-15T18:23:48.557264 - 2026-05-15T18:24:58.422020 - 1766.6044494507546 - 1764.7159588779389
Newtonsoft_Deser: 2026-05-15T18:25:27.354092 - 2026-05-15T18:26:33.888732 - 1646.3352239976964 - 1663.573883027178
SpanJson_Deser: 2026-05-15T18:27:05.007245 - 2026-05-15T18:28:17.573105 - 1769.0954295921188 - 1776.8684104384788
Utf8Json_Deser: 2026-05-15T18:28:43.613102 - 2026-05-15T18:29:54.019417 - 1718.478617600753 - 1701.1192045128294
STJRefGen_Ser: 2026-05-15T18:30:22.121550 - 2026-05-15T18:31:33.153480 - 1778.8134652933447 - 1781.8419121450102
STJSrcGen_Ser: 2026-05-15T18:32:06.604055 - 2026-05-15T18:33:28.897691 - 2089.0484297196363 - 2097.930270001247
Newtonsoft_Ser: 2026-05-15T18:33:56.800219 - 2026-05-15T18:35:23.755333 - 2153.848816995761 - 2138.0741795777626
SpanJson_Ser: 2026-05-15T18:35:57.425713 - 2026-05-15T18:36:51.190142 - 1300.8374466186576 - 1317.4921140696945
Utf8Json_Ser: 2026-05-15T18:37:17.256649 - 2026-05-15T18:38:25.358173 - 1631.8721669211627 - 1652.2996189670444


// ***** BenchmarkRunner: End *****
Run time: 00:17:09 (1029.16 sec), executed benchmarks: 10

Global total time: 00:17:14 (1034.86 sec), executed benchmarks: 10
// * Artifacts cleanup *
Artifacts cleanup is finished
