Factor,SumSq,Df,Fvalue,Pvalue,EtaSq
Depth,1105291918.075512,3,134455.41619948062,0,0.22086940382610998
Width,2463656477.731695,3,299696.35321564967,0,0.49231006630029317
Content,33847215.831210844,2,6176.117029385792,0,0.006763656061857202
Depth:Width,1339954451.225921,9,54333.801017207625,0,0.2677617884981154
Depth:Content,17828603.820651475,6,1084.3978444785726,0,0.003562672478213284
Width:Content,27095086.973055683,6,1648.0176577543912,0,0.005414384750750124
Depth:Width:Content,14760201.124982659,18,299.25563147502675,1.2115311302960512e-306,0.0029495165661798262
Residuals,1844134.1174416074,673,NA,NA,3.685115184809397e-4
