Factor,SumSq,Df,Fvalue,Pvalue,EtaSq
Depth,211602542.97924477,3,213240.51718820355,0,0.21160027414662488
Width,279932020.6791505,3,282098.9201108797,0,0.27992901920813357
Content,64267415.276686,2,97147.34529414742,0,0.06426672619230107
Depth:Width,216793501.44528234,9,72823.88595201964,0,0.21679117695446604
Depth:Content,59946612.06176651,6,30205.32357445612,0,0.05994596930564939
Width:Content,72438753.29698984,6,36499.74381223273,0,0.07243797659835423
Depth:Width:Content,94807597.13986897,18,15923.580724216134,0,0.09480658059930204
Residuals,222279.37848001494,672,NA,NA,2.222769951688433e-4
