Factor,SumSq,Df,Fvalue,Pvalue,EtaSq
Depth,1881973806.0902197,3,174028.37801835648,0,0.32473661292677486
Width,2406473376.93722,3,222529.483235892,0,0.41523958037893544
Content,66049125.79032328,2,9161.462975964498,0,0.011396847993587778
Depth:Width,1332738286.432738,9,41079.96996917014,0,0.22996543079051435
Depth:Content,36330252.14798657,6,1679.7510235933967,0,0.00626882424778407
Width:Content,45415951.31158892,6,2099.833780188537,0,0.007836571451763178
Depth:Width:Content,23982166.016529206,18,369.60994884887094,0,0.004138148648856357
Residuals,2422375.806546579,672,NA,NA,4.1798356178395727e-4
