Factor,SumSq,Df,Fvalue,Pvalue,EtaSq
Depth,756877346.6617494,3,226269.4696571212,0,0.296075051140322
Width,943668094.474352,3,282110.807267273,0,0.36914379927379054
Content,27649831.89261025,2,12398.929944283509,0,0.01081605286210848
Depth:Width,655757224.3569663,9,65346.49241540721,0,0.2565189123355968
Depth:Content,41411205.68144093,6,6189.966966727783,0,0.01619922289125455
Width:Content,41060694.91300892,6,6137.574141105494,0,0.016062110195060833
Depth:Width:Content,89196208.63014892,18,4444.2204784313835,0,0.03489174586631713
Residuals,749285.9107733187,672,NA,NA,2.9310543554962045e-4
