Factor,SumSq,Df,Fvalue,Pvalue,EtaSq
Depth,98737981.31599052,3,134144.82343478984,0,0.1723448078462947
Width,128442163.33453944,3,174500.74522947404,0,0.2241927540366742
Content,58427808.306367874,2,119069.4997681223,0,0.1019843555765539
Depth:Width,100015967.10639587,9,45293.69572994775,0,0.17457550177523806
Depth:Content,51562262.89009668,6,35026.08904447019,0,0.09000070865814516
Width:Content,66180998.3007325,6,44956.551741615,0,0.11551736508277707
Depth:Width:Content,69377463.4380877,18,15709.300276712367,0,0.12109671927396555
Residuals,164876.3422133355,672,NA,NA,2.8778775035129625e-4
