Factor,SumSq,Df,Fvalue,Pvalue,EtaSq
Depth,203564624.2119462,3,162026.80471180944,0,0.18654687000075756
Width,435447659.70323545,3,346593.58517760626,0,0.39904476664971794
Content,59403162.42971188,2,70922.72025792867,0,0.054437130529475526
Depth:Width,241166208.9044635,9,63985.23382033652,0,0.2210050080913633
Depth:Content,32966716.38190816,6,13119.891871879518,0,0.030210739115675695
Width:Content,75270433.25479609,6,29955.666012111597,0,0.06897791687353073
Depth:Width:Content,43124855.35045973,18,5720.855267415299,0,0.03951967006058795
Residuals,281425.50798665767,672,NA,NA,2.578986788913949e-4
