// Validating benchmarks:
// ***** BenchmarkRunner: Start   *****
// ***** Found 10 benchmark(s) in total *****
// ***** Building 1 exe(s) in Parallel: Start   *****
// start dotnet  restore --nodeReuse:false /p:UseSharedCompilation=false /p:Deterministic=true /p:Optimize=true /p:ArtifactsPath="/home/test/json-energy-bench/JsonBench/bin/Release/net10.0/JsonBench-Energy-1/" /p:OutDir="/home/test/json-energy-bench/JsonBench/bin/Release/net10.0/JsonBench-Energy-1/bin/Release/net10.0/" /p:OutputPath="/home/test/json-energy-bench/JsonBench/bin/Release/net10.0/JsonBench-Energy-1/bin/Release/net10.0/" /p:PublishDir="/home/test/json-energy-bench/JsonBench/bin/Release/net10.0/JsonBench-Energy-1/publish/" in /home/test/json-energy-bench/JsonBench/bin/Release/net10.0/JsonBench-Energy-1
// command took 1.33 sec and exited with 0
// start dotnet  build -c Release --no-restore --nodeReuse:false /p:UseSharedCompilation=false /p:Deterministic=true /p:Optimize=true /p:ArtifactsPath="/home/test/json-energy-bench/JsonBench/bin/Release/net10.0/JsonBench-Energy-1/" /p:OutDir="/home/test/json-energy-bench/JsonBench/bin/Release/net10.0/JsonBench-Energy-1/bin/Release/net10.0/" /p:OutputPath="/home/test/json-energy-bench/JsonBench/bin/Release/net10.0/JsonBench-Energy-1/bin/Release/net10.0/" /p:PublishDir="/home/test/json-energy-bench/JsonBench/bin/Release/net10.0/JsonBench-Energy-1/publish/" --output "/home/test/json-energy-bench/JsonBench/bin/Release/net10.0/JsonBench-Energy-1/bin/Release/net10.0/" in /home/test/json-energy-bench/JsonBench/bin/Release/net10.0/JsonBench-Energy-1
// command took 4.14 sec and exited with 0
// ***** Done, took 00:00:05 (5.52 sec)   *****
// Found 10 benchmarks:
//   SmokeBenchByte.STJRefGen_Deser: Energy(OutlierMode=DontRemove, IterationTime=1s)
//   SmokeBenchByte.STJSrcGen_Deser: Energy(OutlierMode=DontRemove, IterationTime=1s)
//   SmokeBenchByte.Newtonsoft_Deser: Energy(OutlierMode=DontRemove, IterationTime=1s)
//   SmokeBenchByte.SpanJson_Deser: Energy(OutlierMode=DontRemove, IterationTime=1s)
//   SmokeBenchByte.Utf8Json_Deser: Energy(OutlierMode=DontRemove, IterationTime=1s)
//   SmokeBenchByte.STJRefGen_Ser: Energy(OutlierMode=DontRemove, IterationTime=1s)
//   SmokeBenchByte.STJSrcGen_Ser: Energy(OutlierMode=DontRemove, IterationTime=1s)
//   SmokeBenchByte.Newtonsoft_Ser: Energy(OutlierMode=DontRemove, IterationTime=1s)
//   SmokeBenchByte.SpanJson_Ser: Energy(OutlierMode=DontRemove, IterationTime=1s)
//   SmokeBenchByte.Utf8Json_Ser: Energy(OutlierMode=DontRemove, IterationTime=1s)

// **************************
// Benchmark: SmokeBenchByte.STJRefGen_Deser: Energy(OutlierMode=DontRemove, IterationTime=1s)
// *** Execute ***
// Launch: 1 / 1
// Execute: dotnet JsonBench-Energy-1.dll --anonymousPipes 160 161 --benchmarkName JsonBench.Benchmarks.SmokeBenchByte.STJRefGen_Deser --job Energy --benchmarkId 0 in /home/test/json-energy-bench/JsonBench/bin/Release/net10.0/JsonBench-Energy-1/bin/Release/net10.0
// BeforeAnythingElse

// Benchmark Process Environment Information:
// BenchmarkDotNet v0.15.5-develop (2026-05-27)
// Runtime=.NET 10.0.8 (10.0.8, 10.0.826.23019), X64 RyuJIT x86-64-v3
// GC=Concurrent Workstation
// HardwareIntrinsics=AVX2+BMI1+BMI2+F16C+FMA+LZCNT+MOVBE,AVX,SSE3+SSSE3+SSE4.1+SSE4.2+POPCNT,X86Base+SSE+SSE2,AES+PCLMUL VectorSize=256
// Job: Energy(OutlierMode=DontRemove, IterationTime=1s)

Couldn't find Core RAPL device for socket 0: RAPLCantFindUncoreDevice
OverheadJitting  1: 1 op, 199049.00 ns, 199.0490 us/op, 63720.00 uJpkg_socket_0, 2319.00 uJdram_socket_0, 42114.00 uJcore_socket_0, 0.00 uJuncore_socket_0, 0.00 uJpsys_socket_0, 54.50 degCCpu_socket_0
WorkloadJitting  1: 1 op, 254855.00 ns, 254.8550 us/op, 33997.00 uJpkg_socket_0, 0.00 uJdram_socket_0, 11962.00 uJcore_socket_0, 0.00 uJuncore_socket_0, 0.00 uJpsys_socket_0, 55.00 degCCpu_socket_0

Couldn't find Core RAPL device for socket 0: RAPLCantFindUncoreDevice
OverheadJitting  2: 16 op, 496696.00 ns, 31.0435 us/op, 31677.00 uJpkg_socket_0, 1221.00 uJdram_socket_0, 21240.00 uJcore_socket_0, 0.00 uJuncore_socket_0, 0.00 uJpsys_socket_0, 54.00 degCCpu_socket_0
WorkloadJitting  2: 16 op, 812628.00 ns, 50.7893 us/op, 35949.00 uJpkg_socket_0, 1220.00 uJdram_socket_0, 26673.00 uJcore_socket_0, 0.00 uJuncore_socket_0, 0.00 uJpsys_socket_0, 54.00 degCCpu_socket_0

WorkloadPilot    1: 16 op, 298882.00 ns, 18.6801 us/op, 0.00 uJpkg_socket_0, 0.00 uJdram_socket_0, 10315.00 uJcore_socket_0, 0.00 uJuncore_socket_0, 0.00 uJpsys_socket_0, 55.00 degCCpu_socket_0
WorkloadPilot    2: 53536 op, 666894231.00 ns, 12.4569 us/op, 31019818.00 uJpkg_socket_0, 764829.00 uJdram_socket_0, 26712456.00 uJcore_socket_0, 0.00 uJuncore_socket_0, 0.00 uJpsys_socket_0, 63.00 degCCpu_socket_0
WorkloadPilot    3: 80288 op, 582784564.00 ns, 7.2587 us/op, 24847471.00 uJpkg_socket_0, 656736.00 uJdram_socket_0, 21064582.00 uJcore_socket_0, 0.00 uJuncore_socket_0, 0.00 uJpsys_socket_0, 68.00 degCCpu_socket_0
WorkloadPilot    4: 137776 op, 997653610.00 ns, 7.2411 us/op, 42480055.00 uJpkg_socket_0, 1121763.00 uJdram_socket_0, 36011809.00 uJcore_socket_0, 0.00 uJuncore_socket_0, 0.00 uJpsys_socket_0, 68.50 degCCpu_socket_0
WorkloadPilot    5: 138112 op, 998797758.00 ns, 7.2318 us/op, 42374648.00 uJpkg_socket_0, 1122251.00 uJdram_socket_0, 35865081.00 uJcore_socket_0, 0.00 uJuncore_socket_0, 0.00 uJpsys_socket_0, 68.50 degCCpu_socket_0
WorkloadPilot    6: 138288 op, 1001380428.00 ns, 7.2413 us/op, 43341686.00 uJpkg_socket_0, 1130978.00 uJdram_socket_0, 36842435.00 uJcore_socket_0, 0.00 uJuncore_socket_0, 0.00 uJpsys_socket_0, 69.50 degCCpu_socket_0
WorkloadPilot    7: 138112 op, 999460462.00 ns, 7.2366 us/op, 42565382.00 uJpkg_socket_0, 1125425.00 uJdram_socket_0, 36077727.00 uJcore_socket_0, 0.00 uJuncore_socket_0, 0.00 uJpsys_socket_0, 68.00 degCCpu_socket_0
WorkloadPilot    8: 138192 op, 1000043812.00 ns, 7.2366 us/op, 42519483.00 uJpkg_socket_0, 1125425.00 uJdram_socket_0, 36008636.00 uJcore_socket_0, 0.00 uJuncore_socket_0, 0.00 uJpsys_socket_0, 68.50 degCCpu_socket_0

OverheadWarmup   1: 138192 op, 426253.00 ns, 3.0845 ns/op, 0.00 uJpkg_socket_0, 0.00 uJdram_socket_0, 21972.00 uJcore_socket_0, 0.00 uJuncore_socket_0, 0.00 uJpsys_socket_0, 64.50 degCCpu_socket_0
OverheadWarmup   2: 138192 op, 425384.00 ns, 3.0782 ns/op, 43579.00 uJpkg_socket_0, 1465.00 uJdram_socket_0, 19775.00 uJcore_socket_0, 0.00 uJuncore_socket_0, 0.00 uJpsys_socket_0, 64.00 degCCpu_socket_0
OverheadWarmup   3: 138192 op, 422669.00 ns, 3.0586 ns/op, 0.00 uJpkg_socket_0, 0.00 uJdram_socket_0, 26550.00 uJcore_socket_0, 0.00 uJuncore_socket_0, 0.00 uJpsys_socket_0, 63.00 degCCpu_socket_0
OverheadWarmup   4: 138192 op, 422849.00 ns, 3.0599 ns/op, 51819.00 uJpkg_socket_0, 1282.00 uJdram_socket_0, 25696.00 uJcore_socket_0, 0.00 uJuncore_socket_0, 0.00 uJpsys_socket_0, 63.00 degCCpu_socket_0
OverheadWarmup   5: 138192 op, 456612.00 ns, 3.3042 ns/op, 0.00 uJpkg_socket_0, 0.00 uJdram_socket_0, 29602.00 uJcore_socket_0, 0.00 uJuncore_socket_0, 0.00 uJpsys_socket_0, 63.50 degCCpu_socket_0
OverheadWarmup   6: 138192 op, 425935.00 ns, 3.0822 ns/op, 49439.00 uJpkg_socket_0, 1281.00 uJdram_socket_0, 26184.00 uJcore_socket_0, 0.00 uJuncore_socket_0, 0.00 uJpsys_socket_0, 63.00 degCCpu_socket_0
OverheadWarmup   7: 138192 op, 457939.00 ns, 3.3138 ns/op, 0.00 uJpkg_socket_0, 0.00 uJdram_socket_0, 28930.00 uJcore_socket_0, 0.00 uJuncore_socket_0, 0.00 uJpsys_socket_0, 63.50 degCCpu_socket_0
OverheadWarmup   8: 138192 op, 424148.00 ns, 3.0693 ns/op, 56518.00 uJpkg_socket_0, 1159.00 uJdram_socket_0, 22095.00 uJcore_socket_0, 0.00 uJuncore_socket_0, 0.00 uJpsys_socket_0, 63.00 degCCpu_socket_0

OverheadActual   1: 138192 op, 466134.00 ns, 3.3731 ns/op, 0.00 uJpkg_socket_0, 0.00 uJdram_socket_0, 29480.00 uJcore_socket_0, 0.00 uJuncore_socket_0, 0.00 uJpsys_socket_0, 61.50 degCCpu_socket_0
OverheadActual   2: 138192 op, 459319.00 ns, 3.3238 ns/op, 54687.00 uJpkg_socket_0, 1160.00 uJdram_socket_0, 27526.00 uJcore_socket_0, 0.00 uJuncore_socket_0, 0.00 uJpsys_socket_0, 61.00 degCCpu_socket_0
OverheadActual   3: 138192 op, 425162.00 ns, 3.0766 ns/op, 36560.00 uJpkg_socket_0, 1160.00 uJdram_socket_0, 15625.00 uJcore_socket_0, 0.00 uJuncore_socket_0, 0.00 uJpsys_socket_0, 60.00 degCCpu_socket_0
OverheadActual   4: 138192 op, 457903.00 ns, 3.3135 ns/op, 0.00 uJpkg_socket_0, 0.00 uJdram_socket_0, 19531.00 uJcore_socket_0, 0.00 uJuncore_socket_0, 0.00 uJpsys_socket_0, 60.50 degCCpu_socket_0
OverheadActual   5: 138192 op, 422484.00 ns, 3.0572 ns/op, 40588.00 uJpkg_socket_0, 1099.00 uJdram_socket_0, 17334.00 uJcore_socket_0, 0.00 uJuncore_socket_0, 0.00 uJpsys_socket_0, 61.00 degCCpu_socket_0
OverheadActual   6: 138192 op, 421984.00 ns, 3.0536 ns/op, 44068.00 uJpkg_socket_0, 1099.00 uJdram_socket_0, 17883.00 uJcore_socket_0, 0.00 uJuncore_socket_0, 0.00 uJpsys_socket_0, 62.00 degCCpu_socket_0
OverheadActual   7: 138192 op, 456864.00 ns, 3.3060 ns/op, 0.00 uJpkg_socket_0, 0.00 uJdram_socket_0, 19409.00 uJcore_socket_0, 0.00 uJuncore_socket_0, 0.00 uJpsys_socket_0, 62.00 degCCpu_socket_0
OverheadActual   8: 138192 op, 456617.00 ns, 3.3042 ns/op, 0.00 uJpkg_socket_0, 0.00 uJdram_socket_0, 17823.00 uJcore_socket_0, 0.00 uJuncore_socket_0, 0.00 uJpsys_socket_0, 62.50 degCCpu_socket_0
OverheadActual   9: 138192 op, 421672.00 ns, 3.0513 ns/op, 53772.00 uJpkg_socket_0, 1159.00 uJdram_socket_0, 22827.00 uJcore_socket_0, 0.00 uJuncore_socket_0, 0.00 uJpsys_socket_0, 62.00 degCCpu_socket_0
OverheadActual  10: 138192 op, 420170.00 ns, 3.0405 ns/op, 57190.00 uJpkg_socket_0, 1160.00 uJdram_socket_0, 26612.00 uJcore_socket_0, 0.00 uJuncore_socket_0, 0.00 uJpsys_socket_0, 62.00 degCCpu_socket_0
OverheadActual  11: 138192 op, 455302.00 ns, 3.2947 ns/op, 0.00 uJpkg_socket_0, 0.00 uJdram_socket_0, 23560.00 uJcore_socket_0, 0.00 uJuncore_socket_0, 0.00 uJpsys_socket_0, 63.00 degCCpu_socket_0
OverheadActual  12: 138192 op, 427779.00 ns, 3.0955 ns/op, 0.00 uJpkg_socket_0, 0.00 uJdram_socket_0, 18067.00 uJcore_socket_0, 0.00 uJuncore_socket_0, 0.00 uJpsys_socket_0, 63.00 degCCpu_socket_0
OverheadActual  13: 138192 op, 421545.00 ns, 3.0504 ns/op, 42541.00 uJpkg_socket_0, 1221.00 uJdram_socket_0, 19409.00 uJcore_socket_0, 0.00 uJuncore_socket_0, 0.00 uJpsys_socket_0, 63.00 degCCpu_socket_0
OverheadActual  14: 138192 op, 456478.00 ns, 3.3032 ns/op, 46082.00 uJpkg_socket_0, 1159.00 uJdram_socket_0, 30579.00 uJcore_socket_0, 0.00 uJuncore_socket_0, 0.00 uJpsys_socket_0, 63.00 degCCpu_socket_0
OverheadActual  15: 138192 op, 457446.00 ns, 3.3102 ns/op, 0.00 uJpkg_socket_0, 0.00 uJdram_socket_0, 25085.00 uJcore_socket_0, 0.00 uJuncore_socket_0, 0.00 uJpsys_socket_0, 63.00 degCCpu_socket_0

WorkloadWarmup   1: 138192 op, 1005381434.00 ns, 7.2753 us/op, 44443612.00 uJpkg_socket_0, 1141781.00 uJdram_socket_0, 37914149.00 uJcore_socket_0, 0.00 uJuncore_socket_0, 0.00 uJpsys_socket_0, 66.00 degCCpu_socket_0
WorkloadWarmup   2: 138192 op, 1002274934.00 ns, 7.2528 us/op, 42628675.00 uJpkg_socket_0, 1127561.00 uJdram_socket_0, 36156096.00 uJcore_socket_0, 0.00 uJuncore_socket_0, 0.00 uJpsys_socket_0, 68.00 degCCpu_socket_0
WorkloadWarmup   3: 138192 op, 1000112805.00 ns, 7.2371 us/op, 42331557.00 uJpkg_socket_0, 1121213.00 uJdram_socket_0, 35870147.00 uJcore_socket_0, 0.00 uJuncore_socket_0, 0.00 uJpsys_socket_0, 69.00 degCCpu_socket_0
WorkloadWarmup   4: 138192 op, 1000880360.00 ns, 7.2427 us/op, 42362318.00 uJpkg_socket_0, 1122800.00 uJdram_socket_0, 35886627.00 uJcore_socket_0, 0.00 uJuncore_socket_0, 0.00 uJpsys_socket_0, 67.50 degCCpu_socket_0
WorkloadWarmup   5: 138192 op, 998945340.00 ns, 7.2287 us/op, 42274672.00 uJpkg_socket_0, 1121274.00 uJdram_socket_0, 35810821.00 uJcore_socket_0, 0.00 uJuncore_socket_0, 0.00 uJpsys_socket_0, 68.50 degCCpu_socket_0
WorkloadWarmup   6: 138192 op, 999146706.00 ns, 7.2301 us/op, 42280226.00 uJpkg_socket_0, 1120114.00 uJdram_socket_0, 35824554.00 uJcore_socket_0, 0.00 uJuncore_socket_0, 0.00 uJpsys_socket_0, 69.00 degCCpu_socket_0
WorkloadWarmup   7: 138192 op, 1001730822.00 ns, 7.2488 us/op, 42461317.00 uJpkg_socket_0, 1123289.00 uJdram_socket_0, 36017241.00 uJcore_socket_0, 0.00 uJuncore_socket_0, 0.00 uJpsys_socket_0, 68.00 degCCpu_socket_0
WorkloadWarmup   8: 138192 op, 1002873756.00 ns, 7.2571 us/op, 42579053.00 uJpkg_socket_0, 1127500.00 uJdram_socket_0, 36092071.00 uJcore_socket_0, 0.00 uJuncore_socket_0, 0.00 uJpsys_socket_0, 67.50 degCCpu_socket_0
WorkloadWarmup   9: 138192 op, 999524559.00 ns, 7.2329 us/op, 42308973.00 uJpkg_socket_0, 1120420.00 uJdram_socket_0, 35867767.00 uJcore_socket_0, 0.00 uJuncore_socket_0, 0.00 uJpsys_socket_0, 67.50 degCCpu_socket_0

// BeforeActualRun
WorkloadActual   1: 138192 op, 1000620107.00 ns, 7.2408 us/op, 42493788.00 uJpkg_socket_0, 1125364.00 uJdram_socket_0, 35996490.00 uJcore_socket_0, 0.00 uJuncore_socket_0, 0.00 uJpsys_socket_0, 67.00 degCCpu_socket_0
WorkloadActual   2: 138192 op, 1001882522.00 ns, 7.2499 us/op, 42395522.00 uJpkg_socket_0, 1148007.00 uJdram_socket_0, 35865813.00 uJcore_socket_0, 0.00 uJuncore_socket_0, 0.00 uJpsys_socket_0, 67.50 degCCpu_socket_0
WorkloadActual   3: 138192 op, 1002320698.00 ns, 7.2531 us/op, 42526136.00 uJpkg_socket_0, 1149045.00 uJdram_socket_0, 36049835.00 uJcore_socket_0, 0.00 uJuncore_socket_0, 0.00 uJpsys_socket_0, 68.00 degCCpu_socket_0
WorkloadActual   4: 138192 op, 1001751185.00 ns, 7.2490 us/op, 42419081.00 uJpkg_socket_0, 1149716.00 uJdram_socket_0, 35922882.00 uJcore_socket_0, 0.00 uJuncore_socket_0, 0.00 uJpsys_socket_0, 68.00 degCCpu_socket_0
WorkloadActual   5: 138192 op, 1001811591.00 ns, 7.2494 us/op, 42411452.00 uJpkg_socket_0, 1148801.00 uJdram_socket_0, 35913299.00 uJcore_socket_0, 0.00 uJuncore_socket_0, 0.00 uJpsys_socket_0, 69.00 degCCpu_socket_0
WorkloadActual   6: 138192 op, 1001837359.00 ns, 7.2496 us/op, 42376661.00 uJpkg_socket_0, 1148190.00 uJdram_socket_0, 35882172.00 uJcore_socket_0, 0.00 uJuncore_socket_0, 0.00 uJpsys_socket_0, 67.50 degCCpu_socket_0
WorkloadActual   7: 138192 op, 1002767763.00 ns, 7.2563 us/op, 42741712.00 uJpkg_socket_0, 1152035.00 uJdram_socket_0, 36248321.00 uJcore_socket_0, 0.00 uJuncore_socket_0, 0.00 uJpsys_socket_0, 68.00 degCCpu_socket_0
WorkloadActual   8: 138192 op, 1001579791.00 ns, 7.2477 us/op, 42382460.00 uJpkg_socket_0, 1149045.00 uJdram_socket_0, 35875946.00 uJcore_socket_0, 0.00 uJuncore_socket_0, 0.00 uJpsys_socket_0, 66.50 degCCpu_socket_0
WorkloadActual   9: 138192 op, 1001836900.00 ns, 7.2496 us/op, 42380141.00 uJpkg_socket_0, 1147336.00 uJdram_socket_0, 35887299.00 uJcore_socket_0, 0.00 uJuncore_socket_0, 0.00 uJpsys_socket_0, 68.00 degCCpu_socket_0
WorkloadActual  10: 138192 op, 999835087.00 ns, 7.2351 us/op, 42334669.00 uJpkg_socket_0, 1122678.00 uJdram_socket_0, 35861664.00 uJcore_socket_0, 0.00 uJuncore_socket_0, 0.00 uJpsys_socket_0, 68.00 degCCpu_socket_0
WorkloadActual  11: 138192 op, 999411996.00 ns, 7.2321 us/op, 42389235.00 uJpkg_socket_0, 1121823.00 uJdram_socket_0, 35902008.00 uJcore_socket_0, 0.00 uJuncore_socket_0, 0.00 uJpsys_socket_0, 69.00 degCCpu_socket_0
WorkloadActual  12: 138192 op, 998997012.00 ns, 7.2291 us/op, 42310133.00 uJpkg_socket_0, 1120419.00 uJdram_socket_0, 35850982.00 uJcore_socket_0, 0.00 uJuncore_socket_0, 0.00 uJpsys_socket_0, 67.50 degCCpu_socket_0
WorkloadActual  13: 138192 op, 998810079.00 ns, 7.2277 us/op, 42315932.00 uJpkg_socket_0, 1120542.00 uJdram_socket_0, 35849273.00 uJcore_socket_0, 0.00 uJuncore_socket_0, 0.00 uJpsys_socket_0, 69.00 degCCpu_socket_0
WorkloadActual  14: 138192 op, 999308125.00 ns, 7.2313 us/op, 42305922.00 uJpkg_socket_0, 1120908.00 uJdram_socket_0, 35851104.00 uJcore_socket_0, 0.00 uJuncore_socket_0, 0.00 uJpsys_socket_0, 68.50 degCCpu_socket_0
WorkloadActual  15: 138192 op, 999401648.00 ns, 7.2320 us/op, 42350112.00 uJpkg_socket_0, 1122555.00 uJdram_socket_0, 35859833.00 uJcore_socket_0, 0.00 uJuncore_socket_0, 0.00 uJpsys_socket_0, 68.50 degCCpu_socket_0

// AfterActualRun
WorkloadResult   1: 138192 op, 1000164805.00 ns, 7.2375 us/op, 42493788.00 uJpkg_socket_0, 1125364.00 uJdram_socket_0, 35996490.00 uJcore_socket_0, 0.00 uJuncore_socket_0, 0.00 uJpsys_socket_0, 67.00 degCCpu_socket_0
WorkloadResult   2: 138192 op, 1001427220.00 ns, 7.2466 us/op, 42395522.00 uJpkg_socket_0, 1148007.00 uJdram_socket_0, 35865813.00 uJcore_socket_0, 0.00 uJuncore_socket_0, 0.00 uJpsys_socket_0, 67.50 degCCpu_socket_0
WorkloadResult   3: 138192 op, 1001865396.00 ns, 7.2498 us/op, 42526136.00 uJpkg_socket_0, 1149045.00 uJdram_socket_0, 36049835.00 uJcore_socket_0, 0.00 uJuncore_socket_0, 0.00 uJpsys_socket_0, 68.00 degCCpu_socket_0
WorkloadResult   4: 138192 op, 1001295883.00 ns, 7.2457 us/op, 42419081.00 uJpkg_socket_0, 1149716.00 uJdram_socket_0, 35922882.00 uJcore_socket_0, 0.00 uJuncore_socket_0, 0.00 uJpsys_socket_0, 68.00 degCCpu_socket_0
WorkloadResult   5: 138192 op, 1001356289.00 ns, 7.2461 us/op, 42411452.00 uJpkg_socket_0, 1148801.00 uJdram_socket_0, 35913299.00 uJcore_socket_0, 0.00 uJuncore_socket_0, 0.00 uJpsys_socket_0, 69.00 degCCpu_socket_0
WorkloadResult   6: 138192 op, 1001382057.00 ns, 7.2463 us/op, 42376661.00 uJpkg_socket_0, 1148190.00 uJdram_socket_0, 35882172.00 uJcore_socket_0, 0.00 uJuncore_socket_0, 0.00 uJpsys_socket_0, 67.50 degCCpu_socket_0
WorkloadResult   7: 138192 op, 1002312461.00 ns, 7.2530 us/op, 42741712.00 uJpkg_socket_0, 1152035.00 uJdram_socket_0, 36248321.00 uJcore_socket_0, 0.00 uJuncore_socket_0, 0.00 uJpsys_socket_0, 68.00 degCCpu_socket_0
WorkloadResult   8: 138192 op, 1001124489.00 ns, 7.2444 us/op, 42382460.00 uJpkg_socket_0, 1149045.00 uJdram_socket_0, 35875946.00 uJcore_socket_0, 0.00 uJuncore_socket_0, 0.00 uJpsys_socket_0, 66.50 degCCpu_socket_0
WorkloadResult   9: 138192 op, 1001381598.00 ns, 7.2463 us/op, 42380141.00 uJpkg_socket_0, 1147336.00 uJdram_socket_0, 35887299.00 uJcore_socket_0, 0.00 uJuncore_socket_0, 0.00 uJpsys_socket_0, 68.00 degCCpu_socket_0
WorkloadResult  10: 138192 op, 999379785.00 ns, 7.2318 us/op, 42334669.00 uJpkg_socket_0, 1122678.00 uJdram_socket_0, 35861664.00 uJcore_socket_0, 0.00 uJuncore_socket_0, 0.00 uJpsys_socket_0, 68.00 degCCpu_socket_0
WorkloadResult  11: 138192 op, 998956694.00 ns, 7.2288 us/op, 42389235.00 uJpkg_socket_0, 1121823.00 uJdram_socket_0, 35902008.00 uJcore_socket_0, 0.00 uJuncore_socket_0, 0.00 uJpsys_socket_0, 69.00 degCCpu_socket_0
WorkloadResult  12: 138192 op, 998541710.00 ns, 7.2258 us/op, 42310133.00 uJpkg_socket_0, 1120419.00 uJdram_socket_0, 35850982.00 uJcore_socket_0, 0.00 uJuncore_socket_0, 0.00 uJpsys_socket_0, 67.50 degCCpu_socket_0
WorkloadResult  13: 138192 op, 998354777.00 ns, 7.2244 us/op, 42315932.00 uJpkg_socket_0, 1120542.00 uJdram_socket_0, 35849273.00 uJcore_socket_0, 0.00 uJuncore_socket_0, 0.00 uJpsys_socket_0, 69.00 degCCpu_socket_0
WorkloadResult  14: 138192 op, 998852823.00 ns, 7.2280 us/op, 42305922.00 uJpkg_socket_0, 1120908.00 uJdram_socket_0, 35851104.00 uJcore_socket_0, 0.00 uJuncore_socket_0, 0.00 uJpsys_socket_0, 68.50 degCCpu_socket_0
WorkloadResult  15: 138192 op, 998946346.00 ns, 7.2287 us/op, 42350112.00 uJpkg_socket_0, 1122555.00 uJdram_socket_0, 35859833.00 uJcore_socket_0, 0.00 uJuncore_socket_0, 0.00 uJpsys_socket_0, 68.50 degCCpu_socket_0

// AfterAll
// Benchmark Process 1057270 has exited with code 0.

Mean = 7.239 μs, StdErr = 0.003 μs (0.04%), N = 15, StdDev = 0.010 μs
Min = 7.224 μs, Q1 = 7.229 μs, Median = 7.244 μs, Q3 = 7.246 μs, Max = 7.253 μs
IQR = 0.018 μs, LowerFence = 7.202 μs, UpperFence = 7.273 μs
ConfidenceInterval = [7.228 μs; 7.249 μs] (CI 99.9%), Margin = 0.011 μs (0.15% of Mean)
Skewness = -0.19, Kurtosis = 1.25, MValue = 2

// ** Remained 9 (90.0 %) benchmark(s) to run. Estimated finish 2026-05-27 13:46 (0h 4m from now) **
// **************************
// Benchmark: SmokeBenchByte.STJSrcGen_Deser: Energy(OutlierMode=DontRemove, IterationTime=1s)
// *** Execute ***
// Launch: 1 / 1
// Execute: dotnet JsonBench-Energy-1.dll --anonymousPipes 160 161 --benchmarkName JsonBench.Benchmarks.SmokeBenchByte.STJSrcGen_Deser --job Energy --benchmarkId 1 in /home/test/json-energy-bench/JsonBench/bin/Release/net10.0/JsonBench-Energy-1/bin/Release/net10.0
// BeforeAnythingElse

// Benchmark Process Environment Information:
// BenchmarkDotNet v0.15.5-develop (2026-05-27)
// Runtime=.NET 10.0.8 (10.0.8, 10.0.826.23019), X64 RyuJIT x86-64-v3
// GC=Concurrent Workstation
// HardwareIntrinsics=AVX2+BMI1+BMI2+F16C+FMA+LZCNT+MOVBE,AVX,SSE3+SSSE3+SSE4.1+SSE4.2+POPCNT,X86Base+SSE+SSE2,AES+PCLMUL VectorSize=256
// Job: Energy(OutlierMode=DontRemove, IterationTime=1s)

Couldn't find Core RAPL device for socket 0: RAPLCantFindUncoreDevice
OverheadJitting  1: 1 op, 234071.00 ns, 234.0710 us/op, 76111.00 uJpkg_socket_0, 1099.00 uJdram_socket_0, 43579.00 uJcore_socket_0, 0.00 uJuncore_socket_0, 0.00 uJpsys_socket_0, 55.50 degCCpu_socket_0
WorkloadJitting  1: 1 op, 8355478.00 ns, 8.3555 ms/op, 318480.00 uJpkg_socket_0, 9399.00 uJdram_socket_0, 281615.00 uJcore_socket_0, 0.00 uJuncore_socket_0, 0.00 uJpsys_socket_0, 56.00 degCCpu_socket_0

Couldn't find Core RAPL device for socket 0: RAPLCantFindUncoreDevice
OverheadJitting  2: 16 op, 501377.00 ns, 31.3361 us/op, 54321.00 uJpkg_socket_0, 1282.00 uJdram_socket_0, 30396.00 uJcore_socket_0, 0.00 uJuncore_socket_0, 0.00 uJpsys_socket_0, 56.00 degCCpu_socket_0
WorkloadJitting  2: 16 op, 853435.00 ns, 53.3397 us/op, 51818.00 uJpkg_socket_0, 1160.00 uJdram_socket_0, 44738.00 uJcore_socket_0, 0.00 uJuncore_socket_0, 0.00 uJpsys_socket_0, 56.00 degCCpu_socket_0

WorkloadPilot    1: 16 op, 271744.00 ns, 16.9840 us/op, 50720.00 uJpkg_socket_0, 1159.00 uJdram_socket_0, 18676.00 uJcore_socket_0, 0.00 uJuncore_socket_0, 0.00 uJpsys_socket_0, 56.00 degCCpu_socket_0
WorkloadPilot    2: 58880 op, 702643803.00 ns, 11.9335 us/op, 32308389.00 uJpkg_socket_0, 800474.00 uJdram_socket_0, 27751272.00 uJcore_socket_0, 0.00 uJuncore_socket_0, 0.00 uJpsys_socket_0, 63.00 degCCpu_socket_0
WorkloadPilot    3: 83808 op, 599489511.00 ns, 7.1531 us/op, 25477535.00 uJpkg_socket_0, 674620.00 uJdram_socket_0, 21581732.00 uJcore_socket_0, 0.00 uJuncore_socket_0, 0.00 uJpsys_socket_0, 67.00 degCCpu_socket_0
WorkloadPilot    4: 139808 op, 1002177658.00 ns, 7.1682 us/op, 42682081.00 uJpkg_socket_0, 1126401.00 uJdram_socket_0, 36213103.00 uJcore_socket_0, 0.00 uJuncore_socket_0, 0.00 uJpsys_socket_0, 66.50 degCCpu_socket_0
WorkloadPilot    5: 139504 op, 995317977.00 ns, 7.1347 us/op, 42286757.00 uJpkg_socket_0, 1117917.00 uJdram_socket_0, 35819855.00 uJcore_socket_0, 0.00 uJuncore_socket_0, 0.00 uJpsys_socket_0, 67.00 degCCpu_socket_0
WorkloadPilot    6: 140160 op, 1000613101.00 ns, 7.1391 us/op, 43703746.00 uJpkg_socket_0, 1129514.00 uJdram_socket_0, 37183376.00 uJcore_socket_0, 0.00 uJuncore_socket_0, 0.00 uJpsys_socket_0, 67.00 degCCpu_socket_0
WorkloadPilot    7: 140080 op, 999228410.00 ns, 7.1333 us/op, 42812146.00 uJpkg_socket_0, 1123776.00 uJdram_socket_0, 36318267.00 uJcore_socket_0, 0.00 uJuncore_socket_0, 0.00 uJpsys_socket_0, 66.50 degCCpu_socket_0
WorkloadPilot    8: 140192 op, 1001935144.00 ns, 7.1469 us/op, 42839978.00 uJpkg_socket_0, 1127133.00 uJdram_socket_0, 36356413.00 uJcore_socket_0, 0.00 uJuncore_socket_0, 0.00 uJpsys_socket_0, 68.00 degCCpu_socket_0

OverheadWarmup   1: 140192 op, 432588.00 ns, 3.0857 ns/op, 0.00 uJpkg_socket_0, 0.00 uJdram_socket_0, 18127.00 uJcore_socket_0, 0.00 uJuncore_socket_0, 0.00 uJpsys_socket_0, 65.00 degCCpu_socket_0
OverheadWarmup   2: 140192 op, 430218.00 ns, 3.0688 ns/op, 0.00 uJpkg_socket_0, 0.00 uJdram_socket_0, 20142.00 uJcore_socket_0, 0.00 uJuncore_socket_0, 0.00 uJpsys_socket_0, 63.00 degCCpu_socket_0
OverheadWarmup   3: 140192 op, 431703.00 ns, 3.0794 ns/op, 40833.00 uJpkg_socket_0, 1282.00 uJdram_socket_0, 20752.00 uJcore_socket_0, 0.00 uJuncore_socket_0, 0.00 uJpsys_socket_0, 62.00 degCCpu_socket_0
OverheadWarmup   4: 140192 op, 430123.00 ns, 3.0681 ns/op, 0.00 uJpkg_socket_0, 0.00 uJdram_socket_0, 16052.00 uJcore_socket_0, 0.00 uJuncore_socket_0, 0.00 uJpsys_socket_0, 63.00 degCCpu_socket_0
OverheadWarmup   5: 140192 op, 429345.00 ns, 3.0625 ns/op, 40710.00 uJpkg_socket_0, 1282.00 uJdram_socket_0, 21424.00 uJcore_socket_0, 0.00 uJuncore_socket_0, 0.00 uJpsys_socket_0, 62.00 degCCpu_socket_0
OverheadWarmup   6: 140192 op, 430353.00 ns, 3.0697 ns/op, 0.00 uJpkg_socket_0, 0.00 uJdram_socket_0, 17273.00 uJcore_socket_0, 0.00 uJuncore_socket_0, 0.00 uJpsys_socket_0, 62.00 degCCpu_socket_0
OverheadWarmup   7: 140192 op, 463285.00 ns, 3.3046 ns/op, 42541.00 uJpkg_socket_0, 1099.00 uJdram_socket_0, 21972.00 uJcore_socket_0, 0.00 uJuncore_socket_0, 0.00 uJpsys_socket_0, 62.00 degCCpu_socket_0
OverheadWarmup   8: 140192 op, 430351.00 ns, 3.0697 ns/op, 0.00 uJpkg_socket_0, 0.00 uJdram_socket_0, 22827.00 uJcore_socket_0, 0.00 uJuncore_socket_0, 0.00 uJpsys_socket_0, 61.50 degCCpu_socket_0

OverheadActual   1: 140192 op, 428245.00 ns, 3.0547 ns/op, 0.00 uJpkg_socket_0, 0.00 uJdram_socket_0, 22155.00 uJcore_socket_0, 0.00 uJuncore_socket_0, 0.00 uJpsys_socket_0, 60.00 degCCpu_socket_0
OverheadActual   2: 140192 op, 458269.00 ns, 3.2689 ns/op, 37781.00 uJpkg_socket_0, 1099.00 uJdram_socket_0, 19409.00 uJcore_socket_0, 0.00 uJuncore_socket_0, 0.00 uJpsys_socket_0, 60.00 degCCpu_socket_0
OverheadActual   3: 140192 op, 433339.00 ns, 3.0910 ns/op, 37598.00 uJpkg_socket_0, 1099.00 uJdram_socket_0, 18067.00 uJcore_socket_0, 0.00 uJuncore_socket_0, 0.00 uJpsys_socket_0, 60.00 degCCpu_socket_0
OverheadActual   4: 140192 op, 430242.00 ns, 3.0689 ns/op, 0.00 uJpkg_socket_0, 0.00 uJdram_socket_0, 17639.00 uJcore_socket_0, 0.00 uJuncore_socket_0, 0.00 uJpsys_socket_0, 60.00 degCCpu_socket_0
OverheadActual   5: 140192 op, 467917.00 ns, 3.3377 ns/op, 42968.00 uJpkg_socket_0, 1099.00 uJdram_socket_0, 21545.00 uJcore_socket_0, 0.00 uJuncore_socket_0, 0.00 uJpsys_socket_0, 60.00 degCCpu_socket_0
OverheadActual   6: 140192 op, 430349.00 ns, 3.0697 ns/op, 0.00 uJpkg_socket_0, 0.00 uJdram_socket_0, 18127.00 uJcore_socket_0, 0.00 uJuncore_socket_0, 0.00 uJpsys_socket_0, 60.00 degCCpu_socket_0
OverheadActual   7: 140192 op, 432120.00 ns, 3.0823 ns/op, 47302.00 uJpkg_socket_0, 1159.00 uJdram_socket_0, 20081.00 uJcore_socket_0, 0.00 uJuncore_socket_0, 0.00 uJpsys_socket_0, 60.50 degCCpu_socket_0
OverheadActual   8: 140192 op, 462335.00 ns, 3.2979 ns/op, 40161.00 uJpkg_socket_0, 0.00 uJdram_socket_0, 21240.00 uJcore_socket_0, 0.00 uJuncore_socket_0, 0.00 uJpsys_socket_0, 61.00 degCCpu_socket_0
OverheadActual   9: 140192 op, 428498.00 ns, 3.0565 ns/op, 42236.00 uJpkg_socket_0, 1098.00 uJdram_socket_0, 16602.00 uJcore_socket_0, 0.00 uJuncore_socket_0, 0.00 uJpsys_socket_0, 60.50 degCCpu_socket_0
OverheadActual  10: 140192 op, 463295.00 ns, 3.3047 ns/op, 42603.00 uJpkg_socket_0, 1160.00 uJdram_socket_0, 22156.00 uJcore_socket_0, 0.00 uJuncore_socket_0, 0.00 uJpsys_socket_0, 60.00 degCCpu_socket_0
OverheadActual  11: 140192 op, 430323.00 ns, 3.0695 ns/op, 0.00 uJpkg_socket_0, 1159.00 uJdram_socket_0, 15808.00 uJcore_socket_0, 0.00 uJuncore_socket_0, 0.00 uJpsys_socket_0, 60.50 degCCpu_socket_0
OverheadActual  12: 140192 op, 432176.00 ns, 3.0827 ns/op, 41931.00 uJpkg_socket_0, 1160.00 uJdram_socket_0, 17944.00 uJcore_socket_0, 0.00 uJuncore_socket_0, 0.00 uJpsys_socket_0, 60.00 degCCpu_socket_0
OverheadActual  13: 140192 op, 426577.00 ns, 3.0428 ns/op, 0.00 uJpkg_socket_0, 0.00 uJdram_socket_0, 18250.00 uJcore_socket_0, 0.00 uJuncore_socket_0, 0.00 uJpsys_socket_0, 60.50 degCCpu_socket_0
OverheadActual  14: 140192 op, 458380.00 ns, 3.2697 ns/op, 37109.00 uJpkg_socket_0, 1099.00 uJdram_socket_0, 20386.00 uJcore_socket_0, 0.00 uJuncore_socket_0, 0.00 uJpsys_socket_0, 61.00 degCCpu_socket_0
OverheadActual  15: 140192 op, 430321.00 ns, 3.0695 ns/op, 0.00 uJpkg_socket_0, 0.00 uJdram_socket_0, 17457.00 uJcore_socket_0, 0.00 uJuncore_socket_0, 0.00 uJpsys_socket_0, 60.00 degCCpu_socket_0

WorkloadWarmup   1: 140192 op, 1006092164.00 ns, 7.1765 us/op, 44410531.00 uJpkg_socket_0, 1139890.00 uJdram_socket_0, 37919886.00 uJcore_socket_0, 0.00 uJuncore_socket_0, 0.00 uJpsys_socket_0, 64.00 degCCpu_socket_0
WorkloadWarmup   2: 140192 op, 1002427586.00 ns, 7.1504 us/op, 42489210.00 uJpkg_socket_0, 1124326.00 uJdram_socket_0, 36024749.00 uJcore_socket_0, 0.00 uJuncore_socket_0, 0.00 uJpsys_socket_0, 66.50 degCCpu_socket_0
WorkloadWarmup   3: 140192 op, 1001128780.00 ns, 7.1411 us/op, 42558912.00 uJpkg_socket_0, 1124936.00 uJdram_socket_0, 36053436.00 uJcore_socket_0, 0.00 uJuncore_socket_0, 0.00 uJpsys_socket_0, 68.00 degCCpu_socket_0
WorkloadWarmup   4: 140192 op, 999783347.00 ns, 7.1315 us/op, 42492079.00 uJpkg_socket_0, 1123044.00 uJdram_socket_0, 36017913.00 uJcore_socket_0, 0.00 uJuncore_socket_0, 0.00 uJpsys_socket_0, 68.50 degCCpu_socket_0
WorkloadWarmup   5: 140192 op, 998937462.00 ns, 7.1255 us/op, 42344862.00 uJpkg_socket_0, 1120053.00 uJdram_socket_0, 35884308.00 uJcore_socket_0, 0.00 uJuncore_socket_0, 0.00 uJpsys_socket_0, 66.50 degCCpu_socket_0
WorkloadWarmup   6: 140192 op, 998773396.00 ns, 7.1243 us/op, 42480604.00 uJpkg_socket_0, 1117978.00 uJdram_socket_0, 36014312.00 uJcore_socket_0, 0.00 uJuncore_socket_0, 0.00 uJpsys_socket_0, 67.00 degCCpu_socket_0
WorkloadWarmup   7: 140192 op, 999156989.00 ns, 7.1271 us/op, 42533521.00 uJpkg_socket_0, 1121946.00 uJdram_socket_0, 36083892.00 uJcore_socket_0, 0.00 uJuncore_socket_0, 0.00 uJpsys_socket_0, 67.50 degCCpu_socket_0
WorkloadWarmup   8: 140192 op, 999134236.00 ns, 7.1269 us/op, 42560499.00 uJpkg_socket_0, 1122861.00 uJdram_socket_0, 36066558.00 uJcore_socket_0, 0.00 uJuncore_socket_0, 0.00 uJpsys_socket_0, 67.00 degCCpu_socket_0
WorkloadWarmup   9: 140192 op, 1000120040.00 ns, 7.1339 us/op, 42625318.00 uJpkg_socket_0, 1121396.00 uJdram_socket_0, 36162932.00 uJcore_socket_0, 0.00 uJuncore_socket_0, 0.00 uJpsys_socket_0, 67.00 degCCpu_socket_0
WorkloadWarmup  10: 140192 op, 999286709.00 ns, 7.1280 us/op, 42720777.00 uJpkg_socket_0, 1122006.00 uJdram_socket_0, 36231597.00 uJcore_socket_0, 0.00 uJuncore_socket_0, 0.00 uJpsys_socket_0, 68.50 degCCpu_socket_0

// BeforeActualRun
WorkloadActual   1: 140192 op, 1001942133.00 ns, 7.1469 us/op, 42642774.00 uJpkg_socket_0, 1126401.00 uJdram_socket_0, 36123260.00 uJcore_socket_0, 0.00 uJuncore_socket_0, 0.00 uJpsys_socket_0, 58.50 degCCpu_socket_0
WorkloadActual   2: 140192 op, 1002372715.00 ns, 7.1500 us/op, 42611830.00 uJpkg_socket_0, 1144407.00 uJdram_socket_0, 36100188.00 uJcore_socket_0, 0.00 uJuncore_socket_0, 0.00 uJpsys_socket_0, 66.50 degCCpu_socket_0
WorkloadActual   3: 140192 op, 1003233765.00 ns, 7.1561 us/op, 42484999.00 uJpkg_socket_0, 1149290.00 uJdram_socket_0, 36006378.00 uJcore_socket_0, 0.00 uJuncore_socket_0, 0.00 uJpsys_socket_0, 69.00 degCCpu_socket_0
WorkloadActual   4: 140192 op, 1004781225.00 ns, 7.1672 us/op, 42574354.00 uJpkg_socket_0, 1149472.00 uJdram_socket_0, 36058989.00 uJcore_socket_0, 0.00 uJuncore_socket_0, 0.00 uJpsys_socket_0, 67.50 degCCpu_socket_0
WorkloadActual   5: 140192 op, 1004243126.00 ns, 7.1633 us/op, 42619093.00 uJpkg_socket_0, 1147275.00 uJdram_socket_0, 36124908.00 uJcore_socket_0, 0.00 uJuncore_socket_0, 0.00 uJpsys_socket_0, 67.50 degCCpu_socket_0
WorkloadActual   6: 140192 op, 1002444153.00 ns, 7.1505 us/op, 42894116.00 uJpkg_socket_0, 1155148.00 uJdram_socket_0, 36391631.00 uJcore_socket_0, 0.00 uJuncore_socket_0, 0.00 uJpsys_socket_0, 67.00 degCCpu_socket_0
WorkloadActual   7: 140192 op, 1004281833.00 ns, 7.1636 us/op, 42579054.00 uJpkg_socket_0, 1149472.00 uJdram_socket_0, 36048675.00 uJcore_socket_0, 0.00 uJuncore_socket_0, 0.00 uJpsys_socket_0, 67.50 degCCpu_socket_0
WorkloadActual   8: 140192 op, 1001358359.00 ns, 7.1428 us/op, 42408583.00 uJpkg_socket_0, 1144528.00 uJdram_socket_0, 35904266.00 uJcore_socket_0, 0.00 uJuncore_socket_0, 0.00 uJpsys_socket_0, 67.00 degCCpu_socket_0
WorkloadActual   9: 140192 op, 998446989.00 ns, 7.1220 us/op, 42265395.00 uJpkg_socket_0, 1122434.00 uJdram_socket_0, 35783051.00 uJcore_socket_0, 0.00 uJuncore_socket_0, 0.00 uJpsys_socket_0, 67.00 degCCpu_socket_0
WorkloadActual  10: 140192 op, 998678309.00 ns, 7.1236 us/op, 42293837.00 uJpkg_socket_0, 1119809.00 uJdram_socket_0, 35825226.00 uJcore_socket_0, 0.00 uJuncore_socket_0, 0.00 uJpsys_socket_0, 67.50 degCCpu_socket_0
WorkloadActual  11: 140192 op, 1000172927.00 ns, 7.1343 us/op, 42408827.00 uJpkg_socket_0, 1123289.00 uJdram_socket_0, 35905548.00 uJcore_socket_0, 0.00 uJuncore_socket_0, 0.00 uJpsys_socket_0, 67.00 degCCpu_socket_0
WorkloadActual  12: 140192 op, 999429390.00 ns, 7.1290 us/op, 42274062.00 uJpkg_socket_0, 1120908.00 uJdram_socket_0, 35829254.00 uJcore_socket_0, 0.00 uJuncore_socket_0, 0.00 uJpsys_socket_0, 68.00 degCCpu_socket_0
WorkloadActual  13: 140192 op, 998441214.00 ns, 7.1220 us/op, 42322524.00 uJpkg_socket_0, 1118466.00 uJdram_socket_0, 35838409.00 uJcore_socket_0, 0.00 uJuncore_socket_0, 0.00 uJpsys_socket_0, 68.00 degCCpu_socket_0
WorkloadActual  14: 140192 op, 999136225.00 ns, 7.1269 us/op, 42504591.00 uJpkg_socket_0, 1121335.00 uJdram_socket_0, 36009612.00 uJcore_socket_0, 0.00 uJuncore_socket_0, 0.00 uJpsys_socket_0, 67.50 degCCpu_socket_0
WorkloadActual  15: 140192 op, 998755847.00 ns, 7.1242 us/op, 42317824.00 uJpkg_socket_0, 1121152.00 uJdram_socket_0, 35845672.00 uJcore_socket_0, 0.00 uJuncore_socket_0, 0.00 uJpsys_socket_0, 69.00 degCCpu_socket_0

// AfterActualRun
WorkloadResult   1: 140192 op, 1001510013.00 ns, 7.1438 us/op, 42642774.00 uJpkg_socket_0, 1126401.00 uJdram_socket_0, 36123260.00 uJcore_socket_0, 0.00 uJuncore_socket_0, 0.00 uJpsys_socket_0, 58.50 degCCpu_socket_0
WorkloadResult   2: 140192 op, 1001940595.00 ns, 7.1469 us/op, 42611830.00 uJpkg_socket_0, 1144407.00 uJdram_socket_0, 36100188.00 uJcore_socket_0, 0.00 uJuncore_socket_0, 0.00 uJpsys_socket_0, 66.50 degCCpu_socket_0
WorkloadResult   3: 140192 op, 1002801645.00 ns, 7.1531 us/op, 42484999.00 uJpkg_socket_0, 1149290.00 uJdram_socket_0, 36006378.00 uJcore_socket_0, 0.00 uJuncore_socket_0, 0.00 uJpsys_socket_0, 69.00 degCCpu_socket_0
WorkloadResult   4: 140192 op, 1004349105.00 ns, 7.1641 us/op, 42574354.00 uJpkg_socket_0, 1149472.00 uJdram_socket_0, 36058989.00 uJcore_socket_0, 0.00 uJuncore_socket_0, 0.00 uJpsys_socket_0, 67.50 degCCpu_socket_0
WorkloadResult   5: 140192 op, 1003811006.00 ns, 7.1603 us/op, 42619093.00 uJpkg_socket_0, 1147275.00 uJdram_socket_0, 36124908.00 uJcore_socket_0, 0.00 uJuncore_socket_0, 0.00 uJpsys_socket_0, 67.50 degCCpu_socket_0
WorkloadResult   6: 140192 op, 1002012033.00 ns, 7.1474 us/op, 42894116.00 uJpkg_socket_0, 1155148.00 uJdram_socket_0, 36391631.00 uJcore_socket_0, 0.00 uJuncore_socket_0, 0.00 uJpsys_socket_0, 67.00 degCCpu_socket_0
WorkloadResult   7: 140192 op, 1003849713.00 ns, 7.1605 us/op, 42579054.00 uJpkg_socket_0, 1149472.00 uJdram_socket_0, 36048675.00 uJcore_socket_0, 0.00 uJuncore_socket_0, 0.00 uJpsys_socket_0, 67.50 degCCpu_socket_0
WorkloadResult   8: 140192 op, 1000926239.00 ns, 7.1397 us/op, 42408583.00 uJpkg_socket_0, 1144528.00 uJdram_socket_0, 35904266.00 uJcore_socket_0, 0.00 uJuncore_socket_0, 0.00 uJpsys_socket_0, 67.00 degCCpu_socket_0
WorkloadResult   9: 140192 op, 998014869.00 ns, 7.1189 us/op, 42265395.00 uJpkg_socket_0, 1122434.00 uJdram_socket_0, 35783051.00 uJcore_socket_0, 0.00 uJuncore_socket_0, 0.00 uJpsys_socket_0, 67.00 degCCpu_socket_0
WorkloadResult  10: 140192 op, 998246189.00 ns, 7.1206 us/op, 42293837.00 uJpkg_socket_0, 1119809.00 uJdram_socket_0, 35825226.00 uJcore_socket_0, 0.00 uJuncore_socket_0, 0.00 uJpsys_socket_0, 67.50 degCCpu_socket_0
WorkloadResult  11: 140192 op, 999740807.00 ns, 7.1312 us/op, 42408827.00 uJpkg_socket_0, 1123289.00 uJdram_socket_0, 35905548.00 uJcore_socket_0, 0.00 uJuncore_socket_0, 0.00 uJpsys_socket_0, 67.00 degCCpu_socket_0
WorkloadResult  12: 140192 op, 998997270.00 ns, 7.1259 us/op, 42274062.00 uJpkg_socket_0, 1120908.00 uJdram_socket_0, 35829254.00 uJcore_socket_0, 0.00 uJuncore_socket_0, 0.00 uJpsys_socket_0, 68.00 degCCpu_socket_0
WorkloadResult  13: 140192 op, 998009094.00 ns, 7.1189 us/op, 42322524.00 uJpkg_socket_0, 1118466.00 uJdram_socket_0, 35838409.00 uJcore_socket_0, 0.00 uJuncore_socket_0, 0.00 uJpsys_socket_0, 68.00 degCCpu_socket_0
WorkloadResult  14: 140192 op, 998704105.00 ns, 7.1238 us/op, 42504591.00 uJpkg_socket_0, 1121335.00 uJdram_socket_0, 36009612.00 uJcore_socket_0, 0.00 uJuncore_socket_0, 0.00 uJpsys_socket_0, 67.50 degCCpu_socket_0
WorkloadResult  15: 140192 op, 998323727.00 ns, 7.1211 us/op, 42317824.00 uJpkg_socket_0, 1121152.00 uJdram_socket_0, 35845672.00 uJcore_socket_0, 0.00 uJuncore_socket_0, 0.00 uJpsys_socket_0, 69.00 degCCpu_socket_0

// AfterAll
// Benchmark Process 1057286 has exited with code 0.

Mean = 7.138 μs, StdErr = 0.004 μs (0.06%), N = 15, StdDev = 0.017 μs
Min = 7.119 μs, Q1 = 7.122 μs, Median = 7.140 μs, Q3 = 7.150 μs, Max = 7.164 μs
IQR = 0.028 μs, LowerFence = 7.081 μs, UpperFence = 7.192 μs
ConfidenceInterval = [7.121 μs; 7.156 μs] (CI 99.9%), Margin = 0.018 μs (0.25% of Mean)
Skewness = 0.17, Kurtosis = 1.35, MValue = 2

// ** Remained 8 (80.0 %) benchmark(s) to run. Estimated finish 2026-05-27 13:47 (0h 4m from now) **
// **************************
// Benchmark: SmokeBenchByte.Newtonsoft_Deser: Energy(OutlierMode=DontRemove, IterationTime=1s)
// *** Execute ***
// Launch: 1 / 1
// Execute: dotnet JsonBench-Energy-1.dll --anonymousPipes 121 122 --benchmarkName JsonBench.Benchmarks.SmokeBenchByte.Newtonsoft_Deser --job Energy --benchmarkId 2 in /home/test/json-energy-bench/JsonBench/bin/Release/net10.0/JsonBench-Energy-1/bin/Release/net10.0
// BeforeAnythingElse

// Benchmark Process Environment Information:
// BenchmarkDotNet v0.15.5-develop (2026-05-27)
// Runtime=.NET 10.0.8 (10.0.8, 10.0.826.23019), X64 RyuJIT x86-64-v3
// GC=Concurrent Workstation
// HardwareIntrinsics=AVX2+BMI1+BMI2+F16C+FMA+LZCNT+MOVBE,AVX,SSE3+SSSE3+SSE4.1+SSE4.2+POPCNT,X86Base+SSE+SSE2,AES+PCLMUL VectorSize=256
// Job: Energy(OutlierMode=DontRemove, IterationTime=1s)

Couldn't find Core RAPL device for socket 0: RAPLCantFindUncoreDevice
OverheadJitting  1: 1 op, 194634.00 ns, 194.6340 us/op, 67322.00 uJpkg_socket_0, 1160.00 uJdram_socket_0, 39795.00 uJcore_socket_0, 0.00 uJuncore_socket_0, 0.00 uJpsys_socket_0, 55.00 degCCpu_socket_0
WorkloadJitting  1: 1 op, 46235218.00 ns, 46.2352 ms/op, 1525265.00 uJpkg_socket_0, 52917.00 uJdram_socket_0, 1239011.00 uJcore_socket_0, 0.00 uJuncore_socket_0, 0.00 uJpsys_socket_0, 55.00 degCCpu_socket_0

Couldn't find Core RAPL device for socket 0: RAPLCantFindUncoreDevice
OverheadJitting  2: 16 op, 523328.00 ns, 32.7080 us/op, 38269.00 uJpkg_socket_0, 1160.00 uJdram_socket_0, 23072.00 uJcore_socket_0, 0.00 uJuncore_socket_0, 0.00 uJpsys_socket_0, 55.50 degCCpu_socket_0
WorkloadJitting  2: 16 op, 1837192.00 ns, 114.8245 us/op, 81787.00 uJpkg_socket_0, 2258.00 uJdram_socket_0, 71777.00 uJcore_socket_0, 0.00 uJuncore_socket_0, 0.00 uJpsys_socket_0, 57.50 degCCpu_socket_0

WorkloadPilot    1: 16 op, 1220259.00 ns, 76.2662 us/op, 55664.00 uJpkg_socket_0, 1343.00 uJdram_socket_0, 65185.00 uJcore_socket_0, 0.00 uJuncore_socket_0, 0.00 uJpsys_socket_0, 58.00 degCCpu_socket_0
WorkloadPilot    2: 13120 op, 480972028.00 ns, 36.6595 us/op, 23544922.00 uJpkg_socket_0, 553527.00 uJdram_socket_0, 20425301.00 uJcore_socket_0, 0.00 uJuncore_socket_0, 0.00 uJpsys_socket_0, 64.00 degCCpu_socket_0
WorkloadPilot    3: 27280 op, 364395397.00 ns, 13.3576 us/op, 15439657.00 uJpkg_socket_0, 410949.00 uJdram_socket_0, 13062955.00 uJcore_socket_0, 0.00 uJuncore_socket_0, 0.00 uJpsys_socket_0, 67.00 degCCpu_socket_0
WorkloadPilot    4: 74864 op, 995459769.00 ns, 13.2969 us/op, 42208571.00 uJpkg_socket_0, 1120480.00 uJdram_socket_0, 35750641.00 uJcore_socket_0, 0.00 uJuncore_socket_0, 0.00 uJpsys_socket_0, 68.00 degCCpu_socket_0
WorkloadPilot    5: 75216 op, 997704912.00 ns, 13.2645 us/op, 42194167.00 uJpkg_socket_0, 1122678.00 uJdram_socket_0, 35728302.00 uJcore_socket_0, 0.00 uJuncore_socket_0, 0.00 uJpsys_socket_0, 67.00 degCCpu_socket_0
WorkloadPilot    6: 75392 op, 1000214714.00 ns, 13.2669 us/op, 43164196.00 uJpkg_socket_0, 1129941.00 uJdram_socket_0, 36668180.00 uJcore_socket_0, 0.00 uJuncore_socket_0, 0.00 uJpsys_socket_0, 66.50 degCCpu_socket_0
WorkloadPilot    7: 75376 op, 1001735433.00 ns, 13.2898 us/op, 42506117.00 uJpkg_socket_0, 1127805.00 uJdram_socket_0, 36022063.00 uJcore_socket_0, 0.00 uJuncore_socket_0, 0.00 uJpsys_socket_0, 66.00 degCCpu_socket_0
WorkloadPilot    8: 75248 op, 997683611.00 ns, 13.2586 us/op, 42292189.00 uJpkg_socket_0, 1122617.00 uJdram_socket_0, 35829071.00 uJcore_socket_0, 0.00 uJuncore_socket_0, 0.00 uJpsys_socket_0, 67.00 degCCpu_socket_0
WorkloadPilot    9: 75424 op, 999695434.00 ns, 13.2543 us/op, 42234816.00 uJpkg_socket_0, 1122922.00 uJdram_socket_0, 35753875.00 uJcore_socket_0, 0.00 uJuncore_socket_0, 0.00 uJpsys_socket_0, 67.00 degCCpu_socket_0
WorkloadPilot   10: 75456 op, 1002103054.00 ns, 13.2806 us/op, 43079907.00 uJpkg_socket_0, 1132809.00 uJdram_socket_0, 36573820.00 uJcore_socket_0, 0.00 uJuncore_socket_0, 0.00 uJpsys_socket_0, 66.50 degCCpu_socket_0

OverheadWarmup   1: 75456 op, 232712.00 ns, 3.0841 ns/op, 0.00 uJpkg_socket_0, 0.00 uJdram_socket_0, 9460.00 uJcore_socket_0, 0.00 uJuncore_socket_0, 0.00 uJpsys_socket_0, 63.50 degCCpu_socket_0
OverheadWarmup   2: 75456 op, 231847.00 ns, 3.0726 ns/op, 41504.00 uJpkg_socket_0, 1281.00 uJdram_socket_0, 14771.00 uJcore_socket_0, 0.00 uJuncore_socket_0, 0.00 uJpsys_socket_0, 63.00 degCCpu_socket_0
OverheadWarmup   3: 75456 op, 231417.00 ns, 3.0669 ns/op, 0.00 uJpkg_socket_0, 0.00 uJdram_socket_0, 11657.00 uJcore_socket_0, 0.00 uJuncore_socket_0, 0.00 uJpsys_socket_0, 62.50 degCCpu_socket_0
OverheadWarmup   4: 75456 op, 236003.00 ns, 3.1277 ns/op, 0.00 uJpkg_socket_0, 0.00 uJdram_socket_0, 11048.00 uJcore_socket_0, 0.00 uJuncore_socket_0, 0.00 uJpsys_socket_0, 62.00 degCCpu_socket_0
OverheadWarmup   5: 75456 op, 230847.00 ns, 3.0594 ns/op, 0.00 uJpkg_socket_0, 0.00 uJdram_socket_0, 11414.00 uJcore_socket_0, 0.00 uJuncore_socket_0, 0.00 uJpsys_socket_0, 62.00 degCCpu_socket_0
OverheadWarmup   6: 75456 op, 269094.00 ns, 3.5662 ns/op, 0.00 uJpkg_socket_0, 0.00 uJdram_socket_0, 17456.00 uJcore_socket_0, 0.00 uJuncore_socket_0, 0.00 uJpsys_socket_0, 61.00 degCCpu_socket_0
OverheadWarmup   7: 75456 op, 231696.00 ns, 3.0706 ns/op, 43274.00 uJpkg_socket_0, 1220.00 uJdram_socket_0, 15564.00 uJcore_socket_0, 0.00 uJuncore_socket_0, 0.00 uJpsys_socket_0, 61.00 degCCpu_socket_0

OverheadActual   1: 75456 op, 269255.00 ns, 3.5684 ns/op, 0.00 uJpkg_socket_0, 1159.00 uJdram_socket_0, 15198.00 uJcore_socket_0, 0.00 uJuncore_socket_0, 0.00 uJpsys_socket_0, 60.50 degCCpu_socket_0
OverheadActual   2: 75456 op, 231963.00 ns, 3.0741 ns/op, 0.00 uJpkg_socket_0, 0.00 uJdram_socket_0, 9827.00 uJcore_socket_0, 0.00 uJuncore_socket_0, 0.00 uJpsys_socket_0, 59.50 degCCpu_socket_0
OverheadActual   3: 75456 op, 231968.00 ns, 3.0742 ns/op, 41321.00 uJpkg_socket_0, 1221.00 uJdram_socket_0, 12818.00 uJcore_socket_0, 0.00 uJuncore_socket_0, 0.00 uJpsys_socket_0, 60.00 degCCpu_socket_0
OverheadActual   4: 75456 op, 230615.00 ns, 3.0563 ns/op, 0.00 uJpkg_socket_0, 0.00 uJdram_socket_0, 11230.00 uJcore_socket_0, 0.00 uJuncore_socket_0, 0.00 uJpsys_socket_0, 60.00 degCCpu_socket_0
OverheadActual   5: 75456 op, 265777.00 ns, 3.5223 ns/op, 0.00 uJpkg_socket_0, 0.00 uJdram_socket_0, 14770.00 uJcore_socket_0, 0.00 uJuncore_socket_0, 0.00 uJpsys_socket_0, 60.00 degCCpu_socket_0
OverheadActual   6: 75456 op, 232842.00 ns, 3.0858 ns/op, 0.00 uJpkg_socket_0, 0.00 uJdram_socket_0, 11292.00 uJcore_socket_0, 0.00 uJuncore_socket_0, 0.00 uJpsys_socket_0, 60.00 degCCpu_socket_0
OverheadActual   7: 75456 op, 232805.00 ns, 3.0853 ns/op, 0.00 uJpkg_socket_0, 0.00 uJdram_socket_0, 10681.00 uJcore_socket_0, 0.00 uJuncore_socket_0, 0.00 uJpsys_socket_0, 59.50 degCCpu_socket_0
OverheadActual   8: 75456 op, 265781.00 ns, 3.5223 ns/op, 0.00 uJpkg_socket_0, 1099.00 uJdram_socket_0, 12756.00 uJcore_socket_0, 0.00 uJuncore_socket_0, 0.00 uJpsys_socket_0, 60.00 degCCpu_socket_0
OverheadActual   9: 75456 op, 232052.00 ns, 3.0753 ns/op, 0.00 uJpkg_socket_0, 0.00 uJdram_socket_0, 12573.00 uJcore_socket_0, 0.00 uJuncore_socket_0, 0.00 uJpsys_socket_0, 60.00 degCCpu_socket_0
OverheadActual  10: 75456 op, 231910.00 ns, 3.0734 ns/op, 0.00 uJpkg_socket_0, 0.00 uJdram_socket_0, 10986.00 uJcore_socket_0, 0.00 uJuncore_socket_0, 0.00 uJpsys_socket_0, 59.50 degCCpu_socket_0
OverheadActual  11: 75456 op, 235156.00 ns, 3.1165 ns/op, 0.00 uJpkg_socket_0, 0.00 uJdram_socket_0, 15686.00 uJcore_socket_0, 0.00 uJuncore_socket_0, 0.00 uJpsys_socket_0, 60.00 degCCpu_socket_0
OverheadActual  12: 75456 op, 232456.00 ns, 3.0807 ns/op, 40344.00 uJpkg_socket_0, 0.00 uJdram_socket_0, 11353.00 uJcore_socket_0, 0.00 uJuncore_socket_0, 0.00 uJpsys_socket_0, 60.00 degCCpu_socket_0
OverheadActual  13: 75456 op, 235554.00 ns, 3.1217 ns/op, 0.00 uJpkg_socket_0, 0.00 uJdram_socket_0, 9765.00 uJcore_socket_0, 0.00 uJuncore_socket_0, 0.00 uJpsys_socket_0, 59.00 degCCpu_socket_0
OverheadActual  14: 75456 op, 231778.00 ns, 3.0717 ns/op, 41260.00 uJpkg_socket_0, 1159.00 uJdram_socket_0, 9888.00 uJcore_socket_0, 0.00 uJuncore_socket_0, 0.00 uJpsys_socket_0, 59.00 degCCpu_socket_0
OverheadActual  15: 75456 op, 232054.00 ns, 3.0754 ns/op, 0.00 uJpkg_socket_0, 0.00 uJdram_socket_0, 12085.00 uJcore_socket_0, 0.00 uJuncore_socket_0, 0.00 uJpsys_socket_0, 60.00 degCCpu_socket_0
OverheadActual  16: 75456 op, 235078.00 ns, 3.1154 ns/op, 0.00 uJpkg_socket_0, 0.00 uJdram_socket_0, 9156.00 uJcore_socket_0, 0.00 uJuncore_socket_0, 0.00 uJpsys_socket_0, 60.00 degCCpu_socket_0
OverheadActual  17: 75456 op, 232745.00 ns, 3.0845 ns/op, 42603.00 uJpkg_socket_0, 1160.00 uJdram_socket_0, 9888.00 uJcore_socket_0, 0.00 uJuncore_socket_0, 0.00 uJpsys_socket_0, 59.00 degCCpu_socket_0
OverheadActual  18: 75456 op, 232724.00 ns, 3.0842 ns/op, 0.00 uJpkg_socket_0, 0.00 uJdram_socket_0, 12085.00 uJcore_socket_0, 0.00 uJuncore_socket_0, 0.00 uJpsys_socket_0, 59.50 degCCpu_socket_0
OverheadActual  19: 75456 op, 269388.00 ns, 3.5701 ns/op, 0.00 uJpkg_socket_0, 0.00 uJdram_socket_0, 13428.00 uJcore_socket_0, 0.00 uJuncore_socket_0, 0.00 uJpsys_socket_0, 59.00 degCCpu_socket_0
OverheadActual  20: 75456 op, 231967.00 ns, 3.0742 ns/op, 39977.00 uJpkg_socket_0, 1159.00 uJdram_socket_0, 11902.00 uJcore_socket_0, 0.00 uJuncore_socket_0, 0.00 uJpsys_socket_0, 59.00 degCCpu_socket_0

WorkloadWarmup   1: 75456 op, 1010543710.00 ns, 13.3925 us/op, 43353710.00 uJpkg_socket_0, 1140439.00 uJdram_socket_0, 36801420.00 uJcore_socket_0, 0.00 uJuncore_socket_0, 0.00 uJpsys_socket_0, 63.50 degCCpu_socket_0
WorkloadWarmup   2: 75456 op, 1003724425.00 ns, 13.3021 us/op, 42381605.00 uJpkg_socket_0, 1128842.00 uJdram_socket_0, 35878448.00 uJcore_socket_0, 0.00 uJuncore_socket_0, 0.00 uJpsys_socket_0, 66.50 degCCpu_socket_0
WorkloadWarmup   3: 75456 op, 1001860056.00 ns, 13.2774 us/op, 42291335.00 uJpkg_socket_0, 1124692.00 uJdram_socket_0, 35807770.00 uJcore_socket_0, 0.00 uJuncore_socket_0, 0.00 uJpsys_socket_0, 67.00 degCCpu_socket_0
WorkloadWarmup   4: 75456 op, 1004491373.00 ns, 13.3123 us/op, 42340040.00 uJpkg_socket_0, 1127194.00 uJdram_socket_0, 35863251.00 uJcore_socket_0, 0.00 uJuncore_socket_0, 0.00 uJpsys_socket_0, 67.00 degCCpu_socket_0
WorkloadWarmup   5: 75456 op, 1003227364.00 ns, 13.2955 us/op, 42362318.00 uJpkg_socket_0, 1125363.00 uJdram_socket_0, 35887970.00 uJcore_socket_0, 0.00 uJuncore_socket_0, 0.00 uJpsys_socket_0, 67.50 degCCpu_socket_0
WorkloadWarmup   6: 75456 op, 1001916752.00 ns, 13.2782 us/op, 42323561.00 uJpkg_socket_0, 1124448.00 uJdram_socket_0, 35843658.00 uJcore_socket_0, 0.00 uJuncore_socket_0, 0.00 uJpsys_socket_0, 67.00 degCCpu_socket_0
WorkloadWarmup   7: 75456 op, 1001861474.00 ns, 13.2774 us/op, 42199294.00 uJpkg_socket_0, 1125242.00 uJdram_socket_0, 35719452.00 uJcore_socket_0, 0.00 uJuncore_socket_0, 0.00 uJpsys_socket_0, 67.00 degCCpu_socket_0
WorkloadWarmup   8: 75456 op, 1001949736.00 ns, 13.2786 us/op, 42312026.00 uJpkg_socket_0, 1124448.00 uJdram_socket_0, 35830780.00 uJcore_socket_0, 0.00 uJuncore_socket_0, 0.00 uJpsys_socket_0, 67.00 degCCpu_socket_0
WorkloadWarmup   9: 75456 op, 1003691019.00 ns, 13.3017 us/op, 42393935.00 uJpkg_socket_0, 1126889.00 uJdram_socket_0, 35889739.00 uJcore_socket_0, 0.00 uJuncore_socket_0, 0.00 uJpsys_socket_0, 66.50 degCCpu_socket_0
WorkloadWarmup  10: 75456 op, 1003162734.00 ns, 13.2947 us/op, 42362806.00 uJpkg_socket_0, 1127255.00 uJdram_socket_0, 35841522.00 uJcore_socket_0, 0.00 uJuncore_socket_0, 0.00 uJpsys_socket_0, 66.50 degCCpu_socket_0

// BeforeActualRun
WorkloadActual   1: 75456 op, 1004472161.00 ns, 13.3120 us/op, 42727308.00 uJpkg_socket_0, 1131650.00 uJdram_socket_0, 36209014.00 uJcore_socket_0, 0.00 uJuncore_socket_0, 0.00 uJpsys_socket_0, 67.00 degCCpu_socket_0
WorkloadActual   2: 75456 op, 1005638330.00 ns, 13.3275 us/op, 42486586.00 uJpkg_socket_0, 1157712.00 uJdram_socket_0, 35966705.00 uJcore_socket_0, 0.00 uJuncore_socket_0, 0.00 uJpsys_socket_0, 67.00 degCCpu_socket_0
WorkloadActual   3: 75456 op, 1006753414.00 ns, 13.3423 us/op, 42512647.00 uJpkg_socket_0, 1158018.00 uJdram_socket_0, 35989287.00 uJcore_socket_0, 0.00 uJuncore_socket_0, 0.00 uJpsys_socket_0, 67.00 degCCpu_socket_0
WorkloadActual   4: 75456 op, 1006197138.00 ns, 13.3349 us/op, 42452955.00 uJpkg_socket_0, 1157712.00 uJdram_socket_0, 35952971.00 uJcore_socket_0, 0.00 uJuncore_socket_0, 0.00 uJpsys_socket_0, 67.50 degCCpu_socket_0
WorkloadActual   5: 75456 op, 1005549612.00 ns, 13.3263 us/op, 42404494.00 uJpkg_socket_0, 1157529.00 uJdram_socket_0, 35871368.00 uJcore_socket_0, 0.00 uJuncore_socket_0, 0.00 uJpsys_socket_0, 67.00 degCCpu_socket_0
WorkloadActual   6: 75456 op, 1002528501.00 ns, 13.2863 us/op, 42622877.00 uJpkg_socket_0, 1130857.00 uJdram_socket_0, 36119780.00 uJcore_socket_0, 0.00 uJuncore_socket_0, 0.00 uJpsys_socket_0, 66.50 degCCpu_socket_0
WorkloadActual   7: 75456 op, 1004957056.00 ns, 13.3185 us/op, 42437087.00 uJpkg_socket_0, 1127987.00 uJdram_socket_0, 35934418.00 uJcore_socket_0, 0.00 uJuncore_socket_0, 0.00 uJpsys_socket_0, 67.00 degCCpu_socket_0
WorkloadActual   8: 75456 op, 1001602436.00 ns, 13.2740 us/op, 42303603.00 uJpkg_socket_0, 1123960.00 uJdram_socket_0, 35803497.00 uJcore_socket_0, 0.00 uJuncore_socket_0, 0.00 uJpsys_socket_0, 68.50 degCCpu_socket_0
WorkloadActual   9: 75456 op, 1001967667.00 ns, 13.2788 us/op, 42308241.00 uJpkg_socket_0, 1125974.00 uJdram_socket_0, 35825897.00 uJcore_socket_0, 0.00 uJuncore_socket_0, 0.00 uJpsys_socket_0, 66.50 degCCpu_socket_0
WorkloadActual  10: 75456 op, 1001865316.00 ns, 13.2775 us/op, 42328444.00 uJpkg_socket_0, 1124203.00 uJdram_socket_0, 35844025.00 uJcore_socket_0, 0.00 uJuncore_socket_0, 0.00 uJpsys_socket_0, 67.50 degCCpu_socket_0
WorkloadActual  11: 75456 op, 1003116467.00 ns, 13.2941 us/op, 42381483.00 uJpkg_socket_0, 1124448.00 uJdram_socket_0, 35900055.00 uJcore_socket_0, 0.00 uJuncore_socket_0, 0.00 uJpsys_socket_0, 67.50 degCCpu_socket_0
WorkloadActual  12: 75456 op, 1002104896.00 ns, 13.2807 us/op, 42348647.00 uJpkg_socket_0, 1128170.00 uJdram_socket_0, 35869293.00 uJcore_socket_0, 0.00 uJuncore_socket_0, 0.00 uJpsys_socket_0, 66.50 degCCpu_socket_0
WorkloadActual  13: 75456 op, 1001862886.00 ns, 13.2774 us/op, 42318556.00 uJpkg_socket_0, 1124448.00 uJdram_socket_0, 35834503.00 uJcore_socket_0, 0.00 uJuncore_socket_0, 0.00 uJpsys_socket_0, 67.00 degCCpu_socket_0
WorkloadActual  14: 75456 op, 997490864.00 ns, 13.2195 us/op, 42162551.00 uJpkg_socket_0, 1118955.00 uJdram_socket_0, 35689789.00 uJcore_socket_0, 0.00 uJuncore_socket_0, 0.00 uJpsys_socket_0, 68.50 degCCpu_socket_0
WorkloadActual  15: 75456 op, 1001343638.00 ns, 13.2706 us/op, 42289259.00 uJpkg_socket_0, 1124875.00 uJdram_socket_0, 35826141.00 uJcore_socket_0, 0.00 uJuncore_socket_0, 0.00 uJpsys_socket_0, 68.00 degCCpu_socket_0

// AfterActualRun
WorkloadResult   1: 75456 op, 1004239426.50 ns, 13.3089 us/op, 42727308.00 uJpkg_socket_0, 1131650.00 uJdram_socket_0, 36209014.00 uJcore_socket_0, 0.00 uJuncore_socket_0, 0.00 uJpsys_socket_0, 67.00 degCCpu_socket_0
WorkloadResult   2: 75456 op, 1005405595.50 ns, 13.3244 us/op, 42486586.00 uJpkg_socket_0, 1157712.00 uJdram_socket_0, 35966705.00 uJcore_socket_0, 0.00 uJuncore_socket_0, 0.00 uJpsys_socket_0, 67.00 degCCpu_socket_0
WorkloadResult   3: 75456 op, 1006520679.50 ns, 13.3392 us/op, 42512647.00 uJpkg_socket_0, 1158018.00 uJdram_socket_0, 35989287.00 uJcore_socket_0, 0.00 uJuncore_socket_0, 0.00 uJpsys_socket_0, 67.00 degCCpu_socket_0
WorkloadResult   4: 75456 op, 1005964403.50 ns, 13.3318 us/op, 42452955.00 uJpkg_socket_0, 1157712.00 uJdram_socket_0, 35952971.00 uJcore_socket_0, 0.00 uJuncore_socket_0, 0.00 uJpsys_socket_0, 67.50 degCCpu_socket_0
WorkloadResult   5: 75456 op, 1005316877.50 ns, 13.3232 us/op, 42404494.00 uJpkg_socket_0, 1157529.00 uJdram_socket_0, 35871368.00 uJcore_socket_0, 0.00 uJuncore_socket_0, 0.00 uJpsys_socket_0, 67.00 degCCpu_socket_0
WorkloadResult   6: 75456 op, 1002295766.50 ns, 13.2832 us/op, 42622877.00 uJpkg_socket_0, 1130857.00 uJdram_socket_0, 36119780.00 uJcore_socket_0, 0.00 uJuncore_socket_0, 0.00 uJpsys_socket_0, 66.50 degCCpu_socket_0
WorkloadResult   7: 75456 op, 1004724321.50 ns, 13.3154 us/op, 42437087.00 uJpkg_socket_0, 1127987.00 uJdram_socket_0, 35934418.00 uJcore_socket_0, 0.00 uJuncore_socket_0, 0.00 uJpsys_socket_0, 67.00 degCCpu_socket_0
WorkloadResult   8: 75456 op, 1001369701.50 ns, 13.2709 us/op, 42303603.00 uJpkg_socket_0, 1123960.00 uJdram_socket_0, 35803497.00 uJcore_socket_0, 0.00 uJuncore_socket_0, 0.00 uJpsys_socket_0, 68.50 degCCpu_socket_0
WorkloadResult   9: 75456 op, 1001734932.50 ns, 13.2757 us/op, 42308241.00 uJpkg_socket_0, 1125974.00 uJdram_socket_0, 35825897.00 uJcore_socket_0, 0.00 uJuncore_socket_0, 0.00 uJpsys_socket_0, 66.50 degCCpu_socket_0
WorkloadResult  10: 75456 op, 1001632581.50 ns, 13.2744 us/op, 42328444.00 uJpkg_socket_0, 1124203.00 uJdram_socket_0, 35844025.00 uJcore_socket_0, 0.00 uJuncore_socket_0, 0.00 uJpsys_socket_0, 67.50 degCCpu_socket_0
WorkloadResult  11: 75456 op, 1002883732.50 ns, 13.2910 us/op, 42381483.00 uJpkg_socket_0, 1124448.00 uJdram_socket_0, 35900055.00 uJcore_socket_0, 0.00 uJuncore_socket_0, 0.00 uJpsys_socket_0, 67.50 degCCpu_socket_0
WorkloadResult  12: 75456 op, 1001872161.50 ns, 13.2776 us/op, 42348647.00 uJpkg_socket_0, 1128170.00 uJdram_socket_0, 35869293.00 uJcore_socket_0, 0.00 uJuncore_socket_0, 0.00 uJpsys_socket_0, 66.50 degCCpu_socket_0
WorkloadResult  13: 75456 op, 1001630151.50 ns, 13.2744 us/op, 42318556.00 uJpkg_socket_0, 1124448.00 uJdram_socket_0, 35834503.00 uJcore_socket_0, 0.00 uJuncore_socket_0, 0.00 uJpsys_socket_0, 67.00 degCCpu_socket_0
WorkloadResult  14: 75456 op, 997258129.50 ns, 13.2164 us/op, 42162551.00 uJpkg_socket_0, 1118955.00 uJdram_socket_0, 35689789.00 uJcore_socket_0, 0.00 uJuncore_socket_0, 0.00 uJpsys_socket_0, 68.50 degCCpu_socket_0
WorkloadResult  15: 75456 op, 1001110903.50 ns, 13.2675 us/op, 42289259.00 uJpkg_socket_0, 1124875.00 uJdram_socket_0, 35826141.00 uJcore_socket_0, 0.00 uJuncore_socket_0, 0.00 uJpsys_socket_0, 68.00 degCCpu_socket_0

// AfterAll
// Benchmark Process 1057303 has exited with code 0.

Mean = 13.292 μs, StdErr = 0.008 μs (0.06%), N = 15, StdDev = 0.032 μs
Min = 13.216 μs, Q1 = 13.274 μs, Median = 13.283 μs, Q3 = 13.319 μs, Max = 13.339 μs
IQR = 0.045 μs, LowerFence = 13.207 μs, UpperFence = 13.387 μs
ConfidenceInterval = [13.257 μs; 13.326 μs] (CI 99.9%), Margin = 0.035 μs (0.26% of Mean)
Skewness = -0.41, Kurtosis = 2.64, MValue = 2

// ** Remained 7 (70.0 %) benchmark(s) to run. Estimated finish 2026-05-27 13:47 (0h 3m from now) **
// **************************
// Benchmark: SmokeBenchByte.SpanJson_Deser: Energy(OutlierMode=DontRemove, IterationTime=1s)
// *** Execute ***
// Launch: 1 / 1
// Execute: dotnet JsonBench-Energy-1.dll --anonymousPipes 123 124 --benchmarkName JsonBench.Benchmarks.SmokeBenchByte.SpanJson_Deser --job Energy --benchmarkId 3 in /home/test/json-energy-bench/JsonBench/bin/Release/net10.0/JsonBench-Energy-1/bin/Release/net10.0
// BeforeAnythingElse

// Benchmark Process Environment Information:
// BenchmarkDotNet v0.15.5-develop (2026-05-27)
// Runtime=.NET 10.0.8 (10.0.8, 10.0.826.23019), X64 RyuJIT x86-64-v3
// GC=Concurrent Workstation
// HardwareIntrinsics=AVX2+BMI1+BMI2+F16C+FMA+LZCNT+MOVBE,AVX,SSE3+SSSE3+SSE4.1+SSE4.2+POPCNT,X86Base+SSE+SSE2,AES+PCLMUL VectorSize=256
// Job: Energy(OutlierMode=DontRemove, IterationTime=1s)

Couldn't find Core RAPL device for socket 0: RAPLCantFindUncoreDevice
OverheadJitting  1: 1 op, 199064.00 ns, 199.0640 us/op, 46325.00 uJpkg_socket_0, 1343.00 uJdram_socket_0, 54870.00 uJcore_socket_0, 0.00 uJuncore_socket_0, 0.00 uJpsys_socket_0, 56.50 degCCpu_socket_0
WorkloadJitting  1: 1 op, 56091354.00 ns, 56.0914 ms/op, 3036247.00 uJpkg_socket_0, 69458.00 uJdram_socket_0, 2683709.00 uJcore_socket_0, 0.00 uJuncore_socket_0, 0.00 uJpsys_socket_0, 58.50 degCCpu_socket_0

Couldn't find Core RAPL device for socket 0: RAPLCantFindUncoreDevice
OverheadJitting  2: 16 op, 467680.00 ns, 29.2300 us/op, 0.00 uJpkg_socket_0, 0.00 uJdram_socket_0, 23377.00 uJcore_socket_0, 0.00 uJuncore_socket_0, 0.00 uJpsys_socket_0, 60.50 degCCpu_socket_0
WorkloadJitting  2: 16 op, 991608.00 ns, 61.9755 us/op, 108642.00 uJpkg_socket_0, 2564.00 uJdram_socket_0, 51514.00 uJcore_socket_0, 0.00 uJuncore_socket_0, 0.00 uJpsys_socket_0, 60.00 degCCpu_socket_0

WorkloadPilot    1: 16 op, 263469.00 ns, 16.4668 us/op, 53467.00 uJpkg_socket_0, 1221.00 uJdram_socket_0, 13733.00 uJcore_socket_0, 0.00 uJuncore_socket_0, 0.00 uJpsys_socket_0, 59.00 degCCpu_socket_0
WorkloadPilot    2: 60736 op, 606030368.00 ns, 9.9781 us/op, 26418634.00 uJpkg_socket_0, 684812.00 uJdram_socket_0, 22500431.00 uJcore_socket_0, 0.00 uJuncore_socket_0, 0.00 uJpsys_socket_0, 65.50 degCCpu_socket_0
WorkloadPilot    3: 100224 op, 530323071.00 ns, 5.2914 us/op, 21848882.00 uJpkg_socket_0, 595213.00 uJdram_socket_0, 18434157.00 uJcore_socket_0, 0.00 uJuncore_socket_0, 0.00 uJpsys_socket_0, 68.00 degCCpu_socket_0
WorkloadPilot    4: 188992 op, 997230907.00 ns, 5.2766 us/op, 41207719.00 uJpkg_socket_0, 1118039.00 uJdram_socket_0, 34727938.00 uJcore_socket_0, 0.00 uJuncore_socket_0, 0.00 uJpsys_socket_0, 68.50 degCCpu_socket_0
WorkloadPilot    5: 189520 op, 999925467.00 ns, 5.2761 us/op, 41169206.00 uJpkg_socket_0, 1121945.00 uJdram_socket_0, 34698703.00 uJcore_socket_0, 0.00 uJuncore_socket_0, 0.00 uJpsys_socket_0, 68.00 degCCpu_socket_0
WorkloadPilot    6: 189536 op, 1003615357.00 ns, 5.2951 us/op, 42239882.00 uJpkg_socket_0, 1131589.00 uJdram_socket_0, 35739715.00 uJcore_socket_0, 0.00 uJuncore_socket_0, 0.00 uJpsys_socket_0, 68.50 degCCpu_socket_0
WorkloadPilot    7: 188864 op, 996348352.00 ns, 5.2755 us/op, 41166093.00 uJpkg_socket_0, 1119565.00 uJdram_socket_0, 34698031.00 uJcore_socket_0, 0.00 uJuncore_socket_0, 0.00 uJpsys_socket_0, 67.50 degCCpu_socket_0
WorkloadPilot    8: 189568 op, 1000412765.00 ns, 5.2773 us/op, 41340531.00 uJpkg_socket_0, 1125791.00 uJdram_socket_0, 34846346.00 uJcore_socket_0, 0.00 uJuncore_socket_0, 0.00 uJpsys_socket_0, 67.50 degCCpu_socket_0
WorkloadPilot    9: 189504 op, 999857357.00 ns, 5.2762 us/op, 41241045.00 uJpkg_socket_0, 1121152.00 uJdram_socket_0, 34771212.00 uJcore_socket_0, 0.00 uJuncore_socket_0, 0.00 uJpsys_socket_0, 67.00 degCCpu_socket_0
WorkloadPilot   10: 189536 op, 1001801211.00 ns, 5.2855 us/op, 42278273.00 uJpkg_socket_0, 1128293.00 uJdram_socket_0, 35804046.00 uJcore_socket_0, 0.00 uJuncore_socket_0, 0.00 uJpsys_socket_0, 67.50 degCCpu_socket_0

OverheadWarmup   1: 189536 op, 578618.00 ns, 3.0528 ns/op, 37353.00 uJpkg_socket_0, 1160.00 uJdram_socket_0, 23011.00 uJcore_socket_0, 0.00 uJuncore_socket_0, 0.00 uJpsys_socket_0, 64.50 degCCpu_socket_0
OverheadWarmup   2: 189536 op, 541443.00 ns, 2.8567 ns/op, 42419.00 uJpkg_socket_0, 1281.00 uJdram_socket_0, 22888.00 uJcore_socket_0, 0.00 uJuncore_socket_0, 0.00 uJpsys_socket_0, 63.50 degCCpu_socket_0
OverheadWarmup   3: 189536 op, 681869.00 ns, 3.5976 ns/op, 40589.00 uJpkg_socket_0, 1160.00 uJdram_socket_0, 27283.00 uJcore_socket_0, 0.00 uJuncore_socket_0, 0.00 uJpsys_socket_0, 63.50 degCCpu_socket_0
OverheadWarmup   4: 189536 op, 545658.00 ns, 2.8789 ns/op, 0.00 uJpkg_socket_0, 0.00 uJdram_socket_0, 24903.00 uJcore_socket_0, 0.00 uJuncore_socket_0, 0.00 uJpsys_socket_0, 63.00 degCCpu_socket_0
OverheadWarmup   5: 189536 op, 548266.00 ns, 2.8927 ns/op, 41564.00 uJpkg_socket_0, 1282.00 uJdram_socket_0, 21424.00 uJcore_socket_0, 0.00 uJuncore_socket_0, 0.00 uJpsys_socket_0, 63.00 degCCpu_socket_0
OverheadWarmup   6: 189536 op, 540739.00 ns, 2.8530 ns/op, 42725.00 uJpkg_socket_0, 1099.00 uJdram_socket_0, 21484.00 uJcore_socket_0, 0.00 uJuncore_socket_0, 0.00 uJpsys_socket_0, 63.00 degCCpu_socket_0

OverheadActual   1: 189536 op, 556957.00 ns, 2.9385 ns/op, 40588.00 uJpkg_socket_0, 1160.00 uJdram_socket_0, 22095.00 uJcore_socket_0, 0.00 uJuncore_socket_0, 0.00 uJpsys_socket_0, 62.50 degCCpu_socket_0
OverheadActual   2: 189536 op, 549656.00 ns, 2.9000 ns/op, 41992.00 uJpkg_socket_0, 1160.00 uJdram_socket_0, 23803.00 uJcore_socket_0, 0.00 uJuncore_socket_0, 0.00 uJpsys_socket_0, 61.50 degCCpu_socket_0
OverheadActual   3: 189536 op, 548284.00 ns, 2.8928 ns/op, 0.00 uJpkg_socket_0, 0.00 uJdram_socket_0, 21606.00 uJcore_socket_0, 0.00 uJuncore_socket_0, 0.00 uJpsys_socket_0, 61.50 degCCpu_socket_0
OverheadActual   4: 189536 op, 549004.00 ns, 2.8966 ns/op, 40406.00 uJpkg_socket_0, 0.00 uJdram_socket_0, 24048.00 uJcore_socket_0, 0.00 uJuncore_socket_0, 0.00 uJpsys_socket_0, 62.00 degCCpu_socket_0
OverheadActual   5: 189536 op, 542882.00 ns, 2.8643 ns/op, 45105.00 uJpkg_socket_0, 1465.00 uJdram_socket_0, 31494.00 uJcore_socket_0, 0.00 uJuncore_socket_0, 0.00 uJpsys_socket_0, 62.00 degCCpu_socket_0
OverheadActual   6: 189536 op, 676700.00 ns, 3.5703 ns/op, 37414.00 uJpkg_socket_0, 1038.00 uJdram_socket_0, 27588.00 uJcore_socket_0, 0.00 uJuncore_socket_0, 0.00 uJpsys_socket_0, 62.00 degCCpu_socket_0
OverheadActual   7: 189536 op, 783626.00 ns, 4.1344 ns/op, 37841.00 uJpkg_socket_0, 1099.00 uJdram_socket_0, 29602.00 uJcore_socket_0, 0.00 uJuncore_socket_0, 0.00 uJpsys_socket_0, 61.50 degCCpu_socket_0
OverheadActual   8: 189536 op, 578919.00 ns, 3.0544 ns/op, 0.00 uJpkg_socket_0, 0.00 uJdram_socket_0, 24841.00 uJcore_socket_0, 0.00 uJuncore_socket_0, 0.00 uJpsys_socket_0, 62.00 degCCpu_socket_0
OverheadActual   9: 189536 op, 542862.00 ns, 2.8642 ns/op, 40222.00 uJpkg_socket_0, 1160.00 uJdram_socket_0, 21912.00 uJcore_socket_0, 0.00 uJuncore_socket_0, 0.00 uJpsys_socket_0, 62.00 degCCpu_socket_0
OverheadActual  10: 189536 op, 645753.00 ns, 3.4070 ns/op, 40772.00 uJpkg_socket_0, 1160.00 uJdram_socket_0, 25329.00 uJcore_socket_0, 0.00 uJuncore_socket_0, 0.00 uJpsys_socket_0, 62.00 degCCpu_socket_0
OverheadActual  11: 189536 op, 548435.00 ns, 2.8936 ns/op, 0.00 uJpkg_socket_0, 0.00 uJdram_socket_0, 21362.00 uJcore_socket_0, 0.00 uJuncore_socket_0, 0.00 uJpsys_socket_0, 62.50 degCCpu_socket_0
OverheadActual  12: 189536 op, 541574.00 ns, 2.8574 ns/op, 39917.00 uJpkg_socket_0, 1160.00 uJdram_socket_0, 21179.00 uJcore_socket_0, 0.00 uJuncore_socket_0, 0.00 uJpsys_socket_0, 62.00 degCCpu_socket_0
OverheadActual  13: 189536 op, 546705.00 ns, 2.8844 ns/op, 0.00 uJpkg_socket_0, 0.00 uJdram_socket_0, 23865.00 uJcore_socket_0, 0.00 uJuncore_socket_0, 0.00 uJpsys_socket_0, 62.50 degCCpu_socket_0
OverheadActual  14: 189536 op, 540696.00 ns, 2.8527 ns/op, 38513.00 uJpkg_socket_0, 1099.00 uJdram_socket_0, 18982.00 uJcore_socket_0, 0.00 uJuncore_socket_0, 0.00 uJpsys_socket_0, 63.00 degCCpu_socket_0
OverheadActual  15: 189536 op, 601082.00 ns, 3.1713 ns/op, 42176.00 uJpkg_socket_0, 1159.00 uJdram_socket_0, 26855.00 uJcore_socket_0, 0.00 uJuncore_socket_0, 0.00 uJpsys_socket_0, 63.00 degCCpu_socket_0
OverheadActual  16: 189536 op, 766972.00 ns, 4.0466 ns/op, 37903.00 uJpkg_socket_0, 1098.00 uJdram_socket_0, 29785.00 uJcore_socket_0, 0.00 uJuncore_socket_0, 0.00 uJpsys_socket_0, 62.50 degCCpu_socket_0
OverheadActual  17: 189536 op, 578592.00 ns, 3.0527 ns/op, 40710.00 uJpkg_socket_0, 1160.00 uJdram_socket_0, 23864.00 uJcore_socket_0, 0.00 uJuncore_socket_0, 0.00 uJpsys_socket_0, 62.00 degCCpu_socket_0
OverheadActual  18: 189536 op, 543000.00 ns, 2.8649 ns/op, 38330.00 uJpkg_socket_0, 1159.00 uJdram_socket_0, 21118.00 uJcore_socket_0, 0.00 uJuncore_socket_0, 0.00 uJpsys_socket_0, 62.00 degCCpu_socket_0
OverheadActual  19: 189536 op, 672857.00 ns, 3.5500 ns/op, 38269.00 uJpkg_socket_0, 1099.00 uJdram_socket_0, 28076.00 uJcore_socket_0, 0.00 uJuncore_socket_0, 0.00 uJpsys_socket_0, 62.50 degCCpu_socket_0
OverheadActual  20: 189536 op, 877591.00 ns, 4.6302 ns/op, 39612.00 uJpkg_socket_0, 1160.00 uJdram_socket_0, 33142.00 uJcore_socket_0, 0.00 uJuncore_socket_0, 0.00 uJpsys_socket_0, 61.50 degCCpu_socket_0

WorkloadWarmup   1: 189536 op, 1004819107.00 ns, 5.3015 us/op, 42311049.00 uJpkg_socket_0, 1133481.00 uJdram_socket_0, 35807953.00 uJcore_socket_0, 0.00 uJuncore_socket_0, 0.00 uJpsys_socket_0, 65.50 degCCpu_socket_0
WorkloadWarmup   2: 189536 op, 1002810214.00 ns, 5.2909 us/op, 41418900.00 uJpkg_socket_0, 1126585.00 uJdram_socket_0, 34931368.00 uJcore_socket_0, 0.00 uJuncore_socket_0, 0.00 uJpsys_socket_0, 68.00 degCCpu_socket_0
WorkloadWarmup   3: 189536 op, 1000670396.00 ns, 5.2796 us/op, 41094194.00 uJpkg_socket_0, 1121152.00 uJdram_socket_0, 34607761.00 uJcore_socket_0, 0.00 uJuncore_socket_0, 0.00 uJpsys_socket_0, 67.50 degCCpu_socket_0
WorkloadWarmup   4: 189536 op, 999525242.00 ns, 5.2735 us/op, 41189531.00 uJpkg_socket_0, 1121396.00 uJdram_socket_0, 34708956.00 uJcore_socket_0, 0.00 uJuncore_socket_0, 0.00 uJpsys_socket_0, 67.00 degCCpu_socket_0
WorkloadWarmup   5: 189536 op, 999644511.00 ns, 5.2742 us/op, 41187516.00 uJpkg_socket_0, 1120115.00 uJdram_socket_0, 34710055.00 uJcore_socket_0, 0.00 uJuncore_socket_0, 0.00 uJpsys_socket_0, 67.00 degCCpu_socket_0
WorkloadWarmup   6: 189536 op, 999730121.00 ns, 5.2746 us/op, 41201189.00 uJpkg_socket_0, 1121274.00 uJdram_socket_0, 34724398.00 uJcore_socket_0, 0.00 uJuncore_socket_0, 0.00 uJpsys_socket_0, 67.00 degCCpu_socket_0
WorkloadWarmup   7: 189536 op, 999451238.00 ns, 5.2731 us/op, 41162675.00 uJpkg_socket_0, 1119687.00 uJdram_socket_0, 34678439.00 uJcore_socket_0, 0.00 uJuncore_socket_0, 0.00 uJpsys_socket_0, 67.00 degCCpu_socket_0
WorkloadWarmup   8: 189536 op, 999951176.00 ns, 5.2758 us/op, 41236283.00 uJpkg_socket_0, 1123105.00 uJdram_socket_0, 34731174.00 uJcore_socket_0, 0.00 uJuncore_socket_0, 0.00 uJpsys_socket_0, 67.50 degCCpu_socket_0
WorkloadWarmup   9: 189536 op, 999713804.00 ns, 5.2745 us/op, 41085039.00 uJpkg_socket_0, 1120054.00 uJdram_socket_0, 34607638.00 uJcore_socket_0, 0.00 uJuncore_socket_0, 0.00 uJpsys_socket_0, 68.00 degCCpu_socket_0

// BeforeActualRun
WorkloadActual   1: 189536 op, 1001604973.00 ns, 5.2845 us/op, 41344133.00 uJpkg_socket_0, 1126096.00 uJdram_socket_0, 34850985.00 uJcore_socket_0, 0.00 uJuncore_socket_0, 0.00 uJpsys_socket_0, 68.50 degCCpu_socket_0
WorkloadActual   2: 189536 op, 1003078738.00 ns, 5.2923 us/op, 41228837.00 uJpkg_socket_0, 1148862.00 uJdram_socket_0, 34737216.00 uJcore_socket_0, 0.00 uJuncore_socket_0, 0.00 uJpsys_socket_0, 67.50 degCCpu_socket_0
WorkloadActual   3: 189536 op, 999882449.00 ns, 5.2754 us/op, 41394791.00 uJpkg_socket_0, 1123716.00 uJdram_socket_0, 34922213.00 uJcore_socket_0, 0.00 uJuncore_socket_0, 0.00 uJpsys_socket_0, 68.00 degCCpu_socket_0
WorkloadActual   4: 189536 op, 999851900.00 ns, 5.2753 us/op, 41204423.00 uJpkg_socket_0, 1122678.00 uJdram_socket_0, 34691806.00 uJcore_socket_0, 0.00 uJuncore_socket_0, 0.00 uJpsys_socket_0, 67.50 degCCpu_socket_0
WorkloadActual   5: 189536 op, 1000012469.00 ns, 5.2761 us/op, 41185869.00 uJpkg_socket_0, 1123288.00 uJdram_socket_0, 34714388.00 uJcore_socket_0, 0.00 uJuncore_socket_0, 0.00 uJpsys_socket_0, 68.50 degCCpu_socket_0
WorkloadActual   6: 189536 op, 1000210104.00 ns, 5.2772 us/op, 41331071.00 uJpkg_socket_0, 1122311.00 uJdram_socket_0, 34832552.00 uJcore_socket_0, 0.00 uJuncore_socket_0, 0.00 uJpsys_socket_0, 67.50 degCCpu_socket_0
WorkloadActual   7: 189536 op, 1000430742.00 ns, 5.2783 us/op, 41607560.00 uJpkg_socket_0, 1126706.00 uJdram_socket_0, 35117525.00 uJcore_socket_0, 0.00 uJuncore_socket_0, 0.00 uJpsys_socket_0, 67.50 degCCpu_socket_0
WorkloadActual   8: 189536 op, 999939276.00 ns, 5.2757 us/op, 41408463.00 uJpkg_socket_0, 1122617.00 uJdram_socket_0, 34895480.00 uJcore_socket_0, 0.00 uJuncore_socket_0, 0.00 uJpsys_socket_0, 67.00 degCCpu_socket_0
WorkloadActual   9: 189536 op, 1000232452.00 ns, 5.2773 us/op, 41322465.00 uJpkg_socket_0, 1123349.00 uJdram_socket_0, 34857821.00 uJcore_socket_0, 0.00 uJuncore_socket_0, 0.00 uJpsys_socket_0, 68.50 degCCpu_socket_0
WorkloadActual  10: 189536 op, 1000503574.00 ns, 5.2787 us/op, 41122636.00 uJpkg_socket_0, 1122311.00 uJdram_socket_0, 34673434.00 uJcore_socket_0, 0.00 uJuncore_socket_0, 0.00 uJpsys_socket_0, 68.00 degCCpu_socket_0
WorkloadActual  11: 189536 op, 1000336854.00 ns, 5.2778 us/op, 41260881.00 uJpkg_socket_0, 1122800.00 uJdram_socket_0, 34803683.00 uJcore_socket_0, 0.00 uJuncore_socket_0, 0.00 uJpsys_socket_0, 68.50 degCCpu_socket_0
WorkloadActual  12: 189536 op, 1000190680.00 ns, 5.2770 us/op, 41167436.00 uJpkg_socket_0, 1122617.00 uJdram_socket_0, 34703097.00 uJcore_socket_0, 0.00 uJuncore_socket_0, 0.00 uJpsys_socket_0, 68.00 degCCpu_socket_0
WorkloadActual  13: 189536 op, 1000880961.00 ns, 5.2807 us/op, 41337236.00 uJpkg_socket_0, 1124875.00 uJdram_socket_0, 34854403.00 uJcore_socket_0, 0.00 uJuncore_socket_0, 0.00 uJpsys_socket_0, 68.50 degCCpu_socket_0
WorkloadActual  14: 189536 op, 999923752.00 ns, 5.2756 us/op, 41238115.00 uJpkg_socket_0, 1122373.00 uJdram_socket_0, 34764804.00 uJcore_socket_0, 0.00 uJuncore_socket_0, 0.00 uJpsys_socket_0, 68.00 degCCpu_socket_0
WorkloadActual  15: 189536 op, 999783794.00 ns, 5.2749 us/op, 41157609.00 uJpkg_socket_0, 1122738.00 uJdram_socket_0, 34683138.00 uJcore_socket_0, 0.00 uJuncore_socket_0, 0.00 uJpsys_socket_0, 68.50 degCCpu_socket_0

// AfterActualRun
WorkloadResult   1: 189536 op, 1001051666.50 ns, 5.2816 us/op, 41344133.00 uJpkg_socket_0, 1126096.00 uJdram_socket_0, 34850985.00 uJcore_socket_0, 0.00 uJuncore_socket_0, 0.00 uJpsys_socket_0, 68.50 degCCpu_socket_0
WorkloadResult   2: 189536 op, 1002525431.50 ns, 5.2894 us/op, 41228837.00 uJpkg_socket_0, 1148862.00 uJdram_socket_0, 34737216.00 uJcore_socket_0, 0.00 uJuncore_socket_0, 0.00 uJpsys_socket_0, 67.50 degCCpu_socket_0
WorkloadResult   3: 189536 op, 999329142.50 ns, 5.2725 us/op, 41394791.00 uJpkg_socket_0, 1123716.00 uJdram_socket_0, 34922213.00 uJcore_socket_0, 0.00 uJuncore_socket_0, 0.00 uJpsys_socket_0, 68.00 degCCpu_socket_0
WorkloadResult   4: 189536 op, 999298593.50 ns, 5.2723 us/op, 41204423.00 uJpkg_socket_0, 1122678.00 uJdram_socket_0, 34691806.00 uJcore_socket_0, 0.00 uJuncore_socket_0, 0.00 uJpsys_socket_0, 67.50 degCCpu_socket_0
WorkloadResult   5: 189536 op, 999459162.50 ns, 5.2732 us/op, 41185869.00 uJpkg_socket_0, 1123288.00 uJdram_socket_0, 34714388.00 uJcore_socket_0, 0.00 uJuncore_socket_0, 0.00 uJpsys_socket_0, 68.50 degCCpu_socket_0
WorkloadResult   6: 189536 op, 999656797.50 ns, 5.2742 us/op, 41331071.00 uJpkg_socket_0, 1122311.00 uJdram_socket_0, 34832552.00 uJcore_socket_0, 0.00 uJuncore_socket_0, 0.00 uJpsys_socket_0, 67.50 degCCpu_socket_0
WorkloadResult   7: 189536 op, 999877435.50 ns, 5.2754 us/op, 41607560.00 uJpkg_socket_0, 1126706.00 uJdram_socket_0, 35117525.00 uJcore_socket_0, 0.00 uJuncore_socket_0, 0.00 uJpsys_socket_0, 67.50 degCCpu_socket_0
WorkloadResult   8: 189536 op, 999385969.50 ns, 5.2728 us/op, 41408463.00 uJpkg_socket_0, 1122617.00 uJdram_socket_0, 34895480.00 uJcore_socket_0, 0.00 uJuncore_socket_0, 0.00 uJpsys_socket_0, 67.00 degCCpu_socket_0
WorkloadResult   9: 189536 op, 999679145.50 ns, 5.2743 us/op, 41322465.00 uJpkg_socket_0, 1123349.00 uJdram_socket_0, 34857821.00 uJcore_socket_0, 0.00 uJuncore_socket_0, 0.00 uJpsys_socket_0, 68.50 degCCpu_socket_0
WorkloadResult  10: 189536 op, 999950267.50 ns, 5.2758 us/op, 41122636.00 uJpkg_socket_0, 1122311.00 uJdram_socket_0, 34673434.00 uJcore_socket_0, 0.00 uJuncore_socket_0, 0.00 uJpsys_socket_0, 68.00 degCCpu_socket_0
WorkloadResult  11: 189536 op, 999783547.50 ns, 5.2749 us/op, 41260881.00 uJpkg_socket_0, 1122800.00 uJdram_socket_0, 34803683.00 uJcore_socket_0, 0.00 uJuncore_socket_0, 0.00 uJpsys_socket_0, 68.50 degCCpu_socket_0
WorkloadResult  12: 189536 op, 999637373.50 ns, 5.2741 us/op, 41167436.00 uJpkg_socket_0, 1122617.00 uJdram_socket_0, 34703097.00 uJcore_socket_0, 0.00 uJuncore_socket_0, 0.00 uJpsys_socket_0, 68.00 degCCpu_socket_0
WorkloadResult  13: 189536 op, 1000327654.50 ns, 5.2778 us/op, 41337236.00 uJpkg_socket_0, 1124875.00 uJdram_socket_0, 34854403.00 uJcore_socket_0, 0.00 uJuncore_socket_0, 0.00 uJpsys_socket_0, 68.50 degCCpu_socket_0
WorkloadResult  14: 189536 op, 999370445.50 ns, 5.2727 us/op, 41238115.00 uJpkg_socket_0, 1122373.00 uJdram_socket_0, 34764804.00 uJcore_socket_0, 0.00 uJuncore_socket_0, 0.00 uJpsys_socket_0, 68.00 degCCpu_socket_0
WorkloadResult  15: 189536 op, 999230487.50 ns, 5.2720 us/op, 41157609.00 uJpkg_socket_0, 1122738.00 uJdram_socket_0, 34683138.00 uJcore_socket_0, 0.00 uJuncore_socket_0, 0.00 uJpsys_socket_0, 68.50 degCCpu_socket_0

// AfterAll
// Benchmark Process 1057317 has exited with code 0.

Mean = 5.276 μs, StdErr = 0.001 μs (0.02%), N = 15, StdDev = 0.005 μs
Min = 5.272 μs, Q1 = 5.273 μs, Median = 5.274 μs, Q3 = 5.276 μs, Max = 5.289 μs
IQR = 0.003 μs, LowerFence = 5.269 μs, UpperFence = 5.280 μs
ConfidenceInterval = [5.271 μs; 5.280 μs] (CI 99.9%), Margin = 0.005 μs (0.09% of Mean)
Skewness = 1.9, Kurtosis = 5.92, MValue = 2

// ** Remained 6 (60.0 %) benchmark(s) to run. Estimated finish 2026-05-27 13:47 (0h 3m from now) **
// **************************
// Benchmark: SmokeBenchByte.Utf8Json_Deser: Energy(OutlierMode=DontRemove, IterationTime=1s)
// *** Execute ***
// Launch: 1 / 1
// Execute: dotnet JsonBench-Energy-1.dll --anonymousPipes 123 124 --benchmarkName JsonBench.Benchmarks.SmokeBenchByte.Utf8Json_Deser --job Energy --benchmarkId 4 in /home/test/json-energy-bench/JsonBench/bin/Release/net10.0/JsonBench-Energy-1/bin/Release/net10.0
// BeforeAnythingElse

// Benchmark Process Environment Information:
// BenchmarkDotNet v0.15.5-develop (2026-05-27)
// Runtime=.NET 10.0.8 (10.0.8, 10.0.826.23019), X64 RyuJIT x86-64-v3
// GC=Concurrent Workstation
// HardwareIntrinsics=AVX2+BMI1+BMI2+F16C+FMA+LZCNT+MOVBE,AVX,SSE3+SSSE3+SSE4.1+SSE4.2+POPCNT,X86Base+SSE+SSE2,AES+PCLMUL VectorSize=256
// Job: Energy(OutlierMode=DontRemove, IterationTime=1s)

Couldn't find Core RAPL device for socket 0: RAPLCantFindUncoreDevice
OverheadJitting  1: 1 op, 192332.00 ns, 192.3320 us/op, 34119.00 uJpkg_socket_0, 2259.00 uJdram_socket_0, 38818.00 uJcore_socket_0, 0.00 uJuncore_socket_0, 0.00 uJpsys_socket_0, 54.50 degCCpu_socket_0
WorkloadJitting  1: 1 op, 60975774.00 ns, 60.9758 ms/op, 2285151.00 uJpkg_socket_0, 70618.00 uJdram_socket_0, 1899898.00 uJcore_socket_0, 0.00 uJuncore_socket_0, 0.00 uJpsys_socket_0, 57.00 degCCpu_socket_0

Couldn't find Core RAPL device for socket 0: RAPLCantFindUncoreDevice
OverheadJitting  2: 16 op, 466325.00 ns, 29.1453 us/op, 0.00 uJpkg_socket_0, 0.00 uJdram_socket_0, 22094.00 uJcore_socket_0, 0.00 uJuncore_socket_0, 0.00 uJpsys_socket_0, 57.00 degCCpu_socket_0
WorkloadJitting  2: 16 op, 1305464.00 ns, 81.5915 us/op, 81116.00 uJpkg_socket_0, 1160.00 uJdram_socket_0, 46508.00 uJcore_socket_0, 0.00 uJuncore_socket_0, 0.00 uJpsys_socket_0, 57.50 degCCpu_socket_0

WorkloadPilot    1: 16 op, 747222.00 ns, 46.7014 us/op, 40283.00 uJpkg_socket_0, 1160.00 uJdram_socket_0, 31372.00 uJcore_socket_0, 0.00 uJuncore_socket_0, 0.00 uJpsys_socket_0, 58.50 degCCpu_socket_0
WorkloadPilot    2: 21424 op, 520552125.00 ns, 24.2976 us/op, 23317445.00 uJpkg_socket_0, 591735.00 uJdram_socket_0, 19938303.00 uJcore_socket_0, 0.00 uJuncore_socket_0, 0.00 uJpsys_socket_0, 64.00 degCCpu_socket_0
WorkloadPilot    3: 41168 op, 318105485.00 ns, 7.7270 us/op, 13704249.00 uJpkg_socket_0, 359497.00 uJdram_socket_0, 11617463.00 uJcore_socket_0, 0.00 uJuncore_socket_0, 0.00 uJpsys_socket_0, 67.50 degCCpu_socket_0
WorkloadPilot    4: 129424 op, 997295198.00 ns, 7.7056 us/op, 43135205.00 uJpkg_socket_0, 1123044.00 uJdram_socket_0, 36654569.00 uJcore_socket_0, 0.00 uJuncore_socket_0, 0.00 uJpsys_socket_0, 69.00 degCCpu_socket_0
WorkloadPilot    5: 129776 op, 998411816.00 ns, 7.6933 us/op, 43237988.00 uJpkg_socket_0, 1123105.00 uJdram_socket_0, 36754667.00 uJcore_socket_0, 0.00 uJuncore_socket_0, 0.00 uJpsys_socket_0, 69.00 degCCpu_socket_0
WorkloadPilot    6: 129984 op, 1000415992.00 ns, 7.6965 us/op, 44304635.00 uJpkg_socket_0, 1132138.00 uJdram_socket_0, 37819361.00 uJcore_socket_0, 0.00 uJuncore_socket_0, 0.00 uJpsys_socket_0, 69.50 degCCpu_socket_0
WorkloadPilot    7: 129936 op, 998758573.00 ns, 7.6865 us/op, 43467723.00 uJpkg_socket_0, 1124570.00 uJdram_socket_0, 36995327.00 uJcore_socket_0, 0.00 uJuncore_socket_0, 0.00 uJpsys_socket_0, 70.00 degCCpu_socket_0
WorkloadPilot    8: 130112 op, 999229415.00 ns, 7.6798 us/op, 43404613.00 uJpkg_socket_0, 1124264.00 uJdram_socket_0, 36908169.00 uJcore_socket_0, 0.00 uJuncore_socket_0, 0.00 uJpsys_socket_0, 68.50 degCCpu_socket_0
WorkloadPilot    9: 130224 op, 1003738863.00 ns, 7.7078 us/op, 43163036.00 uJpkg_socket_0, 1129880.00 uJdram_socket_0, 36661772.00 uJcore_socket_0, 0.00 uJuncore_socket_0, 0.00 uJpsys_socket_0, 69.00 degCCpu_socket_0
WorkloadPilot   10: 129744 op, 997646515.00 ns, 7.6893 us/op, 43868174.00 uJpkg_socket_0, 1126645.00 uJdram_socket_0, 37407070.00 uJcore_socket_0, 0.00 uJuncore_socket_0, 0.00 uJpsys_socket_0, 69.00 degCCpu_socket_0
WorkloadPilot   11: 130064 op, 1002045493.00 ns, 7.7042 us/op, 43311291.00 uJpkg_socket_0, 1144223.00 uJdram_socket_0, 36830228.00 uJcore_socket_0, 0.00 uJuncore_socket_0, 0.00 uJpsys_socket_0, 68.50 degCCpu_socket_0

OverheadWarmup   1: 130064 op, 462586.00 ns, 3.5566 ns/op, 49927.00 uJpkg_socket_0, 1404.00 uJdram_socket_0, 24963.00 uJcore_socket_0, 0.00 uJuncore_socket_0, 0.00 uJpsys_socket_0, 66.00 degCCpu_socket_0
OverheadWarmup   2: 130064 op, 372696.00 ns, 2.8655 ns/op, 0.00 uJpkg_socket_0, 1343.00 uJdram_socket_0, 23376.00 uJcore_socket_0, 0.00 uJuncore_socket_0, 0.00 uJpsys_socket_0, 64.50 degCCpu_socket_0
OverheadWarmup   3: 130064 op, 372104.00 ns, 2.8609 ns/op, 0.00 uJpkg_socket_0, 0.00 uJdram_socket_0, 18677.00 uJcore_socket_0, 0.00 uJuncore_socket_0, 0.00 uJpsys_socket_0, 63.50 degCCpu_socket_0
OverheadWarmup   4: 130064 op, 499126.00 ns, 3.8375 ns/op, 43213.00 uJpkg_socket_0, 1159.00 uJdram_socket_0, 21973.00 uJcore_socket_0, 0.00 uJuncore_socket_0, 0.00 uJpsys_socket_0, 63.00 degCCpu_socket_0
OverheadWarmup   5: 130064 op, 499652.00 ns, 3.8416 ns/op, 42969.00 uJpkg_socket_0, 1343.00 uJdram_socket_0, 24292.00 uJcore_socket_0, 0.00 uJuncore_socket_0, 0.00 uJpsys_socket_0, 62.00 degCCpu_socket_0
OverheadWarmup   6: 130064 op, 373839.00 ns, 2.8743 ns/op, 42297.00 uJpkg_socket_0, 1221.00 uJdram_socket_0, 16174.00 uJcore_socket_0, 0.00 uJuncore_socket_0, 0.00 uJpsys_socket_0, 62.50 degCCpu_socket_0
OverheadWarmup   7: 130064 op, 377305.00 ns, 2.9009 ns/op, 0.00 uJpkg_socket_0, 0.00 uJdram_socket_0, 19531.00 uJcore_socket_0, 0.00 uJuncore_socket_0, 0.00 uJpsys_socket_0, 62.00 degCCpu_socket_0
OverheadWarmup   8: 130064 op, 371437.00 ns, 2.8558 ns/op, 39795.00 uJpkg_socket_0, 1099.00 uJdram_socket_0, 15442.00 uJcore_socket_0, 0.00 uJuncore_socket_0, 0.00 uJpsys_socket_0, 62.00 degCCpu_socket_0

OverheadActual   1: 130064 op, 373864.00 ns, 2.8745 ns/op, 0.00 uJpkg_socket_0, 0.00 uJdram_socket_0, 15381.00 uJcore_socket_0, 0.00 uJuncore_socket_0, 0.00 uJpsys_socket_0, 62.00 degCCpu_socket_0
OverheadActual   2: 130064 op, 372224.00 ns, 2.8619 ns/op, 0.00 uJpkg_socket_0, 0.00 uJdram_socket_0, 15076.00 uJcore_socket_0, 0.00 uJuncore_socket_0, 0.00 uJpsys_socket_0, 61.50 degCCpu_socket_0
OverheadActual   3: 130064 op, 376917.00 ns, 2.8979 ns/op, 38757.00 uJpkg_socket_0, 1098.00 uJdram_socket_0, 15015.00 uJcore_socket_0, 0.00 uJuncore_socket_0, 0.00 uJpsys_socket_0, 62.00 degCCpu_socket_0
OverheadActual   4: 130064 op, 372089.00 ns, 2.8608 ns/op, 0.00 uJpkg_socket_0, 0.00 uJdram_socket_0, 18799.00 uJcore_socket_0, 0.00 uJuncore_socket_0, 0.00 uJpsys_socket_0, 61.00 degCCpu_socket_0
OverheadActual   5: 130064 op, 374856.00 ns, 2.8821 ns/op, 41504.00 uJpkg_socket_0, 1160.00 uJdram_socket_0, 20569.00 uJcore_socket_0, 0.00 uJuncore_socket_0, 0.00 uJpsys_socket_0, 62.00 degCCpu_socket_0
OverheadActual   6: 130064 op, 460020.00 ns, 3.5369 ns/op, 0.00 uJpkg_socket_0, 0.00 uJdram_socket_0, 20752.00 uJcore_socket_0, 0.00 uJuncore_socket_0, 0.00 uJpsys_socket_0, 61.50 degCCpu_socket_0
OverheadActual   7: 130064 op, 377470.00 ns, 2.9022 ns/op, 42419.00 uJpkg_socket_0, 1160.00 uJdram_socket_0, 18189.00 uJcore_socket_0, 0.00 uJuncore_socket_0, 0.00 uJpsys_socket_0, 62.00 degCCpu_socket_0
OverheadActual   8: 130064 op, 458683.00 ns, 3.5266 ns/op, 39856.00 uJpkg_socket_0, 1098.00 uJdram_socket_0, 19470.00 uJcore_socket_0, 0.00 uJuncore_socket_0, 0.00 uJpsys_socket_0, 62.00 degCCpu_socket_0
OverheadActual   9: 130064 op, 376950.00 ns, 2.8982 ns/op, 0.00 uJpkg_socket_0, 0.00 uJdram_socket_0, 17395.00 uJcore_socket_0, 0.00 uJuncore_socket_0, 0.00 uJpsys_socket_0, 62.00 degCCpu_socket_0
OverheadActual  10: 130064 op, 462565.00 ns, 3.5564 ns/op, 40467.00 uJpkg_socket_0, 1098.00 uJdram_socket_0, 19103.00 uJcore_socket_0, 0.00 uJuncore_socket_0, 0.00 uJpsys_socket_0, 62.50 degCCpu_socket_0
OverheadActual  11: 130064 op, 463230.00 ns, 3.5616 ns/op, 0.00 uJpkg_socket_0, 0.00 uJdram_socket_0, 17212.00 uJcore_socket_0, 0.00 uJuncore_socket_0, 0.00 uJpsys_socket_0, 62.50 degCCpu_socket_0
OverheadActual  12: 130064 op, 372260.00 ns, 2.8621 ns/op, 38757.00 uJpkg_socket_0, 1098.00 uJdram_socket_0, 17639.00 uJcore_socket_0, 0.00 uJuncore_socket_0, 0.00 uJpsys_socket_0, 62.00 degCCpu_socket_0
OverheadActual  13: 130064 op, 460934.00 ns, 3.5439 ns/op, 0.00 uJpkg_socket_0, 0.00 uJdram_socket_0, 21606.00 uJcore_socket_0, 0.00 uJuncore_socket_0, 0.00 uJpsys_socket_0, 62.00 degCCpu_socket_0
OverheadActual  14: 130064 op, 376612.00 ns, 2.8956 ns/op, 40222.00 uJpkg_socket_0, 1160.00 uJdram_socket_0, 17700.00 uJcore_socket_0, 0.00 uJuncore_socket_0, 0.00 uJpsys_socket_0, 61.00 degCCpu_socket_0
OverheadActual  15: 130064 op, 461239.00 ns, 3.5462 ns/op, 41870.00 uJpkg_socket_0, 1159.00 uJdram_socket_0, 17089.00 uJcore_socket_0, 0.00 uJuncore_socket_0, 0.00 uJpsys_socket_0, 61.00 degCCpu_socket_0
OverheadActual  16: 130064 op, 377574.00 ns, 2.9030 ns/op, 0.00 uJpkg_socket_0, 0.00 uJdram_socket_0, 19654.00 uJcore_socket_0, 0.00 uJuncore_socket_0, 0.00 uJpsys_socket_0, 61.00 degCCpu_socket_0
OverheadActual  17: 130064 op, 371661.00 ns, 2.8575 ns/op, 39062.00 uJpkg_socket_0, 1098.00 uJdram_socket_0, 17761.00 uJcore_socket_0, 0.00 uJuncore_socket_0, 0.00 uJpsys_socket_0, 62.00 degCCpu_socket_0
OverheadActual  18: 130064 op, 372667.00 ns, 2.8653 ns/op, 0.00 uJpkg_socket_0, 0.00 uJdram_socket_0, 15808.00 uJcore_socket_0, 0.00 uJuncore_socket_0, 0.00 uJpsys_socket_0, 61.00 degCCpu_socket_0
OverheadActual  19: 130064 op, 465173.00 ns, 3.5765 ns/op, 43579.00 uJpkg_socket_0, 1159.00 uJdram_socket_0, 20935.00 uJcore_socket_0, 0.00 uJuncore_socket_0, 0.00 uJpsys_socket_0, 61.00 degCCpu_socket_0
OverheadActual  20: 130064 op, 374254.00 ns, 2.8775 ns/op, 38208.00 uJpkg_socket_0, 1038.00 uJdram_socket_0, 13977.00 uJcore_socket_0, 0.00 uJuncore_socket_0, 0.00 uJpsys_socket_0, 61.50 degCCpu_socket_0

WorkloadWarmup   1: 130064 op, 1003024560.00 ns, 7.7118 us/op, 43923899.00 uJpkg_socket_0, 1129514.00 uJdram_socket_0, 37437099.00 uJcore_socket_0, 0.00 uJuncore_socket_0, 0.00 uJpsys_socket_0, 66.50 degCCpu_socket_0
WorkloadWarmup   2: 130064 op, 1000423647.00 ns, 7.6918 us/op, 43019604.00 uJpkg_socket_0, 1125790.00 uJdram_socket_0, 36523771.00 uJcore_socket_0, 0.00 uJuncore_socket_0, 0.00 uJpsys_socket_0, 68.50 degCCpu_socket_0
WorkloadWarmup   3: 130064 op, 1000132415.00 ns, 7.6895 us/op, 42700818.00 uJpkg_socket_0, 1123654.00 uJdram_socket_0, 36238737.00 uJcore_socket_0, 0.00 uJuncore_socket_0, 0.00 uJpsys_socket_0, 68.50 degCCpu_socket_0
WorkloadWarmup   4: 130064 op, 998231875.00 ns, 7.6749 us/op, 42996289.00 uJpkg_socket_0, 1119443.00 uJdram_socket_0, 36552153.00 uJcore_socket_0, 0.00 uJuncore_socket_0, 0.00 uJpsys_socket_0, 69.50 degCCpu_socket_0
WorkloadWarmup   5: 130064 op, 998666252.00 ns, 7.6783 us/op, 43529186.00 uJpkg_socket_0, 1120542.00 uJdram_socket_0, 37098050.00 uJcore_socket_0, 0.00 uJuncore_socket_0, 0.00 uJpsys_socket_0, 70.00 degCCpu_socket_0
WorkloadWarmup   6: 130064 op, 998462327.00 ns, 7.6767 us/op, 42989026.00 uJpkg_socket_0, 1119321.00 uJdram_socket_0, 36555143.00 uJcore_socket_0, 0.00 uJuncore_socket_0, 0.00 uJpsys_socket_0, 70.00 degCCpu_socket_0
WorkloadWarmup   7: 130064 op, 998443235.00 ns, 7.6766 us/op, 42666272.00 uJpkg_socket_0, 1119320.00 uJdram_socket_0, 36225859.00 uJcore_socket_0, 0.00 uJuncore_socket_0, 0.00 uJpsys_socket_0, 69.50 degCCpu_socket_0
WorkloadWarmup   8: 130064 op, 998938391.00 ns, 7.6804 us/op, 42924695.00 uJpkg_socket_0, 1120908.00 uJdram_socket_0, 36462981.00 uJcore_socket_0, 0.00 uJuncore_socket_0, 0.00 uJpsys_socket_0, 69.00 degCCpu_socket_0
WorkloadWarmup   9: 130064 op, 998936895.00 ns, 7.6803 us/op, 42708326.00 uJpkg_socket_0, 1121274.00 uJdram_socket_0, 36246490.00 uJcore_socket_0, 0.00 uJuncore_socket_0, 0.00 uJpsys_socket_0, 68.00 degCCpu_socket_0

// BeforeActualRun
WorkloadActual   1: 130064 op, 1000991780.00 ns, 7.6961 us/op, 42898327.00 uJpkg_socket_0, 1125058.00 uJdram_socket_0, 36425932.00 uJcore_socket_0, 0.00 uJuncore_socket_0, 0.00 uJpsys_socket_0, 69.50 degCCpu_socket_0
WorkloadActual   2: 130064 op, 1000967550.00 ns, 7.6960 us/op, 43081128.00 uJpkg_socket_0, 1143124.00 uJdram_socket_0, 36602994.00 uJcore_socket_0, 0.00 uJuncore_socket_0, 0.00 uJpsys_socket_0, 69.00 degCCpu_socket_0
WorkloadActual   3: 130064 op, 1000197746.00 ns, 7.6900 us/op, 42796521.00 uJpkg_socket_0, 1140439.00 uJdram_socket_0, 36285613.00 uJcore_socket_0, 0.00 uJuncore_socket_0, 0.00 uJpsys_socket_0, 68.50 degCCpu_socket_0
WorkloadActual   4: 130064 op, 1000830645.00 ns, 7.6949 us/op, 43500133.00 uJpkg_socket_0, 1139096.00 uJdram_socket_0, 37016324.00 uJcore_socket_0, 0.00 uJuncore_socket_0, 0.00 uJpsys_socket_0, 69.50 degCCpu_socket_0
WorkloadActual   5: 130064 op, 1001449050.00 ns, 7.6997 us/op, 43278271.00 uJpkg_socket_0, 1144650.00 uJdram_socket_0, 36768766.00 uJcore_socket_0, 0.00 uJuncore_socket_0, 0.00 uJpsys_socket_0, 68.50 degCCpu_socket_0
WorkloadActual   6: 130064 op, 1000988219.00 ns, 7.6961 us/op, 43257946.00 uJpkg_socket_0, 1144101.00 uJdram_socket_0, 36734342.00 uJcore_socket_0, 0.00 uJuncore_socket_0, 0.00 uJpsys_socket_0, 69.00 degCCpu_socket_0
WorkloadActual   7: 130064 op, 1003069050.00 ns, 7.7121 us/op, 43939585.00 uJpkg_socket_0, 1149106.00 uJdram_socket_0, 37416469.00 uJcore_socket_0, 0.00 uJuncore_socket_0, 0.00 uJpsys_socket_0, 69.00 degCCpu_socket_0
WorkloadActual   8: 130064 op, 1001264254.00 ns, 7.6982 us/op, 43513072.00 uJpkg_socket_0, 1144223.00 uJdram_socket_0, 37036953.00 uJcore_socket_0, 0.00 uJuncore_socket_0, 0.00 uJpsys_socket_0, 68.00 degCCpu_socket_0
WorkloadActual   9: 130064 op, 1001372372.00 ns, 7.6991 us/op, 43484202.00 uJpkg_socket_0, 1142209.00 uJdram_socket_0, 37019254.00 uJcore_socket_0, 0.00 uJuncore_socket_0, 0.00 uJpsys_socket_0, 70.00 degCCpu_socket_0
WorkloadActual  10: 130064 op, 1001272050.00 ns, 7.6983 us/op, 42881238.00 uJpkg_socket_0, 1141904.00 uJdram_socket_0, 36410918.00 uJcore_socket_0, 0.00 uJuncore_socket_0, 0.00 uJpsys_socket_0, 69.50 degCCpu_socket_0
WorkloadActual  11: 130064 op, 1000688404.00 ns, 7.6938 us/op, 43092846.00 uJpkg_socket_0, 1142026.00 uJdram_socket_0, 36645658.00 uJcore_socket_0, 0.00 uJuncore_socket_0, 0.00 uJpsys_socket_0, 69.50 degCCpu_socket_0
WorkloadActual  12: 130064 op, 1001528389.00 ns, 7.7003 us/op, 42943921.00 uJpkg_socket_0, 1144284.00 uJdram_socket_0, 36437834.00 uJcore_socket_0, 0.00 uJuncore_socket_0, 0.00 uJpsys_socket_0, 69.50 degCCpu_socket_0
WorkloadActual  13: 130064 op, 1002563980.00 ns, 7.7082 us/op, 43358836.00 uJpkg_socket_0, 1145138.00 uJdram_socket_0, 36854825.00 uJcore_socket_0, 0.00 uJuncore_socket_0, 0.00 uJpsys_socket_0, 70.00 degCCpu_socket_0
WorkloadActual  14: 130064 op, 1001156529.00 ns, 7.6974 us/op, 43300366.00 uJpkg_socket_0, 1143247.00 uJdram_socket_0, 36831754.00 uJcore_socket_0, 0.00 uJuncore_socket_0, 0.00 uJpsys_socket_0, 69.00 degCCpu_socket_0
WorkloadActual  15: 130064 op, 1000671608.00 ns, 7.6937 us/op, 43164501.00 uJpkg_socket_0, 1141660.00 uJdram_socket_0, 36678678.00 uJcore_socket_0, 0.00 uJuncore_socket_0, 0.00 uJpsys_socket_0, 69.00 degCCpu_socket_0

// AfterActualRun
WorkloadResult   1: 130064 op, 1000614846.50 ns, 7.6932 us/op, 42898327.00 uJpkg_socket_0, 1125058.00 uJdram_socket_0, 36425932.00 uJcore_socket_0, 0.00 uJuncore_socket_0, 0.00 uJpsys_socket_0, 69.50 degCCpu_socket_0
WorkloadResult   2: 130064 op, 1000590616.50 ns, 7.6931 us/op, 43081128.00 uJpkg_socket_0, 1143124.00 uJdram_socket_0, 36602994.00 uJcore_socket_0, 0.00 uJuncore_socket_0, 0.00 uJpsys_socket_0, 69.00 degCCpu_socket_0
WorkloadResult   3: 130064 op, 999820812.50 ns, 7.6871 us/op, 42796521.00 uJpkg_socket_0, 1140439.00 uJdram_socket_0, 36285613.00 uJcore_socket_0, 0.00 uJuncore_socket_0, 0.00 uJpsys_socket_0, 68.50 degCCpu_socket_0
WorkloadResult   4: 130064 op, 1000453711.50 ns, 7.6920 us/op, 43500133.00 uJpkg_socket_0, 1139096.00 uJdram_socket_0, 37016324.00 uJcore_socket_0, 0.00 uJuncore_socket_0, 0.00 uJpsys_socket_0, 69.50 degCCpu_socket_0
WorkloadResult   5: 130064 op, 1001072116.50 ns, 7.6968 us/op, 43278271.00 uJpkg_socket_0, 1144650.00 uJdram_socket_0, 36768766.00 uJcore_socket_0, 0.00 uJuncore_socket_0, 0.00 uJpsys_socket_0, 68.50 degCCpu_socket_0
WorkloadResult   6: 130064 op, 1000611285.50 ns, 7.6932 us/op, 43257946.00 uJpkg_socket_0, 1144101.00 uJdram_socket_0, 36734342.00 uJcore_socket_0, 0.00 uJuncore_socket_0, 0.00 uJpsys_socket_0, 69.00 degCCpu_socket_0
WorkloadResult   7: 130064 op, 1002692116.50 ns, 7.7092 us/op, 43939585.00 uJpkg_socket_0, 1149106.00 uJdram_socket_0, 37416469.00 uJcore_socket_0, 0.00 uJuncore_socket_0, 0.00 uJpsys_socket_0, 69.00 degCCpu_socket_0
WorkloadResult   8: 130064 op, 1000887320.50 ns, 7.6953 us/op, 43513072.00 uJpkg_socket_0, 1144223.00 uJdram_socket_0, 37036953.00 uJcore_socket_0, 0.00 uJuncore_socket_0, 0.00 uJpsys_socket_0, 68.00 degCCpu_socket_0
WorkloadResult   9: 130064 op, 1000995438.50 ns, 7.6962 us/op, 43484202.00 uJpkg_socket_0, 1142209.00 uJdram_socket_0, 37019254.00 uJcore_socket_0, 0.00 uJuncore_socket_0, 0.00 uJpsys_socket_0, 70.00 degCCpu_socket_0
WorkloadResult  10: 130064 op, 1000895116.50 ns, 7.6954 us/op, 42881238.00 uJpkg_socket_0, 1141904.00 uJdram_socket_0, 36410918.00 uJcore_socket_0, 0.00 uJuncore_socket_0, 0.00 uJpsys_socket_0, 69.50 degCCpu_socket_0
WorkloadResult  11: 130064 op, 1000311470.50 ns, 7.6909 us/op, 43092846.00 uJpkg_socket_0, 1142026.00 uJdram_socket_0, 36645658.00 uJcore_socket_0, 0.00 uJuncore_socket_0, 0.00 uJpsys_socket_0, 69.50 degCCpu_socket_0
WorkloadResult  12: 130064 op, 1001151455.50 ns, 7.6974 us/op, 42943921.00 uJpkg_socket_0, 1144284.00 uJdram_socket_0, 36437834.00 uJcore_socket_0, 0.00 uJuncore_socket_0, 0.00 uJpsys_socket_0, 69.50 degCCpu_socket_0
WorkloadResult  13: 130064 op, 1002187046.50 ns, 7.7053 us/op, 43358836.00 uJpkg_socket_0, 1145138.00 uJdram_socket_0, 36854825.00 uJcore_socket_0, 0.00 uJuncore_socket_0, 0.00 uJpsys_socket_0, 70.00 degCCpu_socket_0
WorkloadResult  14: 130064 op, 1000779595.50 ns, 7.6945 us/op, 43300366.00 uJpkg_socket_0, 1143247.00 uJdram_socket_0, 36831754.00 uJcore_socket_0, 0.00 uJuncore_socket_0, 0.00 uJpsys_socket_0, 69.00 degCCpu_socket_0
WorkloadResult  15: 130064 op, 1000294674.50 ns, 7.6908 us/op, 43164501.00 uJpkg_socket_0, 1141660.00 uJdram_socket_0, 36678678.00 uJcore_socket_0, 0.00 uJuncore_socket_0, 0.00 uJpsys_socket_0, 69.00 degCCpu_socket_0

// AfterAll
// Benchmark Process 1057332 has exited with code 0.

Mean = 7.695 μs, StdErr = 0.001 μs (0.02%), N = 15, StdDev = 0.006 μs
Min = 7.687 μs, Q1 = 7.693 μs, Median = 7.695 μs, Q3 = 7.696 μs, Max = 7.709 μs
IQR = 0.004 μs, LowerFence = 7.687 μs, UpperFence = 7.702 μs
ConfidenceInterval = [7.689 μs; 7.701 μs] (CI 99.9%), Margin = 0.006 μs (0.08% of Mean)
Skewness = 1.11, Kurtosis = 3.65, MValue = 2

// ** Remained 5 (50.0 %) benchmark(s) to run. Estimated finish 2026-05-27 13:47 (0h 2m from now) **
// **************************
// Benchmark: SmokeBenchByte.STJRefGen_Ser: Energy(OutlierMode=DontRemove, IterationTime=1s)
// *** Execute ***
// Launch: 1 / 1
// Execute: dotnet JsonBench-Energy-1.dll --anonymousPipes 123 124 --benchmarkName JsonBench.Benchmarks.SmokeBenchByte.STJRefGen_Ser --job Energy --benchmarkId 5 in /home/test/json-energy-bench/JsonBench/bin/Release/net10.0/JsonBench-Energy-1/bin/Release/net10.0
// BeforeAnythingElse

// Benchmark Process Environment Information:
// BenchmarkDotNet v0.15.5-develop (2026-05-27)
// Runtime=.NET 10.0.8 (10.0.8, 10.0.826.23019), X64 RyuJIT x86-64-v3
// GC=Concurrent Workstation
// HardwareIntrinsics=AVX2+BMI1+BMI2+F16C+FMA+LZCNT+MOVBE,AVX,SSE3+SSSE3+SSE4.1+SSE4.2+POPCNT,X86Base+SSE+SSE2,AES+PCLMUL VectorSize=256
// Job: Energy(OutlierMode=DontRemove, IterationTime=1s)

Couldn't find Core RAPL device for socket 0: RAPLCantFindUncoreDevice
OverheadJitting  1: 1 op, 243905.00 ns, 243.9050 us/op, 93505.00 uJpkg_socket_0, 2442.00 uJdram_socket_0, 59204.00 uJcore_socket_0, 0.00 uJuncore_socket_0, 0.00 uJpsys_socket_0, 56.00 degCCpu_socket_0
WorkloadJitting  1: 1 op, 2822546.00 ns, 2.8225 ms/op, 139587.00 uJpkg_socket_0, 3601.00 uJdram_socket_0, 125427.00 uJcore_socket_0, 0.00 uJuncore_socket_0, 0.00 uJpsys_socket_0, 56.00 degCCpu_socket_0

Couldn't find Core RAPL device for socket 0: RAPLCantFindUncoreDevice
OverheadJitting  2: 16 op, 507398.00 ns, 31.7124 us/op, 55298.00 uJpkg_socket_0, 1343.00 uJdram_socket_0, 35522.00 uJcore_socket_0, 0.00 uJuncore_socket_0, 0.00 uJpsys_socket_0, 57.00 degCCpu_socket_0
WorkloadJitting  2: 16 op, 746331.00 ns, 46.6457 us/op, 53405.00 uJpkg_socket_0, 1160.00 uJdram_socket_0, 43457.00 uJcore_socket_0, 0.00 uJuncore_socket_0, 0.00 uJpsys_socket_0, 57.00 degCCpu_socket_0

WorkloadPilot    1: 16 op, 187496.00 ns, 11.7185 us/op, 0.00 uJpkg_socket_0, 0.00 uJdram_socket_0, 14038.00 uJcore_socket_0, 0.00 uJuncore_socket_0, 0.00 uJpsys_socket_0, 57.00 degCCpu_socket_0
WorkloadPilot    2: 85344 op, 624150936.00 ns, 7.3134 us/op, 28374989.00 uJpkg_socket_0, 708556.00 uJdram_socket_0, 24352538.00 uJcore_socket_0, 0.00 uJuncore_socket_0, 0.00 uJpsys_socket_0, 65.00 degCCpu_socket_0
WorkloadPilot    3: 136736 op, 505819249.00 ns, 3.6992 us/op, 22199650.00 uJpkg_socket_0, 570128.00 uJdram_socket_0, 18921949.00 uJcore_socket_0, 0.00 uJuncore_socket_0, 0.00 uJpsys_socket_0, 72.00 degCCpu_socket_0
WorkloadPilot    4: 270336 op, 997462055.00 ns, 3.6897 us/op, 44116769.00 uJpkg_socket_0, 1121030.00 uJdram_socket_0, 37641322.00 uJcore_socket_0, 0.00 uJuncore_socket_0, 0.00 uJpsys_socket_0, 73.50 degCCpu_socket_0
WorkloadPilot    5: 271024 op, 1000538145.00 ns, 3.6917 us/op, 43978342.00 uJpkg_socket_0, 1126096.00 uJdram_socket_0, 37487819.00 uJcore_socket_0, 0.00 uJuncore_socket_0, 0.00 uJpsys_socket_0, 74.00 degCCpu_socket_0
WorkloadPilot    6: 270880 op, 999093073.00 ns, 3.6883 us/op, 44878730.00 uJpkg_socket_0, 1128048.00 uJdram_socket_0, 38433556.00 uJcore_socket_0, 0.00 uJuncore_socket_0, 0.00 uJpsys_socket_0, 72.50 degCCpu_socket_0
WorkloadPilot    7: 271136 op, 1001722089.00 ns, 3.6945 us/op, 44278085.00 uJpkg_socket_0, 1127195.00 uJdram_socket_0, 37787562.00 uJcore_socket_0, 0.00 uJuncore_socket_0, 0.00 uJpsys_socket_0, 72.50 degCCpu_socket_0
WorkloadPilot    8: 270672 op, 1003379688.00 ns, 3.7070 us/op, 44286690.00 uJpkg_socket_0, 1130978.00 uJdram_socket_0, 37770411.00 uJcore_socket_0, 0.00 uJuncore_socket_0, 0.00 uJpsys_socket_0, 73.00 degCCpu_socket_0

OverheadWarmup   1: 270672 op, 832046.00 ns, 3.0740 ns/op, 43518.00 uJpkg_socket_0, 1282.00 uJdram_socket_0, 34363.00 uJcore_socket_0, 0.00 uJuncore_socket_0, 0.00 uJpsys_socket_0, 69.00 degCCpu_socket_0
OverheadWarmup   2: 270672 op, 832460.00 ns, 3.0755 ns/op, 40832.00 uJpkg_socket_0, 1220.00 uJdram_socket_0, 32593.00 uJcore_socket_0, 0.00 uJuncore_socket_0, 0.00 uJpsys_socket_0, 68.50 degCCpu_socket_0
OverheadWarmup   3: 270672 op, 830667.00 ns, 3.0689 ns/op, 39856.00 uJpkg_socket_0, 1221.00 uJdram_socket_0, 33203.00 uJcore_socket_0, 0.00 uJuncore_socket_0, 0.00 uJpsys_socket_0, 67.50 degCCpu_socket_0
OverheadWarmup   4: 270672 op, 834282.00 ns, 3.0823 ns/op, 38147.00 uJpkg_socket_0, 1160.00 uJdram_socket_0, 33813.00 uJcore_socket_0, 0.00 uJuncore_socket_0, 0.00 uJpsys_socket_0, 67.50 degCCpu_socket_0
OverheadWarmup   5: 270672 op, 832298.00 ns, 3.0749 ns/op, 36926.00 uJpkg_socket_0, 1281.00 uJdram_socket_0, 31922.00 uJcore_socket_0, 0.00 uJuncore_socket_0, 0.00 uJpsys_socket_0, 67.00 degCCpu_socket_0

OverheadActual   1: 270672 op, 833460.00 ns, 3.0792 ns/op, 37720.00 uJpkg_socket_0, 1159.00 uJdram_socket_0, 33447.00 uJcore_socket_0, 0.00 uJuncore_socket_0, 0.00 uJpsys_socket_0, 65.50 degCCpu_socket_0
OverheadActual   2: 270672 op, 831563.00 ns, 3.0722 ns/op, 40405.00 uJpkg_socket_0, 1159.00 uJdram_socket_0, 31616.00 uJcore_socket_0, 0.00 uJuncore_socket_0, 0.00 uJpsys_socket_0, 65.50 degCCpu_socket_0
OverheadActual   3: 270672 op, 831707.00 ns, 3.0727 ns/op, 37720.00 uJpkg_socket_0, 1098.00 uJdram_socket_0, 33691.00 uJcore_socket_0, 0.00 uJuncore_socket_0, 0.00 uJpsys_socket_0, 65.50 degCCpu_socket_0
OverheadActual   4: 270672 op, 833632.00 ns, 3.0799 ns/op, 39551.00 uJpkg_socket_0, 1160.00 uJdram_socket_0, 35705.00 uJcore_socket_0, 0.00 uJuncore_socket_0, 0.00 uJpsys_socket_0, 65.50 degCCpu_socket_0
OverheadActual   5: 270672 op, 860022.00 ns, 3.1774 ns/op, 41138.00 uJpkg_socket_0, 1099.00 uJdram_socket_0, 37598.00 uJcore_socket_0, 0.00 uJuncore_socket_0, 0.00 uJpsys_socket_0, 65.50 degCCpu_socket_0
OverheadActual   6: 270672 op, 857574.00 ns, 3.1683 ns/op, 41931.00 uJpkg_socket_0, 1098.00 uJdram_socket_0, 34790.00 uJcore_socket_0, 0.00 uJuncore_socket_0, 0.00 uJpsys_socket_0, 65.50 degCCpu_socket_0
OverheadActual   7: 270672 op, 832935.00 ns, 3.0773 ns/op, 40466.00 uJpkg_socket_0, 1160.00 uJdram_socket_0, 33691.00 uJcore_socket_0, 0.00 uJuncore_socket_0, 0.00 uJpsys_socket_0, 65.50 degCCpu_socket_0
OverheadActual   8: 270672 op, 831184.00 ns, 3.0708 ns/op, 0.00 uJpkg_socket_0, 0.00 uJdram_socket_0, 37964.00 uJcore_socket_0, 0.00 uJuncore_socket_0, 0.00 uJpsys_socket_0, 66.00 degCCpu_socket_0
OverheadActual   9: 270672 op, 835743.00 ns, 3.0877 ns/op, 38025.00 uJpkg_socket_0, 1037.00 uJdram_socket_0, 33020.00 uJcore_socket_0, 0.00 uJuncore_socket_0, 0.00 uJpsys_socket_0, 65.50 degCCpu_socket_0
OverheadActual  10: 270672 op, 866550.00 ns, 3.2015 ns/op, 40344.00 uJpkg_socket_0, 1160.00 uJdram_socket_0, 35583.00 uJcore_socket_0, 0.00 uJuncore_socket_0, 0.00 uJpsys_socket_0, 66.00 degCCpu_socket_0
OverheadActual  11: 270672 op, 831771.00 ns, 3.0730 ns/op, 41259.00 uJpkg_socket_0, 1099.00 uJdram_socket_0, 35034.00 uJcore_socket_0, 0.00 uJuncore_socket_0, 0.00 uJpsys_socket_0, 65.50 degCCpu_socket_0
OverheadActual  12: 270672 op, 828737.00 ns, 3.0618 ns/op, 41809.00 uJpkg_socket_0, 1098.00 uJdram_socket_0, 34973.00 uJcore_socket_0, 0.00 uJuncore_socket_0, 0.00 uJpsys_socket_0, 65.50 degCCpu_socket_0
OverheadActual  13: 270672 op, 830127.00 ns, 3.0669 ns/op, 41077.00 uJpkg_socket_0, 1099.00 uJdram_socket_0, 34546.00 uJcore_socket_0, 0.00 uJuncore_socket_0, 0.00 uJpsys_socket_0, 65.50 degCCpu_socket_0
OverheadActual  14: 270672 op, 834924.00 ns, 3.0846 ns/op, 0.00 uJpkg_socket_0, 0.00 uJdram_socket_0, 37903.00 uJcore_socket_0, 0.00 uJuncore_socket_0, 0.00 uJpsys_socket_0, 65.50 degCCpu_socket_0
OverheadActual  15: 270672 op, 832127.00 ns, 3.0743 ns/op, 38575.00 uJpkg_socket_0, 1038.00 uJdram_socket_0, 36499.00 uJcore_socket_0, 0.00 uJuncore_socket_0, 0.00 uJpsys_socket_0, 65.50 degCCpu_socket_0

WorkloadWarmup   1: 270672 op, 1003749591.00 ns, 3.7084 us/op, 45411504.00 uJpkg_socket_0, 1137570.00 uJdram_socket_0, 38879600.00 uJcore_socket_0, 0.00 uJuncore_socket_0, 0.00 uJpsys_socket_0, 70.00 degCCpu_socket_0
WorkloadWarmup   2: 270672 op, 1002082991.00 ns, 3.7022 us/op, 43980295.00 uJpkg_socket_0, 1126340.00 uJdram_socket_0, 37505030.00 uJcore_socket_0, 0.00 uJuncore_socket_0, 0.00 uJpsys_socket_0, 72.50 degCCpu_socket_0
WorkloadWarmup   3: 270672 op, 1001708719.00 ns, 3.7008 us/op, 44024728.00 uJpkg_socket_0, 1126096.00 uJdram_socket_0, 37533656.00 uJcore_socket_0, 0.00 uJuncore_socket_0, 0.00 uJpsys_socket_0, 74.00 degCCpu_socket_0
WorkloadWarmup   4: 270672 op, 1000628166.00 ns, 3.6968 us/op, 44178598.00 uJpkg_socket_0, 1126706.00 uJdram_socket_0, 37687098.00 uJcore_socket_0, 0.00 uJuncore_socket_0, 0.00 uJpsys_socket_0, 74.00 degCCpu_socket_0
WorkloadWarmup   5: 270672 op, 1000303835.00 ns, 3.6956 us/op, 43966562.00 uJpkg_socket_0, 1123228.00 uJdram_socket_0, 37510219.00 uJcore_socket_0, 0.00 uJuncore_socket_0, 0.00 uJpsys_socket_0, 74.50 degCCpu_socket_0
WorkloadWarmup   6: 270672 op, 1000468913.00 ns, 3.6962 us/op, 43983896.00 uJpkg_socket_0, 1125425.00 uJdram_socket_0, 37496120.00 uJcore_socket_0, 0.00 uJuncore_socket_0, 0.00 uJpsys_socket_0, 73.00 degCCpu_socket_0
WorkloadWarmup   7: 270672 op, 1000156103.00 ns, 3.6951 us/op, 43982492.00 uJpkg_socket_0, 1122922.00 uJdram_socket_0, 37524440.00 uJcore_socket_0, 0.00 uJuncore_socket_0, 0.00 uJpsys_socket_0, 74.50 degCCpu_socket_0
WorkloadWarmup   8: 270672 op, 1000289666.00 ns, 3.6956 us/op, 43949716.00 uJpkg_socket_0, 1124448.00 uJdram_socket_0, 37453151.00 uJcore_socket_0, 0.00 uJuncore_socket_0, 0.00 uJpsys_socket_0, 73.00 degCCpu_socket_0
WorkloadWarmup   9: 270672 op, 1000260937.00 ns, 3.6955 us/op, 43929087.00 uJpkg_socket_0, 1123776.00 uJdram_socket_0, 37473109.00 uJcore_socket_0, 0.00 uJuncore_socket_0, 0.00 uJpsys_socket_0, 74.50 degCCpu_socket_0

// BeforeActualRun
WorkloadActual   1: 270672 op, 1001943994.00 ns, 3.7017 us/op, 44244027.00 uJpkg_socket_0, 1129147.00 uJdram_socket_0, 37762843.00 uJcore_socket_0, 0.00 uJuncore_socket_0, 0.00 uJpsys_socket_0, 73.00 degCCpu_socket_0
WorkloadActual   2: 270672 op, 1002804264.00 ns, 3.7049 us/op, 44258432.00 uJpkg_socket_0, 1144833.00 uJdram_socket_0, 37759242.00 uJcore_socket_0, 0.00 uJuncore_socket_0, 0.00 uJpsys_socket_0, 72.50 degCCpu_socket_0
WorkloadActual   3: 270672 op, 1002748738.00 ns, 3.7047 us/op, 44126413.00 uJpkg_socket_0, 1144773.00 uJdram_socket_0, 37625147.00 uJcore_socket_0, 0.00 uJuncore_socket_0, 0.00 uJpsys_socket_0, 73.50 degCCpu_socket_0
WorkloadActual   4: 270672 op, 1002894048.00 ns, 3.7052 us/op, 44061899.00 uJpkg_socket_0, 1146482.00 uJdram_socket_0, 37570155.00 uJcore_socket_0, 0.00 uJuncore_socket_0, 0.00 uJpsys_socket_0, 72.00 degCCpu_socket_0
WorkloadActual   5: 270672 op, 1002582214.00 ns, 3.7040 us/op, 44106699.00 uJpkg_socket_0, 1145016.00 uJdram_socket_0, 37602381.00 uJcore_socket_0, 0.00 uJuncore_socket_0, 0.00 uJpsys_socket_0, 72.50 degCCpu_socket_0
WorkloadActual   6: 270672 op, 1002857702.00 ns, 3.7051 us/op, 44105356.00 uJpkg_socket_0, 1145078.00 uJdram_socket_0, 37607204.00 uJcore_socket_0, 0.00 uJuncore_socket_0, 0.00 uJpsys_socket_0, 72.50 degCCpu_socket_0
WorkloadActual   7: 270672 op, 1002705276.00 ns, 3.7045 us/op, 44468148.00 uJpkg_socket_0, 1147092.00 uJdram_socket_0, 37967005.00 uJcore_socket_0, 0.00 uJuncore_socket_0, 0.00 uJpsys_socket_0, 73.00 degCCpu_socket_0
WorkloadActual   8: 270672 op, 1003187308.00 ns, 3.7063 us/op, 44227182.00 uJpkg_socket_0, 1146970.00 uJdram_socket_0, 37737330.00 uJcore_socket_0, 0.00 uJuncore_socket_0, 0.00 uJpsys_socket_0, 73.00 degCCpu_socket_0
WorkloadActual   9: 270672 op, 1003043635.00 ns, 3.7058 us/op, 44161691.00 uJpkg_socket_0, 1146543.00 uJdram_socket_0, 37670009.00 uJcore_socket_0, 0.00 uJuncore_socket_0, 0.00 uJpsys_socket_0, 72.50 degCCpu_socket_0
WorkloadActual  10: 270672 op, 1002918873.00 ns, 3.7053 us/op, 44120065.00 uJpkg_socket_0, 1148129.00 uJdram_socket_0, 37590053.00 uJcore_socket_0, 0.00 uJuncore_socket_0, 0.00 uJpsys_socket_0, 73.00 degCCpu_socket_0
WorkloadActual  11: 270672 op, 1002635709.00 ns, 3.7042 us/op, 44031443.00 uJpkg_socket_0, 1142941.00 uJdram_socket_0, 37575038.00 uJcore_socket_0, 0.00 uJuncore_socket_0, 0.00 uJpsys_socket_0, 73.00 degCCpu_socket_0
WorkloadActual  12: 270672 op, 1002606716.00 ns, 3.7041 us/op, 44070444.00 uJpkg_socket_0, 1144406.00 uJdram_socket_0, 37568385.00 uJcore_socket_0, 0.00 uJuncore_socket_0, 0.00 uJpsys_socket_0, 73.00 degCCpu_socket_0
WorkloadActual  13: 270672 op, 1002947603.00 ns, 3.7054 us/op, 44101328.00 uJpkg_socket_0, 1146542.00 uJdram_socket_0, 37613857.00 uJcore_socket_0, 0.00 uJuncore_socket_0, 0.00 uJpsys_socket_0, 73.00 degCCpu_socket_0
WorkloadActual  14: 270672 op, 1010681805.00 ns, 3.7340 us/op, 45063422.00 uJpkg_socket_0, 1175351.00 uJdram_socket_0, 38552636.00 uJcore_socket_0, 0.00 uJuncore_socket_0, 0.00 uJpsys_socket_0, 73.50 degCCpu_socket_0
WorkloadActual  15: 270672 op, 1008143240.00 ns, 3.7246 us/op, 44786141.00 uJpkg_socket_0, 1168088.00 uJdram_socket_0, 38265099.00 uJcore_socket_0, 0.00 uJuncore_socket_0, 0.00 uJpsys_socket_0, 73.00 degCCpu_socket_0

// AfterActualRun
WorkloadResult   1: 270672 op, 1001111059.00 ns, 3.6986 us/op, 44244027.00 uJpkg_socket_0, 1129147.00 uJdram_socket_0, 37762843.00 uJcore_socket_0, 0.00 uJuncore_socket_0, 0.00 uJpsys_socket_0, 73.00 degCCpu_socket_0
WorkloadResult   2: 270672 op, 1001971329.00 ns, 3.7018 us/op, 44258432.00 uJpkg_socket_0, 1144833.00 uJdram_socket_0, 37759242.00 uJcore_socket_0, 0.00 uJuncore_socket_0, 0.00 uJpsys_socket_0, 72.50 degCCpu_socket_0
WorkloadResult   3: 270672 op, 1001915803.00 ns, 3.7016 us/op, 44126413.00 uJpkg_socket_0, 1144773.00 uJdram_socket_0, 37625147.00 uJcore_socket_0, 0.00 uJuncore_socket_0, 0.00 uJpsys_socket_0, 73.50 degCCpu_socket_0
WorkloadResult   4: 270672 op, 1002061113.00 ns, 3.7021 us/op, 44061899.00 uJpkg_socket_0, 1146482.00 uJdram_socket_0, 37570155.00 uJcore_socket_0, 0.00 uJuncore_socket_0, 0.00 uJpsys_socket_0, 72.00 degCCpu_socket_0
WorkloadResult   5: 270672 op, 1001749279.00 ns, 3.7010 us/op, 44106699.00 uJpkg_socket_0, 1145016.00 uJdram_socket_0, 37602381.00 uJcore_socket_0, 0.00 uJuncore_socket_0, 0.00 uJpsys_socket_0, 72.50 degCCpu_socket_0
WorkloadResult   6: 270672 op, 1002024767.00 ns, 3.7020 us/op, 44105356.00 uJpkg_socket_0, 1145078.00 uJdram_socket_0, 37607204.00 uJcore_socket_0, 0.00 uJuncore_socket_0, 0.00 uJpsys_socket_0, 72.50 degCCpu_socket_0
WorkloadResult   7: 270672 op, 1001872341.00 ns, 3.7014 us/op, 44468148.00 uJpkg_socket_0, 1147092.00 uJdram_socket_0, 37967005.00 uJcore_socket_0, 0.00 uJuncore_socket_0, 0.00 uJpsys_socket_0, 73.00 degCCpu_socket_0
WorkloadResult   8: 270672 op, 1002354373.00 ns, 3.7032 us/op, 44227182.00 uJpkg_socket_0, 1146970.00 uJdram_socket_0, 37737330.00 uJcore_socket_0, 0.00 uJuncore_socket_0, 0.00 uJpsys_socket_0, 73.00 degCCpu_socket_0
WorkloadResult   9: 270672 op, 1002210700.00 ns, 3.7027 us/op, 44161691.00 uJpkg_socket_0, 1146543.00 uJdram_socket_0, 37670009.00 uJcore_socket_0, 0.00 uJuncore_socket_0, 0.00 uJpsys_socket_0, 72.50 degCCpu_socket_0
WorkloadResult  10: 270672 op, 1002085938.00 ns, 3.7022 us/op, 44120065.00 uJpkg_socket_0, 1148129.00 uJdram_socket_0, 37590053.00 uJcore_socket_0, 0.00 uJuncore_socket_0, 0.00 uJpsys_socket_0, 73.00 degCCpu_socket_0
WorkloadResult  11: 270672 op, 1001802774.00 ns, 3.7012 us/op, 44031443.00 uJpkg_socket_0, 1142941.00 uJdram_socket_0, 37575038.00 uJcore_socket_0, 0.00 uJuncore_socket_0, 0.00 uJpsys_socket_0, 73.00 degCCpu_socket_0
WorkloadResult  12: 270672 op, 1001773781.00 ns, 3.7011 us/op, 44070444.00 uJpkg_socket_0, 1144406.00 uJdram_socket_0, 37568385.00 uJcore_socket_0, 0.00 uJuncore_socket_0, 0.00 uJpsys_socket_0, 73.00 degCCpu_socket_0
WorkloadResult  13: 270672 op, 1002114668.00 ns, 3.7023 us/op, 44101328.00 uJpkg_socket_0, 1146542.00 uJdram_socket_0, 37613857.00 uJcore_socket_0, 0.00 uJuncore_socket_0, 0.00 uJpsys_socket_0, 73.00 degCCpu_socket_0
WorkloadResult  14: 270672 op, 1009848870.00 ns, 3.7309 us/op, 45063422.00 uJpkg_socket_0, 1175351.00 uJdram_socket_0, 38552636.00 uJcore_socket_0, 0.00 uJuncore_socket_0, 0.00 uJpsys_socket_0, 73.50 degCCpu_socket_0
WorkloadResult  15: 270672 op, 1007310305.00 ns, 3.7215 us/op, 44786141.00 uJpkg_socket_0, 1168088.00 uJdram_socket_0, 38265099.00 uJcore_socket_0, 0.00 uJuncore_socket_0, 0.00 uJpsys_socket_0, 73.00 degCCpu_socket_0

// AfterAll
// Benchmark Process 1057346 has exited with code 0.

Mean = 3.705 μs, StdErr = 0.002 μs (0.06%), N = 15, StdDev = 0.009 μs
Min = 3.699 μs, Q1 = 3.701 μs, Median = 3.702 μs, Q3 = 3.702 μs, Max = 3.731 μs
IQR = 0.001 μs, LowerFence = 3.699 μs, UpperFence = 3.704 μs
ConfidenceInterval = [3.695 μs; 3.714 μs] (CI 99.9%), Margin = 0.010 μs (0.26% of Mean)
Skewness = 2.04, Kurtosis = 5.72, MValue = 2

// ** Remained 4 (40.0 %) benchmark(s) to run. Estimated finish 2026-05-27 13:47 (0h 2m from now) **
// **************************
// Benchmark: SmokeBenchByte.STJSrcGen_Ser: Energy(OutlierMode=DontRemove, IterationTime=1s)
// *** Execute ***
// Launch: 1 / 1
// Execute: dotnet JsonBench-Energy-1.dll --anonymousPipes 123 124 --benchmarkName JsonBench.Benchmarks.SmokeBenchByte.STJSrcGen_Ser --job Energy --benchmarkId 6 in /home/test/json-energy-bench/JsonBench/bin/Release/net10.0/JsonBench-Energy-1/bin/Release/net10.0
// BeforeAnythingElse

// Benchmark Process Environment Information:
// BenchmarkDotNet v0.15.5-develop (2026-05-27)
// Runtime=.NET 10.0.8 (10.0.8, 10.0.826.23019), X64 RyuJIT x86-64-v3
// GC=Concurrent Workstation
// HardwareIntrinsics=AVX2+BMI1+BMI2+F16C+FMA+LZCNT+MOVBE,AVX,SSE3+SSSE3+SSE4.1+SSE4.2+POPCNT,X86Base+SSE+SSE2,AES+PCLMUL VectorSize=256
// Job: Energy(OutlierMode=DontRemove, IterationTime=1s)

Couldn't find Core RAPL device for socket 0: RAPLCantFindUncoreDevice
OverheadJitting  1: 1 op, 193732.00 ns, 193.7320 us/op, 67016.00 uJpkg_socket_0, 1220.00 uJdram_socket_0, 39550.00 uJcore_socket_0, 0.00 uJuncore_socket_0, 0.00 uJpsys_socket_0, 54.50 degCCpu_socket_0
WorkloadJitting  1: 1 op, 8868363.00 ns, 8.8684 ms/op, 304381.00 uJpkg_socket_0, 10742.00 uJdram_socket_0, 247436.00 uJcore_socket_0, 0.00 uJuncore_socket_0, 0.00 uJpsys_socket_0, 55.50 degCCpu_socket_0

Couldn't find Core RAPL device for socket 0: RAPLCantFindUncoreDevice
OverheadJitting  2: 16 op, 474532.00 ns, 29.6583 us/op, 33874.00 uJpkg_socket_0, 1220.00 uJdram_socket_0, 17578.00 uJcore_socket_0, 0.00 uJuncore_socket_0, 0.00 uJpsys_socket_0, 54.50 degCCpu_socket_0
WorkloadJitting  2: 16 op, 651395.00 ns, 40.7122 us/op, 0.00 uJpkg_socket_0, 0.00 uJdram_socket_0, 24170.00 uJcore_socket_0, 0.00 uJuncore_socket_0, 0.00 uJpsys_socket_0, 55.50 degCCpu_socket_0

WorkloadPilot    1: 16 op, 137529.00 ns, 8.5956 us/op, 32592.00 uJpkg_socket_0, 1159.00 uJdram_socket_0, 6958.00 uJcore_socket_0, 0.00 uJuncore_socket_0, 0.00 uJpsys_socket_0, 55.00 degCCpu_socket_0
WorkloadPilot    2: 116352 op, 514253680.00 ns, 4.4198 us/op, 23843445.00 uJpkg_socket_0, 591612.00 uJdram_socket_0, 20496652.00 uJcore_socket_0, 0.00 uJuncore_socket_0, 0.00 uJpsys_socket_0, 64.00 degCCpu_socket_0
WorkloadPilot    3: 226256 op, 584825754.00 ns, 2.5848 us/op, 25892817.00 uJpkg_socket_0, 665587.00 uJdram_socket_0, 22101628.00 uJcore_socket_0, 0.00 uJuncore_socket_0, 0.00 uJpsys_socket_0, 70.50 degCCpu_socket_0
WorkloadPilot    4: 386880 op, 998595626.00 ns, 2.5812 us/op, 44399239.00 uJpkg_socket_0, 1131589.00 uJdram_socket_0, 37971094.00 uJcore_socket_0, 0.00 uJuncore_socket_0, 0.00 uJpsys_socket_0, 71.00 degCCpu_socket_0
WorkloadPilot    5: 387424 op, 998264441.00 ns, 2.5767 us/op, 44175424.00 uJpkg_socket_0, 1128843.00 uJdram_socket_0, 37731531.00 uJcore_socket_0, 0.00 uJuncore_socket_0, 0.00 uJpsys_socket_0, 71.50 degCCpu_socket_0
WorkloadPilot    6: 388112 op, 999058266.00 ns, 2.5741 us/op, 45428106.00 uJpkg_socket_0, 1142759.00 uJdram_socket_0, 38932822.00 uJcore_socket_0, 0.00 uJuncore_socket_0, 0.00 uJpsys_socket_0, 71.00 degCCpu_socket_0
WorkloadPilot    7: 388480 op, 997931075.00 ns, 2.5688 us/op, 44454476.00 uJpkg_socket_0, 1133542.00 uJdram_socket_0, 38002954.00 uJcore_socket_0, 0.00 uJuncore_socket_0, 0.00 uJpsys_socket_0, 70.00 degCCpu_socket_0
WorkloadPilot    8: 389296 op, 997895954.00 ns, 2.5633 us/op, 44862556.00 uJpkg_socket_0, 1130551.00 uJdram_socket_0, 38356591.00 uJcore_socket_0, 0.00 uJuncore_socket_0, 0.00 uJpsys_socket_0, 71.00 degCCpu_socket_0
WorkloadPilot    9: 390128 op, 1000847441.00 ns, 2.5654 us/op, 44699104.00 uJpkg_socket_0, 1130307.00 uJdram_socket_0, 38213220.00 uJcore_socket_0, 0.00 uJuncore_socket_0, 0.00 uJpsys_socket_0, 71.00 degCCpu_socket_0
WorkloadPilot   10: 389808 op, 1001324852.00 ns, 2.5688 us/op, 45479559.00 uJpkg_socket_0, 1137387.00 uJdram_socket_0, 38982566.00 uJcore_socket_0, 0.00 uJuncore_socket_0, 0.00 uJpsys_socket_0, 70.00 degCCpu_socket_0
WorkloadPilot   11: 389296 op, 999509398.00 ns, 2.5675 us/op, 44556954.00 uJpkg_socket_0, 1135861.00 uJdram_socket_0, 38064112.00 uJcore_socket_0, 0.00 uJuncore_socket_0, 0.00 uJpsys_socket_0, 70.50 degCCpu_socket_0
WorkloadPilot   12: 389488 op, 995615930.00 ns, 2.5562 us/op, 44141306.00 uJpkg_socket_0, 1123288.00 uJdram_socket_0, 37685817.00 uJcore_socket_0, 0.00 uJuncore_socket_0, 0.00 uJpsys_socket_0, 70.50 degCCpu_socket_0
WorkloadPilot   13: 391216 op, 998315001.00 ns, 2.5518 us/op, 43957041.00 uJpkg_socket_0, 1121335.00 uJdram_socket_0, 37472926.00 uJcore_socket_0, 0.00 uJuncore_socket_0, 0.00 uJpsys_socket_0, 72.00 degCCpu_socket_0
WorkloadPilot   14: 391888 op, 1000310130.00 ns, 2.5525 us/op, 44111521.00 uJpkg_socket_0, 1125058.00 uJdram_socket_0, 37656093.00 uJcore_socket_0, 0.00 uJuncore_socket_0, 0.00 uJpsys_socket_0, 71.00 degCCpu_socket_0

OverheadWarmup   1: 391888 op, 1124922.00 ns, 2.8705 ns/op, 44189.00 uJpkg_socket_0, 1159.00 uJdram_socket_0, 47729.00 uJcore_socket_0, 0.00 uJuncore_socket_0, 0.00 uJpsys_socket_0, 68.00 degCCpu_socket_0
OverheadWarmup   2: 391888 op, 1118788.00 ns, 2.8549 ns/op, 42297.00 uJpkg_socket_0, 1282.00 uJdram_socket_0, 44129.00 uJcore_socket_0, 0.00 uJuncore_socket_0, 0.00 uJpsys_socket_0, 66.50 degCCpu_socket_0
OverheadWarmup   3: 391888 op, 1125281.00 ns, 2.8714 ns/op, 41992.00 uJpkg_socket_0, 1160.00 uJdram_socket_0, 44128.00 uJcore_socket_0, 0.00 uJuncore_socket_0, 0.00 uJpsys_socket_0, 65.00 degCCpu_socket_0
OverheadWarmup   4: 391888 op, 1122893.00 ns, 2.8653 ns/op, 42969.00 uJpkg_socket_0, 1098.00 uJdram_socket_0, 44494.00 uJcore_socket_0, 0.00 uJuncore_socket_0, 0.00 uJpsys_socket_0, 65.50 degCCpu_socket_0
OverheadWarmup   5: 391888 op, 1126032.00 ns, 2.8734 ns/op, 41748.00 uJpkg_socket_0, 1160.00 uJdram_socket_0, 43518.00 uJcore_socket_0, 0.00 uJuncore_socket_0, 0.00 uJpsys_socket_0, 66.00 degCCpu_socket_0
OverheadWarmup   6: 391888 op, 1120055.00 ns, 2.8581 ns/op, 42053.00 uJpkg_socket_0, 1099.00 uJdram_socket_0, 44128.00 uJcore_socket_0, 0.00 uJuncore_socket_0, 0.00 uJpsys_socket_0, 64.50 degCCpu_socket_0

OverheadActual   1: 391888 op, 1123033.00 ns, 2.8657 ns/op, 43640.00 uJpkg_socket_0, 1099.00 uJdram_socket_0, 47851.00 uJcore_socket_0, 0.00 uJuncore_socket_0, 0.00 uJpsys_socket_0, 62.50 degCCpu_socket_0
OverheadActual   2: 391888 op, 1123624.00 ns, 2.8672 ns/op, 39428.00 uJpkg_socket_0, 1160.00 uJdram_socket_0, 44128.00 uJcore_socket_0, 0.00 uJuncore_socket_0, 0.00 uJpsys_socket_0, 62.00 degCCpu_socket_0
OverheadActual   3: 391888 op, 1125910.00 ns, 2.8730 ns/op, 41870.00 uJpkg_socket_0, 1159.00 uJdram_socket_0, 47668.00 uJcore_socket_0, 0.00 uJuncore_socket_0, 0.00 uJpsys_socket_0, 62.00 degCCpu_socket_0
OverheadActual   4: 391888 op, 1153694.00 ns, 2.9439 ns/op, 39490.00 uJpkg_socket_0, 1160.00 uJdram_socket_0, 40528.00 uJcore_socket_0, 0.00 uJuncore_socket_0, 0.00 uJpsys_socket_0, 63.50 degCCpu_socket_0
OverheadActual   5: 391888 op, 1150347.00 ns, 2.9354 ns/op, 41748.00 uJpkg_socket_0, 1160.00 uJdram_socket_0, 45898.00 uJcore_socket_0, 0.00 uJuncore_socket_0, 0.00 uJpsys_socket_0, 64.00 degCCpu_socket_0
OverheadActual   6: 391888 op, 1186751.00 ns, 3.0283 ns/op, 39001.00 uJpkg_socket_0, 1099.00 uJdram_socket_0, 52368.00 uJcore_socket_0, 0.00 uJuncore_socket_0, 0.00 uJpsys_socket_0, 63.00 degCCpu_socket_0
OverheadActual   7: 391888 op, 1153294.00 ns, 2.9429 ns/op, 85266.00 uJpkg_socket_0, 2258.00 uJdram_socket_0, 48950.00 uJcore_socket_0, 0.00 uJuncore_socket_0, 0.00 uJpsys_socket_0, 63.00 degCCpu_socket_0
OverheadActual   8: 391888 op, 1121898.00 ns, 2.8628 ns/op, 41931.00 uJpkg_socket_0, 1098.00 uJdram_socket_0, 44006.00 uJcore_socket_0, 0.00 uJuncore_socket_0, 0.00 uJpsys_socket_0, 63.00 degCCpu_socket_0
OverheadActual   9: 391888 op, 1119618.00 ns, 2.8570 ns/op, 43030.00 uJpkg_socket_0, 1160.00 uJdram_socket_0, 43702.00 uJcore_socket_0, 0.00 uJuncore_socket_0, 0.00 uJpsys_socket_0, 63.50 degCCpu_socket_0
OverheadActual  10: 391888 op, 1151885.00 ns, 2.9393 ns/op, 42664.00 uJpkg_socket_0, 1099.00 uJdram_socket_0, 45227.00 uJcore_socket_0, 0.00 uJuncore_socket_0, 0.00 uJpsys_socket_0, 64.50 degCCpu_socket_0
OverheadActual  11: 391888 op, 1121256.00 ns, 2.8612 ns/op, 46814.00 uJpkg_socket_0, 1159.00 uJdram_socket_0, 46630.00 uJcore_socket_0, 0.00 uJuncore_socket_0, 0.00 uJpsys_socket_0, 64.00 degCCpu_socket_0
OverheadActual  12: 391888 op, 1124462.00 ns, 2.8693 ns/op, 40588.00 uJpkg_socket_0, 1099.00 uJdram_socket_0, 49316.00 uJcore_socket_0, 0.00 uJuncore_socket_0, 0.00 uJpsys_socket_0, 63.50 degCCpu_socket_0
OverheadActual  13: 391888 op, 1122958.00 ns, 2.8655 ns/op, 83007.00 uJpkg_socket_0, 2258.00 uJdram_socket_0, 45654.00 uJcore_socket_0, 0.00 uJuncore_socket_0, 0.00 uJpsys_socket_0, 63.50 degCCpu_socket_0
OverheadActual  14: 391888 op, 1119128.00 ns, 2.8557 ns/op, 46020.00 uJpkg_socket_0, 1160.00 uJdram_socket_0, 48035.00 uJcore_socket_0, 0.00 uJuncore_socket_0, 0.00 uJpsys_socket_0, 63.00 degCCpu_socket_0
OverheadActual  15: 391888 op, 1119669.00 ns, 2.8571 ns/op, 40832.00 uJpkg_socket_0, 1099.00 uJdram_socket_0, 40710.00 uJcore_socket_0, 0.00 uJuncore_socket_0, 0.00 uJpsys_socket_0, 64.00 degCCpu_socket_0

WorkloadWarmup   1: 391888 op, 1008567781.00 ns, 2.5736 us/op, 45375921.00 uJpkg_socket_0, 1140011.00 uJdram_socket_0, 38838035.00 uJcore_socket_0, 0.00 uJuncore_socket_0, 0.00 uJpsys_socket_0, 67.00 degCCpu_socket_0
WorkloadWarmup   2: 391888 op, 1006000571.00 ns, 2.5671 us/op, 44469979.00 uJpkg_socket_0, 1129941.00 uJdram_socket_0, 37918787.00 uJcore_socket_0, 0.00 uJuncore_socket_0, 0.00 uJpsys_socket_0, 71.00 degCCpu_socket_0
WorkloadWarmup   3: 391888 op, 1004061977.00 ns, 2.5621 us/op, 44419564.00 uJpkg_socket_0, 1125302.00 uJdram_socket_0, 37933863.00 uJcore_socket_0, 0.00 uJuncore_socket_0, 0.00 uJpsys_socket_0, 72.00 degCCpu_socket_0
WorkloadWarmup   4: 391888 op, 999999616.00 ns, 2.5517 us/op, 44259530.00 uJpkg_socket_0, 1121274.00 uJdram_socket_0, 37794032.00 uJcore_socket_0, 0.00 uJuncore_socket_0, 0.00 uJpsys_socket_0, 71.50 degCCpu_socket_0
WorkloadWarmup   5: 391888 op, 999852683.00 ns, 2.5514 us/op, 44366768.00 uJpkg_socket_0, 1121029.00 uJdram_socket_0, 37899195.00 uJcore_socket_0, 0.00 uJuncore_socket_0, 0.00 uJpsys_socket_0, 70.50 degCCpu_socket_0
WorkloadWarmup   6: 391888 op, 999770916.00 ns, 2.5512 us/op, 44668281.00 uJpkg_socket_0, 1120969.00 uJdram_socket_0, 38195765.00 uJcore_socket_0, 0.00 uJuncore_socket_0, 0.00 uJpsys_socket_0, 70.50 degCCpu_socket_0
WorkloadWarmup   7: 391888 op, 999830270.00 ns, 2.5513 us/op, 44104807.00 uJpkg_socket_0, 1121029.00 uJdram_socket_0, 37631129.00 uJcore_socket_0, 0.00 uJuncore_socket_0, 0.00 uJpsys_socket_0, 71.00 degCCpu_socket_0
WorkloadWarmup   8: 391888 op, 1000543896.00 ns, 2.5531 us/op, 44232430.00 uJpkg_socket_0, 1122861.00 uJdram_socket_0, 37743556.00 uJcore_socket_0, 0.00 uJuncore_socket_0, 0.00 uJpsys_socket_0, 70.50 degCCpu_socket_0
WorkloadWarmup   9: 391888 op, 999980486.00 ns, 2.5517 us/op, 44028269.00 uJpkg_socket_0, 1121396.00 uJdram_socket_0, 37556422.00 uJcore_socket_0, 0.00 uJuncore_socket_0, 0.00 uJpsys_socket_0, 70.50 degCCpu_socket_0
WorkloadWarmup  10: 391888 op, 1000633613.00 ns, 2.5534 us/op, 44227121.00 uJpkg_socket_0, 1123288.00 uJdram_socket_0, 37740504.00 uJcore_socket_0, 0.00 uJuncore_socket_0, 0.00 uJpsys_socket_0, 70.50 degCCpu_socket_0
WorkloadWarmup  11: 391888 op, 999941583.00 ns, 2.5516 us/op, 44069834.00 uJpkg_socket_0, 1121396.00 uJdram_socket_0, 37600368.00 uJcore_socket_0, 0.00 uJuncore_socket_0, 0.00 uJpsys_socket_0, 70.50 degCCpu_socket_0

// BeforeActualRun
WorkloadActual   1: 391888 op, 1002836122.00 ns, 2.5590 us/op, 44459054.00 uJpkg_socket_0, 1133969.00 uJdram_socket_0, 37966517.00 uJcore_socket_0, 0.00 uJuncore_socket_0, 0.00 uJpsys_socket_0, 71.00 degCCpu_socket_0
WorkloadActual   2: 391888 op, 1003675194.00 ns, 2.5611 us/op, 44372567.00 uJpkg_socket_0, 1151547.00 uJdram_socket_0, 37864100.00 uJcore_socket_0, 0.00 uJuncore_socket_0, 0.00 uJpsys_socket_0, 71.50 degCCpu_socket_0
WorkloadActual   3: 391888 op, 1003589076.00 ns, 2.5609 us/op, 44145334.00 uJpkg_socket_0, 1152707.00 uJdram_socket_0, 37633205.00 uJcore_socket_0, 0.00 uJuncore_socket_0, 0.00 uJpsys_socket_0, 71.50 degCCpu_socket_0
WorkloadActual   4: 391888 op, 1003674584.00 ns, 2.5611 us/op, 44253122.00 uJpkg_socket_0, 1152280.00 uJdram_socket_0, 37741359.00 uJcore_socket_0, 0.00 uJuncore_socket_0, 0.00 uJpsys_socket_0, 71.00 degCCpu_socket_0
WorkloadActual   5: 391888 op, 1004834084.00 ns, 2.5641 us/op, 44856026.00 uJpkg_socket_0, 1157163.00 uJdram_socket_0, 38350732.00 uJcore_socket_0, 0.00 uJuncore_socket_0, 0.00 uJpsys_socket_0, 71.00 degCCpu_socket_0
WorkloadActual   6: 391888 op, 1003613911.00 ns, 2.5610 us/op, 44896919.00 uJpkg_socket_0, 1152523.00 uJdram_socket_0, 38380517.00 uJcore_socket_0, 0.00 uJuncore_socket_0, 0.00 uJpsys_socket_0, 70.00 degCCpu_socket_0
WorkloadActual   7: 391888 op, 1000983168.00 ns, 2.5543 us/op, 44655037.00 uJpkg_socket_0, 1129148.00 uJdram_socket_0, 38177880.00 uJcore_socket_0, 0.00 uJuncore_socket_0, 0.00 uJpsys_socket_0, 70.00 degCCpu_socket_0
WorkloadActual   8: 391888 op, 1000872526.00 ns, 2.5540 us/op, 44241037.00 uJpkg_socket_0, 1128110.00 uJdram_socket_0, 37725429.00 uJcore_socket_0, 0.00 uJuncore_socket_0, 0.00 uJpsys_socket_0, 70.50 degCCpu_socket_0
WorkloadActual   9: 391888 op, 1000494308.00 ns, 2.5530 us/op, 44053659.00 uJpkg_socket_0, 1126462.00 uJdram_socket_0, 37602686.00 uJcore_socket_0, 0.00 uJuncore_socket_0, 0.00 uJpsys_socket_0, 71.50 degCCpu_socket_0
WorkloadActual  10: 391888 op, 1001411777.00 ns, 2.5554 us/op, 44231637.00 uJpkg_socket_0, 1128842.00 uJdram_socket_0, 37729335.00 uJcore_socket_0, 0.00 uJuncore_socket_0, 0.00 uJpsys_socket_0, 71.00 degCCpu_socket_0
WorkloadActual  11: 391888 op, 1001611203.00 ns, 2.5559 us/op, 44152841.00 uJpkg_socket_0, 1128903.00 uJdram_socket_0, 37659145.00 uJcore_socket_0, 0.00 uJuncore_socket_0, 0.00 uJpsys_socket_0, 72.00 degCCpu_socket_0
WorkloadActual  12: 391888 op, 1001870336.00 ns, 2.5565 us/op, 44352059.00 uJpkg_socket_0, 1129330.00 uJdram_socket_0, 37863246.00 uJcore_socket_0, 0.00 uJuncore_socket_0, 0.00 uJpsys_socket_0, 72.00 degCCpu_socket_0
WorkloadActual  13: 391888 op, 1001539463.00 ns, 2.5557 us/op, 44411080.00 uJpkg_socket_0, 1128781.00 uJdram_socket_0, 37910730.00 uJcore_socket_0, 0.00 uJuncore_socket_0, 0.00 uJpsys_socket_0, 71.00 degCCpu_socket_0
WorkloadActual  14: 391888 op, 1001476205.00 ns, 2.5555 us/op, 44486336.00 uJpkg_socket_0, 1127561.00 uJdram_socket_0, 38033227.00 uJcore_socket_0, 0.00 uJuncore_socket_0, 0.00 uJpsys_socket_0, 71.50 degCCpu_socket_0
WorkloadActual  15: 391888 op, 1001352129.00 ns, 2.5552 us/op, 44418527.00 uJpkg_socket_0, 1127561.00 uJdram_socket_0, 37920435.00 uJcore_socket_0, 0.00 uJuncore_socket_0, 0.00 uJpsys_socket_0, 71.00 degCCpu_socket_0

// AfterActualRun
WorkloadResult   1: 391888 op, 1001712498.00 ns, 2.5561 us/op, 44459054.00 uJpkg_socket_0, 1133969.00 uJdram_socket_0, 37966517.00 uJcore_socket_0, 0.00 uJuncore_socket_0, 0.00 uJpsys_socket_0, 71.00 degCCpu_socket_0
WorkloadResult   2: 391888 op, 1002551570.00 ns, 2.5583 us/op, 44372567.00 uJpkg_socket_0, 1151547.00 uJdram_socket_0, 37864100.00 uJcore_socket_0, 0.00 uJuncore_socket_0, 0.00 uJpsys_socket_0, 71.50 degCCpu_socket_0
WorkloadResult   3: 391888 op, 1002465452.00 ns, 2.5580 us/op, 44145334.00 uJpkg_socket_0, 1152707.00 uJdram_socket_0, 37633205.00 uJcore_socket_0, 0.00 uJuncore_socket_0, 0.00 uJpsys_socket_0, 71.50 degCCpu_socket_0
WorkloadResult   4: 391888 op, 1002550960.00 ns, 2.5583 us/op, 44253122.00 uJpkg_socket_0, 1152280.00 uJdram_socket_0, 37741359.00 uJcore_socket_0, 0.00 uJuncore_socket_0, 0.00 uJpsys_socket_0, 71.00 degCCpu_socket_0
WorkloadResult   5: 391888 op, 1003710460.00 ns, 2.5612 us/op, 44856026.00 uJpkg_socket_0, 1157163.00 uJdram_socket_0, 38350732.00 uJcore_socket_0, 0.00 uJuncore_socket_0, 0.00 uJpsys_socket_0, 71.00 degCCpu_socket_0
WorkloadResult   6: 391888 op, 1002490287.00 ns, 2.5581 us/op, 44896919.00 uJpkg_socket_0, 1152523.00 uJdram_socket_0, 38380517.00 uJcore_socket_0, 0.00 uJuncore_socket_0, 0.00 uJpsys_socket_0, 70.00 degCCpu_socket_0
WorkloadResult   7: 391888 op, 999859544.00 ns, 2.5514 us/op, 44655037.00 uJpkg_socket_0, 1129148.00 uJdram_socket_0, 38177880.00 uJcore_socket_0, 0.00 uJuncore_socket_0, 0.00 uJpsys_socket_0, 70.00 degCCpu_socket_0
WorkloadResult   8: 391888 op, 999748902.00 ns, 2.5511 us/op, 44241037.00 uJpkg_socket_0, 1128110.00 uJdram_socket_0, 37725429.00 uJcore_socket_0, 0.00 uJuncore_socket_0, 0.00 uJpsys_socket_0, 70.50 degCCpu_socket_0
WorkloadResult   9: 391888 op, 999370684.00 ns, 2.5501 us/op, 44053659.00 uJpkg_socket_0, 1126462.00 uJdram_socket_0, 37602686.00 uJcore_socket_0, 0.00 uJuncore_socket_0, 0.00 uJpsys_socket_0, 71.50 degCCpu_socket_0
WorkloadResult  10: 391888 op, 1000288153.00 ns, 2.5525 us/op, 44231637.00 uJpkg_socket_0, 1128842.00 uJdram_socket_0, 37729335.00 uJcore_socket_0, 0.00 uJuncore_socket_0, 0.00 uJpsys_socket_0, 71.00 degCCpu_socket_0
WorkloadResult  11: 391888 op, 1000487579.00 ns, 2.5530 us/op, 44152841.00 uJpkg_socket_0, 1128903.00 uJdram_socket_0, 37659145.00 uJcore_socket_0, 0.00 uJuncore_socket_0, 0.00 uJpsys_socket_0, 72.00 degCCpu_socket_0
WorkloadResult  12: 391888 op, 1000746712.00 ns, 2.5537 us/op, 44352059.00 uJpkg_socket_0, 1129330.00 uJdram_socket_0, 37863246.00 uJcore_socket_0, 0.00 uJuncore_socket_0, 0.00 uJpsys_socket_0, 72.00 degCCpu_socket_0
WorkloadResult  13: 391888 op, 1000415839.00 ns, 2.5528 us/op, 44411080.00 uJpkg_socket_0, 1128781.00 uJdram_socket_0, 37910730.00 uJcore_socket_0, 0.00 uJuncore_socket_0, 0.00 uJpsys_socket_0, 71.00 degCCpu_socket_0
WorkloadResult  14: 391888 op, 1000352581.00 ns, 2.5526 us/op, 44486336.00 uJpkg_socket_0, 1127561.00 uJdram_socket_0, 38033227.00 uJcore_socket_0, 0.00 uJuncore_socket_0, 0.00 uJpsys_socket_0, 71.50 degCCpu_socket_0
WorkloadResult  15: 391888 op, 1000228505.00 ns, 2.5523 us/op, 44418527.00 uJpkg_socket_0, 1127561.00 uJdram_socket_0, 37920435.00 uJcore_socket_0, 0.00 uJuncore_socket_0, 0.00 uJpsys_socket_0, 71.00 degCCpu_socket_0

// AfterAll
// Benchmark Process 1057360 has exited with code 0.

Mean = 2.555 μs, StdErr = 0.001 μs (0.03%), N = 15, StdDev = 0.003 μs
Min = 2.550 μs, Q1 = 2.552 μs, Median = 2.553 μs, Q3 = 2.558 μs, Max = 2.561 μs
IQR = 0.006 μs, LowerFence = 2.544 μs, UpperFence = 2.567 μs
ConfidenceInterval = [2.551 μs; 2.558 μs] (CI 99.9%), Margin = 0.004 μs (0.14% of Mean)
Skewness = 0.44, Kurtosis = 1.68, MValue = 2

// ** Remained 3 (30.0 %) benchmark(s) to run. Estimated finish 2026-05-27 13:47 (0h 1m from now) **
// **************************
// Benchmark: SmokeBenchByte.Newtonsoft_Ser: Energy(OutlierMode=DontRemove, IterationTime=1s)
// *** Execute ***
// Launch: 1 / 1
// Execute: dotnet JsonBench-Energy-1.dll --anonymousPipes 123 124 --benchmarkName JsonBench.Benchmarks.SmokeBenchByte.Newtonsoft_Ser --job Energy --benchmarkId 7 in /home/test/json-energy-bench/JsonBench/bin/Release/net10.0/JsonBench-Energy-1/bin/Release/net10.0
// BeforeAnythingElse

// Benchmark Process Environment Information:
// BenchmarkDotNet v0.15.5-develop (2026-05-27)
// Runtime=.NET 10.0.8 (10.0.8, 10.0.826.23019), X64 RyuJIT x86-64-v3
// GC=Concurrent Workstation
// HardwareIntrinsics=AVX2+BMI1+BMI2+F16C+FMA+LZCNT+MOVBE,AVX,SSE3+SSSE3+SSE4.1+SSE4.2+POPCNT,X86Base+SSE+SSE2,AES+PCLMUL VectorSize=256
// Job: Energy(OutlierMode=DontRemove, IterationTime=1s)

Couldn't find Core RAPL device for socket 0: RAPLCantFindUncoreDevice
OverheadJitting  1: 1 op, 193477.00 ns, 193.4770 us/op, 36255.00 uJpkg_socket_0, 2380.00 uJdram_socket_0, 40588.00 uJcore_socket_0, 0.00 uJuncore_socket_0, 0.00 uJpsys_socket_0, 56.50 degCCpu_socket_0
WorkloadJitting  1: 1 op, 42836446.00 ns, 42.8364 ms/op, 1641841.00 uJpkg_socket_0, 49560.00 uJdram_socket_0, 1367122.00 uJcore_socket_0, 0.00 uJuncore_socket_0, 0.00 uJpsys_socket_0, 58.50 degCCpu_socket_0

Couldn't find Core RAPL device for socket 0: RAPLCantFindUncoreDevice
OverheadJitting  2: 16 op, 490013.00 ns, 30.6258 us/op, 38757.00 uJpkg_socket_0, 1221.00 uJdram_socket_0, 19714.00 uJcore_socket_0, 0.00 uJuncore_socket_0, 0.00 uJpsys_socket_0, 59.00 degCCpu_socket_0
WorkloadJitting  2: 16 op, 1335521.00 ns, 83.4701 us/op, 79895.00 uJpkg_socket_0, 2258.00 uJdram_socket_0, 49195.00 uJcore_socket_0, 0.00 uJuncore_socket_0, 0.00 uJpsys_socket_0, 59.00 degCCpu_socket_0

WorkloadPilot    1: 16 op, 727410.00 ns, 45.4631 us/op, 40466.00 uJpkg_socket_0, 1221.00 uJdram_socket_0, 30335.00 uJcore_socket_0, 0.00 uJuncore_socket_0, 0.00 uJpsys_socket_0, 60.00 degCCpu_socket_0
WorkloadPilot    2: 22000 op, 493458196.00 ns, 22.4299 us/op, 22827457.00 uJpkg_socket_0, 565794.00 uJdram_socket_0, 19624889.00 uJcore_socket_0, 0.00 uJuncore_socket_0, 0.00 uJpsys_socket_0, 65.00 degCCpu_socket_0
WorkloadPilot    3: 44592 op, 380770655.00 ns, 8.5390 us/op, 16434162.00 uJpkg_socket_0, 434081.00 uJdram_socket_0, 13923365.00 uJcore_socket_0, 0.00 uJuncore_socket_0, 0.00 uJpsys_socket_0, 69.50 degCCpu_socket_0
WorkloadPilot    4: 117120 op, 991637570.00 ns, 8.4669 us/op, 42812391.00 uJpkg_socket_0, 1117551.00 uJdram_socket_0, 36384428.00 uJcore_socket_0, 0.00 uJuncore_socket_0, 0.00 uJpsys_socket_0, 70.00 degCCpu_socket_0
WorkloadPilot    5: 118112 op, 1003241568.00 ns, 8.4940 us/op, 42885999.00 uJpkg_socket_0, 1131833.00 uJdram_socket_0, 36367338.00 uJcore_socket_0, 0.00 uJuncore_socket_0, 0.00 uJpsys_socket_0, 69.00 degCCpu_socket_0
WorkloadPilot    6: 117744 op, 997256119.00 ns, 8.4697 us/op, 43855417.00 uJpkg_socket_0, 1136837.00 uJdram_socket_0, 37383876.00 uJcore_socket_0, 0.00 uJuncore_socket_0, 0.00 uJpsys_socket_0, 70.00 degCCpu_socket_0
WorkloadPilot    7: 118080 op, 998633987.00 ns, 8.4573 us/op, 42756361.00 uJpkg_socket_0, 1127561.00 uJdram_socket_0, 36282622.00 uJcore_socket_0, 0.00 uJuncore_socket_0, 0.00 uJpsys_socket_0, 69.50 degCCpu_socket_0
WorkloadPilot    8: 118256 op, 1001143291.00 ns, 8.4659 us/op, 42869824.00 uJpkg_socket_0, 1132199.00 uJdram_socket_0, 36362639.00 uJcore_socket_0, 0.00 uJuncore_socket_0, 0.00 uJpsys_socket_0, 69.50 degCCpu_socket_0
WorkloadPilot    9: 118128 op, 999793349.00 ns, 8.4636 us/op, 42732435.00 uJpkg_socket_0, 1127377.00 uJdram_socket_0, 36260955.00 uJcore_socket_0, 0.00 uJuncore_socket_0, 0.00 uJpsys_socket_0, 70.50 degCCpu_socket_0
WorkloadPilot   10: 118160 op, 1000339335.00 ns, 8.4660 us/op, 43819590.00 uJpkg_socket_0, 1140439.00 uJdram_socket_0, 37334865.00 uJcore_socket_0, 0.00 uJuncore_socket_0, 0.00 uJpsys_socket_0, 68.50 degCCpu_socket_0

OverheadWarmup   1: 118160 op, 335444.00 ns, 2.8389 ns/op, 0.00 uJpkg_socket_0, 0.00 uJdram_socket_0, 13245.00 uJcore_socket_0, 0.00 uJuncore_socket_0, 0.00 uJpsys_socket_0, 66.50 degCCpu_socket_0
OverheadWarmup   2: 118160 op, 369601.00 ns, 3.1280 ns/op, 0.00 uJpkg_socket_0, 0.00 uJdram_socket_0, 18860.00 uJcore_socket_0, 0.00 uJuncore_socket_0, 0.00 uJpsys_socket_0, 66.00 degCCpu_socket_0
OverheadWarmup   3: 118160 op, 336004.00 ns, 2.8436 ns/op, 43579.00 uJpkg_socket_0, 1343.00 uJdram_socket_0, 14527.00 uJcore_socket_0, 0.00 uJuncore_socket_0, 0.00 uJpsys_socket_0, 66.00 degCCpu_socket_0
OverheadWarmup   4: 118160 op, 347201.00 ns, 2.9384 ns/op, 0.00 uJpkg_socket_0, 0.00 uJdram_socket_0, 16784.00 uJcore_socket_0, 0.00 uJuncore_socket_0, 0.00 uJpsys_socket_0, 65.50 degCCpu_socket_0
OverheadWarmup   5: 118160 op, 336610.00 ns, 2.8488 ns/op, 41260.00 uJpkg_socket_0, 1099.00 uJdram_socket_0, 12634.00 uJcore_socket_0, 0.00 uJuncore_socket_0, 0.00 uJpsys_socket_0, 65.00 degCCpu_socket_0

OverheadActual   1: 118160 op, 335134.00 ns, 2.8363 ns/op, 0.00 uJpkg_socket_0, 0.00 uJdram_socket_0, 15320.00 uJcore_socket_0, 0.00 uJuncore_socket_0, 0.00 uJpsys_socket_0, 64.00 degCCpu_socket_0
OverheadActual   2: 118160 op, 369566.00 ns, 3.1277 ns/op, 0.00 uJpkg_socket_0, 0.00 uJdram_socket_0, 15197.00 uJcore_socket_0, 0.00 uJuncore_socket_0, 0.00 uJpsys_socket_0, 64.00 degCCpu_socket_0
OverheadActual   3: 118160 op, 335785.00 ns, 2.8418 ns/op, 39490.00 uJpkg_socket_0, 1098.00 uJdram_socket_0, 15808.00 uJcore_socket_0, 0.00 uJuncore_socket_0, 0.00 uJpsys_socket_0, 64.00 degCCpu_socket_0
OverheadActual   4: 118160 op, 370033.00 ns, 3.1316 ns/op, 0.00 uJpkg_socket_0, 0.00 uJdram_socket_0, 14770.00 uJcore_socket_0, 0.00 uJuncore_socket_0, 0.00 uJpsys_socket_0, 64.00 degCCpu_socket_0
OverheadActual   5: 118160 op, 335766.00 ns, 2.8416 ns/op, 37353.00 uJpkg_socket_0, 1098.00 uJdram_socket_0, 12451.00 uJcore_socket_0, 0.00 uJuncore_socket_0, 0.00 uJpsys_socket_0, 64.00 degCCpu_socket_0
OverheadActual   6: 118160 op, 371648.00 ns, 3.1453 ns/op, 0.00 uJpkg_socket_0, 0.00 uJdram_socket_0, 13672.00 uJcore_socket_0, 0.00 uJuncore_socket_0, 0.00 uJpsys_socket_0, 63.50 degCCpu_socket_0
OverheadActual   7: 118160 op, 336622.00 ns, 2.8489 ns/op, 43945.00 uJpkg_socket_0, 1159.00 uJdram_socket_0, 18310.00 uJcore_socket_0, 0.00 uJuncore_socket_0, 0.00 uJpsys_socket_0, 63.00 degCCpu_socket_0
OverheadActual   8: 118160 op, 369980.00 ns, 3.1312 ns/op, 0.00 uJpkg_socket_0, 0.00 uJdram_socket_0, 14038.00 uJcore_socket_0, 0.00 uJuncore_socket_0, 0.00 uJpsys_socket_0, 63.00 degCCpu_socket_0
OverheadActual   9: 118160 op, 335048.00 ns, 2.8355 ns/op, 41016.00 uJpkg_socket_0, 1098.00 uJdram_socket_0, 18128.00 uJcore_socket_0, 0.00 uJuncore_socket_0, 0.00 uJpsys_socket_0, 63.00 degCCpu_socket_0
OverheadActual  10: 118160 op, 367782.00 ns, 3.1126 ns/op, 0.00 uJpkg_socket_0, 0.00 uJdram_socket_0, 17029.00 uJcore_socket_0, 0.00 uJuncore_socket_0, 0.00 uJpsys_socket_0, 62.50 degCCpu_socket_0
OverheadActual  11: 118160 op, 334956.00 ns, 2.8348 ns/op, 41137.00 uJpkg_socket_0, 1099.00 uJdram_socket_0, 17578.00 uJcore_socket_0, 0.00 uJuncore_socket_0, 0.00 uJpsys_socket_0, 62.00 degCCpu_socket_0
OverheadActual  12: 118160 op, 339293.00 ns, 2.8715 ns/op, 0.00 uJpkg_socket_0, 0.00 uJdram_socket_0, 17883.00 uJcore_socket_0, 0.00 uJuncore_socket_0, 0.00 uJpsys_socket_0, 63.00 degCCpu_socket_0
OverheadActual  13: 118160 op, 335386.00 ns, 2.8384 ns/op, 0.00 uJpkg_socket_0, 0.00 uJdram_socket_0, 11169.00 uJcore_socket_0, 0.00 uJuncore_socket_0, 0.00 uJpsys_socket_0, 63.00 degCCpu_socket_0
OverheadActual  14: 118160 op, 368801.00 ns, 3.1212 ns/op, 0.00 uJpkg_socket_0, 0.00 uJdram_socket_0, 18554.00 uJcore_socket_0, 0.00 uJuncore_socket_0, 0.00 uJpsys_socket_0, 63.00 degCCpu_socket_0
OverheadActual  15: 118160 op, 336017.00 ns, 2.8437 ns/op, 0.00 uJpkg_socket_0, 0.00 uJdram_socket_0, 13489.00 uJcore_socket_0, 0.00 uJuncore_socket_0, 0.00 uJpsys_socket_0, 62.50 degCCpu_socket_0
OverheadActual  16: 118160 op, 336458.00 ns, 2.8475 ns/op, 41382.00 uJpkg_socket_0, 1160.00 uJdram_socket_0, 15198.00 uJcore_socket_0, 0.00 uJuncore_socket_0, 0.00 uJpsys_socket_0, 63.00 degCCpu_socket_0

WorkloadWarmup   1: 118160 op, 1003190866.00 ns, 8.4901 us/op, 43764902.00 uJpkg_socket_0, 1139707.00 uJdram_socket_0, 37284634.00 uJcore_socket_0, 0.00 uJuncore_socket_0, 0.00 uJpsys_socket_0, 66.00 degCCpu_socket_0
WorkloadWarmup   2: 118160 op, 999770597.00 ns, 8.4612 us/op, 42927198.00 uJpkg_socket_0, 1133786.00 uJdram_socket_0, 36450224.00 uJcore_socket_0, 0.00 uJuncore_socket_0, 0.00 uJpsys_socket_0, 70.00 degCCpu_socket_0
WorkloadWarmup   3: 118160 op, 998375616.00 ns, 8.4494 us/op, 42996411.00 uJpkg_socket_0, 1125852.00 uJdram_socket_0, 36560636.00 uJcore_socket_0, 0.00 uJuncore_socket_0, 0.00 uJpsys_socket_0, 69.50 degCCpu_socket_0
WorkloadWarmup   4: 118160 op, 997972485.00 ns, 8.4459 us/op, 42987317.00 uJpkg_socket_0, 1132443.00 uJdram_socket_0, 36494536.00 uJcore_socket_0, 0.00 uJuncore_socket_0, 0.00 uJpsys_socket_0, 69.50 degCCpu_socket_0
WorkloadWarmup   5: 118160 op, 1000220109.00 ns, 8.4650 us/op, 43081738.00 uJpkg_socket_0, 1136105.00 uJdram_socket_0, 36618315.00 uJcore_socket_0, 0.00 uJuncore_socket_0, 0.00 uJpsys_socket_0, 70.00 degCCpu_socket_0
WorkloadWarmup   6: 118160 op, 1002294075.00 ns, 8.4825 us/op, 43294628.00 uJpkg_socket_0, 1142819.00 uJdram_socket_0, 36779385.00 uJcore_socket_0, 0.00 uJuncore_socket_0, 0.00 uJpsys_socket_0, 69.50 degCCpu_socket_0
WorkloadWarmup   7: 118160 op, 1002877238.00 ns, 8.4875 us/op, 43302745.00 uJpkg_socket_0, 1143979.00 uJdram_socket_0, 36814969.00 uJcore_socket_0, 0.00 uJuncore_socket_0, 0.00 uJpsys_socket_0, 70.50 degCCpu_socket_0
WorkloadWarmup   8: 118160 op, 1004751468.00 ns, 8.5033 us/op, 43307811.00 uJpkg_socket_0, 1146176.00 uJdram_socket_0, 36806668.00 uJcore_socket_0, 0.00 uJuncore_socket_0, 0.00 uJpsys_socket_0, 68.00 degCCpu_socket_0
WorkloadWarmup   9: 118160 op, 1004102466.00 ns, 8.4978 us/op, 43426769.00 uJpkg_socket_0, 1145932.00 uJdram_socket_0, 36896268.00 uJcore_socket_0, 0.00 uJuncore_socket_0, 0.00 uJpsys_socket_0, 69.00 degCCpu_socket_0
WorkloadWarmup  10: 118160 op, 1004687004.00 ns, 8.5028 us/op, 43437755.00 uJpkg_socket_0, 1147580.00 uJdram_socket_0, 36927213.00 uJcore_socket_0, 0.00 uJuncore_socket_0, 0.00 uJpsys_socket_0, 70.00 degCCpu_socket_0
WorkloadWarmup  11: 118160 op, 1004966213.00 ns, 8.5051 us/op, 43460765.00 uJpkg_socket_0, 1147519.00 uJdram_socket_0, 36961270.00 uJcore_socket_0, 0.00 uJuncore_socket_0, 0.00 uJpsys_socket_0, 70.00 degCCpu_socket_0
WorkloadWarmup  12: 118160 op, 1003735403.00 ns, 8.4947 us/op, 43157909.00 uJpkg_socket_0, 1143857.00 uJdram_socket_0, 36656766.00 uJcore_socket_0, 0.00 uJuncore_socket_0, 0.00 uJpsys_socket_0, 69.00 degCCpu_socket_0

// BeforeActualRun
WorkloadActual   1: 118160 op, 999207669.00 ns, 8.4564 us/op, 42696424.00 uJpkg_socket_0, 1122129.00 uJdram_socket_0, 36245940.00 uJcore_socket_0, 0.00 uJuncore_socket_0, 0.00 uJpsys_socket_0, 68.50 degCCpu_socket_0
WorkloadActual   2: 118160 op, 1001184037.00 ns, 8.4731 us/op, 43071850.00 uJpkg_socket_0, 1164976.00 uJdram_socket_0, 36559599.00 uJcore_socket_0, 0.00 uJuncore_socket_0, 0.00 uJpsys_socket_0, 69.00 degCCpu_socket_0
WorkloadActual   3: 118160 op, 1001725331.00 ns, 8.4777 us/op, 42789075.00 uJpkg_socket_0, 1164182.00 uJdram_socket_0, 36297210.00 uJcore_socket_0, 0.00 uJuncore_socket_0, 0.00 uJpsys_socket_0, 69.50 degCCpu_socket_0
WorkloadActual   4: 118160 op, 1001356353.00 ns, 8.4746 us/op, 43055615.00 uJpkg_socket_0, 1169125.00 uJdram_socket_0, 36547453.00 uJcore_socket_0, 0.00 uJuncore_socket_0, 0.00 uJpsys_socket_0, 70.00 degCCpu_socket_0
WorkloadActual   5: 118160 op, 1000942081.00 ns, 8.4711 us/op, 42962781.00 uJpkg_socket_0, 1162717.00 uJdram_socket_0, 36480498.00 uJcore_socket_0, 0.00 uJuncore_socket_0, 0.00 uJpsys_socket_0, 70.00 degCCpu_socket_0
WorkloadActual   6: 118160 op, 1003932481.00 ns, 8.4964 us/op, 42990857.00 uJpkg_socket_0, 1184811.00 uJdram_socket_0, 36479277.00 uJcore_socket_0, 0.00 uJuncore_socket_0, 0.00 uJpsys_socket_0, 70.50 degCCpu_socket_0
WorkloadActual   7: 118160 op, 1002910372.00 ns, 8.4877 us/op, 42711927.00 uJpkg_socket_0, 1181149.00 uJdram_socket_0, 36211272.00 uJcore_socket_0, 0.00 uJuncore_socket_0, 0.00 uJpsys_socket_0, 69.50 degCCpu_socket_0
WorkloadActual   8: 118160 op, 1003364553.00 ns, 8.4916 us/op, 42745435.00 uJpkg_socket_0, 1181637.00 uJdram_socket_0, 36262175.00 uJcore_socket_0, 0.00 uJuncore_socket_0, 0.00 uJpsys_socket_0, 69.50 degCCpu_socket_0
WorkloadActual   9: 118160 op, 1004025191.00 ns, 8.4972 us/op, 42873791.00 uJpkg_socket_0, 1183530.00 uJdram_socket_0, 36374662.00 uJcore_socket_0, 0.00 uJuncore_socket_0, 0.00 uJpsys_socket_0, 69.00 degCCpu_socket_0
WorkloadActual  10: 118160 op, 1002660936.00 ns, 8.4856 us/op, 42858533.00 uJpkg_socket_0, 1181149.00 uJdram_socket_0, 36389677.00 uJcore_socket_0, 0.00 uJuncore_socket_0, 0.00 uJpsys_socket_0, 70.00 degCCpu_socket_0
WorkloadActual  11: 118160 op, 1002334715.00 ns, 8.4829 us/op, 42803174.00 uJpkg_socket_0, 1179318.00 uJdram_socket_0, 36324981.00 uJcore_socket_0, 0.00 uJuncore_socket_0, 0.00 uJpsys_socket_0, 69.00 degCCpu_socket_0
WorkloadActual  12: 118160 op, 1004947094.00 ns, 8.5050 us/op, 42823438.00 uJpkg_socket_0, 1184384.00 uJdram_socket_0, 36309295.00 uJcore_socket_0, 0.00 uJuncore_socket_0, 0.00 uJpsys_socket_0, 69.50 degCCpu_socket_0
WorkloadActual  13: 118160 op, 1006309205.00 ns, 8.5165 us/op, 43009717.00 uJpkg_socket_0, 1169248.00 uJdram_socket_0, 36508573.00 uJcore_socket_0, 0.00 uJuncore_socket_0, 0.00 uJpsys_socket_0, 69.50 degCCpu_socket_0
WorkloadActual  14: 118160 op, 1002680365.00 ns, 8.4858 us/op, 42738049.00 uJpkg_socket_0, 1165769.00 uJdram_socket_0, 36229339.00 uJcore_socket_0, 0.00 uJuncore_socket_0, 0.00 uJpsys_socket_0, 69.00 degCCpu_socket_0
WorkloadActual  15: 118160 op, 1002658773.00 ns, 8.4856 us/op, 42546034.00 uJpkg_socket_0, 1165463.00 uJdram_socket_0, 36048675.00 uJcore_socket_0, 0.00 uJuncore_socket_0, 0.00 uJpsys_socket_0, 68.50 degCCpu_socket_0

// AfterActualRun
WorkloadResult   1: 118160 op, 998871129.00 ns, 8.4535 us/op, 42696424.00 uJpkg_socket_0, 1122129.00 uJdram_socket_0, 36245940.00 uJcore_socket_0, 0.00 uJuncore_socket_0, 0.00 uJpsys_socket_0, 68.50 degCCpu_socket_0
WorkloadResult   2: 118160 op, 1000847497.00 ns, 8.4703 us/op, 43071850.00 uJpkg_socket_0, 1164976.00 uJdram_socket_0, 36559599.00 uJcore_socket_0, 0.00 uJuncore_socket_0, 0.00 uJpsys_socket_0, 69.00 degCCpu_socket_0
WorkloadResult   3: 118160 op, 1001388791.00 ns, 8.4749 us/op, 42789075.00 uJpkg_socket_0, 1164182.00 uJdram_socket_0, 36297210.00 uJcore_socket_0, 0.00 uJuncore_socket_0, 0.00 uJpsys_socket_0, 69.50 degCCpu_socket_0
WorkloadResult   4: 118160 op, 1001019813.00 ns, 8.4717 us/op, 43055615.00 uJpkg_socket_0, 1169125.00 uJdram_socket_0, 36547453.00 uJcore_socket_0, 0.00 uJuncore_socket_0, 0.00 uJpsys_socket_0, 70.00 degCCpu_socket_0
WorkloadResult   5: 118160 op, 1000605541.00 ns, 8.4682 us/op, 42962781.00 uJpkg_socket_0, 1162717.00 uJdram_socket_0, 36480498.00 uJcore_socket_0, 0.00 uJuncore_socket_0, 0.00 uJpsys_socket_0, 70.00 degCCpu_socket_0
WorkloadResult   6: 118160 op, 1003595941.00 ns, 8.4935 us/op, 42990857.00 uJpkg_socket_0, 1184811.00 uJdram_socket_0, 36479277.00 uJcore_socket_0, 0.00 uJuncore_socket_0, 0.00 uJpsys_socket_0, 70.50 degCCpu_socket_0
WorkloadResult   7: 118160 op, 1002573832.00 ns, 8.4849 us/op, 42711927.00 uJpkg_socket_0, 1181149.00 uJdram_socket_0, 36211272.00 uJcore_socket_0, 0.00 uJuncore_socket_0, 0.00 uJpsys_socket_0, 69.50 degCCpu_socket_0
WorkloadResult   8: 118160 op, 1003028013.00 ns, 8.4887 us/op, 42745435.00 uJpkg_socket_0, 1181637.00 uJdram_socket_0, 36262175.00 uJcore_socket_0, 0.00 uJuncore_socket_0, 0.00 uJpsys_socket_0, 69.50 degCCpu_socket_0
WorkloadResult   9: 118160 op, 1003688651.00 ns, 8.4943 us/op, 42873791.00 uJpkg_socket_0, 1183530.00 uJdram_socket_0, 36374662.00 uJcore_socket_0, 0.00 uJuncore_socket_0, 0.00 uJpsys_socket_0, 69.00 degCCpu_socket_0
WorkloadResult  10: 118160 op, 1002324396.00 ns, 8.4828 us/op, 42858533.00 uJpkg_socket_0, 1181149.00 uJdram_socket_0, 36389677.00 uJcore_socket_0, 0.00 uJuncore_socket_0, 0.00 uJpsys_socket_0, 70.00 degCCpu_socket_0
WorkloadResult  11: 118160 op, 1001998175.00 ns, 8.4800 us/op, 42803174.00 uJpkg_socket_0, 1179318.00 uJdram_socket_0, 36324981.00 uJcore_socket_0, 0.00 uJuncore_socket_0, 0.00 uJpsys_socket_0, 69.00 degCCpu_socket_0
WorkloadResult  12: 118160 op, 1004610554.00 ns, 8.5021 us/op, 42823438.00 uJpkg_socket_0, 1184384.00 uJdram_socket_0, 36309295.00 uJcore_socket_0, 0.00 uJuncore_socket_0, 0.00 uJpsys_socket_0, 69.50 degCCpu_socket_0
WorkloadResult  13: 118160 op, 1005972665.00 ns, 8.5136 us/op, 43009717.00 uJpkg_socket_0, 1169248.00 uJdram_socket_0, 36508573.00 uJcore_socket_0, 0.00 uJuncore_socket_0, 0.00 uJpsys_socket_0, 69.50 degCCpu_socket_0
WorkloadResult  14: 118160 op, 1002343825.00 ns, 8.4829 us/op, 42738049.00 uJpkg_socket_0, 1165769.00 uJdram_socket_0, 36229339.00 uJcore_socket_0, 0.00 uJuncore_socket_0, 0.00 uJpsys_socket_0, 69.00 degCCpu_socket_0
WorkloadResult  15: 118160 op, 1002322233.00 ns, 8.4828 us/op, 42546034.00 uJpkg_socket_0, 1165463.00 uJdram_socket_0, 36048675.00 uJcore_socket_0, 0.00 uJuncore_socket_0, 0.00 uJpsys_socket_0, 68.50 degCCpu_socket_0

// AfterAll
// Benchmark Process 1057377 has exited with code 0.

Mean = 8.483 μs, StdErr = 0.004 μs (0.04%), N = 15, StdDev = 0.015 μs
Min = 8.454 μs, Q1 = 8.473 μs, Median = 8.483 μs, Q3 = 8.491 μs, Max = 8.514 μs
IQR = 0.018 μs, LowerFence = 8.447 μs, UpperFence = 8.518 μs
ConfidenceInterval = [8.467 μs; 8.499 μs] (CI 99.9%), Margin = 0.016 μs (0.19% of Mean)
Skewness = 0.13, Kurtosis = 2.69, MValue = 2

// ** Remained 2 (20.0 %) benchmark(s) to run. Estimated finish 2026-05-27 13:47 (0h 1m from now) **
// **************************
// Benchmark: SmokeBenchByte.SpanJson_Ser: Energy(OutlierMode=DontRemove, IterationTime=1s)
// *** Execute ***
// Launch: 1 / 1
// Execute: dotnet JsonBench-Energy-1.dll --anonymousPipes 123 124 --benchmarkName JsonBench.Benchmarks.SmokeBenchByte.SpanJson_Ser --job Energy --benchmarkId 8 in /home/test/json-energy-bench/JsonBench/bin/Release/net10.0/JsonBench-Energy-1/bin/Release/net10.0
// BeforeAnythingElse

// Benchmark Process Environment Information:
// BenchmarkDotNet v0.15.5-develop (2026-05-27)
// Runtime=.NET 10.0.8 (10.0.8, 10.0.826.23019), X64 RyuJIT x86-64-v3
// GC=Concurrent Workstation
// HardwareIntrinsics=AVX2+BMI1+BMI2+F16C+FMA+LZCNT+MOVBE,AVX,SSE3+SSSE3+SSE4.1+SSE4.2+POPCNT,X86Base+SSE+SSE2,AES+PCLMUL VectorSize=256
// Job: Energy(OutlierMode=DontRemove, IterationTime=1s)

Couldn't find Core RAPL device for socket 0: RAPLCantFindUncoreDevice
OverheadJitting  1: 1 op, 192646.00 ns, 192.6460 us/op, 31555.00 uJpkg_socket_0, 2380.00 uJdram_socket_0, 41137.00 uJcore_socket_0, 0.00 uJuncore_socket_0, 0.00 uJpsys_socket_0, 55.00 degCCpu_socket_0
WorkloadJitting  1: 1 op, 56051885.00 ns, 56.0519 ms/op, 1952632.00 uJpkg_socket_0, 65613.00 uJdram_socket_0, 1600521.00 uJcore_socket_0, 0.00 uJuncore_socket_0, 0.00 uJpsys_socket_0, 57.50 degCCpu_socket_0

Couldn't find Core RAPL device for socket 0: RAPLCantFindUncoreDevice
OverheadJitting  2: 16 op, 498770.00 ns, 31.1731 us/op, 52124.00 uJpkg_socket_0, 1526.00 uJdram_socket_0, 27588.00 uJcore_socket_0, 0.00 uJuncore_socket_0, 0.00 uJpsys_socket_0, 58.00 degCCpu_socket_0
WorkloadJitting  2: 16 op, 1058269.00 ns, 66.1418 us/op, 52796.00 uJpkg_socket_0, 1343.00 uJdram_socket_0, 57556.00 uJcore_socket_0, 0.00 uJuncore_socket_0, 0.00 uJpsys_socket_0, 58.50 degCCpu_socket_0

WorkloadPilot    1: 16 op, 462811.00 ns, 28.9257 us/op, 36559.00 uJpkg_socket_0, 1099.00 uJdram_socket_0, 21484.00 uJcore_socket_0, 0.00 uJuncore_socket_0, 0.00 uJpsys_socket_0, 58.00 degCCpu_socket_0
WorkloadPilot    2: 34576 op, 247150160.00 ns, 7.1480 us/op, 10961886.00 uJpkg_socket_0, 281311.00 uJdram_socket_0, 9374915.00 uJcore_socket_0, 0.00 uJuncore_socket_0, 0.00 uJpsys_socket_0, 64.00 degCCpu_socket_0
WorkloadPilot    3: 139904 op, 624671134.00 ns, 4.4650 us/op, 26639397.00 uJpkg_socket_0, 705199.00 uJdram_socket_0, 22591556.00 uJcore_socket_0, 0.00 uJuncore_socket_0, 0.00 uJpsys_socket_0, 67.50 degCCpu_socket_0
WorkloadPilot    4: 223968 op, 997229435.00 ns, 4.4526 us/op, 42516737.00 uJpkg_socket_0, 1120297.00 uJdram_socket_0, 36075775.00 uJcore_socket_0, 0.00 uJuncore_socket_0, 0.00 uJpsys_socket_0, 68.00 degCCpu_socket_0
WorkloadPilot    5: 224592 op, 1010112345.00 ns, 4.4975 us/op, 42866040.00 uJpkg_socket_0, 1135190.00 uJdram_socket_0, 36295378.00 uJcore_socket_0, 0.00 uJuncore_socket_0, 0.00 uJpsys_socket_0, 67.50 degCCpu_socket_0
WorkloadPilot    6: 222352 op, 996787416.00 ns, 4.4829 us/op, 43215222.00 uJpkg_socket_0, 1123166.00 uJdram_socket_0, 36771146.00 uJcore_socket_0, 0.00 uJuncore_socket_0, 0.00 uJpsys_socket_0, 68.00 degCCpu_socket_0
WorkloadPilot    7: 223072 op, 994769457.00 ns, 4.4594 us/op, 42324110.00 uJpkg_socket_0, 1119137.00 uJdram_socket_0, 35881195.00 uJcore_socket_0, 0.00 uJuncore_socket_0, 0.00 uJpsys_socket_0, 67.50 degCCpu_socket_0
WorkloadPilot    8: 224256 op, 994400033.00 ns, 4.4342 us/op, 42305922.00 uJpkg_socket_0, 1115659.00 uJdram_socket_0, 35888458.00 uJcore_socket_0, 0.00 uJuncore_socket_0, 0.00 uJpsys_socket_0, 68.00 degCCpu_socket_0
WorkloadPilot    9: 225520 op, 1009149298.00 ns, 4.4748 us/op, 42746594.00 uJpkg_socket_0, 1132322.00 uJdram_socket_0, 36189178.00 uJcore_socket_0, 0.00 uJuncore_socket_0, 0.00 uJpsys_socket_0, 68.00 degCCpu_socket_0
WorkloadPilot   10: 223488 op, 996618057.00 ns, 4.4594 us/op, 42935132.00 uJpkg_socket_0, 1124387.00 uJdram_socket_0, 36484221.00 uJcore_socket_0, 0.00 uJuncore_socket_0, 0.00 uJpsys_socket_0, 68.00 degCCpu_socket_0
WorkloadPilot   11: 224256 op, 992371344.00 ns, 4.4252 us/op, 42118911.00 uJpkg_socket_0, 1112546.00 uJdram_socket_0, 35719635.00 uJcore_socket_0, 0.00 uJuncore_socket_0, 0.00 uJpsys_socket_0, 67.50 degCCpu_socket_0
WorkloadPilot   12: 225984 op, 1007936113.00 ns, 4.4602 us/op, 42848585.00 uJpkg_socket_0, 1130979.00 uJdram_socket_0, 36281524.00 uJcore_socket_0, 0.00 uJuncore_socket_0, 0.00 uJpsys_socket_0, 68.50 degCCpu_socket_0

OverheadWarmup   1: 225984 op, 647087.00 ns, 2.8634 ns/op, 40893.00 uJpkg_socket_0, 1282.00 uJdram_socket_0, 29419.00 uJcore_socket_0, 0.00 uJuncore_socket_0, 0.00 uJpsys_socket_0, 66.00 degCCpu_socket_0
OverheadWarmup   2: 225984 op, 648199.00 ns, 2.8683 ns/op, 43152.00 uJpkg_socket_0, 1465.00 uJdram_socket_0, 25208.00 uJcore_socket_0, 0.00 uJuncore_socket_0, 0.00 uJpsys_socket_0, 65.00 degCCpu_socket_0
OverheadWarmup   3: 225984 op, 648028.00 ns, 2.8676 ns/op, 41992.00 uJpkg_socket_0, 1343.00 uJdram_socket_0, 27832.00 uJcore_socket_0, 0.00 uJuncore_socket_0, 0.00 uJpsys_socket_0, 64.00 degCCpu_socket_0
OverheadWarmup   4: 225984 op, 645005.00 ns, 2.8542 ns/op, 39795.00 uJpkg_socket_0, 1099.00 uJdram_socket_0, 27344.00 uJcore_socket_0, 0.00 uJuncore_socket_0, 0.00 uJpsys_socket_0, 64.00 degCCpu_socket_0
OverheadWarmup   5: 225984 op, 644540.00 ns, 2.8521 ns/op, 41870.00 uJpkg_socket_0, 1281.00 uJdram_socket_0, 27588.00 uJcore_socket_0, 0.00 uJuncore_socket_0, 0.00 uJpsys_socket_0, 63.00 degCCpu_socket_0
OverheadWarmup   6: 225984 op, 641714.00 ns, 2.8396 ns/op, 43823.00 uJpkg_socket_0, 1221.00 uJdram_socket_0, 27893.00 uJcore_socket_0, 0.00 uJuncore_socket_0, 0.00 uJpsys_socket_0, 63.50 degCCpu_socket_0
OverheadWarmup   7: 225984 op, 645385.00 ns, 2.8559 ns/op, 0.00 uJpkg_socket_0, 0.00 uJdram_socket_0, 27771.00 uJcore_socket_0, 0.00 uJuncore_socket_0, 0.00 uJpsys_socket_0, 64.00 degCCpu_socket_0
OverheadWarmup   8: 225984 op, 646575.00 ns, 2.8612 ns/op, 40649.00 uJpkg_socket_0, 1159.00 uJdram_socket_0, 26673.00 uJcore_socket_0, 0.00 uJuncore_socket_0, 0.00 uJpsys_socket_0, 64.00 degCCpu_socket_0
OverheadWarmup   9: 225984 op, 645568.00 ns, 2.8567 ns/op, 40161.00 uJpkg_socket_0, 1160.00 uJdram_socket_0, 27099.00 uJcore_socket_0, 0.00 uJuncore_socket_0, 0.00 uJpsys_socket_0, 63.00 degCCpu_socket_0

OverheadActual   1: 225984 op, 645415.00 ns, 2.8560 ns/op, 38452.00 uJpkg_socket_0, 1160.00 uJdram_socket_0, 27161.00 uJcore_socket_0, 0.00 uJuncore_socket_0, 0.00 uJpsys_socket_0, 62.00 degCCpu_socket_0
OverheadActual   2: 225984 op, 647486.00 ns, 2.8652 ns/op, 40711.00 uJpkg_socket_0, 1160.00 uJdram_socket_0, 27100.00 uJcore_socket_0, 0.00 uJuncore_socket_0, 0.00 uJpsys_socket_0, 62.00 degCCpu_socket_0
OverheadActual   3: 225984 op, 647241.00 ns, 2.8641 ns/op, 38147.00 uJpkg_socket_0, 1099.00 uJdram_socket_0, 30029.00 uJcore_socket_0, 0.00 uJuncore_socket_0, 0.00 uJpsys_socket_0, 61.00 degCCpu_socket_0
OverheadActual   4: 225984 op, 648061.00 ns, 2.8677 ns/op, 40039.00 uJpkg_socket_0, 1099.00 uJdram_socket_0, 27221.00 uJcore_socket_0, 0.00 uJuncore_socket_0, 0.00 uJpsys_socket_0, 61.00 degCCpu_socket_0
OverheadActual   5: 225984 op, 644313.00 ns, 2.8511 ns/op, 40344.00 uJpkg_socket_0, 1159.00 uJdram_socket_0, 28381.00 uJcore_socket_0, 0.00 uJuncore_socket_0, 0.00 uJpsys_socket_0, 62.00 degCCpu_socket_0
OverheadActual   6: 225984 op, 640810.00 ns, 2.8356 ns/op, 42237.00 uJpkg_socket_0, 1099.00 uJdram_socket_0, 24658.00 uJcore_socket_0, 0.00 uJuncore_socket_0, 0.00 uJpsys_socket_0, 62.50 degCCpu_socket_0
OverheadActual   7: 225984 op, 645356.00 ns, 2.8558 ns/op, 0.00 uJpkg_socket_0, 0.00 uJdram_socket_0, 28137.00 uJcore_socket_0, 0.00 uJuncore_socket_0, 0.00 uJpsys_socket_0, 62.50 degCCpu_socket_0
OverheadActual   8: 225984 op, 645755.00 ns, 2.8575 ns/op, 41138.00 uJpkg_socket_0, 1099.00 uJdram_socket_0, 24353.00 uJcore_socket_0, 0.00 uJuncore_socket_0, 0.00 uJpsys_socket_0, 62.00 degCCpu_socket_0
OverheadActual   9: 225984 op, 644899.00 ns, 2.8537 ns/op, 42358.00 uJpkg_socket_0, 1099.00 uJdram_socket_0, 28809.00 uJcore_socket_0, 0.00 uJuncore_socket_0, 0.00 uJpsys_socket_0, 62.00 degCCpu_socket_0
OverheadActual  10: 225984 op, 645024.00 ns, 2.8543 ns/op, 42664.00 uJpkg_socket_0, 1159.00 uJdram_socket_0, 29358.00 uJcore_socket_0, 0.00 uJuncore_socket_0, 0.00 uJpsys_socket_0, 61.50 degCCpu_socket_0
OverheadActual  11: 225984 op, 644745.00 ns, 2.8531 ns/op, 0.00 uJpkg_socket_0, 0.00 uJdram_socket_0, 24475.00 uJcore_socket_0, 0.00 uJuncore_socket_0, 0.00 uJpsys_socket_0, 61.50 degCCpu_socket_0
OverheadActual  12: 225984 op, 644196.00 ns, 2.8506 ns/op, 42053.00 uJpkg_socket_0, 1160.00 uJdram_socket_0, 25512.00 uJcore_socket_0, 0.00 uJuncore_socket_0, 0.00 uJpsys_socket_0, 62.00 degCCpu_socket_0
OverheadActual  13: 225984 op, 644780.00 ns, 2.8532 ns/op, 40588.00 uJpkg_socket_0, 1098.00 uJdram_socket_0, 27283.00 uJcore_socket_0, 0.00 uJuncore_socket_0, 0.00 uJpsys_socket_0, 62.50 degCCpu_socket_0
OverheadActual  14: 225984 op, 643933.00 ns, 2.8495 ns/op, 0.00 uJpkg_socket_0, 0.00 uJdram_socket_0, 24903.00 uJcore_socket_0, 0.00 uJuncore_socket_0, 0.00 uJpsys_socket_0, 62.50 degCCpu_socket_0
OverheadActual  15: 225984 op, 645083.00 ns, 2.8546 ns/op, 39429.00 uJpkg_socket_0, 1098.00 uJdram_socket_0, 26123.00 uJcore_socket_0, 0.00 uJuncore_socket_0, 0.00 uJpsys_socket_0, 63.00 degCCpu_socket_0

WorkloadWarmup   1: 225984 op, 1003054510.00 ns, 4.4386 us/op, 43208813.00 uJpkg_socket_0, 1131589.00 uJdram_socket_0, 36685636.00 uJcore_socket_0, 0.00 uJuncore_socket_0, 0.00 uJpsys_socket_0, 66.00 degCCpu_socket_0
WorkloadWarmup   2: 225984 op, 1010757234.00 ns, 4.4727 us/op, 42794568.00 uJpkg_socket_0, 1134152.00 uJdram_socket_0, 36247222.00 uJcore_socket_0, 0.00 uJuncore_socket_0, 0.00 uJpsys_socket_0, 68.50 degCCpu_socket_0
WorkloadWarmup   3: 225984 op, 1005332683.00 ns, 4.4487 us/op, 42572461.00 uJpkg_socket_0, 1127255.00 uJdram_socket_0, 36043426.00 uJcore_socket_0, 0.00 uJuncore_socket_0, 0.00 uJpsys_socket_0, 68.00 degCCpu_socket_0
WorkloadWarmup   4: 225984 op, 1009545396.00 ns, 4.4673 us/op, 42740003.00 uJpkg_socket_0, 1133298.00 uJdram_socket_0, 36190154.00 uJcore_socket_0, 0.00 uJuncore_socket_0, 0.00 uJpsys_socket_0, 68.50 degCCpu_socket_0
WorkloadWarmup   5: 225984 op, 1002440186.00 ns, 4.4359 us/op, 42410658.00 uJpkg_socket_0, 1124508.00 uJdram_socket_0, 35948089.00 uJcore_socket_0, 0.00 uJuncore_socket_0, 0.00 uJpsys_socket_0, 68.00 degCCpu_socket_0
WorkloadWarmup   6: 225984 op, 997430550.00 ns, 4.4137 us/op, 42261915.00 uJpkg_socket_0, 1118955.00 uJdram_socket_0, 35789886.00 uJcore_socket_0, 0.00 uJuncore_socket_0, 0.00 uJpsys_socket_0, 68.00 degCCpu_socket_0

// BeforeActualRun
WorkloadActual   1: 225984 op, 1006986649.00 ns, 4.4560 us/op, 42694959.00 uJpkg_socket_0, 1131955.00 uJdram_socket_0, 36185088.00 uJcore_socket_0, 0.00 uJuncore_socket_0, 0.00 uJpsys_socket_0, 68.00 degCCpu_socket_0
WorkloadActual   2: 225984 op, 1000529963.00 ns, 4.4274 us/op, 42422499.00 uJpkg_socket_0, 1138669.00 uJdram_socket_0, 35928924.00 uJcore_socket_0, 0.00 uJuncore_socket_0, 0.00 uJpsys_socket_0, 69.00 degCCpu_socket_0
WorkloadActual   3: 225984 op, 998047381.00 ns, 4.4165 us/op, 42271437.00 uJpkg_socket_0, 1120298.00 uJdram_socket_0, 35819854.00 uJcore_socket_0, 0.00 uJuncore_socket_0, 0.00 uJpsys_socket_0, 68.50 degCCpu_socket_0
WorkloadActual   4: 225984 op, 1000622315.00 ns, 4.4278 us/op, 42330824.00 uJpkg_socket_0, 1121946.00 uJdram_socket_0, 35888763.00 uJcore_socket_0, 0.00 uJuncore_socket_0, 0.00 uJpsys_socket_0, 69.00 degCCpu_socket_0
WorkloadActual   5: 225984 op, 1004247591.00 ns, 4.4439 us/op, 42527113.00 uJpkg_socket_0, 1127500.00 uJdram_socket_0, 36043853.00 uJcore_socket_0, 0.00 uJuncore_socket_0, 0.00 uJpsys_socket_0, 68.50 degCCpu_socket_0
WorkloadActual   6: 225984 op, 992668196.00 ns, 4.3926 us/op, 42030777.00 uJpkg_socket_0, 1114499.00 uJdram_socket_0, 35595368.00 uJcore_socket_0, 0.00 uJuncore_socket_0, 0.00 uJpsys_socket_0, 68.00 degCCpu_socket_0
WorkloadActual   7: 225984 op, 1014788667.00 ns, 4.4905 us/op, 43118053.00 uJpkg_socket_0, 1140317.00 uJdram_socket_0, 36545378.00 uJcore_socket_0, 0.00 uJuncore_socket_0, 0.00 uJpsys_socket_0, 68.50 degCCpu_socket_0
WorkloadActual   8: 225984 op, 997672321.00 ns, 4.4148 us/op, 42254958.00 uJpkg_socket_0, 1119016.00 uJdram_socket_0, 35832183.00 uJcore_socket_0, 0.00 uJuncore_socket_0, 0.00 uJpsys_socket_0, 68.00 degCCpu_socket_0
WorkloadActual   9: 225984 op, 1013731050.00 ns, 4.4859 us/op, 42931653.00 uJpkg_socket_0, 1137998.00 uJdram_socket_0, 36364164.00 uJcore_socket_0, 0.00 uJuncore_socket_0, 0.00 uJpsys_socket_0, 68.00 degCCpu_socket_0
WorkloadActual  10: 225984 op, 1002788951.00 ns, 4.4374 us/op, 42800794.00 uJpkg_socket_0, 1127499.00 uJdram_socket_0, 36306731.00 uJcore_socket_0, 0.00 uJuncore_socket_0, 0.00 uJpsys_socket_0, 69.00 degCCpu_socket_0
WorkloadActual  11: 225984 op, 1008960616.00 ns, 4.4647 us/op, 42708753.00 uJpkg_socket_0, 1132871.00 uJdram_socket_0, 36182097.00 uJcore_socket_0, 0.00 uJuncore_socket_0, 0.00 uJpsys_socket_0, 67.50 degCCpu_socket_0
WorkloadActual  12: 225984 op, 1007735227.00 ns, 4.4593 us/op, 42638197.00 uJpkg_socket_0, 1131284.00 uJdram_socket_0, 36152190.00 uJcore_socket_0, 0.00 uJuncore_socket_0, 0.00 uJpsys_socket_0, 68.00 degCCpu_socket_0
WorkloadActual  13: 225984 op, 994376973.00 ns, 4.4002 us/op, 42076797.00 uJpkg_socket_0, 1115780.00 uJdram_socket_0, 35660309.00 uJcore_socket_0, 0.00 uJuncore_socket_0, 0.00 uJpsys_socket_0, 68.50 degCCpu_socket_0
WorkloadActual  14: 225984 op, 1008613193.00 ns, 4.4632 us/op, 42711804.00 uJpkg_socket_0, 1131772.00 uJdram_socket_0, 36171111.00 uJcore_socket_0, 0.00 uJuncore_socket_0, 0.00 uJpsys_socket_0, 68.00 degCCpu_socket_0
WorkloadActual  15: 225984 op, 1000949072.00 ns, 4.4293 us/op, 42356704.00 uJpkg_socket_0, 1123472.00 uJdram_socket_0, 35880767.00 uJcore_socket_0, 0.00 uJuncore_socket_0, 0.00 uJpsys_socket_0, 68.00 degCCpu_socket_0

// AfterActualRun
WorkloadResult   1: 225984 op, 1006341625.00 ns, 4.4532 us/op, 42694959.00 uJpkg_socket_0, 1131955.00 uJdram_socket_0, 36185088.00 uJcore_socket_0, 0.00 uJuncore_socket_0, 0.00 uJpsys_socket_0, 68.00 degCCpu_socket_0
WorkloadResult   2: 225984 op, 999884939.00 ns, 4.4246 us/op, 42422499.00 uJpkg_socket_0, 1138669.00 uJdram_socket_0, 35928924.00 uJcore_socket_0, 0.00 uJuncore_socket_0, 0.00 uJpsys_socket_0, 69.00 degCCpu_socket_0
WorkloadResult   3: 225984 op, 997402357.00 ns, 4.4136 us/op, 42271437.00 uJpkg_socket_0, 1120298.00 uJdram_socket_0, 35819854.00 uJcore_socket_0, 0.00 uJuncore_socket_0, 0.00 uJpsys_socket_0, 68.50 degCCpu_socket_0
WorkloadResult   4: 225984 op, 999977291.00 ns, 4.4250 us/op, 42330824.00 uJpkg_socket_0, 1121946.00 uJdram_socket_0, 35888763.00 uJcore_socket_0, 0.00 uJuncore_socket_0, 0.00 uJpsys_socket_0, 69.00 degCCpu_socket_0
WorkloadResult   5: 225984 op, 1003602567.00 ns, 4.4410 us/op, 42527113.00 uJpkg_socket_0, 1127500.00 uJdram_socket_0, 36043853.00 uJcore_socket_0, 0.00 uJuncore_socket_0, 0.00 uJpsys_socket_0, 68.50 degCCpu_socket_0
WorkloadResult   6: 225984 op, 992023172.00 ns, 4.3898 us/op, 42030777.00 uJpkg_socket_0, 1114499.00 uJdram_socket_0, 35595368.00 uJcore_socket_0, 0.00 uJuncore_socket_0, 0.00 uJpsys_socket_0, 68.00 degCCpu_socket_0
WorkloadResult   7: 225984 op, 1014143643.00 ns, 4.4877 us/op, 43118053.00 uJpkg_socket_0, 1140317.00 uJdram_socket_0, 36545378.00 uJcore_socket_0, 0.00 uJuncore_socket_0, 0.00 uJpsys_socket_0, 68.50 degCCpu_socket_0
WorkloadResult   8: 225984 op, 997027297.00 ns, 4.4119 us/op, 42254958.00 uJpkg_socket_0, 1119016.00 uJdram_socket_0, 35832183.00 uJcore_socket_0, 0.00 uJuncore_socket_0, 0.00 uJpsys_socket_0, 68.00 degCCpu_socket_0
WorkloadResult   9: 225984 op, 1013086026.00 ns, 4.4830 us/op, 42931653.00 uJpkg_socket_0, 1137998.00 uJdram_socket_0, 36364164.00 uJcore_socket_0, 0.00 uJuncore_socket_0, 0.00 uJpsys_socket_0, 68.00 degCCpu_socket_0
WorkloadResult  10: 225984 op, 1002143927.00 ns, 4.4346 us/op, 42800794.00 uJpkg_socket_0, 1127499.00 uJdram_socket_0, 36306731.00 uJcore_socket_0, 0.00 uJuncore_socket_0, 0.00 uJpsys_socket_0, 69.00 degCCpu_socket_0
WorkloadResult  11: 225984 op, 1008315592.00 ns, 4.4619 us/op, 42708753.00 uJpkg_socket_0, 1132871.00 uJdram_socket_0, 36182097.00 uJcore_socket_0, 0.00 uJuncore_socket_0, 0.00 uJpsys_socket_0, 67.50 degCCpu_socket_0
WorkloadResult  12: 225984 op, 1007090203.00 ns, 4.4565 us/op, 42638197.00 uJpkg_socket_0, 1131284.00 uJdram_socket_0, 36152190.00 uJcore_socket_0, 0.00 uJuncore_socket_0, 0.00 uJpsys_socket_0, 68.00 degCCpu_socket_0
WorkloadResult  13: 225984 op, 993731949.00 ns, 4.3974 us/op, 42076797.00 uJpkg_socket_0, 1115780.00 uJdram_socket_0, 35660309.00 uJcore_socket_0, 0.00 uJuncore_socket_0, 0.00 uJpsys_socket_0, 68.50 degCCpu_socket_0
WorkloadResult  14: 225984 op, 1007968169.00 ns, 4.4604 us/op, 42711804.00 uJpkg_socket_0, 1131772.00 uJdram_socket_0, 36171111.00 uJcore_socket_0, 0.00 uJuncore_socket_0, 0.00 uJpsys_socket_0, 68.00 degCCpu_socket_0
WorkloadResult  15: 225984 op, 1000304048.00 ns, 4.4264 us/op, 42356704.00 uJpkg_socket_0, 1123472.00 uJdram_socket_0, 35880767.00 uJcore_socket_0, 0.00 uJuncore_socket_0, 0.00 uJpsys_socket_0, 68.00 degCCpu_socket_0

// AfterAll
// Benchmark Process 1057394 has exited with code 0.

Mean = 4.438 μs, StdErr = 0.008 μs (0.17%), N = 15, StdDev = 0.029 μs
Min = 4.390 μs, Q1 = 4.419 μs, Median = 4.435 μs, Q3 = 4.458 μs, Max = 4.488 μs
IQR = 0.039 μs, LowerFence = 4.360 μs, UpperFence = 4.517 μs
ConfidenceInterval = [4.407 μs; 4.469 μs] (CI 99.9%), Margin = 0.031 μs (0.70% of Mean)
Skewness = 0.1, Kurtosis = 1.85, MValue = 2

// ** Remained 1 (10.0 %) benchmark(s) to run. Estimated finish 2026-05-27 13:47 (0h 0m from now) **
// **************************
// Benchmark: SmokeBenchByte.Utf8Json_Ser: Energy(OutlierMode=DontRemove, IterationTime=1s)
// *** Execute ***
// Launch: 1 / 1
// Execute: dotnet JsonBench-Energy-1.dll --anonymousPipes 123 124 --benchmarkName JsonBench.Benchmarks.SmokeBenchByte.Utf8Json_Ser --job Energy --benchmarkId 9 in /home/test/json-energy-bench/JsonBench/bin/Release/net10.0/JsonBench-Energy-1/bin/Release/net10.0
// BeforeAnythingElse

// Benchmark Process Environment Information:
// BenchmarkDotNet v0.15.5-develop (2026-05-27)
// Runtime=.NET 10.0.8 (10.0.8, 10.0.826.23019), X64 RyuJIT x86-64-v3
// GC=Concurrent Workstation
// HardwareIntrinsics=AVX2+BMI1+BMI2+F16C+FMA+LZCNT+MOVBE,AVX,SSE3+SSSE3+SSE4.1+SSE4.2+POPCNT,X86Base+SSE+SSE2,AES+PCLMUL VectorSize=256
// Job: Energy(OutlierMode=DontRemove, IterationTime=1s)

Couldn't find Core RAPL device for socket 0: RAPLCantFindUncoreDevice
OverheadJitting  1: 1 op, 187889.00 ns, 187.8890 us/op, 36621.00 uJpkg_socket_0, 1160.00 uJdram_socket_0, 41748.00 uJcore_socket_0, 0.00 uJuncore_socket_0, 0.00 uJpsys_socket_0, 58.50 degCCpu_socket_0
WorkloadJitting  1: 1 op, 59982907.00 ns, 59.9829 ms/op, 2418024.00 uJpkg_socket_0, 70130.00 uJdram_socket_0, 2002131.00 uJcore_socket_0, 0.00 uJuncore_socket_0, 0.00 uJpsys_socket_0, 59.00 degCCpu_socket_0

Couldn't find Core RAPL device for socket 0: RAPLCantFindUncoreDevice
OverheadJitting  2: 16 op, 466086.00 ns, 29.1304 us/op, 49743.00 uJpkg_socket_0, 1220.00 uJdram_socket_0, 31128.00 uJcore_socket_0, 0.00 uJuncore_socket_0, 0.00 uJpsys_socket_0, 58.00 degCCpu_socket_0
WorkloadJitting  2: 16 op, 1008742.00 ns, 63.0464 us/op, 54870.00 uJpkg_socket_0, 1221.00 uJdram_socket_0, 56274.00 uJcore_socket_0, 0.00 uJuncore_socket_0, 0.00 uJpsys_socket_0, 58.50 degCCpu_socket_0

WorkloadPilot    1: 16 op, 483035.00 ns, 30.1897 us/op, 55236.00 uJpkg_socket_0, 1220.00 uJdram_socket_0, 30884.00 uJcore_socket_0, 0.00 uJuncore_socket_0, 0.00 uJpsys_socket_0, 59.00 degCCpu_socket_0
WorkloadPilot    2: 33136 op, 335017497.00 ns, 10.1104 us/op, 14976585.00 uJpkg_socket_0, 385253.00 uJdram_socket_0, 12768644.00 uJcore_socket_0, 0.00 uJuncore_socket_0, 0.00 uJpsys_socket_0, 64.00 degCCpu_socket_0
WorkloadPilot    3: 98912 op, 483936499.00 ns, 4.8926 us/op, 19903392.00 uJpkg_socket_0, 544737.00 uJdram_socket_0, 16770709.00 uJcore_socket_0, 0.00 uJuncore_socket_0, 0.00 uJpsys_socket_0, 66.50 degCCpu_socket_0
WorkloadPilot    4: 204400 op, 990728992.00 ns, 4.8470 us/op, 40838702.00 uJpkg_socket_0, 1112180.00 uJdram_socket_0, 34460849.00 uJcore_socket_0, 0.00 uJuncore_socket_0, 0.00 uJpsys_socket_0, 67.00 degCCpu_socket_0
WorkloadPilot    5: 206320 op, 997894051.00 ns, 4.8366 us/op, 40931047.00 uJpkg_socket_0, 1119321.00 uJdram_socket_0, 34474643.00 uJcore_socket_0, 0.00 uJuncore_socket_0, 0.00 uJpsys_socket_0, 67.00 degCCpu_socket_0
WorkloadPilot    6: 206768 op, 1001394994.00 ns, 4.8431 us/op, 41972427.00 uJpkg_socket_0, 1130002.00 uJdram_socket_0, 35525056.00 uJcore_socket_0, 0.00 uJuncore_socket_0, 0.00 uJpsys_socket_0, 66.00 degCCpu_socket_0
WorkloadPilot    7: 206480 op, 1005790759.00 ns, 4.8711 us/op, 41394974.00 uJpkg_socket_0, 1130551.00 uJdram_socket_0, 34885531.00 uJcore_socket_0, 0.00 uJuncore_socket_0, 0.00 uJpsys_socket_0, 65.50 degCCpu_socket_0
WorkloadPilot    8: 205296 op, 998086645.00 ns, 4.8617 us/op, 41027727.00 uJpkg_socket_0, 1119626.00 uJdram_socket_0, 34572727.00 uJcore_socket_0, 0.00 uJuncore_socket_0, 0.00 uJpsys_socket_0, 66.50 degCCpu_socket_0
WorkloadPilot    9: 205696 op, 1001803787.00 ns, 4.8703 us/op, 41011858.00 uJpkg_socket_0, 1123288.00 uJdram_socket_0, 34523776.00 uJcore_socket_0, 0.00 uJuncore_socket_0, 0.00 uJpsys_socket_0, 67.50 degCCpu_socket_0

OverheadWarmup   1: 205696 op, 592546.00 ns, 2.8807 ns/op, 0.00 uJpkg_socket_0, 0.00 uJdram_socket_0, 25391.00 uJcore_socket_0, 0.00 uJuncore_socket_0, 0.00 uJpsys_socket_0, 63.50 degCCpu_socket_0
OverheadWarmup   2: 205696 op, 595092.00 ns, 2.8931 ns/op, 42541.00 uJpkg_socket_0, 1221.00 uJdram_socket_0, 24292.00 uJcore_socket_0, 0.00 uJuncore_socket_0, 0.00 uJpsys_socket_0, 63.00 degCCpu_socket_0
OverheadWarmup   3: 205696 op, 597677.00 ns, 2.9056 ns/op, 40771.00 uJpkg_socket_0, 1220.00 uJdram_socket_0, 25024.00 uJcore_socket_0, 0.00 uJuncore_socket_0, 0.00 uJpsys_socket_0, 63.00 degCCpu_socket_0
OverheadWarmup   4: 205696 op, 595717.00 ns, 2.8961 ns/op, 40466.00 uJpkg_socket_0, 1160.00 uJdram_socket_0, 25085.00 uJcore_socket_0, 0.00 uJuncore_socket_0, 0.00 uJpsys_socket_0, 63.00 degCCpu_socket_0
OverheadWarmup   5: 205696 op, 621541.00 ns, 3.0216 ns/op, 39429.00 uJpkg_socket_0, 1099.00 uJdram_socket_0, 26856.00 uJcore_socket_0, 0.00 uJuncore_socket_0, 0.00 uJpsys_socket_0, 62.00 degCCpu_socket_0
OverheadWarmup   6: 205696 op, 623997.00 ns, 3.0336 ns/op, 0.00 uJpkg_socket_0, 0.00 uJdram_socket_0, 26000.00 uJcore_socket_0, 0.00 uJuncore_socket_0, 0.00 uJpsys_socket_0, 61.50 degCCpu_socket_0
OverheadWarmup   7: 205696 op, 622111.00 ns, 3.0244 ns/op, 0.00 uJpkg_socket_0, 0.00 uJdram_socket_0, 25940.00 uJcore_socket_0, 0.00 uJuncore_socket_0, 0.00 uJpsys_socket_0, 62.00 degCCpu_socket_0

OverheadActual   1: 205696 op, 593395.00 ns, 2.8848 ns/op, 40832.00 uJpkg_socket_0, 1098.00 uJdram_socket_0, 27466.00 uJcore_socket_0, 0.00 uJuncore_socket_0, 0.00 uJpsys_socket_0, 60.00 degCCpu_socket_0
OverheadActual   2: 205696 op, 623784.00 ns, 3.0326 ns/op, 38330.00 uJpkg_socket_0, 1098.00 uJdram_socket_0, 25818.00 uJcore_socket_0, 0.00 uJuncore_socket_0, 0.00 uJpsys_socket_0, 60.00 degCCpu_socket_0
OverheadActual   3: 205696 op, 588372.00 ns, 2.8604 ns/op, 39246.00 uJpkg_socket_0, 1159.00 uJdram_socket_0, 27344.00 uJcore_socket_0, 0.00 uJuncore_socket_0, 0.00 uJpsys_socket_0, 61.00 degCCpu_socket_0
OverheadActual   4: 205696 op, 626563.00 ns, 3.0461 ns/op, 41382.00 uJpkg_socket_0, 1099.00 uJdram_socket_0, 27405.00 uJcore_socket_0, 0.00 uJuncore_socket_0, 0.00 uJpsys_socket_0, 61.00 degCCpu_socket_0
OverheadActual   5: 205696 op, 593095.00 ns, 2.8834 ns/op, 39306.00 uJpkg_socket_0, 1099.00 uJdram_socket_0, 23682.00 uJcore_socket_0, 0.00 uJuncore_socket_0, 0.00 uJpsys_socket_0, 60.50 degCCpu_socket_0
OverheadActual   6: 205696 op, 592024.00 ns, 2.8782 ns/op, 41382.00 uJpkg_socket_0, 1098.00 uJdram_socket_0, 25391.00 uJcore_socket_0, 0.00 uJuncore_socket_0, 0.00 uJpsys_socket_0, 61.00 degCCpu_socket_0
OverheadActual   7: 205696 op, 593215.00 ns, 2.8839 ns/op, 0.00 uJpkg_socket_0, 0.00 uJdram_socket_0, 26856.00 uJcore_socket_0, 0.00 uJuncore_socket_0, 0.00 uJpsys_socket_0, 60.50 degCCpu_socket_0
OverheadActual   8: 205696 op, 589658.00 ns, 2.8666 ns/op, 0.00 uJpkg_socket_0, 0.00 uJdram_socket_0, 24475.00 uJcore_socket_0, 0.00 uJuncore_socket_0, 0.00 uJpsys_socket_0, 61.00 degCCpu_socket_0
OverheadActual   9: 205696 op, 624357.00 ns, 3.0353 ns/op, 0.00 uJpkg_socket_0, 0.00 uJdram_socket_0, 26551.00 uJcore_socket_0, 0.00 uJuncore_socket_0, 0.00 uJpsys_socket_0, 61.00 degCCpu_socket_0
OverheadActual  10: 205696 op, 593260.00 ns, 2.8842 ns/op, 0.00 uJpkg_socket_0, 0.00 uJdram_socket_0, 22644.00 uJcore_socket_0, 0.00 uJuncore_socket_0, 0.00 uJpsys_socket_0, 61.50 degCCpu_socket_0
OverheadActual  11: 205696 op, 588593.00 ns, 2.8615 ns/op, 41504.00 uJpkg_socket_0, 1160.00 uJdram_socket_0, 26001.00 uJcore_socket_0, 0.00 uJuncore_socket_0, 0.00 uJpsys_socket_0, 61.50 degCCpu_socket_0
OverheadActual  12: 205696 op, 587740.00 ns, 2.8573 ns/op, 41382.00 uJpkg_socket_0, 1159.00 uJdram_socket_0, 22949.00 uJcore_socket_0, 0.00 uJuncore_socket_0, 0.00 uJpsys_socket_0, 62.00 degCCpu_socket_0
OverheadActual  13: 205696 op, 585854.00 ns, 2.8482 ns/op, 42236.00 uJpkg_socket_0, 1099.00 uJdram_socket_0, 30029.00 uJcore_socket_0, 0.00 uJuncore_socket_0, 0.00 uJpsys_socket_0, 61.00 degCCpu_socket_0
OverheadActual  14: 205696 op, 594173.00 ns, 2.8886 ns/op, 42603.00 uJpkg_socket_0, 1160.00 uJdram_socket_0, 26306.00 uJcore_socket_0, 0.00 uJuncore_socket_0, 0.00 uJpsys_socket_0, 61.50 degCCpu_socket_0
OverheadActual  15: 205696 op, 625082.00 ns, 3.0389 ns/op, 38391.00 uJpkg_socket_0, 1159.00 uJdram_socket_0, 24780.00 uJcore_socket_0, 0.00 uJuncore_socket_0, 0.00 uJpsys_socket_0, 61.50 degCCpu_socket_0

WorkloadWarmup   1: 205696 op, 995934026.00 ns, 4.8418 us/op, 42191969.00 uJpkg_socket_0, 1123837.00 uJdram_socket_0, 35721222.00 uJcore_socket_0, 0.00 uJuncore_socket_0, 0.00 uJpsys_socket_0, 64.50 degCCpu_socket_0
WorkloadWarmup   2: 205696 op, 997811443.00 ns, 4.8509 us/op, 40839434.00 uJpkg_socket_0, 1119199.00 uJdram_socket_0, 34377231.00 uJcore_socket_0, 0.00 uJuncore_socket_0, 0.00 uJpsys_socket_0, 66.50 degCCpu_socket_0
WorkloadWarmup   3: 205696 op, 1013865272.00 ns, 4.9289 us/op, 41453751.00 uJpkg_socket_0, 1135983.00 uJdram_socket_0, 34893160.00 uJcore_socket_0, 0.00 uJuncore_socket_0, 0.00 uJpsys_socket_0, 66.50 degCCpu_socket_0
WorkloadWarmup   4: 205696 op, 1000010799.00 ns, 4.8616 us/op, 40893633.00 uJpkg_socket_0, 1120847.00 uJdram_socket_0, 34423557.00 uJcore_socket_0, 0.00 uJuncore_socket_0, 0.00 uJpsys_socket_0, 66.50 degCCpu_socket_0
WorkloadWarmup   5: 205696 op, 996866713.00 ns, 4.8463 us/op, 40830156.00 uJpkg_socket_0, 1116513.00 uJdram_socket_0, 34377292.00 uJcore_socket_0, 0.00 uJuncore_socket_0, 0.00 uJpsys_socket_0, 67.00 degCCpu_socket_0
WorkloadWarmup   6: 205696 op, 992261785.00 ns, 4.8239 us/op, 40688800.00 uJpkg_socket_0, 1113034.00 uJdram_socket_0, 34242160.00 uJcore_socket_0, 0.00 uJuncore_socket_0, 0.00 uJpsys_socket_0, 66.50 degCCpu_socket_0
WorkloadWarmup   7: 205696 op, 1002124905.00 ns, 4.8719 us/op, 41102373.00 uJpkg_socket_0, 1122800.00 uJdram_socket_0, 34623874.00 uJcore_socket_0, 0.00 uJuncore_socket_0, 0.00 uJpsys_socket_0, 67.00 degCCpu_socket_0
WorkloadWarmup   8: 205696 op, 1001215254.00 ns, 4.8675 us/op, 41011065.00 uJpkg_socket_0, 1122434.00 uJdram_socket_0, 34542697.00 uJcore_socket_0, 0.00 uJuncore_socket_0, 0.00 uJpsys_socket_0, 68.00 degCCpu_socket_0

// BeforeActualRun
WorkloadActual   1: 205696 op, 998573931.00 ns, 4.8546 us/op, 40971148.00 uJpkg_socket_0, 1121579.00 uJdram_socket_0, 34493991.00 uJcore_socket_0, 0.00 uJuncore_socket_0, 0.00 uJpsys_socket_0, 67.00 degCCpu_socket_0
WorkloadActual   2: 205696 op, 1001761309.00 ns, 4.8701 us/op, 41259538.00 uJpkg_socket_0, 1136776.00 uJdram_socket_0, 34764437.00 uJcore_socket_0, 0.00 uJuncore_socket_0, 0.00 uJpsys_socket_0, 66.00 degCCpu_socket_0
WorkloadActual   3: 205696 op, 999529810.00 ns, 4.8593 us/op, 41085222.00 uJpkg_socket_0, 1133908.00 uJdram_socket_0, 34588412.00 uJcore_socket_0, 0.00 uJuncore_socket_0, 0.00 uJpsys_socket_0, 66.50 degCCpu_socket_0
WorkloadActual   4: 205696 op, 1001272128.00 ns, 4.8677 us/op, 40983721.00 uJpkg_socket_0, 1135251.00 uJdram_socket_0, 34516086.00 uJcore_socket_0, 0.00 uJuncore_socket_0, 0.00 uJpsys_socket_0, 67.50 degCCpu_socket_0
WorkloadActual   5: 205696 op, 994647347.00 ns, 4.8355 us/op, 40754657.00 uJpkg_socket_0, 1128476.00 uJdram_socket_0, 34304416.00 uJcore_socket_0, 0.00 uJuncore_socket_0, 0.00 uJpsys_socket_0, 66.50 degCCpu_socket_0
WorkloadActual   6: 205696 op, 992600886.00 ns, 4.8256 us/op, 40652727.00 uJpkg_socket_0, 1124692.00 uJdram_socket_0, 34253086.00 uJcore_socket_0, 0.00 uJuncore_socket_0, 0.00 uJpsys_socket_0, 67.50 degCCpu_socket_0
WorkloadActual   7: 205696 op, 999046141.00 ns, 4.8569 us/op, 40907976.00 uJpkg_socket_0, 1131650.00 uJdram_socket_0, 34442050.00 uJcore_socket_0, 0.00 uJuncore_socket_0, 0.00 uJpsys_socket_0, 67.00 degCCpu_socket_0
WorkloadActual   8: 205696 op, 996863352.00 ns, 4.8463 us/op, 41179460.00 uJpkg_socket_0, 1134702.00 uJdram_socket_0, 34680270.00 uJcore_socket_0, 0.00 uJuncore_socket_0, 0.00 uJpsys_socket_0, 67.00 degCCpu_socket_0
WorkloadActual   9: 205696 op, 994886953.00 ns, 4.8367 us/op, 40731952.00 uJpkg_socket_0, 1127438.00 uJdram_socket_0, 34291111.00 uJcore_socket_0, 0.00 uJuncore_socket_0, 0.00 uJpsys_socket_0, 67.00 degCCpu_socket_0
WorkloadActual  10: 205696 op, 993241437.00 ns, 4.8287 us/op, 40688617.00 uJpkg_socket_0, 1123166.00 uJdram_socket_0, 34234471.00 uJcore_socket_0, 0.00 uJuncore_socket_0, 0.00 uJpsys_socket_0, 67.00 degCCpu_socket_0
WorkloadActual  11: 205696 op, 994584184.00 ns, 4.8352 us/op, 40735980.00 uJpkg_socket_0, 1126828.00 uJdram_socket_0, 34282261.00 uJcore_socket_0, 0.00 uJuncore_socket_0, 0.00 uJpsys_socket_0, 67.00 degCCpu_socket_0
WorkloadActual  12: 205696 op, 1002363192.00 ns, 4.8730 us/op, 41047319.00 uJpkg_socket_0, 1137509.00 uJdram_socket_0, 34531894.00 uJcore_socket_0, 0.00 uJuncore_socket_0, 0.00 uJpsys_socket_0, 66.50 degCCpu_socket_0
WorkloadActual  13: 205696 op, 1004287130.00 ns, 4.8824 us/op, 41120927.00 uJpkg_socket_0, 1140073.00 uJdram_socket_0, 34586825.00 uJcore_socket_0, 0.00 uJuncore_socket_0, 0.00 uJpsys_socket_0, 67.00 degCCpu_socket_0
WorkloadActual  14: 205696 op, 993912774.00 ns, 4.8319 us/op, 40707293.00 uJpkg_socket_0, 1126523.00 uJdram_socket_0, 34276035.00 uJcore_socket_0, 0.00 uJuncore_socket_0, 0.00 uJpsys_socket_0, 67.50 degCCpu_socket_0
WorkloadActual  15: 205696 op, 995600700.00 ns, 4.8402 us/op, 40789447.00 uJpkg_socket_0, 1126400.00 uJdram_socket_0, 34327183.00 uJcore_socket_0, 0.00 uJuncore_socket_0, 0.00 uJpsys_socket_0, 67.00 degCCpu_socket_0

// AfterActualRun
WorkloadResult   1: 205696 op, 997980716.00 ns, 4.8517 us/op, 40971148.00 uJpkg_socket_0, 1121579.00 uJdram_socket_0, 34493991.00 uJcore_socket_0, 0.00 uJuncore_socket_0, 0.00 uJpsys_socket_0, 67.00 degCCpu_socket_0
WorkloadResult   2: 205696 op, 1001168094.00 ns, 4.8672 us/op, 41259538.00 uJpkg_socket_0, 1136776.00 uJdram_socket_0, 34764437.00 uJcore_socket_0, 0.00 uJuncore_socket_0, 0.00 uJpsys_socket_0, 66.00 degCCpu_socket_0
WorkloadResult   3: 205696 op, 998936595.00 ns, 4.8564 us/op, 41085222.00 uJpkg_socket_0, 1133908.00 uJdram_socket_0, 34588412.00 uJcore_socket_0, 0.00 uJuncore_socket_0, 0.00 uJpsys_socket_0, 66.50 degCCpu_socket_0
WorkloadResult   4: 205696 op, 1000678913.00 ns, 4.8648 us/op, 40983721.00 uJpkg_socket_0, 1135251.00 uJdram_socket_0, 34516086.00 uJcore_socket_0, 0.00 uJuncore_socket_0, 0.00 uJpsys_socket_0, 67.50 degCCpu_socket_0
WorkloadResult   5: 205696 op, 994054132.00 ns, 4.8326 us/op, 40754657.00 uJpkg_socket_0, 1128476.00 uJdram_socket_0, 34304416.00 uJcore_socket_0, 0.00 uJuncore_socket_0, 0.00 uJpsys_socket_0, 66.50 degCCpu_socket_0
WorkloadResult   6: 205696 op, 992007671.00 ns, 4.8227 us/op, 40652727.00 uJpkg_socket_0, 1124692.00 uJdram_socket_0, 34253086.00 uJcore_socket_0, 0.00 uJuncore_socket_0, 0.00 uJpsys_socket_0, 67.50 degCCpu_socket_0
WorkloadResult   7: 205696 op, 998452926.00 ns, 4.8540 us/op, 40907976.00 uJpkg_socket_0, 1131650.00 uJdram_socket_0, 34442050.00 uJcore_socket_0, 0.00 uJuncore_socket_0, 0.00 uJpsys_socket_0, 67.00 degCCpu_socket_0
WorkloadResult   8: 205696 op, 996270137.00 ns, 4.8434 us/op, 41179460.00 uJpkg_socket_0, 1134702.00 uJdram_socket_0, 34680270.00 uJcore_socket_0, 0.00 uJuncore_socket_0, 0.00 uJpsys_socket_0, 67.00 degCCpu_socket_0
WorkloadResult   9: 205696 op, 994293738.00 ns, 4.8338 us/op, 40731952.00 uJpkg_socket_0, 1127438.00 uJdram_socket_0, 34291111.00 uJcore_socket_0, 0.00 uJuncore_socket_0, 0.00 uJpsys_socket_0, 67.00 degCCpu_socket_0
WorkloadResult  10: 205696 op, 992648222.00 ns, 4.8258 us/op, 40688617.00 uJpkg_socket_0, 1123166.00 uJdram_socket_0, 34234471.00 uJcore_socket_0, 0.00 uJuncore_socket_0, 0.00 uJpsys_socket_0, 67.00 degCCpu_socket_0
WorkloadResult  11: 205696 op, 993990969.00 ns, 4.8323 us/op, 40735980.00 uJpkg_socket_0, 1126828.00 uJdram_socket_0, 34282261.00 uJcore_socket_0, 0.00 uJuncore_socket_0, 0.00 uJpsys_socket_0, 67.00 degCCpu_socket_0
WorkloadResult  12: 205696 op, 1001769977.00 ns, 4.8701 us/op, 41047319.00 uJpkg_socket_0, 1137509.00 uJdram_socket_0, 34531894.00 uJcore_socket_0, 0.00 uJuncore_socket_0, 0.00 uJpsys_socket_0, 66.50 degCCpu_socket_0
WorkloadResult  13: 205696 op, 1003693915.00 ns, 4.8795 us/op, 41120927.00 uJpkg_socket_0, 1140073.00 uJdram_socket_0, 34586825.00 uJcore_socket_0, 0.00 uJuncore_socket_0, 0.00 uJpsys_socket_0, 67.00 degCCpu_socket_0
WorkloadResult  14: 205696 op, 993319559.00 ns, 4.8291 us/op, 40707293.00 uJpkg_socket_0, 1126523.00 uJdram_socket_0, 34276035.00 uJcore_socket_0, 0.00 uJuncore_socket_0, 0.00 uJpsys_socket_0, 67.50 degCCpu_socket_0
WorkloadResult  15: 205696 op, 995007485.00 ns, 4.8373 us/op, 40789447.00 uJpkg_socket_0, 1126400.00 uJdram_socket_0, 34327183.00 uJcore_socket_0, 0.00 uJuncore_socket_0, 0.00 uJpsys_socket_0, 67.00 degCCpu_socket_0

// AfterAll
// Benchmark Process 1057408 has exited with code 0.

Mean = 4.847 μs, StdErr = 0.005 μs (0.10%), N = 15, StdDev = 0.018 μs
Min = 4.823 μs, Q1 = 4.832 μs, Median = 4.843 μs, Q3 = 4.861 μs, Max = 4.880 μs
IQR = 0.028 μs, LowerFence = 4.790 μs, UpperFence = 4.903 μs
ConfidenceInterval = [4.827 μs; 4.866 μs] (CI 99.9%), Margin = 0.019 μs (0.40% of Mean)
Skewness = 0.3, Kurtosis = 1.58, MValue = 2

// ** Remained 0 (0.0 %) benchmark(s) to run. Estimated finish 2026-05-27 13:47 (0h 0m from now) **
// ***** BenchmarkRunner: Finish  *****

// * Export *
  BenchmarkArtifacts/results/JsonBench.Benchmarks.SmokeBenchByte-report.csv
  BenchmarkArtifacts/results/JsonBench.Benchmarks.SmokeBenchByte-report-github.md
  BenchmarkArtifacts/results/JsonBench.Benchmarks.SmokeBenchByte-report.html
  BenchmarkArtifacts/results/JsonBench.Benchmarks.SmokeBenchByte-measurements.csv

// * Detailed results *
SmokeBenchByte.SpanJson_Deser: Energy(OutlierMode=DontRemove, IterationTime=1s)
Runtime = .NET 10.0.8 (10.0.8, 10.0.826.23019), X64 RyuJIT x86-64-v3; GC = Concurrent Workstation
Mean = 5.276 μs, StdErr = 0.001 μs (0.02%), N = 15, StdDev = 0.005 μs
Min = 5.272 μs, Q1 = 5.273 μs, Median = 5.274 μs, Q3 = 5.276 μs, Max = 5.289 μs
IQR = 0.003 μs, LowerFence = 5.269 μs, UpperFence = 5.280 μs
ConfidenceInterval = [5.271 μs; 5.280 μs] (CI 99.9%), Margin = 0.005 μs (0.09% of Mean)
Skewness = 1.9, Kurtosis = 5.92, MValue = 2
-------------------- Histogram --------------------
[5.270 μs ; 5.292 μs) | @@@@@@@@@@@@@@@
---------------------------------------------------

SmokeBenchByte.STJSrcGen_Deser: Energy(OutlierMode=DontRemove, IterationTime=1s)
Runtime = .NET 10.0.8 (10.0.8, 10.0.826.23019), X64 RyuJIT x86-64-v3; GC = Concurrent Workstation
Mean = 7.138 μs, StdErr = 0.004 μs (0.06%), N = 15, StdDev = 0.017 μs
Min = 7.119 μs, Q1 = 7.122 μs, Median = 7.140 μs, Q3 = 7.150 μs, Max = 7.164 μs
IQR = 0.028 μs, LowerFence = 7.081 μs, UpperFence = 7.192 μs
ConfidenceInterval = [7.121 μs; 7.156 μs] (CI 99.9%), Margin = 0.018 μs (0.25% of Mean)
Skewness = 0.17, Kurtosis = 1.35, MValue = 2
-------------------- Histogram --------------------
[7.110 μs ; 7.173 μs) | @@@@@@@@@@@@@@@
---------------------------------------------------

SmokeBenchByte.STJRefGen_Deser: Energy(OutlierMode=DontRemove, IterationTime=1s)
Runtime = .NET 10.0.8 (10.0.8, 10.0.826.23019), X64 RyuJIT x86-64-v3; GC = Concurrent Workstation
Mean = 7.239 μs, StdErr = 0.003 μs (0.04%), N = 15, StdDev = 0.010 μs
Min = 7.224 μs, Q1 = 7.229 μs, Median = 7.244 μs, Q3 = 7.246 μs, Max = 7.253 μs
IQR = 0.018 μs, LowerFence = 7.202 μs, UpperFence = 7.273 μs
ConfidenceInterval = [7.228 μs; 7.249 μs] (CI 99.9%), Margin = 0.011 μs (0.15% of Mean)
Skewness = -0.19, Kurtosis = 1.25, MValue = 2
-------------------- Histogram --------------------
[7.219 μs ; 7.258 μs) | @@@@@@@@@@@@@@@
---------------------------------------------------

SmokeBenchByte.Utf8Json_Deser: Energy(OutlierMode=DontRemove, IterationTime=1s)
Runtime = .NET 10.0.8 (10.0.8, 10.0.826.23019), X64 RyuJIT x86-64-v3; GC = Concurrent Workstation
Mean = 7.695 μs, StdErr = 0.001 μs (0.02%), N = 15, StdDev = 0.006 μs
Min = 7.687 μs, Q1 = 7.693 μs, Median = 7.695 μs, Q3 = 7.696 μs, Max = 7.709 μs
IQR = 0.004 μs, LowerFence = 7.687 μs, UpperFence = 7.702 μs
ConfidenceInterval = [7.689 μs; 7.701 μs] (CI 99.9%), Margin = 0.006 μs (0.08% of Mean)
Skewness = 1.11, Kurtosis = 3.65, MValue = 2
-------------------- Histogram --------------------
[7.684 μs ; 7.712 μs) | @@@@@@@@@@@@@@@
---------------------------------------------------

SmokeBenchByte.Newtonsoft_Deser: Energy(OutlierMode=DontRemove, IterationTime=1s)
Runtime = .NET 10.0.8 (10.0.8, 10.0.826.23019), X64 RyuJIT x86-64-v3; GC = Concurrent Workstation
Mean = 13.292 μs, StdErr = 0.008 μs (0.06%), N = 15, StdDev = 0.032 μs
Min = 13.216 μs, Q1 = 13.274 μs, Median = 13.283 μs, Q3 = 13.319 μs, Max = 13.339 μs
IQR = 0.045 μs, LowerFence = 13.207 μs, UpperFence = 13.387 μs
ConfidenceInterval = [13.257 μs; 13.326 μs] (CI 99.9%), Margin = 0.035 μs (0.26% of Mean)
Skewness = -0.41, Kurtosis = 2.64, MValue = 2
-------------------- Histogram --------------------
[13.199 μs ; 13.356 μs) | @@@@@@@@@@@@@@@
---------------------------------------------------

SmokeBenchByte.STJSrcGen_Ser: Energy(OutlierMode=DontRemove, IterationTime=1s)
Runtime = .NET 10.0.8 (10.0.8, 10.0.826.23019), X64 RyuJIT x86-64-v3; GC = Concurrent Workstation
Mean = 2.555 μs, StdErr = 0.001 μs (0.03%), N = 15, StdDev = 0.003 μs
Min = 2.550 μs, Q1 = 2.552 μs, Median = 2.553 μs, Q3 = 2.558 μs, Max = 2.561 μs
IQR = 0.006 μs, LowerFence = 2.544 μs, UpperFence = 2.567 μs
ConfidenceInterval = [2.551 μs; 2.558 μs] (CI 99.9%), Margin = 0.004 μs (0.14% of Mean)
Skewness = 0.44, Kurtosis = 1.68, MValue = 2
-------------------- Histogram --------------------
[2.548 μs ; 2.563 μs) | @@@@@@@@@@@@@@@
---------------------------------------------------

SmokeBenchByte.STJRefGen_Ser: Energy(OutlierMode=DontRemove, IterationTime=1s)
Runtime = .NET 10.0.8 (10.0.8, 10.0.826.23019), X64 RyuJIT x86-64-v3; GC = Concurrent Workstation
Mean = 3.705 μs, StdErr = 0.002 μs (0.06%), N = 15, StdDev = 0.009 μs
Min = 3.699 μs, Q1 = 3.701 μs, Median = 3.702 μs, Q3 = 3.702 μs, Max = 3.731 μs
IQR = 0.001 μs, LowerFence = 3.699 μs, UpperFence = 3.704 μs
ConfidenceInterval = [3.695 μs; 3.714 μs] (CI 99.9%), Margin = 0.010 μs (0.26% of Mean)
Skewness = 2.04, Kurtosis = 5.72, MValue = 2
-------------------- Histogram --------------------
[3.694 μs ; 3.736 μs) | @@@@@@@@@@@@@@@
---------------------------------------------------

SmokeBenchByte.SpanJson_Ser: Energy(OutlierMode=DontRemove, IterationTime=1s)
Runtime = .NET 10.0.8 (10.0.8, 10.0.826.23019), X64 RyuJIT x86-64-v3; GC = Concurrent Workstation
Mean = 4.438 μs, StdErr = 0.008 μs (0.17%), N = 15, StdDev = 0.029 μs
Min = 4.390 μs, Q1 = 4.419 μs, Median = 4.435 μs, Q3 = 4.458 μs, Max = 4.488 μs
IQR = 0.039 μs, LowerFence = 4.360 μs, UpperFence = 4.517 μs
ConfidenceInterval = [4.407 μs; 4.469 μs] (CI 99.9%), Margin = 0.031 μs (0.70% of Mean)
Skewness = 0.1, Kurtosis = 1.85, MValue = 2
-------------------- Histogram --------------------
[4.382 μs ; 4.503 μs) | @@@@@@@@@@@@@@@
---------------------------------------------------

SmokeBenchByte.Utf8Json_Ser: Energy(OutlierMode=DontRemove, IterationTime=1s)
Runtime = .NET 10.0.8 (10.0.8, 10.0.826.23019), X64 RyuJIT x86-64-v3; GC = Concurrent Workstation
Mean = 4.847 μs, StdErr = 0.005 μs (0.10%), N = 15, StdDev = 0.018 μs
Min = 4.823 μs, Q1 = 4.832 μs, Median = 4.843 μs, Q3 = 4.861 μs, Max = 4.880 μs
IQR = 0.028 μs, LowerFence = 4.790 μs, UpperFence = 4.903 μs
ConfidenceInterval = [4.827 μs; 4.866 μs] (CI 99.9%), Margin = 0.019 μs (0.40% of Mean)
Skewness = 0.3, Kurtosis = 1.58, MValue = 2
-------------------- Histogram --------------------
[4.813 μs ; 4.889 μs) | @@@@@@@@@@@@@@@
---------------------------------------------------

SmokeBenchByte.Newtonsoft_Ser: Energy(OutlierMode=DontRemove, IterationTime=1s)
Runtime = .NET 10.0.8 (10.0.8, 10.0.826.23019), X64 RyuJIT x86-64-v3; GC = Concurrent Workstation
Mean = 8.483 μs, StdErr = 0.004 μs (0.04%), N = 15, StdDev = 0.015 μs
Min = 8.454 μs, Q1 = 8.473 μs, Median = 8.483 μs, Q3 = 8.491 μs, Max = 8.514 μs
IQR = 0.018 μs, LowerFence = 8.447 μs, UpperFence = 8.518 μs
ConfidenceInterval = [8.467 μs; 8.499 μs] (CI 99.9%), Margin = 0.016 μs (0.19% of Mean)
Skewness = 0.13, Kurtosis = 2.69, MValue = 2
-------------------- Histogram --------------------
[8.446 μs ; 8.521 μs) | @@@@@@@@@@@@@@@
---------------------------------------------------

// * Summary *

BenchmarkDotNet v0.15.5-develop (2026-05-27), Linux Ubuntu 24.04.4 LTS (Noble Numbat)
Intel Core i9-9900K CPU 3.60GHz (Max: 0.80GHz) (Coffee Lake), 1 CPU, 16 logical and 8 physical cores
.NET SDK 10.0.108
  [Host] : .NET 10.0.8 (10.0.8, 10.0.826.23019), X64 RyuJIT x86-64-v3
  Energy : .NET 10.0.8 (10.0.8, 10.0.826.23019), X64 RyuJIT x86-64-v3

Job=Energy  OutlierMode=DontRemove  IterationTime=1s  

| Method           | Mean      | Error     | StdDev    | Operations | Iterations | PkgE0 (uJ/op) | StdDev0 (uJ/op) | CV0 (%) | PkgE0 (uJ/iter) | DRAM E0 (uJ/op) | DRAM E0 (uJ/iter) | Core E0 (uJ/op) | Core E0 (uJ/iter) | Avg Temp0 (degC) |
|----------------- |----------:|----------:|----------:|-----------:|-----------:|--------------:|----------------:|--------:|----------------:|----------------:|------------------:|----------------:|------------------:|-----------------:|
| SpanJson_Deser   |  5.276 μs | 0.0049 μs | 0.0046 μs |    189,536 |      15.00 |     217.83 uj |         0.66 uj |    0.30 |  41287435.00 uj |         5.94 uj |     1125155.80 uj |       183.64 uj |    34806836.33 uj |            68.00 |
| STJSrcGen_Deser  |  7.138 μs | 0.0177 μs | 0.0165 μs |    140,192 |      15.00 |     303.01 uj |         1.26 uj |    0.42 |  42480124.20 uj |         8.09 uj |     1134225.73 uj |       256.69 uj |    35986337.80 uj |            66.97 |
| STJRefGen_Deser  |  7.239 μs | 0.0106 μs | 0.0099 μs |    138,192 |      15.00 |     306.88 uj |         0.80 uj |    0.26 |  42408863.73 uj |         8.22 uj |     1136430.93 uj |       259.94 uj |    35921128.07 uj |            68.00 |
| Utf8Json_Deser   |  7.695 μs | 0.0059 μs | 0.0056 μs |    130,064 |      15.00 |     332.40 uj |         2.34 uj |    0.70 |  43232726.20 uj |         8.78 uj |     1142017.67 uj |       282.51 uj |    36744420.93 uj |            69.17 |
| Newtonsoft_Deser | 13.292 μs | 0.0345 μs | 0.0323 μs |     75,456 |      15.00 |     561.99 uj |         1.88 uj |    0.33 |  42405649.20 uj |        15.03 uj |     1134433.20 uj |       475.89 uj |    35909116.20 uj |            67.27 |
|                  |           |           |           |            |            |               |                 |         |                 |                 |                   |                 |                   |                  |
| STJSrcGen_Ser    |  2.555 μs | 0.0036 μs | 0.0034 μs |    391,888 |      15.00 |     113.30 uj |         0.63 uj |    0.56 |  44399015.67 uj |         2.90 uj |     1136992.47 uj |        96.72 uj |    37903902.87 uj |            71.10 |
| STJRefGen_Ser    |  3.705 μs | 0.0095 μs | 0.0089 μs |    270,672 |      15.00 |     163.53 uj |         1.09 uj |    0.67 |  44262179.33 uj |         4.24 uj |     1148092.73 uj |       139.52 uj |    37764425.60 uj |            72.87 |
| SpanJson_Ser     |  4.438 μs | 0.0312 μs | 0.0291 μs |    225,984 |      15.00 |     188.18 uj |         1.38 uj |    0.73 |  42525021.47 uj |         4.99 uj |     1127658.40 uj |       159.47 uj |    36037118.67 uj |            68.30 |
| Utf8Json_Ser     |  4.847 μs | 0.0193 μs | 0.0180 μs |    205,696 |      15.00 |     198.87 uj |         0.97 uj |    0.49 |  40907732.27 uj |         5.50 uj |     1130331.40 uj |       167.42 uj |    34438168.53 uj |            66.93 |
| Newtonsoft_Ser   |  8.483 μs | 0.0157 μs | 0.0147 μs |    118,160 |      15.00 |     362.60 uj |         1.27 uj |    0.35 |  42845113.33 uj |         9.91 uj |     1170639.13 uj |       307.64 uj |    36351241.73 uj |            69.40 |

// * Hints *
Outliers
  SmokeBenchByte.SpanJson_Deser: Energy -> 2 outliers were detected (5.28 μs, 5.29 μs)
  SmokeBenchByte.Utf8Json_Deser: Energy -> 2 outliers were detected (7.71 μs, 7.71 μs)
  SmokeBenchByte.STJRefGen_Ser: Energy  -> 3 outliers were detected (3.70 μs, 3.72 μs, 3.73 μs)

// * Legends *
  Mean              : Arithmetic mean of all measurements
  Error             : Half of 99.9% confidence interval
  StdDev            : Standard deviation of all measurements
  Operations        : Actual invocations per measured iteration (from measurements)
  Iterations        : Number of target iterations
  PkgE0 (uJ/op)     : Average CPU package energy consumed per operation (uJ) on socket 0.
  StdDev0 (uJ/op)   : Standard deviation of package energy per operation (uJ/op) on socket 0.
  CV0 (%)           : Coefficient of variation of package energy per operation (%) on socket 0.
  PkgE0 (uJ/iter)   : Average CPU package energy consumed per benchmark iteration (uJ) on socket 0.
  DRAM E0 (uJ/op)   : Average DRAM energy consumed per operation (uJ) on socket 0.
  DRAM E0 (uJ/iter) : Average DRAM energy consumed per benchmark iteration (uJ) on socket 0.
  Core E0 (uJ/op)   : Average CPU core energy consumed per operation (uJ) on socket 0.
  Core E0 (uJ/iter) : Average CPU core energy consumed per benchmark iteration (uJ) on socket 0.
  Avg Temp0 (degC)  : Average CPU temperature per benchmark iteration (Celsius degrees) on socket 0.
  1 μs              : 1 Microsecond (0.000001 sec)

// * Diagnostic Output - EnergyDiagnoser *


// ***** BenchmarkRunner: End *****
Run time: 00:05:26 (326.71 sec), executed benchmarks: 10

Global total time: 00:05:32 (332.36 sec), executed benchmarks: 10
// * Artifacts cleanup *
Artifacts cleanup is finished
